type;niveau;categorie;allemand;francais;anglais;exemple_de;exemple_fr;exemple_en
adjectif (chapitre VHS);B1;Kapitel 1 (VHS);anwesend;présent;present;Alle Mieter waren bei der Versammlung anwesend.;Tous les locataires étaient présents à la réunion.;All tenants were present at the meeting.
adjectif (chapitre VHS);B1;Kapitel 1 (VHS);ärgerlich;agaçant, contrarié;annoying, annoyed;Der Lärm vom Nachbarn ist wirklich ärgerlich.;Le bruit du voisin est vraiment agaçant.;The neighbor's noise is really annoying.
adjectif (chapitre VHS);B1;Kapitel 1 (VHS);ernst;sérieux;serious;Das ist ein ernstes Problem für die ganze Nachbarschaft.;C'est un problème sérieux pour tout le voisinage.;This is a serious problem for the whole neighborhood.
adjectif (chapitre VHS);B1;Kapitel 2 (VHS);biologisch;biologique;organic;Sie kauft nur biologisches Gemüse.;Elle n'achète que des légumes biologiques.;She only buys organic vegetables.
adjectif (chapitre VHS);B1;Kapitel 2 (VHS);dringend;urgent;urgent;Ich brauche dringend eine Antwort von Ihnen.;J'ai besoin d'une réponse urgente de votre part.;I urgently need an answer from you.
adjectif (chapitre VHS);B1;Kapitel 2 (VHS);ehrlich/unehrlich;honnête/malhonnête;honest/dishonest;Der Verkäufer war sehr ehrlich zu mir.;Le vendeur a été très honnête avec moi.;The salesperson was very honest with me.
adjectif (chapitre VHS);B1;Kapitel 2 (VHS);fern/nah;lointain/proche;far/near;Der Bahnhof ist nicht weit, er ist ganz nah.;La gare n'est pas loin, elle est toute proche.;The station isn't far, it's very near.
adjectif (chapitre VHS);B1;Kapitel 2 (VHS);gering;faible, minime;low, slight;Die Chancen auf Erfolg sind gering.;Les chances de succès sont minimes.;The chances of success are slight.
adjectif (chapitre VHS);B1;Kapitel 2 (VHS);gesamt;total, entier;total, entire;Der gesamte Betrag muss bis Freitag bezahlt werden.;Le montant total doit être payé avant vendredi.;The total amount must be paid by Friday.
adjectif (chapitre VHS);B1;Kapitel 2 (VHS);reif;mûr;ripe;Diese Bananen sind noch nicht reif.;Ces bananes ne sont pas encore mûres.;These bananas are not ripe yet.
adjectif (chapitre VHS);B1;Kapitel 2 (VHS);sauer/süß;aigre, acide/sucré;sour/sweet;Der Apfel schmeckt sehr sauer.;La pomme a un goût très acide.;The apple tastes very sour.
adjectif (chapitre VHS);B1;Kapitel 3 (VHS);abhängig;dépendant;dependent;Sie ist finanziell von ihren Eltern abhängig.;Elle dépend financièrement de ses parents.;She is financially dependent on her parents.
adjectif (chapitre VHS);B1;Kapitel 3 (VHS);dicht;dense, étanche;dense, tight, sealed;Das Fenster ist nicht mehr richtig dicht.;La fenêtre n'est plus vraiment étanche.;The window is no longer properly sealed.
adjectif (chapitre VHS);B1;Kapitel 3 (VHS);individuell;individuel, personnalisé;individual, personalized;Die Bank bietet individuelle Beratung an.;La banque propose un conseil personnalisé.;The bank offers individual advice.
adjectif (chapitre VHS);B1;Kapitel 3 (VHS);jährlich;annuel;yearly, annual;Die jährlichen Kosten für das Konto sind gering.;Les frais annuels du compte sont faibles.;The yearly costs for the account are low.
adjectif (chapitre VHS);B1;Kapitel 3 (VHS);komplett;complet;complete;Ich brauche eine komplette Liste aller Ausgaben.;J'ai besoin d'une liste complète de toutes les dépenses.;I need a complete list of all expenses.
adjectif (chapitre VHS);B1;Kapitel 3 (VHS);kompliziert;compliqué;complicated;Das Formular ist ziemlich kompliziert.;Le formulaire est assez compliqué.;The form is quite complicated.
adjectif (chapitre VHS);B1;Kapitel 3 (VHS);mobil;mobile;mobile;Mit dieser App bin ich finanziell mobil.;Avec cette application, je suis mobile financièrement.;With this app I'm financially mobile.
adjectif (chapitre VHS);B1;Kapitel 3 (VHS);sämtlich;tous, l'ensemble de;all, entire;Sämtliche Unterlagen wurden geprüft.;Tous les documents ont été vérifiés.;All the documents have been checked.
adjectif (chapitre VHS);B1;Kapitel 3 (VHS);zusätzlich;supplémentaire;additional;Es gibt zusätzliche Gebühren für diesen Service.;Il y a des frais supplémentaires pour ce service.;There are additional fees for this service.
adjectif (chapitre VHS);B1;Kapitel 3 (VHS);zuverlässig;fiable;reliable;Diese Bank ist sehr zuverlässig.;Cette banque est très fiable.;This bank is very reliable.
adjectif (chapitre VHS);B1;Kapitel 4 (VHS);allergisch;allergique (à qch);allergic (to sth);Er ist allergisch gegen Nüsse.;Il est allergique aux noix.;He is allergic to nuts.
adjectif (chapitre VHS);B1;Kapitel 4 (VHS);berufstätig;actif professionnellement;employed, working;Beide Elternteile sind berufstätig.;Les deux parents travaillent.;Both parents are employed.
adjectif (chapitre VHS);B1;Kapitel 4 (VHS);deutlich;clair, net;clear, distinct;Sie hat ihre Essgewohnheiten deutlich verändert.;Elle a clairement changé ses habitudes alimentaires.;She has clearly changed her eating habits.
adjectif (chapitre VHS);B1;Kapitel 4 (VHS);spannend/langweilig;passionnant/ennuyeux;exciting/boring;Der Vortrag über Ernährung war sehr spannend.;La conférence sur la nutrition était très passionnante.;The talk about nutrition was very exciting.
adjectif (chapitre VHS);B1;Kapitel 4 (VHS);schuld (sein);être responsable, être en faute;to be at fault;Wer ist schuld an diesem Missverständnis?;Qui est en faute dans ce malentendu ?;Who is at fault in this misunderstanding?
adjectif (chapitre VHS);B1;Kapitel 4 (VHS);ungesund/gesund;malsain/sain;unhealthy/healthy;Fertiggerichte sind oft ungesund.;Les plats préparés sont souvent malsains.;Ready meals are often unhealthy.
adjectif (chapitre VHS);B1;Kapitel 5 (VHS);allmählich;progressivement, peu à peu;gradually;Sie gewöhnt sich allmählich an das neue Land.;Elle s'habitue peu à peu au nouveau pays.;She is gradually getting used to the new country.
adjectif (chapitre VHS);B1;Kapitel 5 (VHS);ängstlich/mutig;craintif/courageux;anxious/brave;Er war als Kind sehr ängstlich.;Il était très craintif enfant.;He was very anxious as a child.
adjectif (chapitre VHS);B1;Kapitel 5 (VHS);augenblicklich;immédiat, sur le moment;instant, momentary;Ihre augenblickliche Reaktion war Überraschung.;Sa réaction immédiate a été la surprise.;Her instant reaction was surprise.
adjectif (chapitre VHS);B1;Kapitel 5 (VHS);ernsthaft;sérieux (véritablement);serious, earnest;Das ist ein ernsthaftes Missverständnis.;C'est un malentendu sérieux.;That is a serious misunderstanding.
adjectif (chapitre VHS);B1;Kapitel 5 (VHS);gleichzeitig;simultané;simultaneous;Sie spricht drei Sprachen gleichzeitig fließend.;Elle parle couramment trois langues en même temps.;She speaks three languages fluently at the same time.
adjectif (chapitre VHS);B1;Kapitel 5 (VHS);mehrsprachig/einsprachig;plurilingue/unilingue;multilingual/monolingual;Die Schule bietet einen mehrsprachigen Unterricht an.;L'école propose un enseignement plurilingue.;The school offers multilingual teaching.
adjectif (chapitre VHS);B1;Kapitel 5 (VHS);merkwürdig;étrange, curieux;strange, odd;Das war eine merkwürdige Situation.;C'était une situation étrange.;That was a strange situation.
adjectif (chapitre VHS);B1;Kapitel 5 (VHS);optimistisch/pessimistisch;optimiste/pessimiste;optimistic/pessimistic;Sie bleibt trotz allem optimistisch.;Elle reste optimiste malgré tout.;She remains optimistic despite everything.
adjectif (chapitre VHS);B1;Kapitel 5 (VHS);sauer;fâché, en colère;annoyed, angry;Er war sauer wegen des Missverständnisses.;Il était fâché à cause du malentendu.;He was annoyed because of the misunderstanding.
adjectif (chapitre VHS);B1;Kapitel 5 (VHS);schriftlich/mündlich;écrit/oral;written/oral;Bitte bestätigen Sie das schriftlich.;Veuillez le confirmer par écrit.;Please confirm this in writing.
adjectif (chapitre VHS);B1;Kapitel 5 (VHS);seltsam;bizarre, étrange;strange, odd;Er hat sich seltsam verhalten.;Il s'est comporté bizarrement.;He behaved strangely.
adjectif (chapitre VHS);B1;Kapitel 5 (VHS);stolz;fier;proud;Sie ist stolz auf ihre Kultur.;Elle est fière de sa culture.;She is proud of her culture.
adjectif (chapitre VHS);B1;Kapitel 5 (VHS);tolerant/intolerant;tolérant/intolérant;tolerant/intolerant;Er ist sehr tolerant gegenüber anderen Religionen.;Il est très tolérant envers les autres religions.;He is very tolerant of other religions.
adjectif (chapitre VHS);B1;Kapitel 5 (VHS);üblich/unüblich;habituel/inhabituel;usual/unusual;Das ist hier nicht üblich.;Ce n'est pas habituel ici.;That's not usual here.
adjectif (chapitre VHS);B1;Kapitel 5 (VHS);ungewöhnlich;inhabituel;unusual;Sein Witz war ziemlich ungewöhnlich.;Sa blague était assez inhabituelle.;His joke was quite unusual.
adjectif (chapitre VHS);B1;Kapitel 5 (VHS);zufällig;par hasard, aléatoire;random, accidental;Wir haben uns rein zufällig getroffen.;Nous nous sommes rencontrés par pur hasard.;We met purely by chance.
adjectif (chapitre VHS);B1;Kapitel 6 (VHS);ansprechbar;abordable, disponible (pour parler);approachable, responsive;Der Patient ist nach der Narkose wieder ansprechbar.;Le patient est de nouveau réceptif après l'anesthésie.;The patient is responsive again after the anesthesia.
adjectif (chapitre VHS);B1;Kapitel 6 (VHS);schwach/stark;faible/fort;weak/strong;Sie fühlt sich nach der Krankheit noch schwach.;Elle se sent encore faible après la maladie.;She still feels weak after the illness.
adjectif (chapitre VHS);B1;Kapitel 6 (VHS);speziell;spécial;special;Er braucht ein spezielles Medikament.;Il a besoin d'un médicament spécial.;He needs a special medication.
adjectif (chapitre VHS);B1;Kapitel 6 (VHS);tief/hoch;profond/élevé;deep/high;Die Wunde ist ziemlich tief.;La blessure est assez profonde.;The wound is quite deep.
adjectif (chapitre VHS);B1;Kapitel 7 (VHS);elektrisch;électrique;electric;Sie fahren jetzt ein elektrisches Auto.;Ils conduisent maintenant une voiture électrique.;They now drive an electric car.
adjectif (chapitre VHS);B1;Kapitel 7 (VHS);global;mondial, global;global;Der Klimawandel ist ein globales Problem.;Le changement climatique est un problème mondial.;Climate change is a global problem.
adjectif (chapitre VHS);B1;Kapitel 7 (VHS);grundsätzlich;fondamental, en principe;fundamental, basically;Grundsätzlich bin ich mit dir einer Meinung.;En principe, je suis d'accord avec toi.;Basically, I agree with you.
adjectif (chapitre VHS);B1;Kapitel 7 (VHS);ökologisch;écologique;ecological;Sie kaufen nur ökologische Produkte.;Ils n'achètent que des produits écologiques.;They only buy ecological products.
adjectif (chapitre VHS);B1;Kapitel 7 (VHS);schädlich;nocif;harmful;Abgase sind schädlich für die Umwelt.;Les gaz d'échappement sont nocifs pour l'environnement.;Exhaust fumes are harmful to the environment.
adjectif (chapitre VHS);B1;Kapitel 7 (VHS);sinnlos/sinnvoll;insensé/sensé;pointless/sensible;Es wäre sinnlos, jetzt noch zu protestieren.;Il serait insensé de protester maintenant.;It would be pointless to protest now.
adjectif (chapitre VHS);B1;Kapitel 7 (VHS);wahnsinnig;fou, énorme (intensif);crazy, insane;Das kostet wahnsinnig viel Energie.;Cela coûte énormément d'énergie.;That costs an insane amount of energy.
adjectif (chapitre VHS);B1;Kapitel 7 (VHS);wertvoll;précieux;valuable;Sauberes Wasser ist sehr wertvoll.;L'eau propre est très précieuse.;Clean water is very valuable.
adjectif (chapitre VHS);B1;Kapitel 8 (VHS);ehemalig;ancien (précédent);former;Sie trifft sich mit ihrem ehemaligen Klassenkameraden.;Elle rencontre son ancien camarade de classe.;She is meeting her former classmate.
adjectif (chapitre VHS);B1;Kapitel 8 (VHS);enttäuschend;décevant;disappointing;Das Ergebnis war ziemlich enttäuschend.;Le résultat était assez décevant.;The result was quite disappointing.
adjectif (chapitre VHS);B1;Kapitel 8 (VHS);faszinierend;fascinant;fascinating;Die Geschichte der Region ist faszinierend.;L'histoire de la région est fascinante.;The history of the region is fascinating.
adjectif (chapitre VHS);B1;Kapitel 8 (VHS);super (spannend);super, génial;great, super;Der Film war super spannend.;Le film était super captivant.;The movie was super exciting.
adjectif (chapitre VHS);B1;Kapitel 8 (VHS);total (gut);tout à fait, complètement;totally, completely;Das war eine total gute Idee.;C'était une très bonne idée.;That was a totally good idea.
adjectif (chapitre VHS);B1;Kapitel 8 (VHS);überhaupt (nicht gut);du tout (pas bon du tout);at all (not good at all);Das schmeckt überhaupt nicht gut.;Ça n'a pas bon goût du tout.;This doesn't taste good at all.
adjectif (chapitre VHS);B1;Kapitel 8 (VHS);wirklich (gut);vraiment (bon);really (good);Das war wirklich ein guter Film.;C'était vraiment un bon film.;That was really a good movie.
adjectif (chapitre VHS);B1;Kapitel 8 (VHS);ziemlich (langweilig);assez, plutôt (ennuyeux);quite, rather (boring);Der Vortrag war ziemlich langweilig.;La conférence était plutôt ennuyeuse.;The talk was rather boring.
adjectif (chapitre VHS);B1;Kapitel 8 (VHS);zugleich;à la fois, en même temps;at the same time;Er ist Lehrer und Musiker zugleich.;Il est enseignant et musicien à la fois.;He is a teacher and a musician at the same time.
adjectif (chapitre VHS);B1;Kapitel 9 (VHS);derzeitig;actuel;current;In ihrer derzeitigen Stelle ist sie sehr zufrieden.;Elle est très satisfaite de son poste actuel.;She is very satisfied in her current position.
adjectif (chapitre VHS);B1;Kapitel 9 (VHS);engagiert;engagé, impliqué;committed, engaged;Er ist ein sehr engagierter Mitarbeiter.;C'est un employé très engagé.;He is a very committed employee.
adjectif (chapitre VHS);B1;Kapitel 9 (VHS);hungrig;affamé;hungry;Nach der Arbeit ist er immer hungrig.;Après le travail, il a toujours faim.;After work he is always hungry.
adjectif (chapitre VHS);B1;Kapitel 9 (VHS);mehrjährig;pluriannuel, de plusieurs années;multi-year, of several years;Sie hat mehrjährige Erfahrung in diesem Bereich.;Elle a une expérience de plusieurs années dans ce domaine.;She has several years of experience in this field.
adjectif (chapitre VHS);B1;Kapitel 9 (VHS);selbstständig;indépendant, autonome;independent, self-employed;Er arbeitet seit zwei Jahren selbstständig.;Il travaille en indépendant depuis deux ans.;He has been self-employed for two years.
adjectif (chapitre VHS);B1;Kapitel 9 (VHS);überdurchschnittlich;au-dessus de la moyenne;above average;Sie verdient ein überdurchschnittliches Gehalt.;Elle gagne un salaire au-dessus de la moyenne.;She earns an above-average salary.
adjectif (chapitre VHS);B1;Kapitel 9 (VHS);technisch;technique;technical;Er hat gute technische Kenntnisse.;Il a de bonnes connaissances techniques.;He has good technical knowledge.
adjectif (chapitre VHS);B1;Kapitel 9 (VHS);unzufrieden;insatisfait;dissatisfied;Viele Mitarbeiter sind mit dem Gehalt unzufrieden.;Beaucoup d'employés sont insatisfaits de leur salaire.;Many employees are dissatisfied with their salary.
adjectif (chapitre VHS);B1;Kapitel 10 (VHS);begrenzt;limité;limited;Die Anzahl der Plätze ist begrenzt.;Le nombre de places est limité.;The number of seats is limited.
adjectif (chapitre VHS);B1;Kapitel 10 (VHS);gleichberechtigt;égal en droits;equal (in rights);Männer und Frauen sind im Sport nicht immer gleichberechtigt.;Les hommes et les femmes ne sont pas toujours égaux dans le sport.;Men and women are not always equal in sports.
adjectif (chapitre VHS);B1;Kapitel 10 (VHS);großzügig;généreux;generous;Der Sponsor war sehr großzügig.;Le sponsor a été très généreux.;The sponsor was very generous.
adjectif (chapitre VHS);B1;Kapitel 10 (VHS);klassisch;classique;classic;Fußball ist eine klassische Mannschaftssportart.;Le football est un sport d'équipe classique.;Soccer is a classic team sport.
adjectif (chapitre VHS);B1;Kapitel 10 (VHS);kräftig;vigoureux, fort;strong, powerful;Der Schwimmer hat kräftige Arme.;Le nageur a des bras puissants.;The swimmer has powerful arms.
adjectif (chapitre VHS);B1;Kapitel 10 (VHS);männlich/weiblich;masculin/féminin;male/female;Es gibt eine männliche und eine weibliche Mannschaft.;Il y a une équipe masculine et une équipe féminine.;There is a men's team and a women's team.
adjectif (chapitre VHS);B1;Kapitel 10 (VHS);zahlreich;nombreux;numerous;Zahlreiche Fans kamen zum Spiel.;De nombreux fans sont venus au match.;Numerous fans came to the game.
adjectif (chapitre VHS);B1;Kapitel 11 (VHS);alleinerziehend;monoparental (parent seul);single-parent;Sie ist eine alleinerziehende Mutter.;Elle est mère célibataire.;She is a single mother.
adjectif (chapitre VHS);B1;Kapitel 11 (VHS);evangelisch;protestant, évangélique;Protestant;Seine Familie ist evangelisch.;Sa famille est protestante.;His family is Protestant.
adjectif (chapitre VHS);B1;Kapitel 11 (VHS);finanziell;financier;financial;Die finanzielle Lage der Familie ist schwierig.;La situation financière de la famille est difficile.;The family's financial situation is difficult.
adjectif (chapitre VHS);B1;Kapitel 11 (VHS);gleichaltrig;du même âge;of the same age;Sie spielt gern mit gleichaltrigen Kindern.;Elle aime jouer avec des enfants du même âge.;She likes to play with children of the same age.
adjectif (chapitre VHS);B1;Kapitel 11 (VHS);katholisch;catholique;Catholic;Er wurde katholisch erzogen.;Il a été élevé dans la religion catholique.;He was raised Catholic.
adjectif (chapitre VHS);B1;Kapitel 11 (VHS);locker;détendu, relâché;relaxed, easygoing;Die Beziehung zwischen ihnen ist ziemlich locker.;La relation entre eux est plutôt décontractée.;The relationship between them is quite relaxed.
adjectif (chapitre VHS);B1;Kapitel 11 (VHS);realistisch;réaliste;realistic;Sei doch mal realistisch!;Sois donc réaliste !;Just be realistic!
adjectif (chapitre VHS);B1;Kapitel 11 (VHS);vernünftig;raisonnable, sensé;reasonable, sensible;Das ist eine vernünftige Entscheidung.;C'est une décision raisonnable.;That is a reasonable decision.
adjectif (chapitre VHS);B1;Kapitel 12 (VHS);beruflich;professionnel;professional, career-related;Sie möchte sich beruflich verändern.;Elle souhaite changer professionnellement.;She wants to make a career change.
adjectif (chapitre VHS);B1;Kapitel 12 (VHS);kosmetisch;cosmétique;cosmetic;Das ist nur eine kosmetische Veränderung.;Ce n'est qu'un changement cosmétique.;That's only a cosmetic change.
adjectif (chapitre VHS);B1;Kapitel 12 (VHS);tabellarisch;sous forme de tableau;in tabular form;Bitte erstellen Sie einen tabellarischen Lebenslauf.;Veuillez rédiger un CV sous forme de tableau.;Please prepare a résumé in tabular form.
adjectif (chapitre VHS);B1;Kapitel 12 (VHS);zukünftig;futur;future;Ihre zukünftigen Pläne sind noch unklar.;Ses projets futurs ne sont pas encore clairs.;Her future plans are still unclear.
adjectif (chapitre VHS);B1;Kapitel 13 (VHS);behindert;handicapé;disabled;Der Verein hilft behinderten Menschen.;L'association aide les personnes handicapées.;The association helps disabled people.
adjectif (chapitre VHS);B1;Kapitel 13 (VHS);ehrenamtlich;bénévole;voluntary;Sie arbeitet ehrenamtlich im Altenheim.;Elle travaille bénévolement à la maison de retraite.;She volunteers at the nursing home.
adjectif (chapitre VHS);B1;Kapitel 13 (VHS);gesellschaftlich;social, sociétal;societal, social;Ehrenamtliches Engagement hat einen großen gesellschaftlichen Wert.;L'engagement bénévole a une grande valeur sociale.;Volunteer work has great societal value.
adjectif (chapitre VHS);B1;Kapitel 13 (VHS);jugendlich;juvénile, jeune;youthful, juvenile;Er wirkt trotz seines Alters sehr jugendlich.;Il paraît très jeune malgré son âge.;He seems very youthful despite his age.
adjectif (chapitre VHS);B1;Kapitel 13 (VHS);konkret;concret;concrete;Wir brauchen einen konkreten Plan.;Nous avons besoin d'un plan concret.;We need a concrete plan.
adjectif (chapitre VHS);B1;Kapitel 13 (VHS);wünschenswert;souhaitable;desirable;Mehr Freiwillige wären sehr wünschenswert.;Davantage de bénévoles seraient très souhaitables.;More volunteers would be very desirable.
adjectif (chapitre VHS);B1;Kapitel 14 (VHS);erschöpft;épuisé;exhausted;Nach dem Konzert war sie völlig erschöpft.;Après le concert, elle était complètement épuisée.;After the concert she was completely exhausted.
adjectif (chapitre VHS);B1;Kapitel 14 (VHS);extrem;extrême;extreme;Das Wetter war dieses Jahr extrem.;Le temps a été extrême cette année.;The weather was extreme this year.
adjectif (chapitre VHS);B1;Kapitel 14 (VHS);logisch;logique;logical;Das ist eine völlig logische Erklärung.;C'est une explication tout à fait logique.;That's a completely logical explanation.
adjectif (chapitre VHS);B1;Kapitel 14 (VHS);motiviert;motivé;motivated;Die neue Praktikantin ist sehr motiviert.;La nouvelle stagiaire est très motivée.;The new intern is very motivated.
adjectif (chapitre VHS);B1;Kapitel 14 (VHS);ruhig;calme;calm;Der Bürgermeister blieb während der Debatte ruhig.;Le maire est resté calme pendant le débat.;The mayor remained calm during the debate.
adjectif (chapitre VHS);B1;Kapitel 14 (VHS);witzig;drôle, amusant;funny;Der Moderator war wirklich witzig.;L'animateur était vraiment drôle.;The host was really funny.
adjectif (chapitre VHS);B1;Kapitel 15 (VHS);alltäglich;quotidien, banal;everyday, ordinary;Das ist für uns ein ganz alltäglicher Anblick.;C'est pour nous un spectacle tout à fait quotidien.;That's a completely everyday sight for us.
adjectif (chapitre VHS);B1;Kapitel 15 (VHS);exotisch;exotique;exotic;Die Stadt hat einen exotischen Charme.;La ville a un charme exotique.;The city has an exotic charm.
adjectif (chapitre VHS);B1;Kapitel 15 (VHS);historisch;historique;historical;Das historische Zentrum ist sehr gut erhalten.;Le centre historique est très bien conservé.;The historic center is very well preserved.
adjectif (chapitre VHS);B1;Kapitel 15 (VHS);touristisch;touristique;touristic, tourist;Diese Straße ist sehr touristisch geprägt.;Cette rue a un caractère très touristique.;This street has a very touristic character.
adjectif (chapitre VHS);B1;Kapitel 16 (VHS);befristet/unbefristet;à durée déterminée/indéterminée;fixed-term/permanent;Sie hat einen unbefristeten Vertrag bekommen.;Elle a obtenu un contrat à durée indéterminée.;She got a permanent contract.
adjectif (chapitre VHS);B1;Kapitel 16 (VHS);englischsprachig/deutschsprachig;anglophone/germanophone;English-speaking/German-speaking;Er sucht eine englischsprachige Zeitung.;Il cherche un journal anglophone.;He is looking for an English-language newspaper.
adjectif (chapitre VHS);B1;Kapitel 16 (VHS);eindeutig;clair, sans ambiguïté;clear, unambiguous;Das Gesetz ist in diesem Punkt eindeutig.;La loi est claire sur ce point.;The law is clear on this point.
adjectif (chapitre VHS);B1;Kapitel 16 (VHS);fest;fixe, ferme;fixed, firm;Sie hat jetzt eine feste Stelle.;Elle a maintenant un poste fixe.;She now has a permanent position.
adjectif (chapitre VHS);B1;Kapitel 16 (VHS);humorvoll/humorlos;plein d'humour/sans humour;humorous/humorless;Der neue Kollege ist sehr humorvoll.;Le nouveau collègue a beaucoup d'humour.;The new colleague is very humorous.
adjectif (chapitre VHS);B1;Kapitel 16 (VHS);legal/illegal;légal/illégal;legal/illegal;Der Aufenthalt muss legal sein.;Le séjour doit être légal.;The stay must be legal.
adjectif (chapitre VHS);B1;Kapitel 16 (VHS);musikalisch/unmusikalisch;musical/pas musical;musical/unmusical;Ihre Tochter ist sehr musikalisch.;Sa fille est très musicale.;Her daughter is very musical.
adjectif (chapitre VHS);B1;Kapitel 16 (VHS);völlig;complètement, totalement;completely, totally;Das ist eine völlig neue Situation für ihn.;C'est une situation complètement nouvelle pour lui.;This is a completely new situation for him.
adjectif;A1;;gut;bon, bien;good;Der Kuchen schmeckt sehr gut.;Le gâteau a très bon goût.;The cake tastes very good.
adjectif;A1;;schlecht;mauvais;bad;Mir geht es heute schlecht.;Je ne me sens pas bien aujourd'hui.;I don't feel well today.
adjectif;A1;;groß;grand;big, tall;Mein Bruder ist sehr groß.;Mon frère est très grand.;My brother is very tall.
adjectif;A1;;klein;petit;small;Das Baby hat kleine Hände.;Le bébé a de petites mains.;The baby has small hands.
adjectif;A1;;neu;neuf, nouveau;new;Ich habe ein neues Handy gekauft.;J'ai acheté un nouveau téléphone.;I bought a new phone.
adjectif;A1;;alt;vieux, âgé;old;Meine Großmutter ist schon sehr alt.;Ma grand-mère est déjà très âgée.;My grandmother is already very old.
adjectif;A1;;jung;jeune;young;Die jungen Leute tanzen gern.;Les jeunes aiment danser.;Young people like to dance.
adjectif;A1;;schön;beau, joli;beautiful, nice;Das Wetter ist heute schön.;Le temps est beau aujourd'hui.;The weather is nice today.
adjectif;A1;;hässlich;laid;ugly;Der alte Stuhl sieht hässlich aus.;La vieille chaise a l'air laide.;The old chair looks ugly.
adjectif;A1;;schnell;rapide;fast;Der Zug fährt sehr schnell.;Le train roule très vite.;The train goes very fast.
adjectif;A1;;langsam;lent;slow;Die Schnecke bewegt sich langsam.;L'escargot se déplace lentement.;The snail moves slowly.
adjectif;A1;;warm;chaud;warm;Im Sommer ist es warm.;En été, il fait chaud.;In summer it's warm.
adjectif;A1;;kalt;froid;cold;Im Winter ist es kalt.;En hiver, il fait froid.;In winter it's cold.
adjectif;A1;;heiß;brûlant, très chaud;hot;Die Suppe ist noch heiß.;La soupe est encore brûlante.;The soup is still hot.
adjectif;A1;;teuer;cher;expensive;Das Auto ist mir zu teuer.;La voiture est trop chère pour moi.;The car is too expensive for me.
adjectif;A1;;billig;bon marché;cheap;Die Äpfel sind heute billig.;Les pommes sont bon marché aujourd'hui.;The apples are cheap today.
adjectif;A1;;leicht;léger, facile;light, easy;Die Tasche ist ganz leicht.;Le sac est très léger.;The bag is very light.
adjectif;A1;;schwer;lourd, difficile;heavy, difficult;Der Koffer ist sehr schwer.;La valise est très lourde.;The suitcase is very heavy.
adjectif;A1;;lang;long;long;Der Weg zur Schule ist lang.;Le chemin vers l'école est long.;The way to school is long.
adjectif;A1;;kurz;court;short;Sie hat kurze Haare.;Elle a les cheveux courts.;She has short hair.
adjectif;A1;;hoch;haut;high, tall;Der Turm ist sehr hoch.;La tour est très haute.;The tower is very tall.
adjectif;A1;;niedrig;bas;low;Der Tisch ist ziemlich niedrig.;La table est plutôt basse.;The table is quite low.
adjectif;A1;;breit;large;wide;Die Straße ist sehr breit.;La rue est très large.;The street is very wide.
adjectif;A1;;schmal;étroit;narrow;Die Gasse ist eng und schmal.;La ruelle est étroite et resserrée.;The alley is narrow and tight.
adjectif;A1;;hell;clair, lumineux;bright, light;Das Zimmer ist hell.;La pièce est claire.;The room is bright.
adjectif;A1;;dunkel;sombre;dark;Nachts ist der Wald dunkel.;La nuit, la forêt est sombre.;At night, the forest is dark.
adjectif;A1;;laut;bruyant, fort;loud;Die Musik ist mir zu laut.;La musique est trop forte pour moi.;The music is too loud for me.
adjectif;A1;;leise;silencieux, doux;quiet, soft;Sprich bitte etwas leiser.;Parle un peu plus doucement, s'il te plaît.;Please speak a bit more quietly.
adjectif;A1;;müde;fatigué;tired;Ich bin heute sehr müde.;Je suis très fatigué aujourd'hui.;I'm very tired today.
adjectif;A1;;glücklich;heureux;happy;Die Kinder sind sehr glücklich.;Les enfants sont très heureux.;The children are very happy.
adjectif;A1;;traurig;triste;sad;Er ist traurig, weil sein Hund krank ist.;Il est triste parce que son chien est malade.;He is sad because his dog is sick.
adjectif;A1;;nett;sympa, gentil;nice;Meine Nachbarin ist sehr nett.;Ma voisine est très sympa.;My neighbor is very nice.
adjectif;A1;;freundlich;aimable;friendly;Der Verkäufer war sehr freundlich.;Le vendeur était très aimable.;The salesman was very friendly.
adjectif;A1;;hungrig;affamé;hungry;Nach dem Sport bin ich hungrig.;Après le sport, j'ai faim.;After sports, I'm hungry.
adjectif;A1;;durstig;assoiffé;thirsty;Bei der Hitze bin ich durstig.;Avec cette chaleur, j'ai soif.;In this heat, I'm thirsty.
adjectif;A1;;krank;malade;sick;Er bleibt zu Hause, weil er krank ist.;Il reste à la maison parce qu'il est malade.;He stays home because he's sick.
adjectif;A1;;gesund;en bonne santé, sain;healthy;Obst und Gemüse sind gesund.;Les fruits et légumes sont bons pour la santé.;Fruits and vegetables are healthy.
adjectif;A1;;rot;rouge;red;Die Tomate ist rot.;La tomate est rouge.;The tomato is red.
adjectif;A1;;blau;bleu;blue;Der Himmel ist heute blau.;Le ciel est bleu aujourd'hui.;The sky is blue today.
adjectif;A1;;grün;vert;green;Das Gras ist grün.;L'herbe est verte.;The grass is green.
adjectif;A1;;gelb;jaune;yellow;Die Banane ist gelb.;La banane est jaune.;The banana is yellow.
adjectif;A1;;schwarz;noir;black;Die Katze ist schwarz.;Le chat est noir.;The cat is black.
adjectif;A1;;weiß;blanc;white;Der Schnee ist weiß.;La neige est blanche.;The snow is white.
adjectif;A1;;braun;marron;brown;Seine Augen sind braun.;Ses yeux sont marron.;His eyes are brown.
adjectif;A1;;orange;orange;orange;Der Sonnenuntergang ist orange.;Le coucher de soleil est orange.;The sunset is orange.
adjectif;A1;;rosa;rose;pink;Das Kleid ist rosa.;La robe est rose.;The dress is pink.
adjectif;A1;;grau;gris;gray;Der Himmel ist heute grau.;Le ciel est gris aujourd'hui.;The sky is gray today.
adjectif;A1;;lila;violet;purple;Die Blume ist lila.;La fleur est violette.;The flower is purple.
adjectif;A1;;bunt;coloré;colorful;Der Regenbogen ist bunt.;L'arc-en-ciel est coloré.;The rainbow is colorful.
adjectif;A1;;dick;épais, gros;thick, fat;Das Buch ist sehr dick.;Le livre est très épais.;The book is very thick.
adjectif;A1;;dünn;mince, fin;thin;Das Papier ist sehr dünn.;Le papier est très fin.;The paper is very thin.
adjectif;A1;;rund;rond;round;Der Ball ist rund.;Le ballon est rond.;The ball is round.
adjectif;A1;;eckig;anguleux;angular;Der Tisch ist eckig.;La table est anguleuse.;The table is angular.
adjectif;A1;;spitz;pointu;pointed, sharp;Die Nadel ist spitz.;L'aiguille est pointue.;The needle is sharp.
adjectif;A1;;flach;plat;flat;Das Land ist hier sehr flach.;Le pays est très plat ici.;The land is very flat here.
adjectif;A1;;tief;profond;deep;Der See ist sehr tief.;Le lac est très profond.;The lake is very deep.
adjectif;A1;;nass;mouillé;wet;Meine Schuhe sind nass.;Mes chaussures sont mouillées.;My shoes are wet.
adjectif;A1;;trocken;sec;dry;Die Wäsche ist schon trocken.;Le linge est déjà sec.;The laundry is already dry.
adjectif;A1;;offen;ouvert;open;Die Tür ist offen.;La porte est ouverte.;The door is open.
adjectif;A1;;zu;fermé;closed;Das Geschäft ist heute zu.;Le magasin est fermé aujourd'hui.;The store is closed today.
adjectif;A1;;fertig;prêt, fini;ready, finished;Das Essen ist fertig.;Le repas est prêt.;The food is ready.
adjectif;A1;;kaputt;cassé;broken;Mein Handy ist kaputt.;Mon téléphone est cassé.;My phone is broken.
adjectif;A1;;süß;sucré, mignon;sweet, cute;Der Kuchen ist sehr süß.;Le gâteau est très sucré.;The cake is very sweet.
adjectif;A1;;sauer;acide;sour;Die Zitrone ist sauer.;Le citron est acide.;The lemon is sour.
adjectif;A1;;bitter;amer;bitter;Der Kaffee schmeckt bitter.;Le café a un goût amer.;The coffee tastes bitter.
adjectif;A1;;salzig;salé;salty;Die Suppe ist zu salzig.;La soupe est trop salée.;The soup is too salty.
adjectif;A1;;scharf;épicé, piquant;spicy;Das Curry ist sehr scharf.;Le curry est très épicé.;The curry is very spicy.
adjectif;A1;;lecker;délicieux;delicious;Das Essen schmeckt lecker.;Le repas est délicieux.;The food tastes delicious.
adjectif;A1;;weit;loin, ample;far, wide;Der Weg ist sehr weit.;Le chemin est très long.;The way is very far.
adjectif;A1;;nah;proche;near, close;Die Schule ist ganz nah.;L'école est tout près.;The school is very close.
adjectif;A1;;frei;libre;free;Der Platz ist frei.;La place est libre.;The seat is free.
adjectif;A1;;besetzt;occupé;occupied;Die Toilette ist besetzt.;Les toilettes sont occupées.;The toilet is occupied.
adjectif;A1;;wach;éveillé;awake;Das Baby ist noch wach.;Le bébé est encore éveillé.;The baby is still awake.
adjectif;A1;;lustig;drôle;funny;Der Clown ist sehr lustig.;Le clown est très drôle.;The clown is very funny.
adjectif;A1;;ernst;sérieux;serious;Sein Gesicht war ganz ernst.;Son visage était tout sérieux.;His face was completely serious.
adjectif;A1;;verliebt;amoureux;in love;Sie ist total verliebt.;Elle est complètement amoureuse.;She is completely in love.
adjectif;A1;;verheiratet;marié;married;Meine Schwester ist verheiratet.;Ma sœur est mariée.;My sister is married.
adjectif;A1;;ledig;célibataire;single;Er ist noch ledig.;Il est encore célibataire.;He is still single.
adjectif;A1;;hübsch;joli;pretty;Das Kleid ist wirklich hübsch.;La robe est vraiment jolie.;The dress is really pretty.
adjectif;A1;;schlank;mince, svelte;slim;Sie ist groß und schlank.;Elle est grande et mince.;She is tall and slim.
adjectif;A1;;mager;maigre;skinny, lean;Der Hund war sehr mager.;Le chien était très maigre.;The dog was very skinny.
adjectif;A1;;sportlich;sportif;athletic;Mein Bruder ist sehr sportlich.;Mon frère est très sportif.;My brother is very athletic.
adjectif;A1;;musikalisch;musicien, musical;musical;Meine Tochter ist sehr musikalisch.;Ma fille est très musicienne.;My daughter is very musical.
adjectif;A1;;sonnig;ensoleillé;sunny;Heute ist es sonnig.;Aujourd'hui, il fait ensoleillé.;Today it's sunny.
adjectif;A1;;wolkig;nuageux;cloudy;Morgen wird es wolkig.;Demain, ce sera nuageux.;Tomorrow it will be cloudy.
adjectif;A1;;windig;venteux;windy;Am Strand ist es windig.;Sur la plage, il y a du vent.;It's windy at the beach.
adjectif;A1;;regnerisch;pluvieux;rainy;Der Herbst ist oft regnerisch.;L'automne est souvent pluvieux.;Autumn is often rainy.
adjectif;A1;;neblig;brumeux;foggy;Am Morgen war es neblig.;Le matin, il y avait du brouillard.;In the morning it was foggy.
adjectif;A1;;hart;dur;hard;Das Brot ist schon hart.;Le pain est déjà dur.;The bread is already hard.
adjectif;A1;;weich;mou, doux;soft;Das Kissen ist sehr weich.;L'oreiller est très doux.;The pillow is very soft.
adjectif;A1;;glatt;lisse;smooth, slippery;Die Straße ist glatt.;La route est glissante.;The road is slippery.
adjectif;A1;;rau;rugueux;rough;Seine Hände sind rau.;Ses mains sont rugueuses.;His hands are rough.
adjectif;A1;;gerade;droit;straight;Die Straße ist ganz gerade.;La route est toute droite.;The road is completely straight.
adjectif;A1;;krumm;tordu, courbé;crooked;Der Ast ist krumm.;La branche est tordue.;The branch is crooked.
adjectif;A1;;riesig;énorme;huge;Der Elefant ist riesig.;L'éléphant est énorme.;The elephant is huge.
adjectif;A1;;winzig;minuscule;tiny;Die Ameise ist winzig.;La fourmi est minuscule.;The ant is tiny.
adjectif;A1;;eng;étroit, serré;tight, narrow;Die Hose ist mir zu eng.;Le pantalon est trop serré pour moi.;The pants are too tight for me.
adjectif;A1;;geräumig;spacieux;spacious;Die neue Wohnung ist sehr geräumig.;Le nouvel appartement est très spacieux.;The new apartment is very spacious.
adjectif;A1;;türkis;turquoise;turquoise;Das Meer ist türkis.;La mer est turquoise.;The sea is turquoise.
adjectif;A1;;beige;beige;beige;Die Wand ist beige gestrichen.;Le mur est peint en beige.;The wall is painted beige.
adjectif;A1;;toll;super, génial;great, fantastic;Das war ein toller Abend.;C'était une soirée géniale.;That was a great evening.
adjectif;A1;;deutsch;allemand;German;Sie liest gerade einen deutschen Roman.;Elle lit en ce moment un roman allemand.;She is reading a German novel.
adjectif;A1;;englisch;anglais;English;Wir sehen den Film in der englischen Fassung.;Nous regardons le film en version anglaise.;We're watching the film in the English version.
adjectif;A1;;spanisch;espagnol;Spanish;Er kocht heute ein spanisches Gericht.;Il cuisine un plat espagnol aujourd'hui.;He is cooking a Spanish dish today.
adjectif;A2;;interessant;intéressant;interesting;Das Buch ist wirklich interessant.;Le livre est vraiment intéressant.;The book is really interesting.
adjectif;A2;;langweilig;ennuyeux;boring;Der Film war ziemlich langweilig.;Le film était plutôt ennuyeux.;The movie was quite boring.
adjectif;A2;;wichtig;important;important;Das ist eine wichtige Entscheidung.;C'est une décision importante.;That's an important decision.
adjectif;A2;;gefährlich;dangereux;dangerous;Es ist gefährlich, bei Rot über die Straße zu gehen.;Il est dangereux de traverser au feu rouge.;It's dangerous to cross the street on red.
adjectif;A2;;sicher;sûr;safe;Diese Straße ist sicher für Fahrräder.;Cette rue est sûre pour les vélos.;This street is safe for bicycles.
adjectif;A2;;einfach;simple;simple;Die Aufgabe war ganz einfach.;L'exercice était très simple.;The task was very simple.
adjectif;A2;;schwierig;difficile;difficult;Deutsch zu lernen ist manchmal schwierig.;Apprendre l'allemand est parfois difficile.;Learning German is sometimes difficult.
adjectif;A2;;sauber;propre;clean;Die Küche ist wieder sauber.;La cuisine est de nouveau propre.;The kitchen is clean again.
adjectif;A2;;schmutzig;sale;dirty;Nach dem Spiel waren die Kinder schmutzig.;Après le match, les enfants étaient sales.;After the game, the children were dirty.
adjectif;A2;;voll;plein;full;Der Bus war heute Morgen sehr voll.;Le bus était plein à craquer ce matin.;The bus was very full this morning.
adjectif;A2;;leer;vide;empty;Der Kühlschrank ist fast leer.;Le frigo est presque vide.;The fridge is almost empty.
adjectif;A2;;stark;fort;strong;Er ist körperlich sehr stark.;Il est physiquement très fort.;He is physically very strong.
adjectif;A2;;schwach;faible;weak;Nach der Krankheit fühlt er sich schwach.;Après la maladie, il se sent faible.;After the illness he feels weak.
adjectif;A2;;richtig;correct;correct;Deine Antwort war richtig.;Ta réponse était correcte.;Your answer was correct.
adjectif;A2;;falsch;faux;wrong;Die Rechnung war leider falsch.;La facture était malheureusement fausse.;The invoice was unfortunately wrong.
adjectif;A2;;ruhig;calme;calm;Am Sonntag ist die Stadt ruhig.;Le dimanche, la ville est calme.;On Sundays, the city is calm.
adjectif;A2;;pünktlich;ponctuel;punctual;Der Zug kam pünktlich an.;Le train est arrivé à l'heure.;The train arrived on time.
adjectif;A2;;bekannt;connu;known, famous;Sie ist eine bekannte Sängerin.;C'est une chanteuse connue.;She is a well-known singer.
adjectif;A2;;modern;moderne;modern;Das neue Museum ist sehr modern.;Le nouveau musée est très moderne.;The new museum is very modern.
adjectif;A2;;praktisch;pratique;practical;Dieses Werkzeug ist sehr praktisch.;Cet outil est très pratique.;This tool is very practical.
adjectif;A2;;bequem;confortable;comfortable;Der Sessel ist wirklich bequem.;Le fauteuil est vraiment confortable.;The armchair is really comfortable.
adjectif;A2;;ordentlich;ordonné;tidy, neat;Sein Zimmer ist immer ordentlich.;Sa chambre est toujours en ordre.;His room is always tidy.
adjectif;A2;;ehrlich;honnête;honest;Sei bitte ehrlich zu mir.;Sois honnête avec moi, s'il te plaît.;Please be honest with me.
adjectif;A2;;mutig;courageux;brave;Der Feuerwehrmann war sehr mutig.;Le pompier était très courageux.;The firefighter was very brave.
adjectif;A2;;geduldig;patient;patient;Die Lehrerin ist sehr geduldig.;L'enseignante est très patiente.;The teacher is very patient.
adjectif;A2;;höflich;poli;polite;Die Kinder waren sehr höflich.;Les enfants étaient très polis.;The children were very polite.
adjectif;A2;;klug;intelligent;smart, clever;Sie hat eine kluge Lösung gefunden.;Elle a trouvé une solution intelligente.;She found a clever solution.
adjectif;A2;;dumm;stupide;stupid;Das war eine dumme Idee.;C'était une idée stupide.;That was a stupid idea.
adjectif;A2;;fleißig;travailleur, appliqué;hardworking;Die Studentin ist sehr fleißig.;L'étudiante est très travailleuse.;The student is very hardworking.
adjectif;A2;;faul;paresseux;lazy;An Sonntagen bin ich manchmal faul.;Le dimanche, je suis parfois paresseux.;On Sundays I'm sometimes lazy.
adjectif;A2;;unwichtig;peu important;unimportant;Das ist für mich unwichtig.;C'est sans importance pour moi.;That's unimportant to me.
adjectif;A2;;unsicher;incertain;uncertain, unsafe;Er wirkte sehr unsicher bei der Prüfung.;Il semblait très incertain pendant l'examen.;He seemed very unsure during the exam.
adjectif;A2;;gemütlich;confortable, convivial;cozy;Das Café ist sehr gemütlich.;Le café est très confortable.;The café is very cozy.
adjectif;A2;;angenehm;agréable;pleasant;Die Temperatur ist heute angenehm.;La température est agréable aujourd'hui.;The temperature is pleasant today.
adjectif;A2;;unangenehm;désagréable;unpleasant;Das Gespräch war sehr unangenehm.;La conversation était très désagréable.;The conversation was very unpleasant.
adjectif;A2;;spannend;passionnant;exciting, thrilling;Der Krimi ist wirklich spannend.;Le polar est vraiment passionnant.;The thriller is really exciting.
adjectif;A2;;aufregend;excitant;exciting;Der erste Schultag war aufregend.;Le premier jour d'école était excitant.;The first day of school was exciting.
adjectif;A2;;berühmt;célèbre;famous;Er ist ein berühmter Schauspieler.;C'est un acteur célèbre.;He is a famous actor.
adjectif;A2;;beliebt;populaire, apprécié;popular;Diese Lehrerin ist sehr beliebt.;Cette enseignante est très appréciée.;This teacher is very popular.
adjectif;A2;;unbeliebt;impopulaire;unpopular;Die Entscheidung war sehr unbeliebt.;La décision était très impopulaire.;The decision was very unpopular.
adjectif;A2;;typisch;typique;typical;Das ist typisch für ihn.;C'est typique de lui.;That's typical of him.
adjectif;A2;;normal;normal;normal;Das Verhalten ist völlig normal.;Ce comportement est tout à fait normal.;The behavior is completely normal.
adjectif;A2;;seltsam;bizarre, étrange;strange;Er hat sich seltsam verhalten.;Il s'est comporté bizarrement.;He behaved strangely.
adjectif;A2;;komisch;bizarre, drôle;strange, funny;Das riecht komisch.;Ça sent bizarre.;That smells strange.
adjectif;A2;;gewöhnlich;habituel, ordinaire;usual, ordinary;Das ist ein ganz gewöhnlicher Tag.;C'est une journée tout à fait ordinaire.;That's a completely ordinary day.
adjectif;A2;;ungewöhnlich;inhabituel;unusual;Das Wetter ist heute ungewöhnlich warm.;Le temps est inhabituellement chaud aujourd'hui.;The weather is unusually warm today.
adjectif;A2;;notwendig;nécessaire;necessary;Eine Reservierung ist notwendig.;Une réservation est nécessaire.;A reservation is necessary.
adjectif;A2;;nötig;nécessaire;necessary;Das ist nicht nötig.;Ce n'est pas nécessaire.;That's not necessary.
adjectif;A2;;möglich;possible;possible;Ein Treffen ist morgen möglich.;Une rencontre est possible demain.;A meeting is possible tomorrow.
adjectif;A2;;unmöglich;impossible;impossible;Das ist einfach unmöglich.;C'est tout simplement impossible.;That's simply impossible.
adjectif;A2;;wahrscheinlich;probable;probable, likely;Es wird wahrscheinlich regnen.;Il va probablement pleuvoir.;It will probably rain.
adjectif;A2;;genau;précis, exact;precise, exact;Kannst du das genau erklären?;Peux-tu expliquer cela précisément ?;Can you explain that precisely?
adjectif;A2;;ungenau;imprécis;imprecise;Seine Angaben waren ungenau.;Ses informations étaient imprécises.;His information was imprecise.
adjectif;A2;;deutlich;clair, net;clear;Sprich bitte etwas deutlicher.;Parle un peu plus clairement, s'il te plaît.;Please speak a bit more clearly.
adjectif;A2;;undeutlich;peu clair;unclear;Seine Schrift ist ziemlich undeutlich.;Son écriture est plutôt peu claire.;His handwriting is rather unclear.
adjectif;A2;;klar;clair;clear;Die Regeln sind klar.;Les règles sont claires.;The rules are clear.
adjectif;A2;;unklar;pas clair;unclear;Die Situation ist noch unklar.;La situation n'est pas encore claire.;The situation is still unclear.
adjectif;A2;;vorsichtig;prudent;careful;Sei vorsichtig auf der Straße!;Sois prudent dans la rue !;Be careful on the street!
adjectif;A2;;leichtsinnig;imprudent;careless, reckless;Das war ziemlich leichtsinnig von dir.;C'était plutôt imprudent de ta part.;That was quite reckless of you.
adjectif;A2;;tapfer;courageux;brave;Der Junge war sehr tapfer beim Arzt.;Le garçon a été très courageux chez le médecin.;The boy was very brave at the doctor's.
adjectif;A2;;schüchtern;timide;shy;Meine Schwester ist eher schüchtern.;Ma sœur est plutôt timide.;My sister is rather shy.
adjectif;A2;;selbstbewusst;sûr de soi;self-confident;Sie tritt sehr selbstbewusst auf.;Elle se présente avec beaucoup d'assurance.;She comes across as very self-confident.
adjectif;A2;;gesellig;sociable;sociable;Mein Opa ist ein geselliger Mensch.;Mon grand-père est une personne sociable.;My grandpa is a sociable person.
adjectif;A2;;einsam;seul, solitaire;lonely;Nach dem Umzug fühlte sie sich einsam.;Après le déménagement, elle se sentait seule.;After the move she felt lonely.
adjectif;A2;;geschieden;divorcé;divorced;Meine Eltern sind geschieden.;Mes parents sont divorcés.;My parents are divorced.
adjectif;A2;;verlobt;fiancé;engaged;Meine Schwester ist verlobt.;Ma sœur est fiancée.;My sister is engaged.
adjectif;A2;;schwanger;enceinte;pregnant;Meine Kollegin ist schwanger.;Ma collègue est enceinte.;My colleague is pregnant.
adjectif;A2;;erwachsen;adulte;adult, grown-up;Ihre Kinder sind schon erwachsen.;Ses enfants sont déjà adultes.;Her children are already grown up.
adjectif;A2;;berufstätig;actif professionnellement;employed, working;Beide Eltern sind berufstätig.;Les deux parents travaillent.;Both parents are working.
adjectif;A2;;arbeitslos;au chômage;unemployed;Er ist seit einem Monat arbeitslos.;Il est au chômage depuis un mois.;He has been unemployed for a month.
adjectif;A2;;unfreundlich;peu aimable;unfriendly;Der Kellner war ziemlich unfreundlich.;Le serveur était plutôt peu aimable.;The waiter was quite unfriendly.
adjectif;A2;;rechtzeitig;à temps;on time, in time;Wir sind rechtzeitig angekommen.;Nous sommes arrivés à temps.;We arrived on time.
adjectif;A2;;verspätet;en retard;delayed, late;Der Zug ist heute verspätet.;Le train est en retard aujourd'hui.;The train is delayed today.
adjectif;A2;;aktuell;actuel;current;Das ist ein sehr aktuelles Thema.;C'est un sujet très actuel.;That's a very current topic.
adjectif;A2;;veraltet;dépassé, désuet;outdated;Diese Technik ist veraltet.;Cette technologie est dépassée.;This technology is outdated.
adjectif;A2;;altmodisch;démodé;old-fashioned;Sein Stil ist etwas altmodisch.;Son style est un peu démodé.;His style is a bit old-fashioned.
adjectif;A2;;modisch;à la mode;fashionable;Sie trägt immer modische Kleidung.;Elle porte toujours des vêtements à la mode.;She always wears fashionable clothes.
adjectif;A2;;elegant;élégant;elegant;Sie war elegant gekleidet.;Elle était élégamment habillée.;She was elegantly dressed.
adjectif;A2;;schick;chic;chic;Das ist ein schickes Restaurant.;C'est un restaurant chic.;That's a chic restaurant.
adjectif;A2;;attraktiv;attirant, séduisant;attractive;Das Angebot ist sehr attraktiv.;L'offre est très attractive.;The offer is very attractive.
adjectif;A2;;sympathisch;sympathique;likable;Der neue Kollege ist sehr sympathisch.;Le nouveau collègue est très sympathique.;The new colleague is very likable.
adjectif;A2;;unsympathisch;antipathique;unlikable;Sein Verhalten fand ich unsympathisch.;J'ai trouvé son comportement antipathique.;I found his behavior unlikable.
adjectif;A2;;gemein;méchant, mesquin;mean;Das war eine gemeine Bemerkung.;C'était une remarque méchante.;That was a mean remark.
adjectif;A2;;böse;méchant, fâché;angry, mean;Sei mir bitte nicht böse.;Ne m'en veux pas, s'il te plaît.;Please don't be angry with me.
adjectif;A2;;lieb;gentil, cher;kind, dear;Das war sehr lieb von dir.;C'était très gentil de ta part.;That was very kind of you.
adjectif;A2;;brav;sage, obéissant;well-behaved;Das Kind war heute sehr brav.;L'enfant a été très sage aujourd'hui.;The child was very well-behaved today.
adjectif;A2;;frech;insolent, effronté;cheeky, insolent;Der Schüler war ziemlich frech.;L'élève était plutôt insolent.;The student was quite cheeky.
adjectif;A2;;vertraut;familier;familiar;Diese Straße ist mir vertraut.;Cette rue m'est familière.;This street is familiar to me.
adjectif;A2;;fremd;étranger, inconnu;foreign, unfamiliar;Das Land war mir völlig fremd.;Ce pays m'était complètement inconnu.;The country was completely unfamiliar to me.
adjectif;A2;;gastfreundlich;hospitalier;hospitable;Die Familie war sehr gastfreundlich.;La famille était très hospitalière.;The family was very hospitable.
adjectif;A2;;unternehmungslustig;aventureux, qui aime sortir;adventurous;Meine Freunde sind sehr unternehmungslustig.;Mes amis aiment beaucoup sortir et bouger.;My friends are very adventurous.
adjectif;A2;;gesprächig;bavard;talkative;Mein Opa ist sehr gesprächig.;Mon grand-père est très bavard.;My grandpa is very talkative.
adjectif;A2;;schweigsam;taciturne;taciturn, quiet;Er ist eher schweigsam.;Il est plutôt taciturne.;He is rather quiet.
adjectif;A2;;stressig;stressant;stressful;Der Job ist manchmal stressig.;Le travail est parfois stressant.;The job is sometimes stressful.
adjectif;A2;;anstrengend;fatigant, exigeant;exhausting;Die Wanderung war sehr anstrengend.;La randonnée était très fatigante.;The hike was very exhausting.
adjectif;A2;;erholsam;reposant;restful;Der Urlaub war sehr erholsam.;Les vacances étaient très reposantes.;The vacation was very restful.
adjectif;A2;;abwechslungsreich;varié;varied;Der Alltag hier ist abwechslungsreich.;Le quotidien ici est varié.;Daily life here is varied.
adjectif;A2;;eintönig;monotone;monotonous;Die Arbeit am Fließband ist eintönig.;Le travail à la chaîne est monotone.;Assembly line work is monotonous.
adjectif;A2;;kompliziert;compliqué;complicated;Die Anleitung ist ziemlich kompliziert.;Le mode d'emploi est plutôt compliqué.;The instructions are rather complicated.
adjectif;A2;;übersichtlich;clair, bien structuré;clear, well-organized;Die Speisekarte ist sehr übersichtlich.;Le menu est très clair et bien structuré.;The menu is very well-organized.
adjectif;A2;;arm;pauvre;poor;Die Familie war damals sehr arm.;La famille était très pauvre à l'époque.;The family was very poor back then.
adjectif;A2;;still;silencieux, calme;quiet, silent;Im Wald war es ganz still.;Dans la forêt, tout était silencieux.;It was completely quiet in the forest.
adjectif;A2;;fett;gras, gros;fat, greasy;Diese Soße ist mir zu fett.;Cette sauce est trop grasse pour moi.;This sauce is too greasy for me.
adjectif;A2;;satt;rassasié;full, satiated;Danke, ich bin satt.;Merci, je n'ai plus faim.;Thanks, I'm full.
adjectif;A2;;schlimm;grave, terrible;bad, serious;So schlimm war es gar nicht.;Ce n'était pas si grave que ça.;It wasn't that bad at all.
adjectif;A2;;recht;juste, correct;right, correct;Du hast recht, ich habe mich geirrt.;Tu as raison, je me suis trompé.;You are right, I was wrong.
adjectif;A2;;kostenlos;gratuit;free of charge;Der Eintritt ist für Kinder kostenlos.;L'entrée est gratuite pour les enfants.;Admission is free for children.
adjectif;A2;;männlich;masculin, mâle;male, masculine;Das Wort ist männlich: der Tisch.;Le mot est masculin : der Tisch.;The word is masculine: der Tisch.
adjectif;A2;;chinesisch;chinois;Chinese;Wir essen heute chinesisch.;Nous mangeons chinois aujourd'hui.;We're eating Chinese today.
adjectif;A2;;griechisch;grec;Greek;Sie studiert die griechische Geschichte.;Elle étudie l'histoire grecque.;She studies Greek history.
adjectif;A2;;russisch;russe;Russian;Er liest russische Literatur.;Il lit de la littérature russe.;He reads Russian literature.
adjectif;A2;;amerikanisch;américain;American;Das ist ein amerikanischer Wagen.;C'est une voiture américaine.;That is an American car.
adjectif;A2;;automatisch;automatique;automatic;Die Tür öffnet sich automatisch.;La porte s'ouvre automatiquement.;The door opens automatically.
adjectif;A2;;bar;en espèces;in cash;Ich bezahle bar.;Je paie en espèces.;I'm paying cash.
adjectif;A2;;blond;blond;blond;Ihre Tochter hat blonde Haare.;Sa fille a les cheveux blonds.;Her daughter has blond hair.
adjectif;A2;;direkt;direct, directement;direct, directly;Der Zug fährt direkt nach Berlin.;Le train va directement à Berlin.;The train goes directly to Berlin.
adjectif;A2;;echt;authentique, vrai;real, genuine;Ist der Ring aus echtem Gold?;La bague est-elle en or véritable ?;Is the ring made of real gold?
adjectif;A2;;egal;égal, indifférent;all the same;Es ist mir egal, wo wir essen.;Peu m'importe où nous mangeons.;I don't mind where we eat.
adjectif;A2;;froh;content, heureux;glad;Ich bin froh, dass du da bist.;Je suis content que tu sois là.;I'm glad you're here.
adjectif;A2;;furchtbar;affreux, terrible;terrible;Das Wetter war furchtbar.;Le temps était affreux.;The weather was terrible.
adjectif;A2;;geboren;né;born;Ich bin in Lyon geboren.;Je suis né à Lyon.;I was born in Lyon.
adjectif;A2;;günstig;avantageux, bon marché;good value, favourable;Das Angebot ist sehr günstig.;L'offre est très avantageuse.;The offer is very good value.
adjectif;A2;;intelligent;intelligent;intelligent;Sie ist eine sehr intelligente Frau.;C'est une femme très intelligente.;She is a very intelligent woman.
adjectif;A2;;interessiert;intéressé;interested;Er ist an dem Kurs interessiert.;Il est intéressé par le cours.;He is interested in the course.
adjectif;A2;;kühl;frais;cool;Am Morgen war es noch kühl.;Le matin, il faisait encore frais.;In the morning it was still cool.
adjectif;A2;;nervös;nerveux;nervous;Vor der Prüfung bin ich immer nervös.;Avant l'examen, je suis toujours nerveux.;Before the exam I'm always nervous.
adjectif;A2;;online;en ligne;online;Ich habe das Ticket online gekauft.;J'ai acheté le billet en ligne.;I bought the ticket online.
adjectif;A2;;privat;privé;private;Das ist eine private Frage.;C'est une question privée.;That's a private question.
adjectif;A2;;schriftlich;écrit, par écrit;in writing;Bitte geben Sie mir eine schriftliche Antwort.;Donnez-moi une réponse écrite, s'il vous plaît.;Please give me a written answer.
adjectif;A2;;streng;strict, sévère;strict;Unser Lehrer ist sehr streng.;Notre professeur est très strict.;Our teacher is very strict.
adjectif;A2;;tot;mort;dead;Die Pflanze ist leider tot.;La plante est malheureusement morte.;Unfortunately the plant is dead.
adjectif;A2;;verschieden;différent;different;Wir haben verschiedene Meinungen.;Nous avons des opinions différentes.;We have different opinions.
adjectif;A2;;wunderbar;merveilleux;wonderful;Das Essen war wunderbar.;Le repas était merveilleux.;The meal was wonderful.
adjectif;A2;;bewölkt;nuageux;cloudy;Morgen ist es stark bewölkt.;Demain, le ciel sera très nuageux.;Tomorrow it will be very cloudy.
adjectif;A2;;eilig;pressé, urgent;urgent, in a hurry;Ich habe es eilig.;Je suis pressé.;I'm in a hurry.
adjectif;A2;;europäisch;européen;European;Der europäische Führerschein gilt überall.;Le permis de conduire européen est valable partout.;The European driving licence is valid everywhere.
adjectif;A2;;herzlich;cordial, chaleureux;warm, cordial;Herzlichen Dank für die Einladung!;Merci de tout cœur pour l'invitation !;Many warm thanks for the invitation!
adjectif;A2;;schrecklich;affreux, terrible;terrible;Das Essen war schrecklich.;Le repas était affreux.;The food was terrible.
adjectif;A2;;willkommen;bienvenu;welcome;Herzlich willkommen in Berlin!;Bienvenue à Berlin !;A warm welcome to Berlin!
adjectif;A2;;einig;d'accord;in agreement;Wir sind uns einig.;Nous sommes d'accord.;We agree.
adjectif;A2;;luxemburgisch;luxembourgeois;Luxembourgish;Sie hat einen luxemburgischen Pass.;Elle a un passeport luxembourgeois.;She has a Luxembourgish passport.
adjectif;A2;;reserviert;réservé;reserved;Dieser Tisch ist reserviert.;Cette table est réservée.;This table is reserved.
adjectif;A2;;romantisch;romantique;romantic;Das war ein romantischer Abend.;C'était une soirée romantique.;That was a romantic evening.
adjectif;A2;;schweizerisch;suisse;Swiss;Das ist ein schweizerisches Wort.;C'est un mot suisse.;That's a Swiss word.
adjectif;A2;;österreichisch;autrichien;Austrian;Die österreichische Küche kenne ich gut.;Je connais bien la cuisine autrichienne.;I know Austrian cooking well.
adjectif;B1;;zuverlässig;fiable;reliable;Mein Kollege ist sehr zuverlässig.;Mon collègue est très fiable.;My colleague is very reliable.
adjectif;B1;;verantwortlich;responsable;responsible;Sie ist verantwortlich für das Projekt.;Elle est responsable du projet.;She is responsible for the project.
adjectif;B1;;selbstständig;autonome;independent;Er arbeitet sehr selbstständig.;Il travaille de façon très autonome.;He works very independently.
adjectif;B1;;kreativ;créatif;creative;Die Designerin ist sehr kreativ.;La designer est très créative.;The designer is very creative.
adjectif;B1;;flexibel;flexible;flexible;Meine Arbeitszeiten sind flexibel.;Mes horaires de travail sont flexibles.;My working hours are flexible.
adjectif;B1;;ehrgeizig;ambitieux;ambitious;Er ist ein ehrgeiziger junger Mann.;C'est un jeune homme ambitieux.;He is an ambitious young man.
adjectif;B1;;großzügig;généreux;generous;Sie ist immer sehr großzügig.;Elle est toujours très généreuse.;She is always very generous.
adjectif;B1;;geizig;avare;stingy;Der geizige Mann gibt nie Trinkgeld.;L'homme avare ne donne jamais de pourboire.;The stingy man never tips.
adjectif;B1;;eifersüchtig;jaloux;jealous;Er wird schnell eifersüchtig.;Il devient vite jaloux.;He gets jealous quickly.
adjectif;B1;;neidisch;envieux;envious;Sie ist neidisch auf ihre Schwester.;Elle est envieuse de sa sœur.;She is envious of her sister.
adjectif;B1;;stolz;fier;proud;Die Eltern sind stolz auf ihr Kind.;Les parents sont fiers de leur enfant.;The parents are proud of their child.
adjectif;B1;;bescheiden;modeste;modest;Trotz seines Erfolgs bleibt er bescheiden.;Malgré son succès, il reste modeste.;Despite his success, he remains modest.
adjectif;B1;;neugierig;curieux;curious;Kinder sind von Natur aus neugierig.;Les enfants sont curieux par nature.;Children are curious by nature.
adjectif;B1;;gleichgültig;indifférent;indifferent;Das Ergebnis ist ihm völlig gleichgültig.;Le résultat lui est complètement indifférent.;The result is completely indifferent to him.
adjectif;B1;;entspannt;détendu;relaxed;Nach dem Urlaub fühlt sie sich entspannt.;Après les vacances, elle se sent détendue.;After the vacation she feels relaxed.
adjectif;B1;;gestresst;stressé;stressed;Vor der Prüfung war er sehr gestresst.;Avant l'examen, il était très stressé.;Before the exam he was very stressed.
adjectif;B1;;überrascht;surpris;surprised;Ich war überrascht von der Nachricht.;J'ai été surpris par la nouvelle.;I was surprised by the news.
adjectif;B1;;enttäuscht;déçu;disappointed;Er war enttäuscht vom Ergebnis.;Il était déçu du résultat.;He was disappointed with the result.
adjectif;B1;;begeistert;enthousiaste;enthusiastic;Die Fans waren vom Konzert begeistert.;Les fans étaient enthousiasmés par le concert.;The fans were thrilled by the concert.
adjectif;B1;;erschöpft;épuisé;exhausted;Nach dem Marathon war sie völlig erschöpft.;Après le marathon, elle était complètement épuisée.;After the marathon she was completely exhausted.
adjectif;B1;;aufgeregt;excité, nerveux;excited, nervous;Vor dem Interview war er sehr aufgeregt.;Avant l'entretien, il était très nerveux.;Before the interview he was very nervous.
adjectif;B1;;verwirrt;confus;confused;Die Anweisungen haben mich verwirrt.;Les instructions m'ont embrouillé.;The instructions confused me.
adjectif;B1;;überzeugt;convaincu;convinced;Ich bin überzeugt, dass er recht hat.;Je suis convaincu qu'il a raison.;I am convinced that he's right.
adjectif;B1;;misstrauisch;méfiant;suspicious;Sie war misstrauisch gegenüber Fremden.;Elle était méfiante envers les inconnus.;She was suspicious of strangers.
adjectif;B1;;zufrieden;satisfait;satisfied;Ich bin mit meiner Arbeit zufrieden.;Je suis satisfait de mon travail.;I am satisfied with my work.
adjectif;B1;;dankbar;reconnaissant;grateful;Ich bin dir sehr dankbar für deine Hilfe.;Je te suis très reconnaissant pour ton aide.;I am very grateful to you for your help.
adjectif;B1;;hilfsbereit;serviable;helpful;Meine Nachbarin ist immer hilfsbereit.;Ma voisine est toujours serviable.;My neighbor is always helpful.
adjectif;B1;;rücksichtsvoll;attentionné, prévenant;considerate;Er ist sehr rücksichtsvoll gegenüber anderen.;Il est très attentionné envers les autres.;He is very considerate towards others.
adjectif;B1;;gerecht;juste, équitable;fair;Der Lehrer ist immer gerecht.;Le professeur est toujours juste.;The teacher is always fair.
adjectif;B1;;ungerecht;injuste;unfair;Diese Entscheidung finde ich ungerecht.;Je trouve cette décision injuste.;I find this decision unfair.
adjectif;B1;;tolerant;tolérant;tolerant;Er ist sehr tolerant gegenüber anderen Meinungen.;Il est très tolérant envers les autres opinions.;He is very tolerant of other opinions.
adjectif;B1;;intolerant;intolérant;intolerant;Sie ist intolerant gegenüber Kritik.;Elle est intolérante face à la critique.;She is intolerant of criticism.
adjectif;B1;;verschlossen;renfermé, réservé;withdrawn, reserved;Nach dem Verlust wurde er sehr verschlossen.;Après la perte, il est devenu très renfermé.;After the loss he became very withdrawn.
adjectif;B1;;optimistisch;optimiste;optimistic;Sie blickt optimistisch in die Zukunft.;Elle envisage l'avenir avec optimisme.;She looks at the future optimistically.
adjectif;B1;;pessimistisch;pessimiste;pessimistic;Er ist eher pessimistisch eingestellt.;Il a plutôt un état d'esprit pessimiste.;He tends to be pessimistic.
adjectif;B1;;realistisch;réaliste;realistic;Sein Plan klingt realistisch.;Son plan semble réaliste.;His plan sounds realistic.
adjectif;B1;;idealistisch;idéaliste;idealistic;Als junger Mensch war sie sehr idealistisch.;Quand elle était jeune, elle était très idéaliste.;As a young person she was very idealistic.
adjectif;B1;;konservativ;conservateur;conservative;Seine Ansichten sind ziemlich konservativ.;Ses opinions sont plutôt conservatrices.;His views are quite conservative.
adjectif;B1;;fortschrittlich;progressiste;progressive;Das Unternehmen hat eine fortschrittliche Politik.;L'entreprise a une politique progressiste.;The company has a progressive policy.
adjectif;B1;;liberal;libéral;liberal;Er vertritt liberale Werte.;Il défend des valeurs libérales.;He upholds liberal values.
adjectif;B1;;traditionell;traditionnel;traditional;Die Hochzeit war sehr traditionell.;Le mariage était très traditionnel.;The wedding was very traditional.
adjectif;B1;;individuell;individuel;individual;Jeder Kunde bekommt eine individuelle Beratung.;Chaque client reçoit un conseil personnalisé.;Every customer gets individual advice.
adjectif;B1;;sensibel;sensible;sensitive;Sie reagiert sehr sensibel auf Kritik.;Elle réagit très sensiblement à la critique.;She reacts very sensitively to criticism.
adjectif;B1;;emotional;émotif;emotional;Die Rede war sehr emotional.;Le discours était très émouvant.;The speech was very emotional.
adjectif;B1;;rational;rationnel;rational;Er trifft Entscheidungen immer rational.;Il prend toujours ses décisions de façon rationnelle.;He always makes decisions rationally.
adjectif;B1;;logisch;logique;logical;Seine Erklärung war völlig logisch.;Son explication était tout à fait logique.;His explanation was completely logical.
adjectif;B1;;unlogisch;illogique;illogical;Das Argument klingt unlogisch.;L'argument semble illogique.;The argument sounds illogical.
adjectif;B1;;vernünftig;raisonnable;reasonable;Das ist eine vernünftige Entscheidung.;C'est une décision raisonnable.;That's a reasonable decision.
adjectif;B1;;unvernünftig;déraisonnable;unreasonable;Es wäre unvernünftig, jetzt aufzugeben.;Ce serait déraisonnable d'abandonner maintenant.;It would be unreasonable to give up now.
adjectif;B1;;spontan;spontané;spontaneous;Wir haben spontan beschlossen zu verreisen.;Nous avons décidé spontanément de partir en voyage.;We decided spontaneously to travel.
adjectif;B1;;diszipliniert;discipliné;disciplined;Die Sportlerin trainiert sehr diszipliniert.;L'athlète s'entraîne de façon très disciplinée.;The athlete trains in a very disciplined way.
adjectif;B1;;undiszipliniert;indiscipliné;undisciplined;Die Klasse war heute ziemlich undiszipliniert.;La classe était plutôt indisciplinée aujourd'hui.;The class was quite undisciplined today.
adjectif;B1;;chaotisch;chaotique;chaotic;Sein Schreibtisch sieht chaotisch aus.;Son bureau a l'air chaotique.;His desk looks chaotic.
adjectif;B1;;organisiert;organisé;organized;Sie ist sehr gut organisiert.;Elle est très bien organisée.;She is very well organized.
adjectif;B1;;kompetent;compétent;competent;Der neue Arzt wirkt sehr kompetent.;Le nouveau médecin semble très compétent.;The new doctor seems very competent.
adjectif;B1;;inkompetent;incompétent;incompetent;Der Mitarbeiter wirkte völlig inkompetent.;L'employé paraissait totalement incompétent.;The employee seemed completely incompetent.
adjectif;B1;;qualifiziert;qualifié;qualified;Sie ist für die Stelle bestens qualifiziert.;Elle est parfaitement qualifiée pour le poste.;She is perfectly qualified for the position.
adjectif;B1;;erfahren;expérimenté;experienced;Er ist ein erfahrener Pilot.;C'est un pilote expérimenté.;He is an experienced pilot.
adjectif;B1;;unerfahren;inexpérimenté;inexperienced;Als Praktikant ist er noch unerfahren.;En tant que stagiaire, il est encore inexpérimenté.;As an intern he is still inexperienced.
adjectif;B1;;begabt;doué;gifted;Sie ist musikalisch sehr begabt.;Elle est très douée pour la musique.;She is very musically gifted.
adjectif;B1;;talentiert;talentueux;talented;Er ist ein talentierter Maler.;C'est un peintre talentueux.;He is a talented painter.
adjectif;B1;;genial;génial;brilliant;Das war eine geniale Idee.;C'était une idée géniale.;That was a brilliant idea.
adjectif;B1;;brillant;brillant;brilliant;Ihre Präsentation war brillant.;Sa présentation était brillante.;Her presentation was brilliant.
adjectif;B1;;erfolgreich;qui réussit, à succès;successful;Das Unternehmen ist sehr erfolgreich.;L'entreprise réussit très bien.;The company is very successful.
adjectif;B1;;erfolglos;sans succès, raté;unsuccessful;Die Suche blieb erfolglos.;La recherche est restée infructueuse.;The search was unsuccessful.
adjectif;B1;;anspruchsvoll;exigeant;demanding;Das ist eine anspruchsvolle Aufgabe.;C'est une tâche exigeante.;That's a demanding task.
adjectif;B1;;arrogant;arrogant;arrogant;Sein Ton war ziemlich arrogant.;Son ton était plutôt arrogant.;His tone was quite arrogant.
adjectif;B1;;eingebildet;prétentieux;conceited;Er ist ein bisschen eingebildet.;Il est un peu prétentieux.;He is a bit conceited.
adjectif;B1;;selbstsicher;sûr de soi;self-assured;Sie tritt sehr selbstsicher auf.;Elle se présente avec beaucoup d'assurance.;She comes across as very self-assured.
adjectif;B1;;loyal;loyal;loyal;Er ist seinem Chef gegenüber sehr loyal.;Il est très loyal envers son patron.;He is very loyal to his boss.
adjectif;B1;;treu;fidèle;faithful;Der Hund ist seinem Besitzer treu.;Le chien est fidèle à son maître.;The dog is faithful to its owner.
adjectif;B1;;untreu;infidèle;unfaithful;Er war seiner Partnerin untreu.;Il a été infidèle à sa partenaire.;He was unfaithful to his partner.
adjectif;B1;;gehorsam;obéissant;obedient;Der Hund ist sehr gehorsam.;Le chien est très obéissant.;The dog is very obedient.
adjectif;B1;;ungehorsam;désobéissant;disobedient;Das Kind war heute ungehorsam.;L'enfant a été désobéissant aujourd'hui.;The child was disobedient today.
adjectif;B1;;rebellisch;rebelle;rebellious;Als Teenager war sie sehr rebellisch.;Adolescente, elle était très rebelle.;As a teenager she was very rebellious.
adjectif;B1;;aufmerksam;attentif;attentive;Die Schüler waren sehr aufmerksam.;Les élèves étaient très attentifs.;The students were very attentive.
adjectif;B1;;unaufmerksam;inattentif;inattentive;Er war im Unterricht unaufmerksam.;Il n'était pas attentif en cours.;He was inattentive in class.
adjectif;B1;;konzentriert;concentré;focused;Sie arbeitet sehr konzentriert.;Elle travaille de façon très concentrée.;She works in a very focused way.
adjectif;B1;;abgelenkt;distrait;distracted;Er war durch den Lärm abgelenkt.;Il était distrait par le bruit.;He was distracted by the noise.
adjectif;B1;;gelangweilt;qui s'ennuie;bored;Die Schüler wirkten gelangweilt.;Les élèves avaient l'air de s'ennuyer.;The students seemed bored.
adjectif;B1;;leidenschaftlich;passionné;passionate;Er spielt leidenschaftlich gern Fußball.;Il joue au football avec passion.;He plays soccer with great passion.
adjectif;B1;;verzweifelt;désespéré;desperate;Sie suchte verzweifelt nach ihrem Schlüssel.;Elle cherchait désespérément sa clé.;She searched desperately for her key.
adjectif;B1;;hoffnungsvoll;plein d'espoir;hopeful;Er blickt hoffnungsvoll in die Zukunft.;Il envisage l'avenir avec espoir.;He looks at the future hopefully.
adjectif;B1;;hoffnungslos;sans espoir;hopeless;Die Lage schien hoffnungslos.;La situation semblait désespérée.;The situation seemed hopeless.
adjectif;B1;;ängstlich;craintif, anxieux;fearful, anxious;Das Kind ist sehr ängstlich.;L'enfant est très craintif.;The child is very fearful.
adjectif;B1;;furchtlos;sans peur;fearless;Der Feuerwehrmann handelte furchtlos.;Le pompier a agi sans peur.;The firefighter acted fearlessly.
adjectif;B1;;einfühlsam;empathique;empathetic;Die Ärztin ist sehr einfühlsam.;La médecin est très empathique.;The doctor is very empathetic.
adjectif;B1;;mitfühlend;compatissant;compassionate;Er reagierte sehr mitfühlend auf die Nachricht.;Il a réagi avec beaucoup de compassion à la nouvelle.;He reacted very compassionately to the news.
adjectif;B1;;taktvoll;plein de tact;tactful;Sie hat die Situation sehr taktvoll gelöst.;Elle a résolu la situation avec beaucoup de tact.;She resolved the situation very tactfully.
adjectif;B1;;taktlos;sans tact;tactless;Seine Bemerkung war ziemlich taktlos.;Sa remarque était plutôt sans tact.;His remark was quite tactless.
adjectif;B1;;diplomatisch;diplomate;diplomatic;Der Chef reagierte diplomatisch auf die Kritik.;Le chef a réagi avec diplomatie face à la critique.;The boss reacted diplomatically to the criticism.
adjectif;B1;;kompromissbereit;prêt au compromis;willing to compromise;Beide Seiten waren kompromissbereit.;Les deux parties étaient prêtes au compromis.;Both sides were willing to compromise.
adjectif;B1;;stur;têtu;stubborn;Mein Vater ist manchmal ziemlich stur.;Mon père est parfois plutôt têtu.;My father is sometimes quite stubborn.
adjectif;B1;;anpassungsfähig;adaptable;adaptable;Sie ist sehr anpassungsfähig in neuen Situationen.;Elle s'adapte très bien aux nouvelles situations.;She is very adaptable in new situations.
adjectif;B1;;eigensinnig;têtu, obstiné;stubborn, headstrong;Das Kind ist sehr eigensinnig.;L'enfant est très têtu.;The child is very headstrong.
adjectif;B1;;verlässlich;fiable;reliable;Er ist ein verlässlicher Freund.;C'est un ami fiable.;He is a reliable friend.
adjectif;B1;;unzuverlässig;peu fiable;unreliable;Er ist leider ziemlich unzuverlässig.;Il est malheureusement plutôt peu fiable.;Unfortunately he is quite unreliable.
adjectif;B1;;großherzig;généreux, au grand cœur;big-hearted;Sie ist eine großherzige Person.;C'est une personne au grand cœur.;She is a big-hearted person.
adjectif;B1;;kleinlich;mesquin, tatillon;petty;Sein Chef ist manchmal ziemlich kleinlich.;Son patron est parfois plutôt mesquin.;His boss is sometimes quite petty.
adjectif;B1;;ungeduldig;impatient;impatient;Er wird schnell ungeduldig.;Il devient vite impatient.;He gets impatient quickly.
adjectif;B1;;menschlich;humain;human, humane;Das ist ein ganz menschlicher Fehler.;C'est une erreur tout à fait humaine.;That is a very human mistake.
adjectif;B1;;betrunken;ivre, saoul;drunk;Er war zu betrunken, um zu fahren.;Il était trop ivre pour conduire.;He was too drunk to drive.
adjectif;B1;;nackt;nu;naked, bare;Die Bäume stehen nackt im Winter.;Les arbres sont nus en hiver.;The trees stand bare in winter.
adjectif;B1;;eben;plat, plan;even, flat;Der Weg ist hier schön eben.;Le chemin est bien plat ici.;The path is nice and flat here.
adjectif;B1;;offiziell;officiel;official;Es gibt noch keine offizielle Antwort.;Il n'y a pas encore de réponse officielle.;There is no official answer yet.
adjectif;B1;;unterschiedlich;différent, variable;different, varying;Die Preise sind sehr unterschiedlich.;Les prix sont très variables.;The prices vary a lot.
adjectif;B1;;vollständig;complet, entier;complete, full;Bitte füllen Sie das Formular vollständig aus.;Veuillez remplir le formulaire entièrement.;Please fill in the form completely.
adjectif;B1;;fein;fin, délicat;fine, delicate;Der Stoff ist sehr fein.;Le tissu est très fin.;The fabric is very fine.
adjectif;B1;;anwesend;présent;present;Alle Mieter waren bei der Versammlung anwesend.;Tous les locataires étaient présents à la réunion.;All tenants were present at the meeting.
adjectif;B1;;ärgerlich;agaçant, contrarié;annoying, annoyed;Der Lärm vom Nachbarn ist wirklich ärgerlich.;Le bruit du voisin est vraiment agaçant.;The neighbor's noise is really annoying.
adjectif;B1;;biologisch;biologique;organic;Sie kauft nur biologisches Gemüse.;Elle n'achète que des légumes biologiques.;She only buys organic vegetables.
adjectif;B1;;dringend;urgent;urgent;Ich brauche dringend eine Antwort von Ihnen.;J'ai besoin d'une réponse urgente de votre part.;I urgently need an answer from you.
adjectif;B1;;ehrlich/unehrlich;honnête/malhonnête;honest/dishonest;Der Verkäufer war sehr ehrlich zu mir.;Le vendeur a été très honnête avec moi.;The salesperson was very honest with me.
adjectif;B1;;fern/nah;lointain/proche;far/near;Der Bahnhof ist nicht weit, er ist ganz nah.;La gare n'est pas loin, elle est toute proche.;The station isn't far, it's very near.
adjectif;B1;;gering;faible, minime;low, slight;Die Chancen auf Erfolg sind gering.;Les chances de succès sont minimes.;The chances of success are slight.
adjectif;B1;;gesamt;total, entier;total, entire;Der gesamte Betrag muss bis Freitag bezahlt werden.;Le montant total doit être payé avant vendredi.;The total amount must be paid by Friday.
adjectif;B1;;reif;mûr;ripe;Diese Bananen sind noch nicht reif.;Ces bananes ne sont pas encore mûres.;These bananas are not ripe yet.
adjectif;B1;;sauer/süß;aigre, acide/sucré;sour/sweet;Der Apfel schmeckt sehr sauer.;La pomme a un goût très acide.;The apple tastes very sour.
adjectif;B1;;dicht;dense, étanche;dense, tight, sealed;Das Fenster ist nicht mehr richtig dicht.;La fenêtre n'est plus vraiment étanche.;The window is no longer properly sealed.
adjectif;B1;;jährlich;annuel;yearly, annual;Die jährlichen Kosten für das Konto sind gering.;Les frais annuels du compte sont faibles.;The yearly costs for the account are low.
adjectif;B1;;komplett;complet;complete;Ich brauche eine komplette Liste aller Ausgaben.;J'ai besoin d'une liste complète de toutes les dépenses.;I need a complete list of all expenses.
adjectif;B1;;mobil;mobile;mobile;Mit dieser App bin ich finanziell mobil.;Avec cette application, je suis mobile financièrement.;With this app I'm financially mobile.
adjectif;B1;;sämtlich;tous, l'ensemble de;all, entire;Sämtliche Unterlagen wurden geprüft.;Tous les documents ont été vérifiés.;All the documents have been checked.
adjectif;B1;;zusätzlich;supplémentaire;additional;Es gibt zusätzliche Gebühren für diesen Service.;Il y a des frais supplémentaires pour ce service.;There are additional fees for this service.
adjectif;B1;;allergisch;allergique (à qch);allergic (to sth);Er ist allergisch gegen Nüsse.;Il est allergique aux noix.;He is allergic to nuts.
adjectif;B1;;spannend/langweilig;passionnant/ennuyeux;exciting/boring;Der Vortrag über Ernährung war sehr spannend.;La conférence sur la nutrition était très passionnante.;The talk about nutrition was very exciting.
adjectif;B1;;schuld (sein);être responsable, être en faute;to be at fault;Wer ist schuld an diesem Missverständnis?;Qui est en faute dans ce malentendu ?;Who is at fault in this misunderstanding?
adjectif;B1;;ungesund/gesund;malsain/sain;unhealthy/healthy;Fertiggerichte sind oft ungesund.;Les plats préparés sont souvent malsains.;Ready meals are often unhealthy.
adjectif;B1;;allmählich;progressivement, peu à peu;gradually;Sie gewöhnt sich allmählich an das neue Land.;Elle s'habitue peu à peu au nouveau pays.;She is gradually getting used to the new country.
adjectif;B1;;ängstlich/mutig;craintif/courageux;anxious/brave;Er war als Kind sehr ängstlich.;Il était très craintif enfant.;He was very anxious as a child.
adjectif;B1;;augenblicklich;immédiat, sur le moment;instant, momentary;Ihre augenblickliche Reaktion war Überraschung.;Sa réaction immédiate a été la surprise.;Her instant reaction was surprise.
adjectif;B1;;ernsthaft;sérieux (véritablement);serious, earnest;Das ist ein ernsthaftes Missverständnis.;C'est un malentendu sérieux.;That is a serious misunderstanding.
adjectif;B1;;gleichzeitig;simultané;simultaneous;Sie spricht drei Sprachen gleichzeitig fließend.;Elle parle couramment trois langues en même temps.;She speaks three languages fluently at the same time.
adjectif;B1;;mehrsprachig/einsprachig;plurilingue/unilingue;multilingual/monolingual;Die Schule bietet einen mehrsprachigen Unterricht an.;L'école propose un enseignement plurilingue.;The school offers multilingual teaching.
adjectif;B1;;merkwürdig;étrange, curieux;strange, odd;Das war eine merkwürdige Situation.;C'était une situation étrange.;That was a strange situation.
adjectif;B1;;optimistisch/pessimistisch;optimiste/pessimiste;optimistic/pessimistic;Sie bleibt trotz allem optimistisch.;Elle reste optimiste malgré tout.;She remains optimistic despite everything.
adjectif;B1;;schriftlich/mündlich;écrit/oral;written/oral;Bitte bestätigen Sie das schriftlich.;Veuillez le confirmer par écrit.;Please confirm this in writing.
adjectif;B1;;tolerant/intolerant;tolérant/intolérant;tolerant/intolerant;Er ist sehr tolerant gegenüber anderen Religionen.;Il est très tolérant envers les autres religions.;He is very tolerant of other religions.
adjectif;B1;;üblich/unüblich;habituel/inhabituel;usual/unusual;Das ist hier nicht üblich.;Ce n'est pas habituel ici.;That's not usual here.
adjectif;B1;;ansprechbar;abordable, disponible (pour parler);approachable, responsive;Der Patient ist nach der Narkose wieder ansprechbar.;Le patient est de nouveau réceptif après l'anesthésie.;The patient is responsive again after the anesthesia.
adjectif;B1;;schwach/stark;faible/fort;weak/strong;Sie fühlt sich nach der Krankheit noch schwach.;Elle se sent encore faible après la maladie.;She still feels weak after the illness.
adjectif;B1;;speziell;spécial;special;Er braucht ein spezielles Medikament.;Il a besoin d'un médicament spécial.;He needs a special medication.
adjectif;B1;;tief/hoch;profond/élevé;deep/high;Die Wunde ist ziemlich tief.;La blessure est assez profonde.;The wound is quite deep.
adjectif;B1;;elektrisch;électrique;electric;Sie fahren jetzt ein elektrisches Auto.;Ils conduisent maintenant une voiture électrique.;They now drive an electric car.
adjectif;B1;;grundsätzlich;fondamental, en principe;fundamental, basically;Grundsätzlich bin ich mit dir einer Meinung.;En principe, je suis d'accord avec toi.;Basically, I agree with you.
adjectif;B1;;ökologisch;écologique;ecological;Sie kaufen nur ökologische Produkte.;Ils n'achètent que des produits écologiques.;They only buy ecological products.
adjectif;B1;;schädlich;nocif;harmful;Abgase sind schädlich für die Umwelt.;Les gaz d'échappement sont nocifs pour l'environnement.;Exhaust fumes are harmful to the environment.
adjectif;B1;;sinnlos/sinnvoll;insensé/sensé;pointless/sensible;Es wäre sinnlos, jetzt noch zu protestieren.;Il serait insensé de protester maintenant.;It would be pointless to protest now.
adjectif;B1;;wahnsinnig;fou, énorme (intensif);crazy, insane;Das kostet wahnsinnig viel Energie.;Cela coûte énormément d'énergie.;That costs an insane amount of energy.
adjectif;B1;;wertvoll;précieux;valuable;Sauberes Wasser ist sehr wertvoll.;L'eau propre est très précieuse.;Clean water is very valuable.
adjectif;B1;;ehemalig;ancien (précédent);former;Sie trifft sich mit ihrem ehemaligen Klassenkameraden.;Elle rencontre son ancien camarade de classe.;She is meeting her former classmate.
adjectif;B1;;enttäuschend;décevant;disappointing;Das Ergebnis war ziemlich enttäuschend.;Le résultat était assez décevant.;The result was quite disappointing.
adjectif;B1;;faszinierend;fascinant;fascinating;Die Geschichte der Region ist faszinierend.;L'histoire de la région est fascinante.;The history of the region is fascinating.
adjectif;B1;;super (spannend);super, génial;great, super;Der Film war super spannend.;Le film était super captivant.;The movie was super exciting.
adjectif;B1;;total (gut);tout à fait, complètement;totally, completely;Das war eine total gute Idee.;C'était une très bonne idée.;That was a totally good idea.
adjectif;B1;;überhaupt (nicht gut);du tout (pas bon du tout);at all (not good at all);Das schmeckt überhaupt nicht gut.;Ça n'a pas bon goût du tout.;This doesn't taste good at all.
adjectif;B1;;wirklich (gut);vraiment (bon);really (good);Das war wirklich ein guter Film.;C'était vraiment un bon film.;That was really a good movie.
adjectif;B1;;ziemlich (langweilig);assez, plutôt (ennuyeux);quite, rather (boring);Der Vortrag war ziemlich langweilig.;La conférence était plutôt ennuyeuse.;The talk was rather boring.
adjectif;B1;;zugleich;à la fois, en même temps;at the same time;Er ist Lehrer und Musiker zugleich.;Il est enseignant et musicien à la fois.;He is a teacher and a musician at the same time.
adjectif;B1;;derzeitig;actuel;current;In ihrer derzeitigen Stelle ist sie sehr zufrieden.;Elle est très satisfaite de son poste actuel.;She is very satisfied in her current position.
adjectif;B1;;engagiert;engagé, impliqué;committed, engaged;Er ist ein sehr engagierter Mitarbeiter.;C'est un employé très engagé.;He is a very committed employee.
adjectif;B1;;mehrjährig;pluriannuel, de plusieurs années;multi-year, of several years;Sie hat mehrjährige Erfahrung in diesem Bereich.;Elle a une expérience de plusieurs années dans ce domaine.;She has several years of experience in this field.
adjectif;B1;;überdurchschnittlich;au-dessus de la moyenne;above average;Sie verdient ein überdurchschnittliches Gehalt.;Elle gagne un salaire au-dessus de la moyenne.;She earns an above-average salary.
adjectif;B1;;technisch;technique;technical;Er hat gute technische Kenntnisse.;Il a de bonnes connaissances techniques.;He has good technical knowledge.
adjectif;B1;;unzufrieden;insatisfait;dissatisfied;Viele Mitarbeiter sind mit dem Gehalt unzufrieden.;Beaucoup d'employés sont insatisfaits de leur salaire.;Many employees are dissatisfied with their salary.
adjectif;B1;;begrenzt;limité;limited;Die Anzahl der Plätze ist begrenzt.;Le nombre de places est limité.;The number of seats is limited.
adjectif;B1;;gleichberechtigt;égal en droits;equal (in rights);Männer und Frauen sind im Sport nicht immer gleichberechtigt.;Les hommes et les femmes ne sont pas toujours égaux dans le sport.;Men and women are not always equal in sports.
adjectif;B1;;klassisch;classique;classic;Fußball ist eine klassische Mannschaftssportart.;Le football est un sport d'équipe classique.;Soccer is a classic team sport.
adjectif;B1;;kräftig;vigoureux, fort;strong, powerful;Der Schwimmer hat kräftige Arme.;Le nageur a des bras puissants.;The swimmer has powerful arms.
adjectif;B1;;männlich/weiblich;masculin/féminin;male/female;Es gibt eine männliche und eine weibliche Mannschaft.;Il y a une équipe masculine et une équipe féminine.;There is a men's team and a women's team.
adjectif;B1;;zahlreich;nombreux;numerous;Zahlreiche Fans kamen zum Spiel.;De nombreux fans sont venus au match.;Numerous fans came to the game.
adjectif;B1;;alleinerziehend;monoparental (parent seul);single-parent;Sie ist eine alleinerziehende Mutter.;Elle est mère célibataire.;She is a single mother.
adjectif;B1;;evangelisch;protestant, évangélique;Protestant;Seine Familie ist evangelisch.;Sa famille est protestante.;His family is Protestant.
adjectif;B1;;finanziell;financier;financial;Die finanzielle Lage der Familie ist schwierig.;La situation financière de la famille est difficile.;The family's financial situation is difficult.
adjectif;B1;;gleichaltrig;du même âge;of the same age;Sie spielt gern mit gleichaltrigen Kindern.;Elle aime jouer avec des enfants du même âge.;She likes to play with children of the same age.
adjectif;B1;;katholisch;catholique;Catholic;Er wurde katholisch erzogen.;Il a été élevé dans la religion catholique.;He was raised Catholic.
adjectif;B1;;locker;détendu, relâché;relaxed, easygoing;Die Beziehung zwischen ihnen ist ziemlich locker.;La relation entre eux est plutôt décontractée.;The relationship between them is quite relaxed.
adjectif;B1;;beruflich;professionnel;professional, career-related;Sie möchte sich beruflich verändern.;Elle souhaite changer professionnellement.;She wants to make a career change.
adjectif;B1;;kosmetisch;cosmétique;cosmetic;Das ist nur eine kosmetische Veränderung.;Ce n'est qu'un changement cosmétique.;That's only a cosmetic change.
adjectif;B1;;tabellarisch;sous forme de tableau;in tabular form;Bitte erstellen Sie einen tabellarischen Lebenslauf.;Veuillez rédiger un CV sous forme de tableau.;Please prepare a résumé in tabular form.
adjectif;B1;;zukünftig;futur;future;Ihre zukünftigen Pläne sind noch unklar.;Ses projets futurs ne sont pas encore clairs.;Her future plans are still unclear.
adjectif;B1;;behindert;handicapé;disabled;Der Verein hilft behinderten Menschen.;L'association aide les personnes handicapées.;The association helps disabled people.
adjectif;B1;;ehrenamtlich;bénévole;voluntary;Sie arbeitet ehrenamtlich im Altenheim.;Elle travaille bénévolement à la maison de retraite.;She volunteers at the nursing home.
adjectif;B1;;gesellschaftlich;social, sociétal;societal, social;Ehrenamtliches Engagement hat einen großen gesellschaftlichen Wert.;L'engagement bénévole a une grande valeur sociale.;Volunteer work has great societal value.
adjectif;B1;;jugendlich;juvénile, jeune;youthful, juvenile;Er wirkt trotz seines Alters sehr jugendlich.;Il paraît très jeune malgré son âge.;He seems very youthful despite his age.
adjectif;B1;;wünschenswert;souhaitable;desirable;Mehr Freiwillige wären sehr wünschenswert.;Davantage de bénévoles seraient très souhaitables.;More volunteers would be very desirable.
adjectif;B1;;extrem;extrême;extreme;Das Wetter war dieses Jahr extrem.;Le temps a été extrême cette année.;The weather was extreme this year.
adjectif;B1;;motiviert;motivé;motivated;Die neue Praktikantin ist sehr motiviert.;La nouvelle stagiaire est très motivée.;The new intern is very motivated.
adjectif;B1;;witzig;drôle, amusant;funny;Der Moderator war wirklich witzig.;L'animateur était vraiment drôle.;The host was really funny.
adjectif;B1;;alltäglich;quotidien, banal;everyday, ordinary;Das ist für uns ein ganz alltäglicher Anblick.;C'est pour nous un spectacle tout à fait quotidien.;That's a completely everyday sight for us.
adjectif;B1;;exotisch;exotique;exotic;Die Stadt hat einen exotischen Charme.;La ville a un charme exotique.;The city has an exotic charm.
adjectif;B1;;historisch;historique;historical;Das historische Zentrum ist sehr gut erhalten.;Le centre historique est très bien conservé.;The historic center is very well preserved.
adjectif;B1;;touristisch;touristique;touristic, tourist;Diese Straße ist sehr touristisch geprägt.;Cette rue a un caractère très touristique.;This street has a very touristic character.
adjectif;B1;;befristet/unbefristet;à durée déterminée/indéterminée;fixed-term/permanent;Sie hat einen unbefristeten Vertrag bekommen.;Elle a obtenu un contrat à durée indéterminée.;She got a permanent contract.
adjectif;B1;;englischsprachig/deutschsprachig;anglophone/germanophone;English-speaking/German-speaking;Er sucht eine englischsprachige Zeitung.;Il cherche un journal anglophone.;He is looking for an English-language newspaper.
adjectif;B1;;fest;fixe, ferme;fixed, firm;Sie hat jetzt eine feste Stelle.;Elle a maintenant un poste fixe.;She now has a permanent position.
adjectif;B1;;humorvoll/humorlos;plein d'humour/sans humour;humorous/humorless;Der neue Kollege ist sehr humorvoll.;Le nouveau collègue a beaucoup d'humour.;The new colleague is very humorous.
adjectif;B1;;legal/illegal;légal/illégal;legal/illegal;Der Aufenthalt muss legal sein.;Le séjour doit être légal.;The stay must be legal.
adjectif;B1;;musikalisch/unmusikalisch;musical/pas musical;musical/unmusical;Ihre Tochter ist sehr musikalisch.;Sa fille est très musicale.;Her daughter is very musical.
adjectif;B1;;völlig;complètement, totalement;completely, totally;Das ist eine völlig neue Situation für ihn.;C'est une situation complètement nouvelle pour lui.;This is a completely new situation for him.
adjectif;B1;;absolut;absolu, absolument;absolute;Das ist absolut unmöglich.;C'est absolument impossible.;That's absolutely impossible.
adjectif;B1;;aktiv;actif;active;Sie ist im Verein sehr aktiv.;Elle est très active dans l'association.;She is very active in the club.
adjectif;B1;;ausländisch;étranger;foreign;Wir haben viele ausländische Gäste.;Nous avons beaucoup d'hôtes étrangers.;We have many foreign guests.
adjectif;B1;;befriedigend;satisfaisant;satisfactory;Das Ergebnis ist befriedigend, aber nicht gut.;Le résultat est satisfaisant, mais pas bon.;The result is satisfactory but not good.
adjectif;B1;;bestimmt;"certain, précis ; sûrement";"certain; certainly";Er kommt bestimmt noch.;Il va sûrement encore venir.;He'll certainly still come.
adjectif;B1;;blass;pâle;pale;Du siehst heute blass aus.;Tu as l'air pâle aujourd'hui.;You look pale today.
adjectif;B1;;bloß;seulement, rien que;only, merely;Das kostet bloß zehn Euro.;Ça ne coûte que dix euros.;That costs only ten euros.
adjectif;B1;;digital;numérique;digital;Das Formular gibt es nur digital.;Le formulaire n'existe qu'en version numérique.;The form is only available digitally.
adjectif;B1;;doppelt;double;double;Am Wochenende zahlt man den doppelten Preis.;Le week-end, on paie le double du prix.;At the weekend you pay double the price.
adjectif;B1;;durchschnittlich;moyen, en moyenne;average;Ich schlafe durchschnittlich sieben Stunden.;Je dors en moyenne sept heures.;I sleep seven hours on average.
adjectif;B1;;einzeln;individuel, séparé;individual, single;Man kann die Teile auch einzeln kaufen.;On peut aussi acheter les pièces séparément.;You can also buy the parts individually.
adjectif;B1;;eventuell;éventuel, éventuellement;possible, possibly;Eventuell komme ich später.;Éventuellement, je viendrai plus tard.;I may possibly come later.
adjectif;B1;;extra;en plus, spécialement;extra, specially;Das Frühstück kostet extra.;Le petit-déjeuner est en supplément.;Breakfast costs extra.
adjectif;B1;;fair;juste, correct;fair;Das war kein faires Spiel.;Ce n'était pas un jeu correct.;That wasn't a fair game.
adjectif;B1;;fit;en forme;fit;Mit Sport bleibt man fit.;Avec le sport, on reste en forme.;You stay fit with sport.
adjectif;B1;;frisch;frais;fresh;Das Brot ist noch ganz frisch.;Le pain est encore tout frais.;The bread is still quite fresh.
adjectif;B1;;gar;"cuit à point ; (gar nicht) pas du tout";"cooked through; (gar nicht) not at all";Das gefällt mir gar nicht.;Cela ne me plaît pas du tout.;I don't like that at all.
adjectif;B1;;geehrt;honoré (formule d'appel);esteemed (in letter openings);Sehr geehrte Damen und Herren,;Madame, Monsieur,;Dear Sir or Madam,
adjectif;B1;;geheim;secret;secret;Halten Sie Ihr Passwort geheim.;Gardez votre mot de passe secret.;Keep your password secret.
adjectif;B1;;gespannt;impatient, curieux;eager, curious;Ich bin gespannt auf das Ergebnis.;J'attends le résultat avec impatience.;I'm eager to hear the result.
adjectif;B1;;gewohnt;habituel;usual, accustomed;Wir treffen uns am gewohnten Ort.;Nous nous retrouvons à l'endroit habituel.;We're meeting at the usual place.
adjectif;B1;;gültig;valable, valide;valid;Der Pass ist noch zwei Jahre gültig.;Le passeport est encore valable deux ans.;The passport is valid for another two years.
adjectif;B1;;halb;demi;half;Ich warte schon eine halbe Stunde.;J'attends déjà depuis une demi-heure.;I've been waiting half an hour already.
adjectif;B1;;haltbar;qui se conserve;keeps well, durable;Die Milch ist noch eine Woche haltbar.;Le lait se conserve encore une semaine.;The milk keeps for another week.
adjectif;B1;;ideal;idéal;ideal;Die Wohnung ist ideal für uns.;L'appartement est idéal pour nous.;The flat is ideal for us.
adjectif;B1;;intensiv;intensif, intense;intensive;Wir machen einen intensiven Sprachkurs.;Nous suivons un cours de langue intensif.;We're doing an intensive language course.
adjectif;B1;;interkulturell;interculturel;intercultural;Die Schule bietet interkulturelle Projekte an.;L'école propose des projets interculturels.;The school offers intercultural projects.
adjectif;B1;;korrekt;correct, exact;correct;Ihre Antwort ist korrekt.;Votre réponse est correcte.;Your answer is correct.
adjectif;B1;;kulturell;culturel;cultural;Die Stadt hat ein reiches kulturelles Angebot.;La ville a une offre culturelle riche.;The city has a rich cultural offering.
adjectif;B1;;maximal;maximal, au maximum;maximum;Der Koffer darf maximal zwanzig Kilo wiegen.;La valise ne doit pas dépasser vingt kilos.;The suitcase may weigh a maximum of twenty kilos.
adjectif;B1;;mild;doux (climat, goût);mild;Der Winter war dieses Jahr mild.;L'hiver a été doux cette année.;The winter was mild this year.
adjectif;B1;;negativ;négatif;negative;Der Test war zum Glück negativ.;Heureusement, le test était négatif.;Fortunately the test was negative.
adjectif;B1;;parallel;parallèle;parallel;Die zwei Straßen verlaufen parallel.;Les deux rues sont parallèles.;The two streets run parallel.
adjectif;B1;;passiv;passif;passive;Im Unterricht ist er eher passiv.;En cours, il est plutôt passif.;In class he is rather passive.
adjectif;B1;;perfekt;parfait;perfect;Ihr Deutsch ist fast perfekt.;Votre allemand est presque parfait.;Your German is almost perfect.
adjectif;B1;;persönlich;personnel, en personne;personal, in person;Ich möchte das persönlich besprechen.;J'aimerais en discuter en personne.;I'd like to discuss that in person.
adjectif;B1;;politisch;politique;political;Über politische Themen streiten wir oft.;Nous nous disputons souvent sur des sujets politiques.;We often argue about political topics.
adjectif;B1;;positiv;positif;positive;Die Reaktion war sehr positiv.;La réaction a été très positive.;The reaction was very positive.
adjectif;B1;;prima;super, formidable;great;Das ist eine prima Idee!;C'est une super idée !;That's a great idea!
adjectif;B1;;rechtlich;juridique, légal;legal;Rechtlich ist das kein Problem.;Sur le plan juridique, ce n'est pas un problème.;Legally that's not a problem.
adjectif;B1;;reich;riche;rich;Das Land ist reich an Wasser.;Le pays est riche en eau.;The country is rich in water.
adjectif;B1;;rein;pur, propre;pure, clean;Der Pullover ist aus reiner Wolle.;Le pull est en pure laine.;The jumper is made of pure wool.
adjectif;B1;;relativ;relatif, relativement;relative, relatively;Die Miete ist relativ günstig.;Le loyer est relativement avantageux.;The rent is relatively cheap.
adjectif;B1;;roh;cru;raw;Diese Wurst isst man roh.;Cette saucisse se mange crue.;This sausage is eaten raw.
adjectif;B1;;schief;de travers, penché;crooked, slanted;Das Bild hängt schief.;Le tableau est accroché de travers.;The picture is hanging crooked.
adjectif;B1;;selbstverständlich;évident, bien entendu;self-evident, of course;Selbstverständlich helfe ich dir.;Bien entendu, je t'aide.;Of course I'll help you.
adjectif;B1;;senkrecht;vertical;vertical;Ziehen Sie eine senkrechte Linie.;Tracez une ligne verticale.;Draw a vertical line.
adjectif;B1;;sichtbar;visible;visible;Von hier ist der Turm gut sichtbar.;D'ici, la tour est bien visible.;From here the tower is clearly visible.
adjectif;B1;;sparsam;"économe ; économique";"thrifty; economical";Das neue Auto ist sehr sparsam.;La nouvelle voiture est très économique.;The new car is very economical.
adjectif;B1;;steil;raide, escarpé;steep;Der Weg nach oben ist ziemlich steil.;Le chemin qui monte est assez raide.;The path up is quite steep.
adjectif;B1;;stumm;muet;mute, silent;Er blieb den ganzen Abend stumm.;Il est resté muet toute la soirée.;He stayed silent all evening.
adjectif;B1;;städtisch;municipal, urbain;municipal, urban;Das ist ein städtisches Schwimmbad.;C'est une piscine municipale.;That's a municipal swimming pool.
adjectif;B1;;unglaublich;incroyable;incredible;Die Aussicht ist unglaublich schön.;La vue est incroyablement belle.;The view is incredibly beautiful.
adjectif;B1;;vegetarisch;végétarien;vegetarian;Haben Sie auch vegetarische Gerichte?;Avez-vous aussi des plats végétariens ?;Do you have vegetarian dishes too?
adjectif;B1;;verdächtig;suspect;suspicious;Der Koffer sieht verdächtig aus.;La valise a l'air suspecte.;The suitcase looks suspicious.
adjectif;B1;;verrückt;fou;crazy;Diese Idee ist völlig verrückt.;Cette idée est complètement folle.;That idea is completely crazy.
adjectif;B1;;verständlich;compréhensible;understandable;Ihre Erklärung war sehr verständlich.;Votre explication était très compréhensible.;Your explanation was very understandable.
adjectif;B1;;verwandt;apparenté, de la famille;related;Wir sind weit verwandt.;Nous sommes parents éloignés.;We are distantly related.
adjectif;B1;;voraussichtlich;prévu, probablement;expected, probably;Der Zug kommt voraussichtlich zehn Minuten später.;Le train arrivera probablement avec dix minutes de retard.;The train is expected ten minutes late.
adjectif;B1;;waagerecht;horizontal;horizontal;Legen Sie das Brett waagerecht.;Posez la planche à l'horizontale.;Lay the board horizontally.
adjectif;B1;;wahr;vrai;true;Diese Geschichte ist wirklich wahr.;Cette histoire est vraiment vraie.;This story is really true.
adjectif;B1;;weiblich;féminin, de sexe féminin;female;Im Team sind drei weibliche Mitglieder.;L'équipe compte trois membres féminins.;There are three female members in the team.
adjectif;B1;;weiter;autre, supplémentaire;further, additional;Haben Sie weitere Fragen?;Avez-vous d'autres questions ?;Do you have any further questions?
adjectif;B1;;weltweit;mondial, dans le monde entier;worldwide;Die Firma ist weltweit bekannt.;L'entreprise est connue dans le monde entier.;The company is known worldwide.
adjectif;B1;;wunderschön;magnifique;beautiful;Das war ein wunderschöner Abend.;C'était une soirée magnifique.;That was a beautiful evening.
adjectif;B1;;wütend;furieux, en colère;furious, angry;Er war wütend auf seinen Chef.;Il était furieux contre son chef.;He was furious with his boss.
adjectif;B1;;zentral;central;central;Die Wohnung liegt sehr zentral.;L'appartement est très central.;The flat is very centrally located.
adjectif;B1;;öffentlich;public;public;Ich fahre mit öffentlichen Verkehrsmitteln.;Je me déplace en transports en commun.;I travel by public transport.
adjectif;B1;;üblich;habituel, courant;usual, customary;Trinkgeld ist hier üblich.;Le pourboire est habituel ici.;Tipping is customary here.
adjectif;B1;;übrig;restant, qui reste;remaining, left over;Vom Kuchen ist nichts übrig.;Il ne reste rien du gâteau.;There's nothing left of the cake.
adjectif;B1;;möbliert;meublé;furnished;Wir suchen ein möbliertes Zimmer.;Nous cherchons une chambre meublée.;We're looking for a furnished room.
adjectif;B1;;entspannend;relaxant, reposant;relaxing;Ein warmes Bad ist sehr entspannend.;Un bain chaud est très relaxant.;A warm bath is very relaxing.
adjectif;B1;;äußerlich;externe (usage), extérieur;external;Die Salbe ist nur zur äußerlichen Anwendung.;La pommade est réservée à l'usage externe.;The ointment is for external use only.
adjectif;B1;;abwesend;absent;absent;Drei Schüler sind heute abwesend.;Trois élèves sont absents aujourd'hui.;Three pupils are absent today.
adjectif;B1;;alternativ;alternatif, autre;alternative;Gibt es einen alternativen Weg?;Y a-t-il un autre chemin ?;Is there an alternative route?
adjectif;B1;;ausgezeichnet;excellent;excellent;Das Essen war ausgezeichnet.;Le repas était excellent.;The food was excellent.
adjectif;B1;;berechtigt;autorisé, fondé;entitled, justified;Nur Anwohner sind zum Parken berechtigt.;Seuls les riverains sont autorisés à stationner.;Only residents are entitled to park.
adjectif;B1;;blind;aveugle;blind;Er ist von Geburt an blind.;Il est aveugle de naissance.;He has been blind since birth.
adjectif;B1;;einheitlich;uniforme, homogène;uniform;Alle Formulare haben ein einheitliches Format.;Tous les formulaires ont un format uniforme.;All the forms have a uniform layout.
adjectif;B1;;entfernt;éloigné, distant;distant, away;Der Bahnhof ist zwei Kilometer entfernt.;La gare est à deux kilomètres.;The station is two kilometres away.
adjectif;B1;;fantastisch;fantastique;fantastic;Die Aussicht von hier ist fantastisch.;La vue d'ici est fantastique.;The view from here is fantastic.
adjectif;B1;;folgend;suivant;following;Beantworten Sie die folgenden Fragen.;Répondez aux questions suivantes.;Answer the following questions.
adjectif;B1;;fröhlich;joyeux, gai;cheerful;Die Kinder waren den ganzen Tag fröhlich.;Les enfants ont été joyeux toute la journée.;The children were cheerful all day.
adjectif;B1;;geeignet;approprié, adapté;suitable;Der Film ist nicht für Kinder geeignet.;Le film n'est pas adapté aux enfants.;The film isn't suitable for children.
adjectif;B1;;giftig;toxique, vénéneux;poisonous, toxic;Diese Pflanze ist giftig.;Cette plante est vénéneuse.;This plant is poisonous.
adjectif;B1;;gratis;gratuit;free of charge;Der Eintritt ist heute gratis.;L'entrée est gratuite aujourd'hui.;Admission is free today.
adjectif;B1;;live;en direct;live;Das Spiel wird live übertragen.;Le match est retransmis en direct.;The match is broadcast live.
adjectif;B1;;national;national;national;Das ist ein nationaler Feiertag.;C'est une fête nationale.;That's a national holiday.
adjectif;B1;;nützlich;utile;useful;Dein Tipp war sehr nützlich.;Ton conseil a été très utile.;Your tip was very useful.
adjectif;B1;;peinlich;embarrassant, gênant;embarrassing;Das war mir richtig peinlich.;J'étais vraiment gêné.;That was really embarrassing for me.
adjectif;B1;;populär;populaire;popular;Dieses Lied ist sehr populär.;Cette chanson est très populaire.;This song is very popular.
adjectif;B1;;preiswert;avantageux, à bon prix;good value;Das Hotel ist sauber und preiswert.;L'hôtel est propre et à bon prix.;The hotel is clean and good value.
adjectif;B1;;schuldig;coupable;guilty;Das Gericht hat ihn schuldig gesprochen.;Le tribunal l'a déclaré coupable.;The court found him guilty.
adjectif;B1;;sinnlos;absurde, inutile;pointless;Es ist sinnlos, jetzt zu streiten.;C'est absurde de se disputer maintenant.;It's pointless to argue now.
adjectif;B1;;sinnvoll;sensé, pertinent;sensible, meaningful;Das ist ein sinnvoller Vorschlag.;C'est une proposition sensée.;That's a sensible suggestion.
adjectif;B1;;sozial;social;social;Der Verein leistet soziale Arbeit.;L'association fait un travail social.;The association does social work.
adjectif;B1;;statistisch;statistique;statistical;Statistisch gesehen ist das selten.;Statistiquement, c'est rare.;Statistically speaking that's rare.
adjectif;B1;;stilistisch;stylistique;stylistic;Der Text hat stilistische Fehler.;Le texte a des fautes de style.;The text has stylistic errors.
adjectif;B1;;strafbar;punissable, répréhensible;punishable;Das ist strafbar und kostet viel Geld.;C'est répréhensible et cela coûte cher.;That's punishable and costs a lot of money.
adjectif;B1;;süchtig;dépendant, accro;addicted;Viele Jugendliche sind süchtig nach ihrem Handy.;Beaucoup de jeunes sont accros à leur téléphone.;Many young people are addicted to their phones.
adjectif;B1;;taub;sourd;deaf;Seit dem Unfall ist er auf einem Ohr taub.;Depuis l'accident, il est sourd d'une oreille.;Since the accident he is deaf in one ear.
adjectif;B1;;tödlich;mortel;fatal;Der Unfall war leider tödlich.;L'accident a malheureusement été mortel.;The accident was unfortunately fatal.
adjectif;B1;;unentschieden;"indécis ; match nul";"undecided; drawn";Das Spiel endete unentschieden.;Le match s'est terminé par un nul.;The match ended in a draw.
adjectif;B1;;verboten;interdit;forbidden;Rauchen ist hier verboten.;Il est interdit de fumer ici.;Smoking is forbidden here.
adjectif;B1;;vergeblich;vain, en vain;in vain;Ich habe vergeblich gewartet.;J'ai attendu en vain.;I waited in vain.
adjectif;B1;;vergnügt;réjoui, de bonne humeur;cheerful;Er kam vergnügt von der Feier zurück.;Il est revenu de la fête de bonne humeur.;He came back from the party cheerful.
adjectif;B1;;versteckt;caché;hidden;Der Schlüssel liegt versteckt unter der Matte.;La clé est cachée sous le paillasson.;The key is hidden under the mat.
adjectif;B1;;violett;violet;violet, purple;Sie trägt einen violetten Schal.;Elle porte une écharpe violette.;She's wearing a violet scarf.
adjectif;B1;;virtuell;virtuel;virtual;Der Kurs findet virtuell statt.;Le cours a lieu en virtuel.;The course takes place virtually.
adjectif;B1;;wertlos;sans valeur;worthless;Ohne Unterschrift ist der Vertrag wertlos.;Sans signature, le contrat est sans valeur.;Without a signature the contract is worthless.
adjectif;B1;;wild;sauvage;wild;Im Wald leben wilde Tiere.;Des animaux sauvages vivent dans la forêt.;Wild animals live in the forest.
adjectif;B1;;zweifach;double, deux fois;twofold;Bitte reichen Sie das Formular zweifach ein.;Veuillez remettre le formulaire en deux exemplaires.;Please submit the form in duplicate.
adjectif;B1;;ähnlich;semblable, similaire;similar;Die zwei Wörter klingen ähnlich.;Les deux mots se ressemblent.;The two words sound similar.
adjectif;B1;;bereit;prêt, disposé;ready, willing;Ich bin bereit, dir zu helfen.;Je suis prêt à t'aider.;I'm ready to help you.
adjectif;B1;;demokratisch;démocratique;democratic;Die Entscheidung war demokratisch.;La décision a été démocratique.;The decision was democratic.
adjectif;B1;;elektronisch;électronique;electronic;Die Anmeldung geht nur elektronisch.;L'inscription se fait uniquement par voie électronique.;Registration is only possible electronically.
adjectif;B1;;ewig;éternel, interminable;eternal, endless;Das Warten dauerte ewig.;L'attente a duré une éternité.;The waiting took forever.
adjectif;B1;;feucht;humide;damp, moist;Die Wand im Keller ist feucht.;Le mur de la cave est humide.;The cellar wall is damp.
adjectif;B1;;körperlich;physique, corporel;physical;Die Arbeit ist körperlich schwer.;Le travail est physiquement dur.;The work is physically hard.
adjectif;B1;;mündlich;oral;oral;Die Prüfung hat einen mündlichen Teil.;L'examen comporte une partie orale.;The exam has an oral part.
adjectif;B1;;nördlich;au nord, septentrional;northern;Das Dorf liegt nördlich der Stadt.;Le village se trouve au nord de la ville.;The village lies north of the city.
adjectif;B1;;sonstig;autre, divers;other, miscellaneous;Haben Sie sonstige Fragen?;Avez-vous d'autres questions ?;Do you have any other questions?
adjectif;B1;;staatlich;public, de l'État;state, public;Das ist eine staatliche Schule.;C'est une école publique.;That's a state school.
adjectif;B1;;südlich;au sud, méridional;southern;Südlich der Alpen ist es wärmer.;Au sud des Alpes, il fait plus chaud.;South of the Alps it's warmer.
adjectif;B1;;ursprünglich;initial, à l'origine;original, originally;Ursprünglich wollten wir früher kommen.;À l'origine, nous voulions venir plus tôt.;Originally we wanted to come earlier.
adjectif;B1;;verwitwet;veuf, veuve;widowed;Sie ist seit drei Jahren verwitwet.;Elle est veuve depuis trois ans.;She has been widowed for three years.
adjectif;B1;;zuständig;compétent, responsable;responsible, in charge;Wer ist für diesen Antrag zuständig?;Qui est compétent pour cette demande ?;Who is responsible for this application?
adjectif;B1;;cool;cool, chouette;cool;Deine neue Jacke ist echt cool.;Ta nouvelle veste est vraiment cool.;Your new jacket is really cool.
adjectif;B1;;okay;d'accord, correct;okay;Ist es okay, wenn ich später komme?;C'est d'accord si j'arrive plus tard ?;Is it okay if I come later?
adjectif;B1;;ausgebildet;formé, qualifié;trained, qualified;Sie ist ausgebildete Krankenpflegerin.;Elle est infirmière diplômée.;She is a trained nurse.
adjectif;B1;;chic;chic, élégant;smart, chic;Du siehst heute sehr chic aus.;Tu es très chic aujourd'hui.;You look very smart today.
adjectif;B1;;erkältet;enrhumé;having a cold;Ich bin seit gestern erkältet.;Je suis enrhumé depuis hier.;I've had a cold since yesterday.
adjectif;B1;;fällig;dû, à échéance;due;Die Miete ist am Ersten fällig.;Le loyer est dû le premier du mois.;The rent is due on the first.
adjectif;B1;;fließend;courant (langue);fluent;Sie spricht fließend Deutsch.;Elle parle couramment l'allemand.;She speaks fluent German.
adjectif;B1;;pensioniert;à la retraite;retired;Mein Vater ist seit einem Jahr pensioniert.;Mon père est à la retraite depuis un an.;My father has been retired for a year.
adjectif;B1;;sämtliche;tous, l'ensemble des;all, entire;Bringen Sie sämtliche Unterlagen mit.;Apportez l'ensemble des documents.;Bring all the documents with you.
adjectif;B1;;verpflichtet;tenu, obligé;obliged, required;Jeder ist zur Anmeldung verpflichtet.;Chacun est tenu de s'inscrire.;Everyone is required to register.
adjectif;B2;;nachhaltig;durable;sustainable;Wir sollten nachhaltiger leben.;Nous devrions vivre de façon plus durable.;We should live more sustainably.
adjectif;B2;;effizient;efficace;efficient;Die neue Methode ist viel effizienter.;La nouvelle méthode est bien plus efficace.;The new method is much more efficient.
adjectif;B2;;konsequent;cohérent, conséquent;consistent;Er verfolgt seine Ziele sehr konsequent.;Il poursuit ses objectifs avec beaucoup de constance.;He pursues his goals very consistently.
adjectif;B2;;widersprüchlich;contradictoire;contradictory;Seine Aussagen waren widersprüchlich.;Ses déclarations étaient contradictoires.;His statements were contradictory.
adjectif;B2;;umstritten;controversé;controversial;Das Gesetz ist sehr umstritten.;La loi est très controversée.;The law is very controversial.
adjectif;B2;;differenziert;nuancé;nuanced;Sie hat eine differenzierte Meinung dazu.;Elle a une opinion nuancée sur le sujet.;She has a nuanced opinion about it.
adjectif;B2;;komplex;complexe;complex;Das Thema ist ziemlich komplex.;Le sujet est plutôt complexe.;The topic is quite complex.
adjectif;B2;;oberflächlich;superficiel;superficial;Seine Analyse war ziemlich oberflächlich.;Son analyse était plutôt superficielle.;His analysis was quite superficial.
adjectif;B2;;gründlich;approfondi, minutieux;thorough;Er hat die Arbeit sehr gründlich gemacht.;Il a fait le travail de façon très minutieuse.;He did the work very thoroughly.
adjectif;B2;;nachvollziehbar;compréhensible;understandable;Seine Entscheidung ist gut nachvollziehbar.;Sa décision est facile à comprendre.;His decision is easy to understand.
adjectif;B2;;plausibel;plausible;plausible;Die Erklärung klingt plausibel.;L'explication semble plausible.;The explanation sounds plausible.
adjectif;B2;;willkürlich;arbitraire;arbitrary;Die Regel wirkt ziemlich willkürlich.;La règle paraît plutôt arbitraire.;The rule seems quite arbitrary.
adjectif;B2;;ausgeprägt;prononcé, marqué;pronounced, marked;Er hat einen ausgeprägten Sinn für Humor.;Il a un sens de l'humour très prononcé.;He has a pronounced sense of humor.
adjectif;B2;;vielfältig;varié;varied, diverse;Das Angebot ist sehr vielfältig.;L'offre est très variée.;The offer is very diverse.
adjectif;B2;;einseitig;unilatéral;one-sided;Die Berichterstattung war ziemlich einseitig.;Le reportage était plutôt unilatéral.;The reporting was quite one-sided.
adjectif;B2;;objektiv;objectif;objective;Der Bericht sollte objektiv sein.;Le rapport devrait être objectif.;The report should be objective.
adjectif;B2;;subjektiv;subjectif;subjective;Das ist natürlich eine subjektive Meinung.;C'est bien sûr une opinion subjective.;That's of course a subjective opinion.
adjectif;B2;;unabhängig;indépendant;independent;Sie ist finanziell unabhängig.;Elle est financièrement indépendante.;She is financially independent.
adjectif;B2;;abhängig;dépendant;dependent;Er ist von seinen Eltern finanziell abhängig.;Il dépend financièrement de ses parents.;He is financially dependent on his parents.
adjectif;B2;;wesentlich;essentiel;essential;Das ist ein wesentlicher Unterschied.;C'est une différence essentielle.;That is an essential difference.
adjectif;B2;;angemessen;approprié;appropriate;Seine Reaktion war völlig angemessen.;Sa réaction était tout à fait appropriée.;His reaction was completely appropriate.
adjectif;B2;;unangemessen;inapproprié;inappropriate;Sein Verhalten war unangemessen.;Son comportement était inapproprié.;His behavior was inappropriate.
adjectif;B2;;überflüssig;superflu;superfluous;Diese Information ist überflüssig.;Cette information est superflue.;This information is superfluous.
adjectif;B2;;unverzichtbar;indispensable;indispensable;Wasser ist für uns unverzichtbar.;L'eau nous est indispensable.;Water is indispensable to us.
adjectif;B2;;riskant;risqué;risky;Diese Investition ist ziemlich riskant.;Cet investissement est plutôt risqué.;This investment is quite risky.
adjectif;B2;;folgenreich;lourd de conséquences;consequential, far-reaching;Die Entscheidung war folgenreich.;La décision a eu de lourdes conséquences.;The decision had far-reaching consequences.
adjectif;B2;;umfassend;complet, exhaustif;comprehensive;Er gab einen umfassenden Überblick.;Il a donné un aperçu complet.;He gave a comprehensive overview.
adjectif;B2;;exemplarisch;exemplaire;exemplary;Sein Verhalten war exemplarisch.;Son comportement était exemplaire.;His behavior was exemplary.
adjectif;B2;;kontrovers;controversé;controversial;Das Thema wird kontrovers diskutiert.;Le sujet est débattu de façon controversée.;The topic is discussed controversially.
adjectif;B2;;fragwürdig;douteux;questionable;Seine Methoden sind fragwürdig.;Ses méthodes sont douteuses.;His methods are questionable.
adjectif;B2;;eindeutig;univoque, clair;unambiguous, clear;Die Antwort war eindeutig.;La réponse était claire et sans équivoque.;The answer was unambiguous.
adjectif;B2;;mehrdeutig;ambigu;ambiguous;Der Satz ist mehrdeutig formuliert.;La phrase est formulée de façon ambiguë.;The sentence is phrased ambiguously.
adjectif;B2;;zweideutig;équivoque;ambiguous;Seine Bemerkung war zweideutig.;Sa remarque était équivoque.;His remark was ambiguous.
adjectif;B2;;paradox;paradoxal;paradoxical;Das Ergebnis wirkt paradox.;Le résultat paraît paradoxal.;The result seems paradoxical.
adjectif;B2;;konform;conforme;conforming, in line;Das Produkt ist konform mit den Normen.;Le produit est conforme aux normes.;The product conforms to the standards.
adjectif;B2;;unkonventionell;non conventionnel;unconventional;Sie hat einen unkonventionellen Führungsstil.;Elle a un style de management non conventionnel.;She has an unconventional leadership style.
adjectif;B2;;innovativ;innovant;innovative;Das Startup verfolgt einen innovativen Ansatz.;La start-up adopte une approche innovante.;The startup pursues an innovative approach.
adjectif;B2;;authentisch;authentique;authentic;Der Bericht wirkt sehr authentisch.;Le récit semble très authentique.;The report seems very authentic.
adjectif;B2;;künstlich;artificiel;artificial;Das Aroma ist künstlich hergestellt.;L'arôme est fabriqué artificiellement.;The flavor is artificially made.
adjectif;B2;;natürlich;naturel;natural;Sie bevorzugt natürliche Materialien.;Elle préfère les matériaux naturels.;She prefers natural materials.
adjectif;B2;;irrational;irrationnel;irrational;Seine Angst war völlig irrational.;Sa peur était totalement irrationnelle.;His fear was completely irrational.
adjectif;B2;;absichtlich;intentionnel;intentional;Er hat das absichtlich gemacht.;Il l'a fait exprès.;He did that on purpose.
adjectif;B2;;unabsichtlich;involontaire;unintentional;Der Fehler war unabsichtlich.;L'erreur était involontaire.;The mistake was unintentional.
adjectif;B2;;bewusst;conscient;conscious, deliberate;Sie hat sich bewusst dagegen entschieden.;Elle a délibérément choisi le contraire.;She deliberately decided against it.
adjectif;B2;;unbewusst;inconscient;unconscious;Er hat das unbewusst getan.;Il l'a fait inconsciemment.;He did that unconsciously.
adjectif;B2;;zufällig;aléatoire, par hasard;random, by chance;Die Begegnung war rein zufällig.;La rencontre était purement due au hasard.;The encounter was purely by chance.
adjectif;B2;;systematisch;systématique;systematic;Er geht die Probleme systematisch an.;Il aborde les problèmes de façon systématique.;He tackles the problems systematically.
adjectif;B2;;konkret;concret;concrete;Wir brauchen einen konkreten Plan.;Nous avons besoin d'un plan concret.;We need a concrete plan.
adjectif;B2;;abstrakt;abstrait;abstract;Das Thema ist ziemlich abstrakt.;Le sujet est plutôt abstrait.;The topic is quite abstract.
adjectif;B2;;theoretisch;théorique;theoretical;Das ist nur theoretisch möglich.;Ce n'est possible qu'en théorie.;That's only possible in theory.
adjectif;B2;;relevant;pertinent;relevant;Diese Information ist sehr relevant.;Cette information est très pertinente.;This information is very relevant.
adjectif;B2;;irrelevant;non pertinent;irrelevant;Der Kommentar war irrelevant für die Diskussion.;Le commentaire n'était pas pertinent pour la discussion.;The comment was irrelevant to the discussion.
adjectif;B2;;bedeutend;significatif, important;significant;Er spielte eine bedeutende Rolle.;Il a joué un rôle important.;He played a significant role.
adjectif;B2;;bedeutungslos;insignifiant;meaningless;Für sie ist Geld bedeutungslos.;Pour elle, l'argent n'a aucune importance.;For her, money is meaningless.
adjectif;B2;;entscheidend;décisif;decisive;Das war der entscheidende Moment.;C'était le moment décisif.;That was the decisive moment.
adjectif;B2;;ausschlaggebend;déterminant;decisive, determining;Der Preis war ausschlaggebend für die Entscheidung.;Le prix a été déterminant pour la décision.;The price was decisive for the decision.
adjectif;B2;;maßgeblich;déterminant, faisant autorité;decisive, authoritative;Er war maßgeblich am Erfolg beteiligt.;Il a joué un rôle déterminant dans ce succès.;He played a decisive role in the success.
adjectif;B2;;repräsentativ;représentatif;representative;Die Umfrage ist repräsentativ.;Le sondage est représentatif.;The survey is representative.
adjectif;B2;;verbindlich;contraignant, engageant;binding;Der Termin ist verbindlich.;Le rendez-vous est ferme.;The appointment is binding.
adjectif;B2;;unverbindlich;non contraignant;non-binding;Das Angebot ist unverbindlich.;L'offre n'est pas contraignante.;The offer is non-binding.
adjectif;B2;;verpflichtend;obligatoire;mandatory;Die Teilnahme ist verpflichtend.;La participation est obligatoire.;Participation is mandatory.
adjectif;B2;;freiwillig;volontaire;voluntary;Die Teilnahme ist freiwillig.;La participation est volontaire.;Participation is voluntary.
adjectif;B2;;gesetzlich;légal;legal, statutory;Das ist gesetzlich vorgeschrieben.;C'est prescrit par la loi.;That is required by law.
adjectif;B2;;illegal;illégal;illegal;Der Handel ist illegal.;Le commerce est illégal.;The trade is illegal.
adjectif;B2;;legitim;légitime;legitimate;Seine Forderung ist völlig legitim.;Sa demande est tout à fait légitime.;His demand is completely legitimate.
adjectif;B2;;rechtmäßig;légitime, licite;lawful;Die Entscheidung war rechtmäßig.;La décision était légitime.;The decision was lawful.
adjectif;B2;;ethisch;éthique;ethical;Das wirft ethische Fragen auf.;Cela soulève des questions éthiques.;That raises ethical questions.
adjectif;B2;;unethisch;contraire à l'éthique;unethical;Sein Verhalten wurde als unethisch kritisiert.;Son comportement a été critiqué comme contraire à l'éthique.;His behavior was criticized as unethical.
adjectif;B2;;moralisch;moral;moral;Er handelte aus moralischen Gründen.;Il a agi pour des raisons morales.;He acted for moral reasons.
adjectif;B2;;unmoralisch;immoral;immoral;Das Verhalten wurde als unmoralisch kritisiert.;Le comportement a été critiqué comme immoral.;The behavior was criticized as immoral.
adjectif;B2;;gerechtfertigt;justifié;justified;Die Kritik war gerechtfertigt.;La critique était justifiée.;The criticism was justified.
adjectif;B2;;ungerechtfertigt;injustifié;unjustified;Die Kündigung war ungerechtfertigt.;Le licenciement était injustifié.;The dismissal was unjustified.
adjectif;B2;;nachweisbar;démontrable;demonstrable;Der Schaden ist nachweisbar.;Le dommage est démontrable.;The damage is demonstrable.
adjectif;B2;;unbestreitbar;indéniable;undeniable;Seine Erfolge sind unbestreitbar.;Ses succès sont indéniables.;His successes are undeniable.
adjectif;B2;;zweifelhaft;douteux;dubious;Die Quelle ist zweifelhaft.;La source est douteuse.;The source is dubious.
adjectif;B2;;eindrucksvoll;impressionnant;impressive;Die Aufführung war eindrucksvoll.;Le spectacle était impressionnant.;The performance was impressive.
adjectif;B2;;beeindruckend;impressionnant;impressive;Die Leistung war wirklich beeindruckend.;La performance était vraiment impressionnante.;The achievement was really impressive.
adjectif;B2;;bemerkenswert;remarquable;remarkable;Das ist eine bemerkenswerte Entwicklung.;C'est une évolution remarquable.;That's a remarkable development.
adjectif;B2;;herausragend;exceptionnel, remarquable;outstanding;Sie erbrachte eine herausragende Leistung.;Elle a fourni une performance exceptionnelle.;She delivered an outstanding performance.
adjectif;B2;;außergewöhnlich;exceptionnel;exceptional;Das Wetter war außergewöhnlich warm.;Le temps était exceptionnellement chaud.;The weather was exceptionally warm.
adjectif;B2;;einzigartig;unique;unique;Diese Landschaft ist einzigartig.;Ce paysage est unique.;This landscape is unique.
adjectif;B2;;universell;universel;universal;Musik ist eine universelle Sprache.;La musique est un langage universel.;Music is a universal language.
adjectif;B2;;global;global;global;Der Klimawandel ist ein globales Problem.;Le changement climatique est un problème mondial.;Climate change is a global problem.
adjectif;B2;;lokal;local;local;Die Produkte stammen aus lokaler Herstellung.;Les produits sont issus de la production locale.;The products come from local production.
adjectif;B2;;regional;régional;regional;Er unterstützt regionale Bauern.;Il soutient les agriculteurs régionaux.;He supports regional farmers.
adjectif;B2;;international;international;international;Die Firma ist international tätig.;L'entreprise opère à l'international.;The company operates internationally.
adjectif;B2;;vielschichtig;à plusieurs niveaux, complexe;multi-layered, complex;Das Problem ist sehr vielschichtig.;Le problème est très complexe et à plusieurs niveaux.;The problem is very multi-layered.
adjectif;B2;;facettenreich;riche en facettes;multifaceted;Seine Persönlichkeit ist facettenreich.;Sa personnalité a de nombreuses facettes.;His personality is multifaceted.
adjectif;B2;;rachsüchtig;vindicatif;vindictive;Er wirkte nach dem Streit richtig rachsüchtig.;Après la dispute, il semblait vraiment vindicatif.;He seemed really vindictive after the argument.
adjectif;B2;;kontraproduktiv;contre-productif;counterproductive;Diese Maßnahme wirkt kontraproduktiv.;Cette mesure semble contre-productive.;This measure seems counterproductive.
adjectif;B2;;voreingenommen;partial, préjugé;biased;Der Richter wirkte voreingenommen.;Le juge semblait partial.;The judge seemed biased.
adjectif;B2;;unvoreingenommen;impartial;unbiased;Ein guter Journalist sollte unvoreingenommen berichten.;Un bon journaliste devrait relater les faits de façon impartiale.;A good journalist should report without bias.
adjectif;B2;;tendenziös;tendancieux;biased, tendentious;Der Artikel war ziemlich tendenziös geschrieben.;L'article était rédigé de façon plutôt tendancieuse.;The article was written in a rather biased way.
adjectif;B2;;neutral;neutre;neutral;Die Schweiz gilt als politisch neutral.;La Suisse est considérée comme politiquement neutre.;Switzerland is considered politically neutral.
adjectif;B2;;pragmatisch;pragmatique;pragmatic;Er löst Probleme immer sehr pragmatisch.;Il résout toujours les problèmes de façon très pragmatique.;He always solves problems very pragmatically.
adjectif;B2;;dogmatisch;dogmatique;dogmatic;Seine Haltung wirkt manchmal dogmatisch.;Son attitude paraît parfois dogmatique.;His attitude sometimes seems dogmatic.
adjectif;B2;;fundiert;bien fondé, solide;well-founded;Seine Argumentation ist gut fundiert.;Son argumentation est bien fondée.;His argumentation is well-founded.
adjectif;B2;;unbegründet;infondé;unfounded;Die Angst ist völlig unbegründet.;La peur est totalement infondée.;The fear is completely unfounded.
adjectif;B2;;schlüssig;concluant, cohérent;conclusive, coherent;Der Beweis war nicht wirklich schlüssig.;La preuve n'était pas vraiment concluante.;The evidence was not really conclusive.
adjectif;B2;;widerlegbar;réfutable;refutable;Diese Theorie ist wissenschaftlich widerlegbar.;Cette théorie est scientifiquement réfutable.;This theory is scientifically refutable.
adjectif;B2;;amtlich;officiel, administratif;official;Dafür brauchen Sie ein amtliches Dokument.;Pour cela, il vous faut un document officiel.;For that you need an official document.
adjectif;B2;;allgemein;général;general;Nach allgemeiner Meinung war das ein Fehler.;De l'avis général, c'était une erreur.;By general opinion that was a mistake.
adjectif;B2;;anschaulich;parlant, illustré;vivid, clear;Sie erklärt das sehr anschaulich.;Elle explique cela de façon très parlante.;She explains it very vividly.
adjectif;B2;;schräg;oblique, de travers;slanting, oblique;Das Bild hängt etwas schräg.;Le tableau est un peu de travers.;The picture is hanging a bit crooked.
adjectif;C1;;stichhaltig;solide, fondé (argument);valid, sound;Sein Einwand ist stichhaltig.;Son objection est fondée.;His objection is sound.
adjectif;C1;;weitreichend;de grande portée;far-reaching;Die Entscheidung hat weitreichende Folgen.;La décision a des conséquences de grande portée.;The decision has far-reaching consequences.
adjectif;C1;;tiefgreifend;profond, en profondeur;profound, sweeping;Die Branche steht vor einem tiefgreifenden Wandel.;Le secteur est face à une mutation profonde.;The industry faces profound change.
adjectif;C1;;unerlässlich;indispensable;indispensable;Genauigkeit ist hier unerlässlich.;La précision est ici indispensable.;Accuracy is indispensable here.
adjectif;C1;;vorläufig;provisoire;provisional, for now;Das ist ein vorläufiges Ergebnis.;C'est un résultat provisoire.;That is a provisional result.
adjectif;C1;;endgültig;définitif;final, definitive;Die Absage ist endgültig.;Le refus est définitif.;The rejection is final.
adjectif;C1;;geringfügig;minime, négligeable;minor, negligible;Der Unterschied ist geringfügig.;La différence est minime.;The difference is negligible.
adjectif;C1;;beträchtlich;considérable;considerable;Der Aufwand war beträchtlich.;L'effort a été considérable.;The effort was considerable.
adjectif;C1;;spürbar;sensible, perceptible;noticeable;Die Preise sind spürbar gestiegen.;Les prix ont sensiblement augmenté.;Prices have risen noticeably.
adjectif;C1;;unvermeidlich;inévitable;inevitable;Ein gewisser Verlust ist unvermeidlich.;Une certaine perte est inévitable.;A certain loss is inevitable.
adjectif;C1;;absehbar;prévisible, à vue;foreseeable;In absehbarer Zeit ändert sich daran nichts.;Dans un avenir prévisible, rien ne changera.;Nothing will change in the foreseeable future.
adjectif;C1;;vorhersehbar;prévisible;predictable;Die Reaktion war vollkommen vorhersehbar.;La réaction était parfaitement prévisible.;The reaction was entirely predictable.
adjectif;C1;;überzogen;exagéré, excessif;excessive, over the top;Die Kritik war überzogen.;La critique était excessive.;The criticism was over the top.
adjectif;C1;;unverhältnismäßig;disproportionné;disproportionate;Die Strafe erscheint unverhältnismäßig.;La sanction paraît disproportionnée.;The penalty seems disproportionate.
adjectif;C1;;sachlich;objectif, factuel;objective, matter-of-fact;Bleiben wir bitte sachlich.;Restons factuels, s'il vous plaît.;Let us please stay objective.
adjectif;C1;;nüchtern;sobre, lucide;sober, level-headed;Er beschreibt die Lage nüchtern und ohne Pathos.;Il décrit la situation avec sobriété et sans pathos.;He describes the situation soberly and without pathos.
adjectif;C1;;besonnen;posé, réfléchi;level-headed, prudent;Sie reagierte besonnen auf die Vorwürfe.;Elle a réagi posément aux accusations.;She responded prudently to the accusations.
adjectif;C1;;zurückhaltend;réservé, mesuré;reserved, cautious;Die Regierung äußerte sich zurückhaltend.;Le gouvernement s'est exprimé avec réserve.;The government commented cautiously.
adjectif;C1;;missverständlich;ambigu, prêtant à confusion;ambiguous, misleading;Die Formulierung ist missverständlich.;La formulation prête à confusion.;The wording is ambiguous.
adjectif;C1;;beiläufig;fait en passant, désinvolte;casual, in passing;Er erwähnte es ganz beiläufig.;Il l'a mentionné tout à fait en passant.;He mentioned it quite in passing.
adjectif;C1;;gravierend;grave, sérieux;serious, grave;Der Bericht nennt gravierende Mängel.;Le rapport signale de graves défauts.;The report names serious deficiencies.
adjectif;C1;;belanglos;insignifiant, sans importance;trivial, irrelevant;Das Detail ist keineswegs belanglos.;Ce détail n'est nullement insignifiant.;That detail is by no means trivial.
adjectif;C1;;triftig;valable, sérieux (motif);valid, cogent;Ohne triftigen Grund darf man nicht fehlen.;On ne peut s'absenter sans motif valable.;One may not be absent without a valid reason.
adjectif;C1;;hinfällig;caduc, sans objet;void, no longer valid;Mit dem neuen Gesetz ist die Regel hinfällig.;Avec la nouvelle loi, la règle devient caduque.;With the new law the rule becomes void.
adjectif;C1;;stringent;rigoureux, qui se tient;stringent, cogent;Die Argumentation ist stringent von Anfang bis Ende.;L'argumentation est rigoureuse du début à la fin.;The argument is cogent from beginning to end.
adjectif;C1;;kohärent;cohérent;coherent;Die beiden Aussagen sind nicht kohärent.;Les deux déclarations ne sont pas cohérentes.;The two statements are not coherent.
adjectif;C1;;widerspruchsfrei;sans contradiction;free of contradiction;Der Text ist erstaunlich widerspruchsfrei.;Le texte est étonnamment exempt de contradictions.;The text is remarkably free of contradiction.
adjectif;C1;;lückenhaft;lacunaire;patchy, full of gaps;Die Überlieferung ist lückenhaft.;La tradition transmise est lacunaire.;The record is patchy.
adjectif;C1;;belastbar;"fiable, qui tient la charge ; résistant";reliable, robust;Belastbare Zahlen gibt es erst ab Mai.;Des chiffres fiables n'existent qu'à partir de mai.;Reliable figures only exist from May.
adjectif;C1;;aussagekräftig;significatif, parlant;meaningful, informative;Ein einzelner Wert ist nicht aussagekräftig.;Une valeur isolée n'est pas significative.;A single value is not meaningful.
adjectif;C1;;vorbehaltlos;sans réserve;unreserved;Sie stimmte vorbehaltlos zu.;Elle a approuvé sans réserve.;She agreed without reservation.
adjectif;C1;;uneingeschränkt;sans restriction, entier;unrestricted, unqualified;Er hat mein uneingeschränktes Vertrauen.;Il a ma confiance entière.;He has my unqualified trust.
adjectif;C1;;maßgeschneidert;sur mesure;tailor-made;Die Lösung ist maßgeschneidert und deshalb teuer.;La solution est sur mesure et donc chère.;The solution is tailor-made and therefore expensive.
adjectif;C1;;praxisnah;proche du terrain, concret;practical, hands-on;Die Ausbildung ist erfreulich praxisnah.;La formation est heureusement très concrète.;The training is refreshingly practical.
adjectif;C1;;realitätsfern;déconnecté du réel;out of touch with reality;Der Zeitplan ist völlig realitätsfern.;Le calendrier est totalement déconnecté du réel.;The timetable is completely out of touch with reality.
adjectif;C1;;bodenständig;terre-à-terre, sans prétention;down-to-earth;Trotz des Erfolgs ist sie bodenständig geblieben.;Malgré le succès, elle est restée simple.;Despite her success she has stayed down-to-earth.
adjectif;C1;;eigenwillig;singulier, à sa façon;idiosyncratic, headstrong;Sein Stil ist eigenwillig, aber unverwechselbar.;Son style est singulier, mais reconnaissable entre tous.;His style is idiosyncratic but unmistakable.
adjectif;C1;;unbeirrt;imperturbable;undeterred;Sie machte unbeirrt weiter.;Elle a continué imperturbablement.;She carried on undeterred.
adjectif;C1;;unnachgiebig;intransigeant;unyielding;In diesem Punkt blieb er unnachgiebig.;Sur ce point il est resté intransigeant.;On this point he remained unyielding.
adjectif;C1;;einvernehmlich;d'un commun accord;by mutual agreement;Der Vertrag wurde einvernehmlich aufgelöst.;Le contrat a été résilié d'un commun accord.;The contract was dissolved by mutual agreement.
adjectif;C1;;strittig;litigieux, contesté;disputed, contentious;Nur ein Punkt ist noch strittig.;Un seul point est encore litigieux.;Only one point is still contentious.
adjectif;C1;;unstrittig;incontesté;undisputed;Der Sachverhalt selbst ist unstrittig.;Les faits eux-mêmes sont incontestés.;The facts themselves are undisputed.
adjectif;C1;;offenkundig;manifeste, évident;obvious, manifest;Der Widerspruch ist offenkundig.;La contradiction est manifeste.;The contradiction is obvious.
adjectif;C1;;augenscheinlich;apparemment, de toute évidence;apparently, evidently;Augenscheinlich hat niemand nachgerechnet.;De toute évidence, personne n'a refait le calcul.;Evidently nobody checked the figures.
adjectif;C1;;vermeintlich;prétendu, soi-disant;supposed, alleged;Der vermeintliche Fehler war gar keiner.;Le prétendu défaut n'en était pas un.;The supposed error was not one at all.
adjectif;C1;;mutmaßlich;présumé;presumed, alleged;Der mutmaßliche Täter ist siebzehn.;L'auteur présumé a dix-sept ans.;The alleged perpetrator is seventeen.
adjectif;C1;;zweifelsfrei;hors de doute;beyond doubt;Die Herkunft ist zweifelsfrei geklärt.;L'origine est établie hors de tout doute.;The origin has been established beyond doubt.
adjectif;C1;;anfechtbar;contestable, attaquable;contestable, challengeable;Die Entscheidung ist rechtlich anfechtbar.;La décision est juridiquement contestable.;The decision is legally challengeable.
adjectif;C1;;hinnehmbar;acceptable, tolérable;acceptable, tolerable;Ein solcher Verlust ist gerade noch hinnehmbar.;Une telle perte est tout juste tolérable.;Such a loss is just about acceptable.
adjectif;C1;;untragbar;insoutenable, intenable;untenable, intolerable;Die Zustände sind untragbar geworden.;La situation est devenue intenable.;Conditions have become intolerable.
adjectif;C1;;zumutbar;raisonnablement exigible;reasonable to expect;Ein Fußweg von zehn Minuten ist zumutbar.;Dix minutes à pied, c'est raisonnablement exigible.;A ten-minute walk is reasonable to expect.
adjectif;C1;;unzumutbar;inacceptable, hors de proportion;unreasonable;Diese Frist ist schlicht unzumutbar.;Ce délai est tout simplement inacceptable.;This deadline is simply unreasonable.
adjectif;C1;;entbehrlich;superflu, dont on peut se passer;dispensable;Der zweite Absatz ist entbehrlich.;Le second paragraphe est superflu.;The second paragraph is dispensable.
adjectif;C1;;unabdingbar;indispensable, incontournable;indispensable, essential;Vertrauen ist hier unabdingbar.;La confiance est ici indispensable.;Trust is essential here.
adjectif;C1;;bedingt;sous conditions, relatif;conditional, only partly;Die Aussage stimmt nur bedingt.;L'affirmation n'est que partiellement vraie.;The statement is only partly true.
adjectif;C1;;verschmerzbar;supportable (perte);bearable, survivable;Der Ausfall eines Abends ist verschmerzbar.;La perte d'une soirée est supportable.;Losing one evening is bearable.
adjectif;C1;;tragfähig;viable, solide;viable, sound;Wir brauchen eine tragfähige Lösung, keine schnelle.;Il nous faut une solution viable, pas rapide.;We need a viable solution, not a quick one.
adjectif;C1;;schlagkräftig;efficace, percutant;effective, powerful;Ein kleines, schlagkräftiges Team reicht.;Une petite équipe efficace suffit.;A small, effective team is enough.
adjectif;C1;;durchdacht;bien pensé, réfléchi;well thought out;Der Entwurf ist bis ins Detail durchdacht.;Le projet est réfléchi jusque dans le détail.;The design is thought out down to the detail.
adjectif;C1;;ausgereift;abouti, mûri;mature, refined;Die Technik ist noch nicht ausgereift.;La technique n'est pas encore aboutie.;The technology is not yet mature.
adjectif;C1;;halbherzig;sans conviction, à moitié;half-hearted;Der Versuch war halbherzig und blieb folgenlos.;La tentative était sans conviction et sans suite.;The attempt was half-hearted and came to nothing.
adjectif;C1;;zielführend;efficace, qui mène au but;effective, conducive;Diese Diskussion ist nicht zielführend.;Cette discussion ne mène à rien.;This discussion is not getting us anywhere.
adjectif;C1;;abwegig;saugrenu, hors de propos;far-fetched, absurd;Der Gedanke ist gar nicht so abwegig.;L'idée n'est pas si saugrenue que ça.;The idea is not so far-fetched after all.
adjectif;C1;;naheliegend;évident, qui vient à l'esprit;obvious, natural;Die naheliegende Erklärung ist meistens die richtige.;L'explication la plus évidente est le plus souvent la bonne.;The obvious explanation is usually the right one.
adjectif;C1;;zwingend;impératif, contraignant;compelling, mandatory;Der Schluss ist nicht zwingend.;La conclusion n'est pas contraignante.;The conclusion is not compelling.
adjectif;C1;;unzureichend;insuffisant;inadequate;Die Belüftung ist unzureichend.;L'aération est insuffisante.;The ventilation is inadequate.
adjectif;C1;;erschöpfend;exhaustif;exhaustive;Die Liste erhebt keinen Anspruch, erschöpfend zu sein.;La liste ne prétend pas être exhaustive.;The list makes no claim to be exhaustive.
adjectif;C1;;gedrängt;condensé, serré;condensed, compressed;Der Vortrag war sehr gedrängt.;L'exposé était très condensé.;The talk was very compressed.
adjectif;C1;;weitschweifig;prolixe, verbeux;long-winded;Die Einleitung ist weitschweifig.;L'introduction est verbeuse.;The introduction is long-winded.
adjectif;C1;;schwammig;flou, vaseux;woolly, vague;Die Formulierung bleibt schwammig.;La formulation reste floue.;The wording stays woolly.
adjectif;C1;;vage;vague;vague;Er machte nur vage Zusagen.;Il n'a fait que de vagues promesses.;He made only vague promises.
adjectif;C1;;trennscharf;clairement délimité, discriminant;clear-cut, sharply distinguishing;Die beiden Begriffe sind nicht trennscharf.;Les deux notions ne sont pas clairement délimitées.;The two terms are not clear-cut.
adjectif;C1;;griffig;parlant, facile à saisir;catchy, handy;Wir brauchen einen griffigen Titel.;Il nous faut un titre parlant.;We need a catchy title.
adjectif;C1;;sperrig;"encombrant ; rébarbatif";unwieldy, awkward;Das Wort ist sperrig, aber genau.;Le mot est rébarbatif, mais exact.;The word is unwieldy but precise.
adjectif;C1;;zugänglich;accessible, abordable;accessible, approachable;Der Text ist auch für Laien zugänglich.;Le texte est accessible même aux profanes.;The text is accessible even to lay readers.
adjectif;C1;;unzugänglich;"inaccessible ; fermé";inaccessible, unapproachable;Das Archiv bleibt der Öffentlichkeit unzugänglich.;L'archive reste inaccessible au public.;The archive remains inaccessible to the public.
adjectif;C1;;kryptisch;cryptique, obscur;cryptic;Seine Antwort war kryptisch.;Sa réponse était cryptique.;His answer was cryptic.
adjectif;C1;;eindringlich;insistant, pressant;urgent, emphatic;Sie warnte eindringlich vor dem Umbau.;Elle a mis en garde avec insistance contre les travaux.;She warned emphatically against the conversion.
adjectif;C1;;kurzlebig;éphémère;short-lived;Der Trend war kurzlebig.;La tendance a été éphémère.;The trend was short-lived.
adjectif;C1;;langlebig;durable, qui dure;long-lasting, durable;Langlebige Geräte sind am Ende billiger.;Les appareils durables coûtent moins cher au bout du compte.;Durable appliances are cheaper in the end.
adjectif;C1;;störanfällig;sujet aux pannes;prone to failure;Die alte Anlage ist störanfällig.;L'ancienne installation est sujette aux pannes.;The old system is prone to failure.
adjectif;C1;;ausfallsicher;à toute épreuve, redondant;fail-safe, reliable;Das System ist doppelt ausgelegt und damit ausfallsicher.;Le système est doublé et donc à toute épreuve.;The system is duplicated and therefore fail-safe.
adjectif;C1;;wartungsarm;peu exigeant en entretien;low-maintenance;Die Pumpe ist wartungsarm und leise.;La pompe demande peu d'entretien et est silencieuse.;The pump is low-maintenance and quiet.
adjectif;C1;;pflegeleicht;facile d'entretien;easy-care;Der Stoff ist pflegeleicht.;Le tissu est facile d'entretien.;The fabric is easy-care.
adjectif;C1;;verschwenderisch;dispendieux, prodigue;wasteful, extravagant;Er geht verschwenderisch mit Zeit um.;Il use du temps de façon dispendieuse.;He is wasteful with time.
adjectif;C1;;ergiebig;fécond, rentable;productive, fruitful;Das Gespräch war ergiebiger als erwartet.;L'entretien a été plus fécond que prévu.;The conversation was more productive than expected.
adjectif;C1;;unergiebig;stérile, peu productif;unproductive;Die Suche blieb unergiebig.;La recherche est restée stérile.;The search remained unproductive.
adjectif;C1;;lohnend;qui vaut la peine;worthwhile, rewarding;Ein lohnender Umweg.;Un détour qui vaut la peine.;A worthwhile detour.
adjectif;C1;;aufwendig;coûteux en moyens, élaboré;elaborate, costly;Die Restaurierung war aufwendig.;La restauration a été coûteuse en moyens.;The restoration was elaborate.
adjectif;C1;;unausgereift;immature, mal abouti;immature, unpolished;Das Konzept wirkt unausgereift.;Le concept paraît mal abouti.;The concept seems unpolished.
adjectif;C1;;sachdienlich;utile à l'enquête, pertinent;helpful, pertinent;Sachdienliche Hinweise nimmt jede Dienststelle entgegen.;Tout poste recueille les informations utiles à l'enquête.;Any station will take pertinent information.
adjectif;C1;;zweckmäßig;approprié, fonctionnel;appropriate, practical;Die Einrichtung ist zweckmäßig, nicht schön.;L'aménagement est fonctionnel, pas beau.;The furnishing is practical, not pretty.
adjectif;C1;;unzweckmäßig;inapproprié, mal adapté;unsuitable, impractical;Der Aufbau des Formulars ist unzweckmäßig.;La structure du formulaire est mal adaptée.;The layout of the form is impractical.
adjectif;C1;;behelfsmäßig;de fortune;makeshift;Die Brücke wurde behelfsmäßig repariert.;Le pont a été réparé de façon provisoire.;The bridge was repaired in a makeshift way.
adjectif;C1;;fristgerecht;dans les délais;on time, within the deadline;Der Antrag ging fristgerecht ein.;La demande est arrivée dans les délais.;The application arrived within the deadline.
adjectif;C1;;lückenlos;sans faille, complet;seamless, complete;Die Überwachung war lückenlos.;La surveillance a été sans faille.;The monitoring was seamless.
adjectif;C1;;bruchstückhaft;fragmentaire;fragmentary;Die Erinnerung ist bruchstückhaft.;Le souvenir est fragmentaire.;The memory is fragmentary.
adjectif;C1;;punktuell;ponctuel, par endroits;selective, in places;Verbessert wurde nur punktuell.;On n'a amélioré que ponctuellement.;Improvements were only made in places.
adjectif;C1;;flächendeckend;généralisé, sur tout le territoire;nationwide, comprehensive;Eine flächendeckende Versorgung gibt es nicht.;Une couverture généralisée n'existe pas.;There is no comprehensive coverage.
adjectif;C1;;stichprobenartig;par sondage;on a random-sample basis;Kontrolliert wird nur stichprobenartig.;Le contrôle ne se fait que par sondage.;Checks are made only on a sample basis.
adjectif;C1;;verzerrt;faussé, déformé;distorted, skewed;Das Bild ist durch die Auswahl verzerrt.;L'image est faussée par la sélection.;The picture is skewed by the selection.
adjectif;C1;;einschlägig;pertinent, en la matière;relevant, pertinent;Er hat einschlägige Erfahrung.;Il a l'expérience pertinente en la matière.;He has relevant experience.
adjectif;C1;;fachfremd;étranger à la spécialité;outside one's field;Die Aufgabe ist für sie fachfremd.;La tâche est étrangère à sa spécialité.;The task is outside her field.
adjectif;C1;;fachkundig;compétent, expert;expert, knowledgeable;Der Umbau wurde fachkundig begleitet.;Les travaux ont été accompagnés de façon compétente.;The conversion was expertly supervised.
adjectif;C1;;laienhaft;d'amateur, maladroit;amateurish;Die Reparatur wirkt laienhaft.;La réparation a l'air d'un travail d'amateur.;The repair looks amateurish.
adjectif;C1;;dilettantisch;dilettante, bâclé;amateurish, inept;Die Organisation war schlicht dilettantisch.;L'organisation était tout simplement bâclée.;The organization was simply inept.
adjectif;C1;;routiniert;aguerri, rodé;practised, assured;Sie beantwortete die Fragen routiniert.;Elle a répondu aux questions avec aisance.;She answered the questions with practised ease.
adjectif;C1;;versiert;chevronné, versé;well-versed, experienced;Er ist im Umgang mit Zahlen versiert.;Il est chevronné dans le maniement des chiffres.;He is well-versed in handling figures.
adjectif;C1;;eingespielt;rodé (une équipe);well-rehearsed, in sync;Das Team ist gut eingespielt.;L'équipe est bien rodée.;The team works well together.
adjectif;C1;;eingearbeitet;formé, à jour dans son poste;trained in, familiar with the job;Nach drei Monaten war sie voll eingearbeitet.;Au bout de trois mois, elle était pleinement formée.;After three months she was fully up to speed.
adjectif;C1;;überfordert;dépassé, débordé;overwhelmed, out of one's depth;Mit der Software ist er sichtlich überfordert.;Avec ce logiciel, il est visiblement dépassé.;He is clearly out of his depth with the software.
adjectif;C1;;unterfordert;sous-employé, pas assez sollicité;under-challenged;In dieser Stelle ist sie deutlich unterfordert.;Dans ce poste, elle est nettement sous-employée.;In this position she is clearly under-challenged.
adjectif;C1;;tiefsinnig;profond, riche de sens;profound, deep;Der Satz klingt tiefsinnig und sagt nichts.;La phrase sonne profond et ne dit rien.;The sentence sounds profound and says nothing.
adjectif;C1;;pathetisch;grandiloquent, emphatique;grandiloquent, overblown;Die Rede war pathetisch bis zur Peinlichkeit.;Le discours était grandiloquent jusqu'à la gêne.;The speech was overblown to the point of embarrassment.
adjectif;C1;;schwülstig;pompeux, boursouflé;bombastic, turgid;Der Stil ist schwülstig und ermüdend.;Le style est pompeux et fatigant.;The style is turgid and tiring.
adjectif;C1;;gestelzt;guindé, compassé;stilted;Die Dialoge wirken gestelzt.;Les dialogues paraissent guindés.;The dialogue sounds stilted.
adjectif;C1;;geschraubt;affecté, alambiqué;contrived, convoluted;Er schreibt in einem geschraubten Deutsch.;Il écrit dans un allemand alambiqué.;He writes in convoluted German.
adjectif;C1;;gewunden;tortueux, sinueux (raisonnement);tortuous, roundabout;Die Begründung ist gewunden.;La justification est tortueuse.;The reasoning is tortuous.
adjectif;C1;;lapidar;lapidaire, laconique;terse, laconic;Die Antwort war lapidar: nein.;La réponse fut lapidaire : non.;The answer was terse: no.
adjectif;C1;;bündig;concis, net;concise, succinct;Er fasste es kurz und bündig zusammen.;Il l'a résumé de façon brève et nette.;He summed it up short and to the point.
adjectif;C1;;prägnant;frappant, ramassé;pithy, succinct;Ein prägnanter Titel bleibt hängen.;Un titre ramassé reste en mémoire.;A pithy title sticks.
adjectif;C1;;zutreffend;exact, qui correspond;accurate, applicable;Die Beschreibung ist zutreffend.;La description est exacte.;The description is accurate.
adjectif;C1;;unzutreffend;inexact, sans objet;inaccurate, not applicable;Diese Annahme ist schlicht unzutreffend.;Cette hypothèse est tout simplement inexacte.;This assumption is simply inaccurate.
adjectif;C1;;stimmig;cohérent, qui tient;coherent, consistent;Das Gesamtbild ist stimmig.;L'ensemble est cohérent.;The overall picture is coherent.
adjectif;C1;;unstimmig;incohérent, discordant;inconsistent;Zwei Angaben sind unstimmig.;Deux indications sont incohérentes.;Two statements are inconsistent.
adjectif;C1;;hanebüchen;aberrant, gros comme une maison;outrageous, preposterous;Der Vorwurf ist schlicht hanebüchen.;L'accusation est tout bonnement aberrante.;The accusation is simply preposterous.
adjectif;C1;;haarsträubend;à faire dresser les cheveux;hair-raising, appalling;Die Fehler im Text sind haarsträubend.;Les fautes dans le texte sont à faire dresser les cheveux.;The errors in the text are appalling.
adjectif;C1;;befremdlich;déconcertant, étrange;disconcerting, odd;Sein Schweigen war befremdlich.;Son silence était déconcertant.;His silence was disconcerting.
adjectif;C1;;verstörend;troublant, perturbant;disturbing;Die Bilder sind verstörend.;Les images sont troublantes.;The pictures are disturbing.
adjectif;C1;;ernüchternd;qui ramène sur terre, décevant;sobering;Das Ergebnis war ernüchternd.;Le résultat ramenait sur terre.;The result was sobering.
adjectif;C1;;erhellend;éclairant;illuminating;Ein kurzer, aber erhellender Vortrag.;Un exposé bref, mais éclairant.;A short but illuminating talk.
adjectif;C1;;aufschlussreich;instructif, révélateur;revealing, informative;Der Vergleich ist aufschlussreich.;La comparaison est révélatrice.;The comparison is revealing.
adjectif;C1;;verräterisch;révélateur (malgré soi);telltale, revealing;Ein verräterisches Zögern.;Une hésitation révélatrice.;A telltale hesitation.
adjectif;C1;;bezeichnend;significatif, caractéristique;telling, typical;Bezeichnend ist, was nicht gesagt wurde.;Ce qui est significatif, c'est ce qui n'a pas été dit.;What is telling is what was not said.
adjectif;C1;;symptomatisch;symptomatique;symptomatic;Der Vorfall ist symptomatisch für die Lage.;L'incident est symptomatique de la situation.;The incident is symptomatic of the situation.
adjectif;C1;;beispielhaft;exemplaire, qui fait école;exemplary;Die Zusammenarbeit war beispielhaft.;La collaboration a été exemplaire.;The cooperation was exemplary.
adjectif;C1;;mustergültig;modèle, irréprochable;model, textbook;Ein mustergültig geführtes Protokoll.;Un procès-verbal tenu de façon irréprochable.;A textbook set of minutes.
adjectif;C1;;vorbildlich;exemplaire, à suivre;exemplary, model;Sie hat sich vorbildlich verhalten.;Elle s'est comportée de façon exemplaire.;She behaved in an exemplary way.
adjectif;C1;;beschämend;honteux, accablant;shameful, humiliating;Die Beteiligung war beschämend gering.;La participation a été honteusement faible.;Turnout was shamefully low.
adjectif;C1;;vorrangig;prioritaire;priority, primary;Diese Aufgabe ist vorrangig zu behandeln.;Cette tâche est à traiter en priorité.;This task is to be dealt with as a priority.
adjectif;C1;;zweitrangig;secondaire;secondary, of minor importance;Die Farbe ist zweitrangig.;La couleur est secondaire.;The colour is of secondary importance.
adjectif;C1;;nachrangig;de rang inférieur, subordonné;subordinate, lower-ranking;Diese Forderung wird nachrangig bedient.;Cette créance est servie en rang inférieur.;This claim is served on a subordinate basis.
adjectif;C1;;gleichrangig;de même rang;of equal rank;Beide Ziele sind gleichrangig.;Les deux objectifs sont de même rang.;Both goals are of equal rank.
adjectif;C1;;untergeordnet;subordonné, secondaire;subordinate;Der Punkt spielt eine untergeordnete Rolle.;Ce point joue un rôle secondaire.;The point plays a subordinate role.
adjectif;C1;;übergeordnet;supérieur, englobant;overarching, higher-level;Es gibt ein übergeordnetes Ziel.;Il existe un objectif supérieur.;There is an overarching goal.
adjectif;C1;;federführend;chef de file, en charge;leading, in charge;Federführend ist das Umweltministerium.;C'est le ministère de l'environnement qui pilote.;The environment ministry is in charge.
adjectif;C1;;maßgebend;déterminant, faisant autorité;authoritative, decisive;Maßgebend ist die Fassung von 2019.;C'est la version de 2019 qui fait foi.;The 2019 version is authoritative.
adjectif;C1;;richtungsweisend;qui donne le cap;trend-setting, seminal;Das Urteil gilt als richtungsweisend.;Le jugement est considéré comme donnant le cap.;The ruling is seen as setting the direction.
adjectif;C1;;wegweisend;pionnier, qui montre la voie;groundbreaking, pioneering;Ein wegweisender Beitrag zur Debatte.;Une contribution pionnière au débat.;A pioneering contribution to the debate.
adjectif;C1;;bahnbrechend;révolutionnaire;groundbreaking;Die Methode war zu ihrer Zeit bahnbrechend.;La méthode était révolutionnaire à son époque.;The method was groundbreaking in its day.
adjectif;C1;;zukunftsweisend;porteur d'avenir;forward-looking;Ein zukunftsweisendes Konzept.;Un concept porteur d'avenir.;A forward-looking concept.
adjectif;C1;;rückständig;arriéré, en retard;backward, behind the times;Die Ausstattung ist technisch rückständig.;L'équipement est techniquement arriéré.;The equipment is technically backward.
adjectif;C1;;überholt;dépassé, périmé;outdated, superseded;Diese Sichtweise ist längst überholt.;Cette manière de voir est dépassée depuis longtemps.;This view has long been outdated.
adjectif;C1;;zeitgemäß;de son temps, actuel;contemporary, up to date;Eine zeitgemäße Ausbildung sieht anders aus.;Une formation actuelle ressemble à autre chose.;An up-to-date training looks different.
adjectif;C1;;unzeitgemäß;anachronique, d'un autre temps;outmoded, untimely;Der Ton wirkt unzeitgemäß.;Le ton paraît d'un autre temps.;The tone seems outmoded.
adjectif;C1;;neuartig;d'un genre nouveau;novel, of a new kind;Es handelt sich um ein neuartiges Verfahren.;Il s'agit d'un procédé d'un genre nouveau.;This is a novel procedure.
adjectif;C1;;herkömmlich;traditionnel, classique;conventional, traditional;Herkömmliche Methoden reichen hier nicht.;Les méthodes classiques ne suffisent pas ici.;Conventional methods are not enough here.
adjectif;C1;;gängig;courant, répandu;common, current;Das ist die gängige Auslegung.;C'est l'interprétation courante.;That is the common interpretation.
adjectif;C1;;geläufig;familier, connu;familiar;Der Begriff ist mir nicht geläufig.;Le terme ne m'est pas familier.;The term is not familiar to me.
adjectif;C1;;ungebräuchlich;peu usité;uncommon, not in use;Diese Wendung ist heute ungebräuchlich.;Cette tournure est aujourd'hui peu usitée.;This phrase is uncommon today.
adjectif;C1;;vereinzelt;isolé, sporadique;isolated, sporadic;Vereinzelt gab es Widerspruch.;Il y a eu des objections isolées.;There were isolated objections.
adjectif;C1;;ausstehend;en attente, non encore reçu;outstanding, still due;Zwei Unterschriften sind noch ausstehend.;Deux signatures sont encore en attente.;Two signatures are still outstanding.
adjectif;C1;;anstehend;à venir, à l'ordre du jour;upcoming, pending;Die anstehenden Wahlen ändern alles.;Les élections à venir changent tout.;The upcoming elections change everything.
adjectif;C1;;anhängig;pendant (devant un tribunal);pending (in court);Das Verfahren ist noch anhängig.;La procédure est encore pendante.;The proceedings are still pending.
adjectif;C1;;schwebend;en suspens, non tranché;unresolved, in abeyance;Die Frage bleibt schwebend.;La question reste en suspens.;The question remains unresolved.
adjectif;C1;;formlos;sans formalité, sur papier libre;informal, without a set form;Der Antrag kann formlos gestellt werden.;La demande peut être faite sur papier libre.;The application can be made informally.
adjectif;C1;;sinnentstellend;qui dénature le sens;distorting the meaning;Die Kürzung ist sinnentstellend.;La coupe dénature le sens.;The cut distorts the meaning.
adjectif;C1;;tragbar;supportable, acceptable;bearable, acceptable;Die Belastung ist gerade noch tragbar.;La charge est tout juste supportable.;The burden is just about bearable.
adjectif;C1;;vertretbar;défendable, justifiable;justifiable, defensible;Ein Risiko in dieser Höhe ist vertretbar.;Un risque de cet ordre est défendable.;A risk of this size is justifiable.
adjectif;C1;;unvertretbar;indéfendable;indefensible;Diese Verzögerung ist unvertretbar.;Ce retard est indéfendable.;This delay is indefensible.
adjectif;C1;;verantwortbar;que l'on peut assumer;responsible, defensible;Der Eingriff ist medizinisch verantwortbar.;L'intervention est médicalement justifiable.;The procedure is medically defensible.
adjectif;C1;;fahrlässig;par négligence;negligent;Das war grob fahrlässig.;C'était une négligence grave.;That was grossly negligent.
adjectif;C1;;grob;"grossier ; grave (faute)";"coarse; gross (negligence)";Ein grober Fehler zieht sich durch den ganzen Text.;Une faute grossière traverse tout le texte.;A gross error runs through the whole text.
adjectif;C1;;vorsätzlich;intentionnel, prémédité;intentional, wilful;Der Schaden wurde vorsätzlich verursacht.;Le dommage a été causé intentionnellement.;The damage was caused intentionally.
adjectif;C1;;mutwillig;délibéré, par pure malveillance;wanton, deliberate;Die Beschädigung war mutwillig.;La dégradation était délibérée.;The damage was wanton.
adjectif;C1;;unbeabsichtigt;non intentionnel;unintentional;Die Wirkung war unbeabsichtigt.;L'effet était non intentionnel.;The effect was unintentional.
adjectif;C1;;planvoll;méthodique, ordonné;methodical, systematic;Sie ging planvoll vor.;Elle a procédé méthodiquement.;She proceeded methodically.
adjectif;C1;;planlos;sans méthode, au hasard;aimless, unplanned;Planlos gebaut, teuer bezahlt.;Construit sans plan, payé cher.;Built without a plan, paid for dearly.
adjectif;C1;;nachprüfbar;vérifiable;verifiable, checkable;Jede Zahl muss nachprüfbar sein.;Chaque chiffre doit être vérifiable.;Every figure must be verifiable.
adjectif;C1;;überprüfbar;contrôlable;verifiable, open to checking;Die Angaben sind nicht überprüfbar.;Les indications ne sont pas contrôlables.;The details cannot be verified.
adjectif;C1;;messbar;mesurable;measurable;Ein messbarer Fortschritt ist nicht erkennbar.;Aucun progrès mesurable n'est visible.;No measurable progress is apparent.
adjectif;C1;;quantifizierbar;quantifiable;quantifiable;Der Nutzen ist schwer quantifizierbar.;L'utilité est difficilement quantifiable.;The benefit is hard to quantify.
adjectif;C1;;übertragbar;transposable, transmissible;transferable, applicable;Das Ergebnis ist nicht auf andere Länder übertragbar.;Le résultat n'est pas transposable à d'autres pays.;The result is not applicable to other countries.
adjectif;C1;;verallgemeinerbar;généralisable;generalizable;Ein Einzelfall ist nicht verallgemeinerbar.;Un cas isolé n'est pas généralisable.;A single case cannot be generalized.
adjectif;C1;;reproduzierbar;reproductible;reproducible;Der Versuch ist reproduzierbar.;L'expérience est reproductible.;The experiment is reproducible.
adjectif;C1;;wiederholbar;répétable;repeatable;Ein solcher Erfolg ist kaum wiederholbar.;Un tel succès est difficilement répétable.;Such a success is hardly repeatable.
adjectif;C1;;beliebig;quelconque, au choix;arbitrary, any;Die Reihenfolge ist beliebig.;L'ordre est indifférent.;The order is arbitrary.
adjectif;C1;;methodisch;méthodique;methodical;Methodisch ist die Studie sauber.;Sur le plan méthodique, l'étude est propre.;Methodologically the study is sound.
adjectif;C1;;abgesichert;étayé, sécurisé;backed up, secured;Die These ist gut abgesichert.;La thèse est bien étayée.;The thesis is well backed up.
adjectif;C1;;dokumentiert;documenté;documented;Jeder Schritt ist dokumentiert.;Chaque étape est documentée.;Every step is documented.
adjectif;C1;;transparent;transparent;transparent;Das Verfahren muss transparent bleiben.;La procédure doit rester transparente.;The procedure must remain transparent.
adjectif;C1;;intransparent;opaque (procédure);non-transparent;Die Vergabe war intransparent.;L'attribution était opaque.;The award process was non-transparent.
adjectif;C1;;undurchsichtig;opaque, obscur;opaque, murky;Die Besitzverhältnisse sind undurchsichtig.;Les rapports de propriété sont obscurs.;The ownership structure is murky.
adjectif;C1;;zugeknöpft;boutonné, peu communicatif;buttoned-up, tight-lipped;Im Gespräch blieb er zugeknöpft.;Pendant l'entretien, il est resté peu communicatif.;In the interview he stayed tight-lipped.
adjectif;C1;;mitteilsam;communicatif, expansif;communicative, forthcoming;Nach dem zweiten Kaffee wurde sie mitteilsam.;Après le deuxième café, elle est devenue communicative.;After the second coffee she became forthcoming.
adjectif;C1;;auskunftsfreudig;prompt à renseigner;forthcoming with information;Die Behörde ist wenig auskunftsfreudig.;L'administration est peu prompte à renseigner.;The authority is not very forthcoming.
adjectif;C1;;wortkarg;avare de mots, taciturne;taciturn, of few words;Er ist wortkarg, aber nicht unfreundlich.;Il est taciturne, mais pas désagréable.;He is taciturn but not unfriendly.
adjectif;C1;;redselig;loquace, bavard;talkative, garrulous;Der Nachbar ist redselig wie immer.;Le voisin est loquace comme toujours.;The neighbour is as talkative as ever.
adjectif;C1;;zulässig;admissible, autorisé;permissible, admissible;Die zulässige Höchstgeschwindigkeit beträgt achtzig.;La vitesse maximale autorisée est de quatre-vingts.;The permissible top speed is eighty.
adjectif;C1;;unzulässig;non admissible, interdit;impermissible, inadmissible;Diese Verkürzung ist unzulässig.;Ce raccourci est inadmissible.;This shortcut is inadmissible.
adjectif;C1;;statthaft;licite, recevable;permissible, admissible;Ein Einspruch ist hier nicht statthaft.;Un recours n'est pas recevable ici.;An objection is not admissible here.
adjectif;C1;;rechtens;conforme au droit;lawful;Ob das rechtens war, prüft nun ein Gericht.;Un tribunal examine désormais si c'était conforme au droit.;A court is now examining whether that was lawful.
adjectif;C1;;rechtswidrig;illégal, contraire au droit;unlawful;Die Kündigung war rechtswidrig.;Le licenciement était illégal.;The dismissal was unlawful.
adjectif;C1;;gesetzeskonform;conforme à la loi;compliant with the law;Das Verfahren ist gesetzeskonform.;La procédure est conforme à la loi.;The procedure is compliant with the law.
adjectif;C1;;vorschriftsmäßig;réglementaire;in accordance with regulations;Der Aufbau war vorschriftsmäßig.;Le montage était réglementaire.;The assembly was in accordance with regulations.
adjectif;C1;;regelwidrig;contraire au règlement;against the rules;Der Griff war regelwidrig.;La prise était contraire au règlement.;The hold was against the rules.
adjectif;C1;;ordnungsgemäß;en bonne et due forme;proper, duly;Die Übergabe erfolgte ordnungsgemäß.;La remise s'est faite en bonne et due forme.;The handover was carried out properly.
adjectif;C1;;sachgemäß;conforme à l'usage prévu;proper, appropriate;Bei sachgemäßer Lagerung hält es Jahre.;Bien entreposé, cela tient des années.;Stored properly it lasts for years.
adjectif;C1;;unsachgemäß;impropre, inadéquat;improper, incorrect;Der Schaden entstand durch unsachgemäße Nutzung.;Le dommage vient d'une utilisation impropre.;The damage came from improper use.
adjectif;C1;;fachgerecht;dans les règles de l'art;professionally, expertly done;Die Entsorgung muss fachgerecht erfolgen.;L'élimination doit se faire dans les règles de l'art.;Disposal must be carried out expertly.
adjectif;C1;;artgerecht;respectueux de l'espèce (animal);species-appropriate;Artgerechte Haltung kostet mehr Platz.;Un élevage respectueux de l'espèce demande plus de place.;Species-appropriate husbandry needs more space.
adjectif;C1;;zeitnah;dans un délai rapproché;promptly, in a timely manner;Wir melden uns zeitnah.;Nous revenons vers vous rapidement.;We will get back to you promptly.
adjectif;C1;;mittelfristig;à moyen terme;in the medium term;Mittelfristig rechnet sich die Anschaffung.;À moyen terme, l'achat est rentable.;In the medium term the purchase pays off.
adjectif;C1;;schleichend;insidieux, rampant;creeping, insidious;Der Verfall war schleichend.;Le délabrement a été insidieux.;The decline was creeping.
adjectif;C1;;rasant;fulgurant, très rapide;rapid, breakneck;Die Preise steigen rasant.;Les prix montent de façon fulgurante.;Prices are rising at breakneck speed.
adjectif;C1;;sprunghaft;par à-coups, versatile;erratic, in leaps;Die Nachfrage entwickelt sich sprunghaft.;La demande évolue par à-coups.;Demand develops erratically.
adjectif;C1;;stetig;constant, régulier;steady;Ein stetiger, unspektakulärer Anstieg.;Une hausse régulière et sans éclat.;A steady, unspectacular rise.
adjectif;C1;;kontinuierlich;continu, sans interruption;continuous;Die Messung läuft kontinuierlich.;La mesure fonctionne en continu.;The measurement runs continuously.
adjectif;C1;;abrupt;abrupt, brutal;abrupt;Das Gespräch endete abrupt.;L'entretien s'est terminé abruptement.;The conversation ended abruptly.
adjectif;C1;;unbestritten;incontesté;undisputed;Sein Verdienst ist unbestritten.;Son mérite est incontesté.;His merit is undisputed.
adjectif;C1;;unangefochten;incontesté, sans rival;unchallenged;Sie führt die Liste unangefochten an.;Elle est en tête de la liste sans rival.;She leads the list unchallenged.
adjectif;C1;;unumstritten;unanimement admis;uncontroversial;Die Methode ist nicht unumstritten.;La méthode n'est pas unanimement admise.;The method is not uncontroversial.
adjectif;C1;;umkämpft;disputé, âprement contesté;hotly contested;Der Markt ist hart umkämpft.;Le marché est âprement disputé.;The market is hotly contested.
adjectif;C1;;belegt;attesté, documenté;documented, evidenced;Der Zusammenhang ist gut belegt.;Le lien est bien attesté.;The connection is well documented.
adjectif;C1;;unbelegt;non attesté, sans preuve;unsubstantiated;Die Behauptung bleibt unbelegt.;L'affirmation reste sans preuve.;The claim remains unsubstantiated.
adjectif;C1;;nachgewiesen;démontré, établi;proven, demonstrated;Eine Wirkung ist nicht nachgewiesen.;Aucun effet n'est démontré.;No effect has been demonstrated.
adjectif;C1;;unbewiesen;non prouvé;unproven;Der Vorwurf ist bislang unbewiesen.;L'accusation est jusqu'ici non prouvée.;The accusation is as yet unproven.
adjectif;C1;;erwiesen;avéré;established, proven;Es ist erwiesen, dass Schlaf das Lernen stützt.;Il est avéré que le sommeil soutient l'apprentissage.;It is established that sleep supports learning.
adjectif;C1;;widerlegt;réfuté;refuted, disproved;Die These gilt seit 2010 als widerlegt.;La thèse est réputée réfutée depuis 2010.;The thesis has been considered refuted since 2010.
adjectif;C1;;bestätigt;confirmé;confirmed;Der Termin ist noch nicht bestätigt.;La date n'est pas encore confirmée.;The date is not yet confirmed.
adjectif;C1;;tragend;porteur, central;load-bearing, central;Das ist die tragende Idee des ganzen Texts.;C'est l'idée porteuse de tout le texte.;That is the central idea of the whole text.
adjectif;C1;;randständig;marginal, en marge;marginal, on the fringes;Das Thema blieb lange randständig.;Le sujet est longtemps resté en marge.;The topic long remained on the fringes.
adjectif;C1;;marginal;marginal, négligeable;marginal;Der Unterschied ist marginal.;La différence est marginale.;The difference is marginal.
adjectif;C1;;peripher;périphérique;peripheral;Das ist eine periphere Frage.;C'est une question périphérique.;That is a peripheral question.
adjectif;C1;;nebensächlich;accessoire, secondaire;incidental, of minor importance;Die Form ist hier nebensächlich.;La forme est ici accessoire.;The form is incidental here.
adjectif;C1;;unwesentlich;insignifiant, sans importance;insignificant;Der Aufwand ist nicht unwesentlich.;L'effort n'est pas négligeable.;The effort is not insignificant.
adjectif;C1;;ausgewogen;équilibré, pondéré;balanced;Der Bericht ist erfreulich ausgewogen.;Le rapport est agréablement équilibré.;The report is pleasingly balanced.
adjectif;C1;;parteiisch;partial;biased, partisan;Der Schiedsrichter wirkte parteiisch.;L'arbitre a paru partial.;The referee seemed biased.
adjectif;C1;;unparteiisch;impartial;impartial;Eine unparteiische Stelle soll prüfen.;Une instance impartiale doit examiner.;An impartial body is to examine it.
adjectif;C1;;verhalten;retenu, mesuré;restrained, muted;Die Reaktion fiel verhalten aus.;La réaction a été mesurée.;The reaction was muted.
adjectif;C1;;zaghaft;timide, hésitant;tentative, timid;Ein zaghafter erster Versuch.;Une première tentative timide.;A tentative first attempt.
adjectif;C1;;forsch;décidé, sans détour;brisk, forthright;Sie trat forsch auf.;Elle s'est présentée sans détour.;She came across as forthright.
adjectif;C1;;resolut;résolu, ferme;resolute, determined;Die Chefin griff resolut ein.;La patronne est intervenue avec fermeté.;The boss intervened resolutely.
adjectif;C1;;schonungslos;sans complaisance, impitoyable;unsparing, blunt;Der Bericht ist schonungslos.;Le rapport est sans complaisance.;The report is unsparing.
adjectif;C1;;unsensibel;peu délicat, maladroit;insensitive;Die Formulierung war unsensibel.;La formulation était peu délicate.;The wording was insensitive.
adjectif;C1;;unstet;instable, changeant;unsettled, restless;Ein unstetes Leben zwischen drei Städten.;Une vie instable entre trois villes.;An unsettled life between three cities.
adjectif;C1;;ausdauernd;endurant, persévérant;persevering, with stamina;Sie arbeitet ausdauernd und ohne Aufhebens.;Elle travaille avec persévérance et sans bruit.;She works with stamina and without fuss.
adjectif;C1;;zäh;"coriace, tenace ; filandreux";tough, dogged;Die Verhandlungen waren zäh.;Les négociations ont été coriaces.;The negotiations were tough.
adjectif;C1;;unermüdlich;infatigable;tireless;Er warb unermüdlich für die Sache.;Il a plaidé infatigablement pour la cause.;He campaigned tirelessly for the cause.
adjectif;C1;;pedantisch;pointilleux, tatillon;pedantic;Sie ist pedantisch, aber zuverlässig.;Elle est tatillonne, mais fiable.;She is pedantic but reliable.
adjectif;C1;;nachsichtig;indulgent;lenient, forbearing;Der Prüfer war nachsichtig.;L'examinateur était indulgent.;The examiner was lenient.
adjectif;C1;;unnachsichtig;sans indulgence, inflexible;unforgiving, strict;Bei Verspätungen ist er unnachsichtig.;Sur les retards, il est sans indulgence.;He is unforgiving about lateness.
adjectif;C1;;schlagend;décisif, imparable (argument);conclusive, telling;Das ist ein schlagendes Argument.;C'est un argument imparable.;That is a conclusive argument.
adjectif;C1;;entwaffnend;désarmant;disarming;Sie lächelte entwaffnend.;Elle a souri de façon désarmante.;She smiled disarmingly.
adjectif;C1;;bestechend;irrésistible, saisissant;compelling, striking;Die Idee ist von bestechender Einfachheit.;L'idée est d'une simplicité saisissante.;The idea is of compelling simplicity.
adjectif;C1;;verblüffend;stupéfiant;astonishing;Die Ähnlichkeit ist verblüffend.;La ressemblance est stupéfiante.;The resemblance is astonishing.
adjectif;C1;;frappierend;frappant;striking;Ein frappierender Unterschied.;Une différence frappante.;A striking difference.
adjectif;C1;;erschütternd;bouleversant, accablant;shattering, devastating;Die Zahlen sind erschütternd.;Les chiffres sont accablants.;The figures are devastating.
adjectif;C1;;bewegend;émouvant;moving;Eine bewegende Rede.;Un discours émouvant.;A moving speech.
adjectif;C1;;rührend;touchant, attendrissant;touching;Ihre Sorge war rührend.;Sa sollicitude était touchante.;Her concern was touching.
adjectif;C1;;ergreifend;poignant, saisissant;gripping, poignant;Der Schluss ist ergreifend.;La fin est poignante.;The ending is poignant.
adjectif;C1;;beklemmend;oppressant, angoissant;oppressive, unsettling;Eine beklemmende Stille.;Un silence oppressant.;An oppressive silence.
adjectif;C1;;bedrückend;accablant, pesant;depressing, oppressive;Die Nachrichten waren bedrückend.;Les nouvelles étaient accablantes.;The news was depressing.
adjectif;C1;;erträglich;supportable;bearable;Bei Schatten ist die Hitze erträglich.;À l'ombre, la chaleur est supportable.;In the shade the heat is bearable.
adjectif;C1;;unerträglich;insupportable;unbearable;Der Lärm war unerträglich.;Le bruit était insupportable.;The noise was unbearable.
adjectif;C1;;aushaltbar;tenable, endurable;endurable;Zwei Stunden sind gerade noch aushaltbar.;Deux heures, c'est tout juste tenable.;Two hours is just about endurable.
adjectif;C1;;wohltuend;bienfaisant, agréable;pleasant, soothing;Ihre Sachlichkeit war wohltuend.;Son objectivité faisait du bien.;Her matter-of-factness was refreshing.
adjectif;C1;;verbindend;fédérateur, qui rapproche;unifying, connecting;Musik hat etwas Verbindendes.;La musique a quelque chose de fédérateur.;Music has something unifying about it.
adjectif;C1;;trennend;qui sépare, clivant;dividing, separating;Zwischen beiden steht mehr Trennendes als Verbindendes.;Entre les deux, il y a plus de ce qui sépare que de ce qui unit.;There is more dividing them than uniting them.
adjectif;C1;;spaltend;clivant;divisive;Das Thema wirkt spaltend.;Le sujet est clivant.;The topic is divisive.
adjectif;C1;;versöhnlich;conciliant;conciliatory;Er schloss versöhnlich.;Il a conclu sur un ton conciliant.;He closed on a conciliatory note.
adjectif;C1;;unversöhnlich;irréconciliable, intransigeant;irreconcilable, implacable;Die Fronten sind unversöhnlich.;Les positions sont irréconciliables.;The camps are irreconcilable.
adjectif;C1;;druckreif;prêt à imprimer, impeccable;ready for print, polished;Sein erster Entwurf ist fast druckreif.;Son premier jet est presque prêt à imprimer.;His first draft is almost ready for print.
adjectif;C1;;ausformuliert;rédigé en toutes lettres;written out in full;Wir brauchen einen ausformulierten Text, keine Stichworte.;Il nous faut un texte rédigé, pas des notes.;We need a text written out in full, not bullet points.
adjectif;C1;;stichwortartig;sous forme de notes;in note form;Das Protokoll ist nur stichwortartig.;Le procès-verbal n'est qu'en notes.;The minutes are only in note form.
adjectif;C1;;skizzenhaft;à l'état d'ébauche;sketchy, rough;Die Pläne sind noch skizzenhaft.;Les plans sont encore à l'état d'ébauche.;The plans are still sketchy.
adjectif;C1;;überarbeitet;"remanié ; surmené";"revised; overworked";Das ist die überarbeitete Fassung.;C'est la version remaniée.;This is the revised version.
adjectif;C1;;fehlerfrei;sans faute;error-free;Ihr Aufsatz war fehlerfrei.;Sa rédaction était sans faute.;Her essay was error-free.
adjectif;C1;;fehlerhaft;erroné, comportant des erreurs;faulty, flawed;Die Berechnung war fehlerhaft.;Le calcul était erroné.;The calculation was flawed.
adjectif;C1;;einwandfrei;irréprochable;flawless, perfectly fine;Das Gerät funktioniert einwandfrei.;L'appareil fonctionne parfaitement.;The device works flawlessly.
adjectif;C1;;tadellos;impeccable;impeccable;Sein Verhalten war tadellos.;Son comportement était impeccable.;His conduct was impeccable.
adjectif;C1;;makellos;sans défaut, immaculé;spotless, immaculate;Eine makellose Oberfläche.;Une surface sans le moindre défaut.;A spotless surface.
adjectif;C1;;schadhaft;défectueux, abîmé;damaged, defective;Die Leitung ist an zwei Stellen schadhaft.;La conduite est abîmée à deux endroits.;The pipe is damaged in two places.
adjectif;C1;;brauchbar;utilisable, exploitable;usable, serviceable;Das Ergebnis ist durchaus brauchbar.;Le résultat est tout à fait exploitable.;The result is perfectly usable.
adjectif;C1;;unbrauchbar;inutilisable;useless, unusable;Ohne Maßstab ist die Karte unbrauchbar.;Sans échelle, la carte est inutilisable.;Without a scale the map is useless.
adjectif;C1;;tauglich;apte, adapté;fit for purpose, suitable;Für den Alltag ist das Gerät nicht tauglich.;Pour un usage quotidien, l'appareil n'est pas adapté.;The device is not suitable for everyday use.
adjectif;C1;;untauglich;inapte, impropre;unfit, unsuitable;Der Vorschlag ist als Grundlage untauglich.;La proposition est impropre à servir de base.;The proposal is unfit as a basis.
adjectif;C1;;handhabbar;maniable, gérable;manageable, easy to handle;In dieser Größe bleibt die Datei handhabbar.;À cette taille, le fichier reste gérable.;At this size the file stays manageable.
adjectif;C1;;unhandlich;peu maniable, encombrant;unwieldy;Das Werkzeug ist unhandlich, aber genau.;L'outil est peu maniable, mais précis.;The tool is unwieldy but precise.
adjectif;C1;;wuchtig;massif, imposant;massive, hefty;Ein wuchtiger Schrank aus Eiche.;Une armoire massive en chêne.;A massive oak wardrobe.
adjectif;C1;;zierlich;menu, délicat;dainty, petite;Eine zierliche Handschrift.;Une écriture menue.;A dainty handwriting.
