type;niveau;categorie;allemand;francais;anglais;exemple_de;exemple_fr;exemple_en
expression;A1;Begrüßung/Small Talk;Wie geht's?;Comment ça va ?;How are you?;Hallo Anna, wie geht's?;Salut Anna, comment ça va ?;Hi Anna, how are you?
expression;A1;Begrüßung/Small Talk;Danke, gut;Merci, ça va;Fine, thanks;Danke, gut. Und dir?;Merci, ça va. Et toi ?;Fine, thanks. And you?
expression;A1;Begrüßung/Small Talk;Bis später;À plus tard;See you later;Ich muss los, bis später!;Je dois y aller, à plus tard !;I have to go, see you later!
expression;A1;Begrüßung/Small Talk;Bis bald;À bientôt;See you soon;Schönes Wochenende, bis bald!;Bon week-end, à bientôt !;Have a nice weekend, see you soon!
expression;A1;Begrüßung/Small Talk;Guten Appetit;Bon appétit;Enjoy your meal;Das Essen ist fertig – guten Appetit!;Le repas est prêt – bon appétit !;The food is ready – enjoy your meal!
expression;A1;Begrüßung/Small Talk;Herzlichen Glückwunsch;Félicitations;Congratulations;Herzlichen Glückwunsch zum Geburtstag!;Joyeux anniversaire !;Happy birthday – congratulations!
expression;A1;Begrüßung/Small Talk;Entschuldigung;Pardon, excusez-moi;Excuse me, sorry;Entschuldigung, wo ist der Bahnhof?;Excusez-moi, où est la gare ?;Excuse me, where is the station?
expression;A1;Gefühle/Reaktionen;Es tut mir leid;Je suis désolé;I'm sorry;Es tut mir leid, ich habe deinen Anruf verpasst.;Je suis désolé, j'ai raté ton appel.;I'm sorry, I missed your call.
expression;A1;Gefühle/Reaktionen;Keine Ahnung;Aucune idée;No idea;Wann kommt der Bus? – Keine Ahnung.;Quand vient le bus ? – Aucune idée.;When is the bus coming? – No idea.
expression;A1;Gefühle/Reaktionen;Kein Problem;Pas de problème;No problem;Kannst du mir helfen? – Kein Problem.;Tu peux m'aider ? – Pas de problème.;Can you help me? – No problem.
expression;A1;Gefühle/Reaktionen;Macht nichts;Ce n'est pas grave;Never mind;Ich habe das Brot vergessen. – Macht nichts.;J'ai oublié le pain. – Ce n'est pas grave.;I forgot the bread. – Never mind.
expression;A1;Gefühle/Reaktionen;Schade;Dommage;That's a pity;Du kannst nicht kommen? Schade!;Tu ne peux pas venir ? Dommage !;You can't come? That's a pity!
expression;A1;Meinung/Zustimmung;Ich glaube;Je crois;I think;Ich glaube, der Laden ist heute zu.;Je crois que le magasin est fermé aujourd'hui.;I think the shop is closed today.
expression;A1;Meinung/Zustimmung;Ich finde;Je trouve;I find, I think;Ich finde den Film sehr gut.;Je trouve le film très bien.;I find the film very good.
expression;A1;Meinung/Zustimmung;Genau;Exactement;Exactly;Wir treffen uns um acht? – Genau.;On se retrouve à huit heures ? – Exactement.;We're meeting at eight? – Exactly.
expression;A1;Meinung/Zustimmung;Einverstanden;D'accord;Agreed;Treffen wir uns morgen? – Einverstanden.;On se voit demain ? – D'accord.;Shall we meet tomorrow? – Agreed.
expression;A1;Begrüßung/Small Talk;Gern geschehen;Je vous en prie;You're welcome;Vielen Dank! – Gern geschehen.;Merci beaucoup ! – Je vous en prie.;Thank you very much! – You're welcome.
expression;A1;Alltag/Organisation;Wie bitte?;Pardon ? (je n'ai pas compris);Sorry, what?;Wie bitte? Können Sie das wiederholen?;Pardon ? Pouvez-vous répéter ?;Sorry, what? Could you repeat that?
expression;A1;Alltag/Organisation;Ich hätte gern;Je voudrais;I would like;Ich hätte gern einen Kaffee, bitte.;Je voudrais un café, s'il vous plaît.;I would like a coffee, please.
expression;A1;Alltag/Organisation;Was kostet das?;Combien ça coûte ?;How much is that?;Entschuldigung, was kostet das?;Excusez-moi, combien ça coûte ?;Excuse me, how much is that?
expression;A1;Alltag/Organisation;Zu Hause;À la maison;At home;Am Sonntag bleibe ich zu Hause.;Le dimanche, je reste à la maison.;On Sunday I stay at home.
expression;A1;Feste Verbindungen;Angst haben;avoir peur;to be afraid;Das Kind hat Angst vor dem Hund.;L'enfant a peur du chien.;The child is afraid of the dog.
expression;A1;Feste Verbindungen;Hunger haben;avoir faim;to be hungry;Ich habe Hunger, gehen wir essen?;J'ai faim, on va manger ?;I'm hungry, shall we go eat?
expression;A1;Feste Verbindungen;Recht haben;avoir raison;to be right;Du hast Recht, das ist zu teuer.;Tu as raison, c'est trop cher.;You're right, that's too expensive.
expression;A1;Feste Verbindungen;Spaß machen;être amusant, plaire;to be fun;Der Deutschkurs macht mir Spaß.;Le cours d'allemand me plaît.;The German course is fun for me.
expression;A1;Begrüßung/Small Talk;Guten Morgen;bonjour (le matin);good morning;Guten Morgen! Hast du gut geschlafen?;Bonjour ! Tu as bien dormi ?;Good morning! Did you sleep well?
expression;A1;Begrüßung/Small Talk;Guten Abend;bonsoir;good evening;Guten Abend, schön dich zu sehen.;Bonsoir, content de te voir.;Good evening, nice to see you.
expression;A1;Begrüßung/Small Talk;Gute Nacht;bonne nuit;good night;Gute Nacht, bis morgen!;Bonne nuit, à demain !;Good night, see you tomorrow!
expression;A1;Begrüßung/Small Talk;Auf Wiedersehen;au revoir;goodbye;Auf Wiedersehen, Frau Weber!;Au revoir, Madame Weber !;Goodbye, Mrs Weber!
expression;A1;Begrüßung/Small Talk;Tschüss;salut (en partant);bye;Tschüss, wir sehen uns morgen.;Salut, on se voit demain.;Bye, see you tomorrow.
expression;A1;Begrüßung/Small Talk;Freut mich;enchanté;nice to meet you;Ich heiße Lena. — Freut mich!;Je m'appelle Lena. — Enchanté !;My name is Lena. — Nice to meet you!
expression;A1;Begrüßung/Small Talk;Bis morgen;à demain;see you tomorrow;Ich gehe jetzt. Bis morgen!;J'y vais. À demain !;I'm off now. See you tomorrow!
expression;A1;Begrüßung/Small Talk;Schönes Wochenende;bon week-end;have a nice weekend;Schönes Wochenende, Herr Klein!;Bon week-end, Monsieur Klein !;Have a nice weekend, Mr Klein!
expression;A1;Begrüßung/Small Talk;Wie heißen Sie?;comment vous appelez-vous ?;what is your name?;Guten Tag, wie heißen Sie?;Bonjour, comment vous appelez-vous ?;Hello, what is your name?
expression;A1;Meinung/Zustimmung;Natürlich;bien sûr;of course;Kommst du mit? — Natürlich!;Tu viens ? — Bien sûr !;Are you coming? — Of course!
expression;A1;Meinung/Zustimmung;Vielleicht;peut-être;maybe;Vielleicht regnet es morgen.;Il pleuvra peut-être demain.;Maybe it will rain tomorrow.
expression;A1;Meinung/Zustimmung;Ich weiß nicht;je ne sais pas;I don't know;Wo ist der Bahnhof? — Ich weiß nicht.;Où est la gare ? — Je ne sais pas.;Where is the station? — I don't know.
expression;A1;Meinung/Zustimmung;Gute Idee;bonne idée;good idea;Gehen wir ins Kino? — Gute Idee!;On va au cinéma ? — Bonne idée !;Shall we go to the cinema? — Good idea!
expression;A1;Meinung/Zustimmung;Ich denke;je pense;I think;Ich denke, das ist zu teuer.;Je pense que c'est trop cher.;I think that's too expensive.
expression;A1;Meinung/Zustimmung;Ich bin dabei;je suis partant;I'm in;Wir gehen schwimmen. — Ich bin dabei!;On va nager. — Je suis partant !;We're going swimming. — I'm in!
expression;A1;Meinung/Zustimmung;Lieber nicht;plutôt pas;I'd rather not;Sollen wir laufen? — Lieber nicht, es regnet.;On y va à pied ? — Plutôt pas, il pleut.;Shall we walk? — I'd rather not, it's raining.
expression;A1;Meinung/Zustimmung;Warum nicht?;pourquoi pas ?;why not?;Trinken wir einen Kaffee? — Warum nicht?;On prend un café ? — Pourquoi pas ?;Shall we have a coffee? — Why not?
expression;A1;Gefühle/Reaktionen;Durst haben;avoir soif;to be thirsty;Ich habe Durst, hast du Wasser?;J'ai soif, tu as de l'eau ?;I'm thirsty, do you have water?
expression;A1;Gefühle/Reaktionen;Müde sein;être fatigué;to be tired;Ich bin sehr müde heute Abend.;Je suis très fatigué ce soir.;I'm very tired tonight.
expression;A1;Gefühle/Reaktionen;Das freut mich;ça me fait plaisir;I'm glad;Ich habe die Prüfung bestanden. — Das freut mich!;J'ai réussi l'examen. — Ça me fait plaisir !;I passed the exam. — I'm glad!
expression;A1;Gefühle/Reaktionen;Wie schön!;que c'est beau !;how lovely!;Wie schön, dass du da bist!;Que c'est beau que tu sois là !;How lovely that you're here!
expression;A1;Gefühle/Reaktionen;Lust haben auf;avoir envie de;to feel like;Ich habe Lust auf ein Eis.;J'ai envie d'une glace.;I feel like an ice cream.
expression;A1;Gefühle/Reaktionen;Sich wohlfühlen;se sentir bien;to feel comfortable;Ich fühle mich hier sehr wohl.;Je me sens très bien ici.;I feel very comfortable here.
expression;A1;Gefühle/Reaktionen;Keine Zeit haben;ne pas avoir le temps;to have no time;Heute habe ich keine Zeit, tut mir leid.;Aujourd'hui je n'ai pas le temps, désolé.;I have no time today, sorry.
expression;A1;Gefühle/Reaktionen;Das ist schade;c'est dommage;that's a pity;Du kommst nicht mit? Das ist schade.;Tu ne viens pas ? C'est dommage.;You're not coming? That's a pity.
expression;A1;Alltag/Organisation;Wie spät ist es?;quelle heure est-il ?;what time is it?;Entschuldigung, wie spät ist es?;Excusez-moi, quelle heure est-il ?;Excuse me, what time is it?
expression;A1;Alltag/Organisation;Um wie viel Uhr?;à quelle heure ?;at what time?;Um wie viel Uhr fährt der Zug?;À quelle heure part le train ?;At what time does the train leave?
expression;A1;Alltag/Organisation;Die Rechnung, bitte;l'addition, s'il vous plaît;the bill, please;Die Rechnung, bitte! Wir möchten zahlen.;L'addition, s'il vous plaît ! Nous voulons payer.;The bill, please! We'd like to pay.
expression;A1;Alltag/Organisation;Einkaufen gehen;aller faire les courses;to go shopping;Am Samstag gehe ich einkaufen.;Le samedi, je vais faire les courses.;On Saturdays I go shopping.
expression;A1;Alltag/Organisation;Nach Hause gehen;rentrer à la maison;to go home;Es ist spät, ich gehe nach Hause.;Il est tard, je rentre à la maison.;It's late, I'm going home.
expression;A1;Alltag/Organisation;Zur Arbeit gehen;aller au travail;to go to work;Ich gehe jeden Morgen um acht zur Arbeit.;Je vais au travail tous les matins à huit heures.;I go to work every morning at eight.
expression;A1;Alltag/Organisation;Mit dem Bus fahren;prendre le bus;to take the bus;Ich fahre mit dem Bus in die Stadt.;Je prends le bus pour aller en ville.;I take the bus into town.
expression;A1;Alltag/Organisation;Eine Pause machen;faire une pause;to take a break;Wir machen jetzt eine Pause.;Nous faisons une pause maintenant.;We're taking a break now.
expression;A1;Alltag/Organisation;Hilfe brauchen;avoir besoin d'aide;to need help;Brauchst du Hilfe mit dem Koffer?;Tu as besoin d'aide avec la valise ?;Do you need help with the suitcase?
expression;A1;Feste Verbindungen;Zeit haben;avoir le temps;to have time;Hast du morgen Zeit für einen Kaffee?;Tu as le temps demain pour un café ?;Do you have time for a coffee tomorrow?
expression;A1;Feste Verbindungen;Geburtstag haben;être son anniversaire;to have a birthday;Meine Schwester hat morgen Geburtstag.;C'est l'anniversaire de ma sœur demain.;It's my sister's birthday tomorrow.
expression;A1;Feste Verbindungen;Rad fahren;faire du vélo;to ride a bike;Im Sommer fahre ich jeden Tag Rad.;En été, je fais du vélo tous les jours.;In summer I ride my bike every day.
expression;A1;Feste Verbindungen;Auto fahren;conduire;to drive a car;Mein Bruder lernt gerade Auto fahren.;Mon frère apprend à conduire en ce moment.;My brother is learning to drive.
expression;A1;Feste Verbindungen;Zu Besuch kommen;venir en visite;to come and visit;Meine Eltern kommen am Sonntag zu Besuch.;Mes parents viennent en visite dimanche.;My parents are coming to visit on Sunday.
expression;A1;Feste Verbindungen;Frühstück machen;préparer le petit-déjeuner;to make breakfast;Am Wochenende macht mein Vater Frühstück.;Le week-end, mon père prépare le petit-déjeuner.;At the weekend my father makes breakfast.
expression;A1;Begrüßung/Small Talk;Hallo;Salut, bonjour;Hello, hi;Hallo, ich bin die neue Nachbarin.;Bonjour, je suis la nouvelle voisine.;Hello, I'm the new neighbour.
expression;A1;Begrüßung/Small Talk;Danke;Merci;Thank you;Danke, das ist sehr nett von Ihnen.;Merci, c'est très gentil de votre part.;Thank you, that's very kind of you.
expression;A1;Meinung/Zustimmung;Nein;Non;No;Nein, danke, ich habe schon gegessen.;Non merci, j'ai déjà mangé.;No thanks, I've already eaten.
expression;A2;Meinung/Zustimmung;Auf jeden Fall;En tout cas, absolument;Definitely;Kommst du mit? – Auf jeden Fall!;Tu viens ? – Absolument !;Are you coming? – Definitely!
expression;A2;Meinung/Zustimmung;Auf keinen Fall;En aucun cas;No way;Auf keinen Fall fahre ich bei diesem Wetter.;En aucun cas je ne roule par ce temps.;No way am I driving in this weather.
expression;A2;Meinung/Zustimmung;Meiner Meinung nach;À mon avis;In my opinion;Meiner Meinung nach ist die Miete zu hoch.;À mon avis, le loyer est trop élevé.;In my opinion the rent is too high.
expression;A2;Meinung/Zustimmung;Das stimmt;C'est vrai;That's true;Der Weg ist kürzer. – Das stimmt.;Le chemin est plus court. – C'est vrai.;The way is shorter. – That's true.
expression;A2;Meinung/Zustimmung;Das finde ich auch;Je suis du même avis;I think so too;Der Film war langweilig. – Das finde ich auch.;Le film était ennuyeux. – Je suis du même avis.;The film was boring. – I think so too.
expression;A2;Diskussion/Nuance;Es kommt darauf an;Ça dépend;It depends;Fährst du mit dem Auto? – Es kommt darauf an.;Tu y vas en voiture ? – Ça dépend.;Are you going by car? – It depends.
expression;A2;Diskussion/Nuance;Zum Beispiel;Par exemple;For example;Nimm etwas Warmes mit, zum Beispiel einen Schal.;Prends quelque chose de chaud, par exemple une écharpe.;Take something warm, for example a scarf.
expression;A2;Diskussion/Nuance;Und so weiter;Et ainsi de suite;And so on;Wir brauchen Brot, Milch und so weiter.;Il nous faut du pain, du lait et ainsi de suite.;We need bread, milk and so on.
expression;A2;Diskussion/Nuance;Vor allem;Surtout;Above all;Vor allem brauchst du Geduld.;Surtout, il te faut de la patience.;Above all you need patience.
expression;A2;Alltag/Organisation;Im Moment;En ce moment;At the moment;Im Moment suche ich eine neue Wohnung.;En ce moment, je cherche un nouvel appartement.;At the moment I'm looking for a new flat.
expression;A2;Alltag/Organisation;So schnell wie möglich;Le plus vite possible;As soon as possible;Bitte antworten Sie so schnell wie möglich.;Répondez le plus vite possible, s'il vous plaît.;Please answer as soon as possible.
expression;A2;Feste Verbindungen;Bescheid sagen;prévenir, faire savoir;to let someone know;Sag mir bitte Bescheid, wenn du da bist.;Préviens-moi quand tu es là, s'il te plaît.;Please let me know when you're there.
expression;A2;Feste Verbindungen;Bescheid wissen;être au courant;to be in the know;Der Chef weiß schon Bescheid.;Le patron est déjà au courant.;The boss already knows about it.
expression;A2;Feste Verbindungen;eine Frage stellen;poser une question;to ask a question;Darf ich eine Frage stellen?;Puis-je poser une question ?;May I ask a question?
expression;A2;Feste Verbindungen;einen Termin machen;prendre rendez-vous;to make an appointment;Ich möchte einen Termin beim Arzt machen.;Je voudrais prendre rendez-vous chez le médecin.;I'd like to make an appointment with the doctor.
expression;A2;Feste Verbindungen;Sport treiben;faire du sport;to do sports;Sie treibt dreimal pro Woche Sport.;Elle fait du sport trois fois par semaine.;She does sports three times a week.
expression;A2;Feste Verbindungen;Rücksicht nehmen;faire attention aux autres;to be considerate;Bitte nimm Rücksicht auf die Nachbarn.;Fais attention aux voisins, s'il te plaît.;Please be considerate towards the neighbours.
expression;A2;Alltag/Organisation;zu Fuß gehen;aller à pied;to walk, to go on foot;Bei gutem Wetter gehe ich zu Fuß.;Quand il fait beau, je vais à pied.;In good weather I go on foot.
expression;A2;Gefühle/Reaktionen;Wie schade;Quel dommage;What a shame;Das Konzert fällt aus. – Wie schade!;Le concert est annulé. – Quel dommage !;The concert is cancelled. – What a shame!
expression;A2;Gefühle/Reaktionen;Zum Glück;Heureusement;Luckily;Zum Glück hat es nicht geregnet.;Heureusement, il n'a pas plu.;Luckily it didn't rain.
expression;A2;Gefühle/Reaktionen;Leider nicht;Malheureusement pas;Unfortunately not;Hast du den Termin bekommen? – Leider nicht.;Tu as eu le rendez-vous ? – Malheureusement pas.;Did you get the appointment? – Unfortunately not.
expression;A2;Gefühle/Reaktionen;Was für ein Pech;Quelle malchance;What bad luck;Der Zug ist weg – was für ein Pech!;Le train est parti – quelle malchance !;The train's gone – what bad luck!
expression;A2;Begrüßung/Small Talk;Viel Erfolg;Bonne chance (réussite);Good luck;Viel Erfolg bei der Prüfung!;Bonne chance pour l'examen !;Good luck with the exam!
expression;A2;Begrüßung/Small Talk;Gute Besserung;Bon rétablissement;Get well soon;Du bist krank? Gute Besserung!;Tu es malade ? Bon rétablissement !;You're ill? Get well soon!
expression;A2;Begrüßung/Small Talk;Schönen Feierabend;Bonne fin de journée (après le travail);Have a nice evening after work;Ich gehe jetzt – schönen Feierabend!;J'y vais – bonne soirée !;I'm off now – have a nice evening!
expression;A2;Begrüßung/Small Talk;Wie geht es Ihnen?;Comment allez-vous ?;How are you? (formal);Guten Tag, Frau Meier, wie geht es Ihnen?;Bonjour Madame Meier, comment allez-vous ?;Good morning Mrs Meier, how are you?
expression;A2;Meinung/Zustimmung;Ich bin der Meinung;Je suis d'avis;I'm of the opinion;Ich bin der Meinung, dass wir warten sollten.;Je suis d'avis que nous devrions attendre.;I'm of the opinion that we should wait.
expression;A2;Meinung/Zustimmung;Das ist mir egal;Ça m'est égal;I don't mind;Pizza oder Pasta? – Das ist mir egal.;Pizza ou pâtes ? – Ça m'est égal.;Pizza or pasta? – I don't mind.
expression;A2;Alltag/Organisation;im Voraus;à l'avance;in advance;Vielen Dank im Voraus für Ihre Hilfe.;Merci d'avance pour votre aide.;Many thanks in advance for your help.
expression;A2;Diskussion/Nuance;auf einmal;tout d'un coup;all at once;Auf einmal wurde es ganz still.;Tout d'un coup, le silence s'est fait.;All at once it went completely quiet.
expression;A2;Alltag/Organisation;noch einmal;encore une fois;once more;Können Sie das noch einmal erklären?;Pouvez-vous expliquer cela encore une fois ?;Could you explain that once more?
expression;A2;Diskussion/Nuance;und zwar;et plus précisément;namely, and specifically;Wir treffen uns morgen, und zwar um acht.;Nous nous voyons demain, et plus précisément à huit heures.;We're meeting tomorrow, namely at eight.
expression;A2;Feste Verbindungen;Platz nehmen;prendre place;to take a seat;Bitte nehmen Sie Platz.;Veuillez prendre place.;Please take a seat.
expression;A2;Feste Verbindungen;eine Entscheidung treffen;prendre une décision;to make a decision;Wir müssen bald eine Entscheidung treffen.;Nous devons bientôt prendre une décision.;We have to make a decision soon.
expression;A2;Meinung/Zustimmung;in Ordnung;d'accord, en ordre;all right;Treffen wir uns um sieben? – In Ordnung.;On se voit à sept heures ? – D'accord.;Shall we meet at seven? – All right.
expression;A2;Meinung/Zustimmung;Das geht klar;Ça marche;That works;Kannst du am Freitag? – Das geht klar.;Tu peux vendredi ? – Ça marche.;Can you do Friday? – That works.
expression;A2;Begrüßung/Small Talk;Lange nicht gesehen;ça fait longtemps;long time no see;Hallo Tom, lange nicht gesehen!;Salut Tom, ça fait longtemps !;Hi Tom, long time no see!
expression;A2;Begrüßung/Small Talk;Wie war dein Tag?;comment s'est passée ta journée ?;how was your day?;Setz dich, wie war dein Tag?;Assieds-toi, comment s'est passée ta journée ?;Sit down, how was your day?
expression;A2;Begrüßung/Small Talk;Grüß dich;salut;hi there;Grüß dich, schön dass du kommst!;Salut, content que tu viennes !;Hi there, glad you're coming!
expression;A2;Begrüßung/Small Talk;Alles klar?;ça va ?;everything okay?;Du siehst müde aus, alles klar?;Tu as l'air fatigué, ça va ?;You look tired, everything okay?
expression;A2;Begrüßung/Small Talk;Bis dann;à plus tard;see you then;Wir treffen uns um sieben. Bis dann!;On se retrouve à sept heures. À plus tard !;We're meeting at seven. See you then!
expression;A2;Meinung/Zustimmung;Ich bin sicher;je suis sûr;I'm sure;Ich bin sicher, dass er kommt.;Je suis sûr qu'il viendra.;I'm sure he'll come.
expression;A2;Meinung/Zustimmung;Da hast du recht;tu as raison là-dessus;you're right about that;Das ist zu teuer. — Da hast du recht.;C'est trop cher. — Tu as raison là-dessus.;That's too expensive. — You're right about that.
expression;A2;Meinung/Zustimmung;Ganz genau;exactement;exactly;Du meinst, wir sollten warten? — Ganz genau.;Tu veux dire qu'on devrait attendre ? — Exactement.;You mean we should wait? — Exactly.
expression;A2;Meinung/Zustimmung;Das sehe ich anders;je ne vois pas les choses ainsi;I see it differently;Das sehe ich anders, lass mich erklären.;Je ne vois pas les choses ainsi, laisse-moi expliquer.;I see it differently, let me explain.
expression;A2;Meinung/Zustimmung;Ich bin nicht sicher;je ne suis pas sûr;I'm not sure;Ich bin nicht sicher, ob das stimmt.;Je ne suis pas sûr que ce soit vrai.;I'm not sure that's right.
expression;A2;Meinung/Zustimmung;Was meinst du?;qu'en penses-tu ?;what do you think?;Wir könnten früher fahren. Was meinst du?;On pourrait partir plus tôt. Qu'en penses-tu ?;We could leave earlier. What do you think?
expression;A2;Meinung/Zustimmung;Ohne Zweifel;sans aucun doute;without a doubt;Das ist ohne Zweifel die beste Lösung.;C'est sans aucun doute la meilleure solution.;That is without a doubt the best solution.
expression;A2;Meinung/Zustimmung;Das kommt drauf an;ça dépend;that depends;Fährst du mit? — Das kommt drauf an, wann.;Tu viens ? — Ça dépend quand.;Are you coming? — That depends on when.
expression;A2;Gefühle/Reaktionen;Sich ärgern über;s'énerver contre;to be annoyed about;Ich ärgere mich über den Lärm.;Je m'énerve contre le bruit.;I'm annoyed about the noise.
expression;A2;Gefühle/Reaktionen;Sich aufregen über;s'emporter à propos de;to get worked up about;Reg dich nicht über die Verspätung auf.;Ne t'emporte pas à propos du retard.;Don't get worked up about the delay.
expression;A2;Gefühle/Reaktionen;Sich langweilen;s'ennuyer;to be bored;Die Kinder langweilen sich bei Regen.;Les enfants s'ennuient quand il pleut.;The children get bored when it rains.
expression;A2;Gefühle/Reaktionen;Erleichtert sein;être soulagé;to be relieved;Ich bin erleichtert, dass alles gut ging.;Je suis soulagé que tout se soit bien passé.;I'm relieved everything went well.
expression;A2;Gefühle/Reaktionen;Enttäuscht sein;être déçu;to be disappointed;Sie war enttäuscht von dem Ergebnis.;Elle était déçue du résultat.;She was disappointed by the result.
expression;A2;Gefühle/Reaktionen;Stolz sein auf;être fier de;to be proud of;Wir sind stolz auf unsere Tochter.;Nous sommes fiers de notre fille.;We are proud of our daughter.
expression;A2;Gefühle/Reaktionen;Sich schämen;avoir honte;to be ashamed;Er schämt sich für seinen Fehler.;Il a honte de son erreur.;He is ashamed of his mistake.
expression;A2;Gefühle/Reaktionen;Nervös sein;être nerveux;to be nervous;Vor der Prüfung bin ich immer nervös.;Avant l'examen, je suis toujours nerveux.;I'm always nervous before an exam.
expression;A2;Alltag/Organisation;Einen Termin absagen;annuler un rendez-vous;to cancel an appointment;Ich muss den Termin leider absagen.;Je dois malheureusement annuler le rendez-vous.;Unfortunately I have to cancel the appointment.
expression;A2;Alltag/Organisation;Eine Nachricht hinterlassen;laisser un message;to leave a message;Bitte hinterlassen Sie eine Nachricht.;Veuillez laisser un message.;Please leave a message.
expression;A2;Alltag/Organisation;Sich verspäten;être en retard;to be late;Der Zug hat sich um zehn Minuten verspätet.;Le train a eu dix minutes de retard.;The train was ten minutes late.
expression;A2;Alltag/Organisation;Pünktlich sein;être ponctuel;to be on time;In Deutschland ist es wichtig, pünktlich zu sein.;En Allemagne, il est important d'être ponctuel.;In Germany it's important to be on time.
expression;A2;Alltag/Organisation;Die Wohnung putzen;faire le ménage;to clean the flat;Samstags putze ich die Wohnung.;Le samedi, je fais le ménage.;On Saturdays I clean the flat.
expression;A2;Alltag/Organisation;Die Wäsche machen;faire la lessive;to do the laundry;Wer macht diese Woche die Wäsche?;Qui fait la lessive cette semaine ?;Who is doing the laundry this week?
expression;A2;Alltag/Organisation;Ordnung machen;faire du rangement;to tidy up;Bevor die Gäste kommen, machen wir Ordnung.;Avant l'arrivée des invités, on fait du rangement.;Before the guests arrive, we tidy up.
expression;A2;Alltag/Organisation;Sich anmelden;s'inscrire;to register;Du musst dich für den Kurs anmelden.;Tu dois t'inscrire au cours.;You have to register for the course.
expression;A2;Alltag/Organisation;Sich kümmern um;s'occuper de;to take care of;Meine Nachbarin kümmert sich um die Katze.;Ma voisine s'occupe du chat.;My neighbour takes care of the cat.
expression;A2;Diskussion/Nuance;Auf der einen Seite;d'un côté;on the one hand;Auf der einen Seite ist es teuer, auf der anderen sehr praktisch.;D'un côté c'est cher, de l'autre très pratique.;On the one hand it's expensive, on the other very practical.
expression;A2;Diskussion/Nuance;Zum Schluss;pour finir;finally;Zum Schluss möchte ich mich bedanken.;Pour finir, je voudrais remercier.;Finally, I would like to say thank you.
expression;A2;Diskussion/Nuance;Erstens ... zweitens;premièrement ... deuxièmement;firstly ... secondly;Erstens ist es zu spät, zweitens bin ich müde.;Premièrement il est trop tard, deuxièmement je suis fatigué.;Firstly it's too late, secondly I'm tired.
expression;A2;Diskussion/Nuance;Kurz gesagt;en bref;in short;Kurz gesagt: der Plan funktioniert nicht.;En bref : le plan ne fonctionne pas.;In short: the plan doesn't work.
expression;A2;Diskussion/Nuance;Und trotzdem;et pourtant;and yet;Es war kalt und trotzdem sind wir schwimmen gegangen.;Il faisait froid et pourtant nous sommes allés nager.;It was cold and yet we went swimming.
expression;A2;Feste Verbindungen;Einen Fehler machen;faire une erreur;to make a mistake;Jeder macht mal einen Fehler.;Tout le monde fait une erreur de temps en temps.;Everyone makes a mistake sometimes.
expression;A2;Feste Verbindungen;Einen Vorschlag machen;faire une proposition;to make a suggestion;Darf ich einen Vorschlag machen?;Puis-je faire une proposition ?;May I make a suggestion?
expression;A2;Feste Verbindungen;Eine Prüfung bestehen;réussir un examen;to pass an exam;Sie hat die Prüfung mit Eins bestanden.;Elle a réussi l'examen avec la meilleure note.;She passed the exam with top marks.
expression;A2;Feste Verbindungen;Interesse haben an;s'intéresser à;to be interested in;Er hat großes Interesse an Geschichte.;Il s'intéresse beaucoup à l'histoire.;He has a great interest in history.
expression;A2;Feste Verbindungen;Sich interessieren für;s'intéresser à;to be interested in;Ich interessiere mich für Musik.;Je m'intéresse à la musique.;I'm interested in music.
expression;A2;Begrüßung/Small Talk;Gute Reise;bon voyage;have a good trip;Gute Reise und melde dich!;Bon voyage et donne des nouvelles !;Have a good trip and stay in touch!
expression;A2;Begrüßung/Small Talk;Viel Spaß;amuse-toi bien;have fun;Viel Spaß auf dem Konzert!;Amuse-toi bien au concert !;Have fun at the concert!
expression;A2;Begrüßung/Small Talk;Alles Gute zum Geburtstag;joyeux anniversaire;happy birthday;Alles Gute zum Geburtstag, Oma!;Joyeux anniversaire, mamie !;Happy birthday, Grandma!
expression;A2;Begrüßung/Small Talk;Herzlichen Dank;merci beaucoup;many thanks;Herzlichen Dank für Ihre Hilfe.;Merci beaucoup pour votre aide.;Many thanks for your help.
expression;A2;Begrüßung/Small Talk;Nichts zu danken;il n'y a pas de quoi;don't mention it;Danke fürs Mitnehmen! — Nichts zu danken.;Merci de m'avoir emmené ! — Il n'y a pas de quoi.;Thanks for the lift! — Don't mention it.
expression;A2;Begrüßung/Small Talk;Was ist los?;qu'est-ce qui se passe ?;what's wrong?;Du bist so still, was ist los?;Tu es si silencieux, qu'est-ce qui se passe ?;You're so quiet, what's wrong?
expression;A2;Meinung/Zustimmung;Keine Sorge;pas d'inquiétude;no worries;Keine Sorge, ich hole dich ab.;Pas d'inquiétude, je viens te chercher.;No worries, I'll pick you up.
expression;A2;Meinung/Zustimmung;Das ist nett von dir;c'est gentil de ta part;that's kind of you;Du hast eingekauft? Das ist nett von dir.;Tu as fait les courses ? C'est gentil de ta part.;You did the shopping? That's kind of you.
expression;A2;Meinung/Zustimmung;Das ist ja toll;c'est super;that's great;Du hast den Job? Das ist ja toll!;Tu as le poste ? C'est super !;You got the job? That's great!
expression;A2;Gefühle/Reaktionen;Es geht mir gut;je vais bien;I'm doing well;Danke der Nachfrage, es geht mir gut.;Merci de demander, je vais bien.;Thanks for asking, I'm doing well.
expression;A2;Gefühle/Reaktionen;Mir ist kalt;j'ai froid;I'm cold;Mach bitte das Fenster zu, mir ist kalt.;Ferme la fenêtre s'il te plaît, j'ai froid.;Please close the window, I'm cold.
expression;A2;Gefühle/Reaktionen;Mir ist warm;j'ai chaud;I'm warm;Mir ist warm, ich ziehe die Jacke aus.;J'ai chaud, j'enlève ma veste.;I'm warm, I'll take off my jacket.
expression;A2;Gefühle/Reaktionen;Kopfschmerzen haben;avoir mal à la tête;to have a headache;Ich habe seit heute Morgen Kopfschmerzen.;J'ai mal à la tête depuis ce matin.;I've had a headache since this morning.
expression;A2;Gefühle/Reaktionen;Eine Erkältung haben;être enrhumé;to have a cold;Sie hat eine Erkältung und bleibt zu Hause.;Elle est enrhumée et reste à la maison.;She has a cold and is staying home.
expression;A2;Gefühle/Reaktionen;Sich ausruhen;se reposer;to rest;Nach der Arbeit ruhe ich mich kurz aus.;Après le travail, je me repose un peu.;After work I rest for a while.
expression;A2;Alltag/Organisation;Zum Arzt gehen;aller chez le médecin;to go to the doctor;Wenn es schlimmer wird, geh zum Arzt.;Si ça empire, va chez le médecin.;If it gets worse, go to the doctor.
expression;A2;Alltag/Organisation;Spazieren gehen;aller se promener;to go for a walk;Sonntags gehen wir im Park spazieren.;Le dimanche, nous allons nous promener au parc.;On Sundays we go for a walk in the park.
expression;A2;Alltag/Organisation;Ins Bett gehen;aller se coucher;to go to bed;Ich gehe heute früh ins Bett.;Je vais me coucher tôt aujourd'hui.;I'm going to bed early today.
expression;A2;Alltag/Organisation;Geld abheben;retirer de l'argent;to withdraw money;Ich muss noch Geld abheben.;Je dois encore retirer de l'argent.;I still need to withdraw money.
expression;A2;Alltag/Organisation;Eine Nachricht schicken;envoyer un message;to send a message;Schick mir eine Nachricht, wenn du da bist.;Envoie-moi un message quand tu arrives.;Send me a message when you get there.
expression;A2;Alltag/Organisation;Ein Foto machen;prendre une photo;to take a photo;Machen wir ein Foto zusammen!;Prenons une photo ensemble !;Let's take a photo together!
expression;A2;Alltag/Organisation;Sich verabreden;prendre rendez-vous (avec un ami);to arrange to meet;Wir haben uns für Freitag verabredet.;Nous avons convenu de nous voir vendredi.;We arranged to meet on Friday.
expression;A2;Alltag/Organisation;Den Bus verpassen;rater le bus;to miss the bus;Ich habe den Bus verpasst und musste laufen.;J'ai raté le bus et j'ai dû marcher.;I missed the bus and had to walk.
expression;A2;Alltag/Organisation;Den Zug nehmen;prendre le train;to take the train;Wir nehmen den Zug nach Hamburg.;Nous prenons le train pour Hambourg.;We're taking the train to Hamburg.
expression;A2;Begrüßung/Small Talk;Prost;Santé ! (en trinquant);Cheers!;Prost! Auf euer Glück!;Santé ! À votre bonheur !;Cheers! To your happiness!
expression;B1;Diskussion/Nuance;es geht um;il s'agit de;it's about;In der Sitzung geht es um das neue Budget.;Lors de la réunion, il s'agit du nouveau budget.;The meeting is about the new budget.
expression;B1;Diskussion/Nuance;im Gegenteil;au contraire;on the contrary;Es war nicht langweilig, im Gegenteil!;Ce n'était pas ennuyeux, au contraire !;It wasn't boring, on the contrary!
expression;B1;Diskussion/Nuance;einerseits … andererseits;d'une part… d'autre part;on the one hand… on the other;Einerseits ist es teuer, andererseits sehr praktisch.;D'une part c'est cher, d'autre part très pratique.;On the one hand it's expensive, on the other very practical.
expression;B1;Diskussion/Nuance;das heißt;c'est-à-dire;that is to say;Er ist Frührentner, das heißt, er arbeitet nicht mehr.;Il est préretraité, c'est-à-dire qu'il ne travaille plus.;He's an early retiree, that is to say he no longer works.
expression;B1;Diskussion/Nuance;in der Regel;en règle générale;as a rule;In der Regel dauert das zwei Wochen.;En règle générale, cela prend deux semaines.;As a rule that takes two weeks.
expression;B1;Diskussion/Nuance;unter Umständen;le cas échéant;possibly;Unter Umständen müssen wir den Termin verschieben.;Le cas échéant, nous devrons reporter le rendez-vous.;Possibly we'll have to postpone the appointment.
expression;B1;Diskussion/Nuance;auf den ersten Blick;à première vue;at first sight;Auf den ersten Blick wirkt die Wohnung klein.;À première vue, l'appartement paraît petit.;At first sight the flat seems small.
expression;B1;Diskussion/Nuance;mit anderen Worten;autrement dit;in other words;Mit anderen Worten: Wir fangen von vorne an.;Autrement dit : nous recommençons depuis le début.;In other words: we're starting over.
expression;B1;Feste Verbindungen;eine Rolle spielen;jouer un rôle, compter;to play a role, to matter;Der Preis spielt für mich keine Rolle.;Le prix ne compte pas pour moi.;The price doesn't matter to me.
expression;B1;Feste Verbindungen;in Frage kommen;entrer en ligne de compte;to be an option;Ein Umzug kommt für uns nicht in Frage.;Un déménagement n'entre pas en ligne de compte pour nous.;Moving is not an option for us.
expression;B1;Feste Verbindungen;zur Verfügung stehen;être à disposition;to be available;Für Fragen stehe ich Ihnen zur Verfügung.;Je reste à votre disposition pour toute question.;I'm available to you for any questions.
expression;B1;Feste Verbindungen;in Kontakt bleiben;rester en contact;to stay in touch;Wir bleiben auf jeden Fall in Kontakt.;Nous restons en contact, c'est sûr.;We'll definitely stay in touch.
expression;B1;Feste Verbindungen;eine Rechnung bezahlen;régler une facture;to pay a bill;Ich muss noch die Rechnung bezahlen.;Je dois encore régler la facture.;I still have to pay the bill.
expression;B1;Feste Verbindungen;Bescheid geben;faire signe, informer;to give word;Gib mir Bescheid, sobald du es weißt.;Fais-moi signe dès que tu le sais.;Give me word as soon as you know.
expression;B1;Feste Verbindungen;Verantwortung übernehmen;assumer la responsabilité;to take responsibility;Sie hat die Verantwortung für das Projekt übernommen.;Elle a assumé la responsabilité du projet.;She took responsibility for the project.
expression;B1;Feste Verbindungen;einen Antrag stellen;déposer une demande;to file an application;Sie müssen einen Antrag beim Amt stellen.;Vous devez déposer une demande auprès de l'administration.;You have to file an application with the office.
expression;B1;Gefühle/Reaktionen;sich Sorgen machen;se faire du souci;to worry;Mach dir keine Sorgen, alles ist geregelt.;Ne te fais pas de souci, tout est réglé.;Don't worry, everything is sorted.
expression;B1;Gefühle/Reaktionen;sich freuen auf;se réjouir de (à venir);to look forward to;Ich freue mich schon auf den Urlaub.;Je me réjouis déjà des vacances.;I'm already looking forward to the holiday.
expression;B1;Gefühle/Reaktionen;sich freuen über;se réjouir de (déjà arrivé);to be pleased about;Sie hat sich sehr über das Geschenk gefreut.;Elle a été très contente du cadeau.;She was very pleased about the present.
expression;B1;Gefühle/Reaktionen;die Nase voll haben;en avoir assez;to be fed up;Ich habe die Nase voll von diesem Lärm.;J'en ai assez de ce bruit.;I'm fed up with this noise.
expression;B1;Gefühle/Reaktionen;auf die Nerven gehen;taper sur les nerfs;to get on someone's nerves;Das ständige Klingeln geht mir auf die Nerven.;Cette sonnerie continuelle me tape sur les nerfs.;The constant ringing gets on my nerves.
expression;B1;Gefühle/Reaktionen;Glück haben;avoir de la chance;to be lucky;Wir haben Glück gehabt: kein Stau.;Nous avons eu de la chance : pas de bouchon.;We were lucky: no traffic jam.
expression;B1;Gefühle/Reaktionen;keine Lust haben;ne pas avoir envie;to not feel like it;Heute habe ich keine Lust zu kochen.;Aujourd'hui, je n'ai pas envie de cuisiner.;Today I don't feel like cooking.
expression;B1;Alltag/Organisation;Schluss machen;en finir, arrêter;to call it a day, to break up;Für heute machen wir Schluss.;Pour aujourd'hui, nous arrêtons.;Let's call it a day.
expression;B1;Alltag/Organisation;auf dem Laufenden bleiben;se tenir au courant;to keep up to date;Ich bleibe über die Nachrichten auf dem Laufenden.;Je me tiens au courant par les informations.;I keep up to date through the news.
expression;B1;Alltag/Organisation;sich Zeit nehmen;prendre son temps;to take one's time;Nimm dir Zeit für die Antwort.;Prends ton temps pour la réponse.;Take your time with the answer.
expression;B1;Feste Verbindungen;in Anspruch nehmen;faire appel à, mobiliser;to make use of;Sie hat rechtliche Beratung in Anspruch genommen.;Elle a fait appel à un conseil juridique.;She made use of legal advice.
expression;B1;Diskussion/Nuance;zur Sprache kommen;être abordé (sujet);to come up (topic);Das Thema kam gestern zur Sprache.;Le sujet a été abordé hier.;The topic came up yesterday.
expression;B1;Alltag/Organisation;unter vier Augen;en tête-à-tête;in private;Können wir das unter vier Augen besprechen?;Pouvons-nous en parler en tête-à-tête ?;Can we discuss this in private?
expression;B1;Alltag/Organisation;aus Versehen;par inadvertance;by accident;Ich habe aus Versehen die falsche Taste gedrückt.;J'ai appuyé par inadvertance sur la mauvaise touche.;I pressed the wrong key by accident.
expression;B1;Alltag/Organisation;auf dem Weg;en chemin;on the way;Ich bin schon auf dem Weg zu dir.;Je suis déjà en chemin vers chez toi.;I'm already on the way to you.
expression;B1;Diskussion/Nuance;im Großen und Ganzen;dans l'ensemble;by and large;Im Großen und Ganzen bin ich zufrieden.;Dans l'ensemble, je suis satisfait.;By and large I'm satisfied.
expression;B1;Diskussion/Nuance;nach und nach;peu à peu;little by little;Nach und nach verstehe ich mehr.;Peu à peu, je comprends davantage.;Little by little I understand more.
expression;B1;Diskussion/Nuance;je nachdem;selon les cas;depending;Je nachdem, wie das Wetter wird, fahren wir.;Selon le temps qu'il fera, nous partirons.;Depending on the weather, we'll go.
expression;B1;Diskussion/Nuance;das kommt darauf an, ob;ça dépend si;that depends on whether;Das kommt darauf an, ob du Zeit hast.;Ça dépend si tu as le temps.;That depends on whether you have time.
expression;B1;Feste Verbindungen;Wert legen auf;attacher de l'importance à;to attach importance to;Sie legt großen Wert auf Pünktlichkeit.;Elle attache une grande importance à la ponctualité.;She attaches great importance to punctuality.
expression;B1;Feste Verbindungen;Rücksprache halten;se concerter;to consult;Ich halte noch Rücksprache mit dem Team.;Je me concerte encore avec l'équipe.;I'll still consult with the team.
expression;B1;Feste Verbindungen;einen Kompromiss finden;trouver un compromis;to find a compromise;Am Ende haben wir einen Kompromiss gefunden.;Finalement, nous avons trouvé un compromis.;In the end we found a compromise.
expression;B1;Feste Verbindungen;Abstand nehmen von;renoncer à;to refrain from;Wir haben von dem Plan Abstand genommen.;Nous avons renoncé à ce plan.;We refrained from that plan.
expression;B1;Alltag/Organisation;auf dem neuesten Stand;à jour;up to date;Die Software ist auf dem neuesten Stand.;Le logiciel est à jour.;The software is up to date.
expression;B1;Begrüßung/Small Talk;Herzlich willkommen;Bienvenue;Welcome;Herzlich willkommen in unserem Verein!;Bienvenue dans notre association !;Welcome to our club!
expression;B1;Begrüßung/Small Talk;Alles Gute;Tous mes vœux;All the best;Alles Gute für deinen neuen Job!;Tous mes vœux pour ton nouveau travail !;All the best for your new job!
expression;B1;Begrüßung/Small Talk;Mach's gut;Porte-toi bien;Take care;Ich muss los. Mach's gut!;Je dois y aller. Porte-toi bien !;I have to go. Take care!
expression;B1;Diskussion/Nuance;Wie dem auch sei;Quoi qu'il en soit;Be that as it may;Wie dem auch sei, wir müssen weitermachen.;Quoi qu'il en soit, nous devons continuer.;Be that as it may, we have to carry on.
expression;B1;Meinung/Zustimmung;Das kann ich mir vorstellen;Je m'en doute;I can imagine;Der Umzug war anstrengend. – Das kann ich mir vorstellen.;Le déménagement était fatigant. – Je m'en doute.;The move was exhausting. – I can imagine.
expression;B1;Feste Verbindungen;Sich bewerben um;postuler à;to apply for;Er bewirbt sich um eine Stelle in Berlin.;Il postule à un poste à Berlin.;He is applying for a job in Berlin.
expression;B1;Feste Verbindungen;Sich gewöhnen an;s'habituer à;to get used to;Man gewöhnt sich schnell an das Klima.;On s'habitue vite au climat.;You quickly get used to the climate.
expression;B1;Feste Verbindungen;Sich erinnern an;se souvenir de;to remember;Ich erinnere mich gut an diesen Tag.;Je me souviens bien de ce jour.;I remember that day well.
expression;B1;Feste Verbindungen;Sich verlassen auf;compter sur;to rely on;Auf ihn kann man sich verlassen.;On peut compter sur lui.;You can rely on him.
expression;B1;Feste Verbindungen;Sich beschäftigen mit;s'occuper de, se pencher sur;to deal with;Sie beschäftigt sich mit alter Musik.;Elle se penche sur la musique ancienne.;She deals with early music.
expression;B1;Feste Verbindungen;Sich entscheiden für;opter pour;to decide on;Wir haben uns für die kleinere Wohnung entschieden.;Nous avons opté pour le plus petit appartement.;We decided on the smaller flat.
expression;B1;Feste Verbindungen;Sich bedanken für;remercier pour;to thank for;Ich möchte mich für Ihre Geduld bedanken.;Je voudrais vous remercier pour votre patience.;I would like to thank you for your patience.
expression;B1;Feste Verbindungen;Sich entschuldigen für;s'excuser de;to apologise for;Er hat sich für die Verspätung entschuldigt.;Il s'est excusé de son retard.;He apologised for being late.
expression;B1;Feste Verbindungen;Sich vorbereiten auf;se préparer à;to prepare for;Sie bereitet sich auf die Prüfung vor.;Elle se prépare à l'examen.;She is preparing for the exam.
expression;B1;Feste Verbindungen;Sich beteiligen an;participer à;to take part in;Viele haben sich an der Diskussion beteiligt.;Beaucoup ont participé à la discussion.;Many took part in the discussion.
expression;B1;Feste Verbindungen;Teilnehmen an;participer à;to attend;Er nimmt an einem Sprachkurs teil.;Il participe à un cours de langue.;He is attending a language course.
expression;B1;Feste Verbindungen;Abhängen von;dépendre de;to depend on;Das hängt vom Wetter ab.;Cela dépend du temps.;That depends on the weather.
expression;B1;Feste Verbindungen;Bestehen aus;être composé de;to consist of;Das Team besteht aus fünf Personen.;L'équipe est composée de cinq personnes.;The team consists of five people.
expression;B1;Feste Verbindungen;Gehören zu;faire partie de;to belong to;Das gehört zu meinen Aufgaben.;Cela fait partie de mes tâches.;That belongs to my duties.
expression;B1;Feste Verbindungen;Sorgen für;veiller à;to see to;Bitte sorgen Sie für Ruhe im Raum.;Veuillez veiller au calme dans la salle.;Please see to it that the room stays quiet.
expression;B1;Feste Verbindungen;Warten auf;attendre;to wait for;Wir warten seit einer Stunde auf den Bus.;Nous attendons le bus depuis une heure.;We've been waiting for the bus for an hour.
expression;B1;Feste Verbindungen;Denken an;penser à;to think of;Denk bitte an die Schlüssel!;Pense aux clés, s'il te plaît !;Please think of the keys!
expression;B1;Feste Verbindungen;Leiden unter;souffrir de;to suffer from;Viele leiden unter dem Lärm.;Beaucoup souffrent du bruit.;Many suffer from the noise.
expression;B1;Feste Verbindungen;Rechnen mit;s'attendre à;to reckon with;Wir rechnen mit einer Verspätung.;Nous nous attendons à un retard.;We're reckoning with a delay.
expression;B1;Feste Verbindungen;Einfluss haben auf;avoir une influence sur;to have an influence on;Das Wetter hat Einfluss auf die Ernte.;Le temps a une influence sur la récolte.;The weather has an influence on the harvest.
expression;B1;Feste Verbindungen;Zugang haben zu;avoir accès à;to have access to;Alle Studenten haben Zugang zur Bibliothek.;Tous les étudiants ont accès à la bibliothèque.;All students have access to the library.
expression;B1;Feste Verbindungen;Erfahrung sammeln;acquérir de l'expérience;to gain experience;Im Praktikum sammelt man wertvolle Erfahrung.;En stage, on acquiert une expérience précieuse.;You gain valuable experience during an internship.
expression;B1;Feste Verbindungen;Kritik üben an;critiquer;to criticise;Die Presse übt Kritik an dem Plan.;La presse critique le plan.;The press is criticising the plan.
expression;B1;Feste Verbindungen;Eine Ausnahme machen;faire une exception;to make an exception;Heute machen wir eine Ausnahme.;Aujourd'hui, nous faisons une exception.;Today we'll make an exception.
expression;B1;Feste Verbindungen;Zu Wort kommen;avoir la parole;to get a word in;In der Sitzung kam jeder zu Wort.;Lors de la réunion, chacun a eu la parole.;Everyone got a word in at the meeting.
expression;B1;Feste Verbindungen;Im Wege stehen;faire obstacle à;to stand in the way;Nichts steht dem Projekt mehr im Wege.;Plus rien ne fait obstacle au projet.;Nothing stands in the way of the project any more.
expression;B1;Feste Verbindungen;Auf sich warten lassen;se faire attendre;to be a long time coming;Die Antwort ließ lange auf sich warten.;La réponse s'est fait longtemps attendre.;The answer was a long time coming.
expression;B1;Feste Verbindungen;Den Ton angeben;donner le ton;to set the tone;In dieser Branche gibt er den Ton an.;Dans ce secteur, c'est lui qui donne le ton.;In this industry he sets the tone.
expression;B1;Feste Verbindungen;Ins Spiel bringen;mettre sur la table;to bring into play;Sie brachte ein neues Argument ins Spiel.;Elle a mis un nouvel argument sur la table.;She brought a new argument into play.
expression;B1;Feste Verbindungen;Zur Kenntnis nehmen;prendre acte de;to take note of;Wir haben Ihre Beschwerde zur Kenntnis genommen.;Nous avons pris acte de votre réclamation.;We have taken note of your complaint.
expression;B1;Feste Verbindungen;In Erfahrung bringen;se renseigner sur;to find out;Ich versuche, den Termin in Erfahrung zu bringen.;J'essaie de me renseigner sur la date.;I'm trying to find out the date.
expression;B1;Feste Verbindungen;Bezug nehmen auf;faire référence à;to refer to;Ich nehme Bezug auf Ihr Schreiben.;Je fais référence à votre courrier.;I refer to your letter.
expression;B1;Feste Verbindungen;Schritt halten mit;suivre le rythme de;to keep pace with;Kleine Firmen können kaum Schritt halten.;Les petites entreprises peinent à suivre le rythme.;Small firms can hardly keep pace.
expression;B1;Diskussion/Nuance;In gewisser Weise;d'une certaine manière;in a way;In gewisser Weise hast du recht.;D'une certaine manière, tu as raison.;In a way you're right.
expression;B1;Diskussion/Nuance;Mit Sicherheit;à coup sûr;certainly;Das wird mit Sicherheit funktionieren.;Cela fonctionnera à coup sûr.;That will certainly work.
expression;B1;Diskussion/Nuance;Unter anderem;entre autres;among other things;Wir sprachen unter anderem über die Kosten.;Nous avons parlé entre autres des coûts.;We talked about the costs, among other things.
expression;B1;Diskussion/Nuance;Zum einen ... zum anderen;d'une part ... d'autre part;for one thing ... for another;Zum einen fehlt Geld, zum anderen fehlt Zeit.;D'une part il manque de l'argent, d'autre part du temps.;For one thing there's no money, for another no time.
expression;B1;Diskussion/Nuance;Es sei denn;à moins que;unless;Wir fahren morgen, es sei denn, es schneit.;Nous partons demain, à moins qu'il neige.;We're leaving tomorrow, unless it snows.
expression;B1;Diskussion/Nuance;Abgesehen von;mis à part;apart from;Abgesehen vom Preis ist alles perfekt.;Mis à part le prix, tout est parfait.;Apart from the price, everything is perfect.
expression;B1;Diskussion/Nuance;Im Vergleich zu;par rapport à;compared to;Im Vergleich zu gestern ist es kalt.;Par rapport à hier, il fait froid.;Compared to yesterday it's cold.
expression;B1;Diskussion/Nuance;Was ... betrifft;en ce qui concerne;as far as ... is concerned;Was das Geld betrifft, bin ich vorsichtig.;En ce qui concerne l'argent, je suis prudent.;As far as money is concerned, I'm careful.
expression;B1;Diskussion/Nuance;Nicht zuletzt;notamment;not least;Nicht zuletzt wegen des Wetters blieben wir zu Hause.;Notamment à cause du temps, nous sommes restés à la maison.;Not least because of the weather, we stayed home.
expression;B1;Diskussion/Nuance;In der Tat;en effet;indeed;Das ist in der Tat ein Problem.;C'est en effet un problème.;That is indeed a problem.
expression;B1;Diskussion/Nuance;Offen gesagt;franchement;frankly;Offen gesagt gefällt mir der Plan nicht.;Franchement, le plan ne me plaît pas.;Frankly, I don't like the plan.
expression;B1;Diskussion/Nuance;Ehrlich gesagt;à vrai dire;to be honest;Ehrlich gesagt habe ich es vergessen.;À vrai dire, je l'ai oublié.;To be honest, I forgot.
expression;B1;Diskussion/Nuance;Genau genommen;à proprement parler;strictly speaking;Genau genommen ist das nicht erlaubt.;À proprement parler, ce n'est pas autorisé.;Strictly speaking that isn't allowed.
expression;B1;Diskussion/Nuance;Anders gesagt;autrement dit;put differently;Anders gesagt: wir müssen sparen.;Autrement dit : nous devons économiser.;Put differently: we have to save.
expression;B1;Diskussion/Nuance;Das Für und Wider;le pour et le contre;the pros and cons;Wir haben das Für und Wider abgewogen.;Nous avons pesé le pour et le contre.;We weighed up the pros and cons.
expression;B1;Diskussion/Nuance;Auf Anhieb;du premier coup;straight away;Sie hat die Aufgabe auf Anhieb gelöst.;Elle a résolu l'exercice du premier coup.;She solved the task straight away.
expression;B1;Gefühle/Reaktionen;Sich Mühe geben;se donner du mal;to make an effort;Er gibt sich große Mühe mit dem Text.;Il se donne beaucoup de mal avec le texte.;He is making a great effort with the text.
expression;B1;Gefühle/Reaktionen;Den Kopf verlieren;perdre la tête;to lose one's head;Auch im Stress verliert sie nie den Kopf.;Même sous le stress, elle ne perd jamais la tête.;Even under stress she never loses her head.
expression;B1;Gefühle/Reaktionen;An die Decke gehen;sortir de ses gonds;to hit the roof;Als er das hörte, ging er an die Decke.;Quand il a entendu ça, il est sorti de ses gonds.;When he heard that, he hit the roof.
expression;B1;Gefühle/Reaktionen;Sich fürchten vor;avoir peur de;to be afraid of;Das Kind fürchtet sich vor dem Gewitter.;L'enfant a peur de l'orage.;The child is afraid of the storm.
expression;B1;Gefühle/Reaktionen;Sich wundern über;s'étonner de;to be surprised at;Ich wundere mich über seine Reaktion.;Je m'étonne de sa réaction.;I'm surprised at his reaction.
expression;B1;Gefühle/Reaktionen;Sich schwertun mit;avoir du mal avec;to struggle with;Ich tue mich schwer mit dem Dativ.;J'ai du mal avec le datif.;I struggle with the dative.
expression;B1;Gefühle/Reaktionen;Die Fassung verlieren;perdre son sang-froid;to lose composure;Trotz der Vorwürfe verlor er nicht die Fassung.;Malgré les reproches, il n'a pas perdu son sang-froid.;Despite the accusations he didn't lose his composure.
expression;B1;Gefühle/Reaktionen;Auf Wolke sieben schweben;être au septième ciel;to be on cloud nine;Seit der Hochzeit schwebt sie auf Wolke sieben.;Depuis le mariage, elle est au septième ciel.;Since the wedding she's been on cloud nine.
expression;B1;Gefühle/Reaktionen;Jemandem peinlich sein;être gênant pour quelqu'un;to be embarrassing;Der Fehler war mir sehr peinlich.;Cette erreur m'a beaucoup gêné.;The mistake was very embarrassing for me.
expression;B1;Gefühle/Reaktionen;Sich Luft machen;vider son sac;to let off steam;Er musste sich einmal Luft machen.;Il avait besoin de vider son sac.;He needed to let off steam.
expression;B1;Alltag/Organisation;Einen Antrag ausfüllen;remplir un formulaire;to fill in an application;Bitte füllen Sie den Antrag vollständig aus.;Veuillez remplir entièrement le formulaire.;Please fill in the application completely.
expression;B1;Alltag/Organisation;Sich krankmelden;se déclarer malade;to call in sick;Ich muss mich heute krankmelden.;Je dois me déclarer malade aujourd'hui.;I have to call in sick today.
expression;B1;Alltag/Organisation;Urlaub nehmen;prendre des congés;to take time off;Im August nehme ich zwei Wochen Urlaub.;En août, je prends deux semaines de congés.;In August I'm taking two weeks off.
expression;B1;Alltag/Organisation;Überstunden machen;faire des heures supplémentaires;to work overtime;Diese Woche mache ich viele Überstunden.;Cette semaine, je fais beaucoup d'heures supplémentaires.;This week I'm working a lot of overtime.
expression;B1;Alltag/Organisation;Den Termin verschieben;reporter le rendez-vous;to postpone the appointment;Können wir den Termin verschieben?;Pouvons-nous reporter le rendez-vous ?;Can we postpone the appointment?
expression;B1;Alltag/Organisation;Eine Frist einhalten;respecter un délai;to meet a deadline;Wir müssen die Frist unbedingt einhalten.;Nous devons absolument respecter le délai.;We absolutely have to meet the deadline.
expression;B1;Alltag/Organisation;Kontakt aufnehmen;prendre contact;to get in touch;Nehmen Sie bitte mit der Zentrale Kontakt auf.;Veuillez prendre contact avec le siège.;Please get in touch with head office.
expression;B1;Alltag/Organisation;Den Überblick behalten;garder une vue d'ensemble;to keep track;Bei so vielen Terminen behalte ich kaum den Überblick.;Avec autant de rendez-vous, je garde à peine une vue d'ensemble.;With so many appointments I can hardly keep track.
expression;B1;Alltag/Organisation;Prioritäten setzen;définir des priorités;to set priorities;Man muss klare Prioritäten setzen.;Il faut définir des priorités claires.;You have to set clear priorities.
expression;B1;Alltag/Organisation;Etwas in Angriff nehmen;s'attaquer à quelque chose;to tackle something;Morgen nehmen wir das Projekt in Angriff.;Demain, nous nous attaquons au projet.;Tomorrow we'll tackle the project.
expression;B1;Alltag/Organisation;Auf Nummer sicher gehen;jouer la sécurité;to play it safe;Ich gehe lieber auf Nummer sicher und buche früh.;Je préfère jouer la sécurité et réserver tôt.;I'd rather play it safe and book early.
expression;B1;Alltag/Organisation;Sich Zeit lassen;prendre son temps;to take one's time;Lass dir Zeit, es eilt nicht.;Prends ton temps, rien ne presse.;Take your time, there's no rush.
expression;B1;Meinung/Zustimmung;Ich bin überzeugt;je suis convaincu;I'm convinced;Ich bin überzeugt, dass es klappt.;Je suis convaincu que ça va marcher.;I'm convinced it will work.
expression;B1;Meinung/Zustimmung;Das leuchtet mir ein;ça me paraît logique;that makes sense to me;Deine Erklärung leuchtet mir ein.;Ton explication me paraît logique.;Your explanation makes sense to me.
expression;B1;Meinung/Zustimmung;Das steht außer Frage;cela ne fait aucun doute;that's beyond question;Seine Kompetenz steht außer Frage.;Sa compétence ne fait aucun doute.;His competence is beyond question.
expression;B1;Meinung/Zustimmung;Ich halte es für;je considère cela comme;I consider it;Ich halte es für einen Fehler.;Je considère cela comme une erreur.;I consider it a mistake.
expression;B1;Meinung/Zustimmung;Ich bin dafür;je suis pour;I'm in favour;Ich bin dafür, dass wir früher anfangen.;Je suis pour qu'on commence plus tôt.;I'm in favour of starting earlier.
expression;B1;Meinung/Zustimmung;Ich bin dagegen;je suis contre;I'm against it;Ich bin dagegen, das ist zu riskant.;Je suis contre, c'est trop risqué.;I'm against it, that's too risky.
expression;B1;Meinung/Zustimmung;Es spricht viel dafür;il y a de bonnes raisons;there's a lot to be said for it;Es spricht viel dafür, jetzt zu handeln.;Il y a de bonnes raisons d'agir maintenant.;There's a lot to be said for acting now.
expression;B1;Meinung/Zustimmung;Darüber lässt sich streiten;c'est discutable;that's debatable;Ob das schöner ist, darüber lässt sich streiten.;Que ce soit plus beau, c'est discutable.;Whether that's nicer is debatable.
expression;B1;Meinung/Zustimmung;Das sehe ich genauso;je vois les choses de la même façon;I see it the same way;Das sehe ich genauso wie du.;Je vois les choses exactement comme toi.;I see it exactly the same way as you.
expression;B1;Meinung/Zustimmung;Ich bezweifle, dass;je doute que;I doubt that;Ich bezweifle, dass er pünktlich kommt.;Je doute qu'il arrive à l'heure.;I doubt that he'll arrive on time.
expression;B1;Begrüßung/Small Talk;Was gibt's Neues?;quoi de neuf ?;what's new?;Lange nicht gesprochen, was gibt's Neues?;Ça fait longtemps, quoi de neuf ?;Long time no talk, what's new?
expression;B1;Begrüßung/Small Talk;Lass von dir hören;donne de tes nouvelles;keep in touch;Mach's gut und lass von dir hören!;Porte-toi bien et donne de tes nouvelles !;Take care and keep in touch!
expression;B1;Begrüßung/Small Talk;Schön, dich zu sehen;content de te voir;good to see you;Schön, dich zu sehen, setz dich doch!;Content de te voir, assieds-toi donc !;Good to see you, do sit down!
expression;B1;Begrüßung/Small Talk;Grüße ausrichten;transmettre le bonjour;to pass on regards;Richte deiner Mutter Grüße aus!;Transmets le bonjour à ta mère !;Pass on my regards to your mother!
expression;B1;Begrüßung/Small Talk;Man sieht sich;on se reverra;see you around;Tschüss, man sieht sich!;Salut, on se reverra !;Bye, see you around!
expression;B1;Begrüßung/Small Talk;Ich melde mich;je te fais signe;I'll be in touch;Ich melde mich, sobald ich mehr weiß.;Je te fais signe dès que j'en sais plus.;I'll be in touch as soon as I know more.
expression;B1;Gefühle/Reaktionen;Auf die Idee kommen;avoir l'idée de;to hit upon the idea;Wie bist du auf diese Idee gekommen?;Comment as-tu eu cette idée ?;How did you hit upon that idea?
expression;B1;Alltag/Organisation;Eine Gelegenheit nutzen;saisir une occasion;to seize an opportunity;Er hat die Gelegenheit sofort genutzt.;Il a saisi l'occasion immédiatement.;He seized the opportunity at once.
expression;B1;Gefühle/Reaktionen;Sich Gedanken machen über;se faire du souci pour;to worry about;Mach dir keine Gedanken über die Prüfung.;Ne te fais pas de souci pour l'examen.;Don't worry about the exam.
expression;B1;Alltag/Organisation;Zu Ende bringen;mener à terme;to finish off;Ich möchte das Projekt zu Ende bringen.;Je voudrais mener le projet à terme.;I'd like to finish the project off.
expression;B1;Feste Verbindungen;Wort halten;tenir parole;to keep one's word;Er hält immer Wort.;Il tient toujours parole.;He always keeps his word.
expression;B1;Feste Verbindungen;Sich durchsetzen;s'imposer;to assert oneself;Sie hat sich gegen die Konkurrenz durchgesetzt.;Elle s'est imposée face à la concurrence.;She asserted herself against the competition.
expression;B1;Alltag/Organisation;Eine Ausrede finden;trouver une excuse;to find an excuse;Er findet immer eine Ausrede.;Il trouve toujours une excuse.;He always finds an excuse.
expression;B1;Alltag/Organisation;Sich Notizen machen;prendre des notes;to take notes;Ich mache mir während der Sitzung Notizen.;Je prends des notes pendant la réunion.;I take notes during the meeting.
expression;B1;Alltag/Organisation;Den Anfang machen;ouvrir le bal;to make a start;Wer macht den Anfang?;Qui ouvre le bal ?;Who's going to make a start?
expression;B1;Gefühle/Reaktionen;Das Beste daraus machen;en tirer le meilleur parti;to make the best of it;Das Wetter ist schlecht, machen wir das Beste daraus.;Le temps est mauvais, tirons-en le meilleur parti.;The weather is bad, let's make the best of it.
expression;B1;Feste Verbindungen;Sich einen Namen machen;se faire un nom;to make a name for oneself;Er hat sich als Architekt einen Namen gemacht.;Il s'est fait un nom comme architecte.;He has made a name for himself as an architect.
expression;B1;Alltag/Organisation;Auf eigene Kosten;à ses propres frais;at one's own expense;Sie ist auf eigene Kosten gereist.;Elle a voyagé à ses propres frais.;She travelled at her own expense.
expression;B1;Diskussion/Nuance;Von Vorteil sein;être un avantage;to be an advantage;Sprachkenntnisse sind hier von Vorteil.;Les connaissances linguistiques sont un avantage ici.;Language skills are an advantage here.
expression;B1;Diskussion/Nuance;Von Nachteil sein;être un inconvénient;to be a disadvantage;Die Lage ist eher von Nachteil.;L'emplacement est plutôt un inconvénient.;The location is rather a disadvantage.
expression;B1;Alltag/Organisation;Sich etwas leisten können;pouvoir se permettre;to be able to afford;Das können wir uns nicht leisten.;Nous ne pouvons pas nous le permettre.;We can't afford that.
expression;B1;Feste Verbindungen;Auf die Probe stellen;mettre à l'épreuve;to put to the test;Der Umzug stellte unsere Geduld auf die Probe.;Le déménagement a mis notre patience à l'épreuve.;The move put our patience to the test.
expression;B1;Alltag/Organisation;Hand anlegen;mettre la main à la pâte;to lend a hand;Alle haben mit angelegt.;Tout le monde a mis la main à la pâte.;Everyone lent a hand.
expression;B1;Diskussion/Nuance;Keine Rolle spielen;ne pas importer;to make no difference;Der Preis spielt hier keine Rolle.;Le prix n'importe pas ici.;The price makes no difference here.
expression;B1;Feste Verbindungen;Das Wort ergreifen;prendre la parole;to take the floor;Nach ihm ergriff die Direktorin das Wort.;Après lui, la directrice a pris la parole.;After him the director took the floor.
expression;B2;Feste Verbindungen;in Kauf nehmen;accepter (un inconvénient);to put up with;Für die günstige Miete nehmen wir den Lärm in Kauf.;Pour ce loyer bas, nous acceptons le bruit.;For the low rent we put up with the noise.
expression;B2;Feste Verbindungen;zum Ausdruck bringen;exprimer;to express;Er brachte seine Enttäuschung deutlich zum Ausdruck.;Il a clairement exprimé sa déception.;He clearly expressed his disappointment.
expression;B2;Feste Verbindungen;in Betracht ziehen;prendre en considération;to take into consideration;Wir ziehen auch andere Lösungen in Betracht.;Nous prenons aussi d'autres solutions en considération.;We're taking other solutions into consideration too.
expression;B2;Feste Verbindungen;zur Folge haben;avoir pour conséquence;to result in;Die Reform hatte höhere Kosten zur Folge.;La réforme a eu pour conséquence des coûts plus élevés.;The reform resulted in higher costs.
expression;B2;Feste Verbindungen;in Anspruch genommen werden;être sollicité;to be called upon;Der Dienst wird stark in Anspruch genommen.;Le service est fortement sollicité.;The service is heavily called upon.
expression;B2;Diskussion/Nuance;eine Rolle rückwärts machen;faire volte-face;to backtrack;Die Partei hat eine Rolle rückwärts gemacht.;Le parti a fait volte-face.;The party backtracked.
expression;B2;Gefühle/Reaktionen;aus dem Ruder laufen;déraper, échapper à tout contrôle;to get out of hand;Die Kosten sind völlig aus dem Ruder gelaufen.;Les coûts ont complètement dérapé.;The costs got completely out of hand.
expression;B2;Feste Verbindungen;ins Auge fassen;envisager;to envisage;Wir fassen einen früheren Termin ins Auge.;Nous envisageons une date plus rapprochée.;We're envisaging an earlier date.
expression;B2;Gefühle/Reaktionen;unter Druck stehen;être sous pression;to be under pressure;Das Team steht seit Wochen unter Druck.;L'équipe est sous pression depuis des semaines.;The team has been under pressure for weeks.
expression;B2;Diskussion/Nuance;auf dem Spiel stehen;être en jeu;to be at stake;Hier steht die Glaubwürdigkeit auf dem Spiel.;Ici, la crédibilité est en jeu.;Credibility is at stake here.
expression;B2;Diskussion/Nuance;ins Gewicht fallen;peser dans la balance;to carry weight;Dieser Punkt fällt kaum ins Gewicht.;Ce point pèse à peine dans la balance.;This point hardly carries any weight.
expression;B2;Diskussion/Nuance;den Rahmen sprengen;dépasser le cadre;to go beyond the scope;Das würde den Rahmen dieser Sitzung sprengen.;Cela dépasserait le cadre de cette réunion.;That would go beyond the scope of this meeting.
expression;B2;Diskussion/Nuance;auf lange Sicht;à long terme;in the long run;Auf lange Sicht lohnt sich die Investition.;À long terme, l'investissement est rentable.;In the long run the investment pays off.
expression;B2;Diskussion/Nuance;im Nachhinein;rétrospectivement;in hindsight;Im Nachhinein war die Entscheidung richtig.;Rétrospectivement, la décision était juste.;In hindsight the decision was right.
expression;B2;Diskussion/Nuance;nach wie vor;toujours, comme avant;still, as ever;Die Lage ist nach wie vor unklar.;La situation est toujours aussi peu claire.;The situation is still unclear.
expression;B2;Diskussion/Nuance;in erster Linie;en premier lieu;primarily;Es geht in erster Linie um die Sicherheit.;Il s'agit en premier lieu de la sécurité.;It's primarily about safety.
expression;B2;Diskussion/Nuance;im Zuge;dans le cadre de;in the course of;Im Zuge der Renovierung wurde alles erneuert.;Dans le cadre de la rénovation, tout a été refait.;In the course of the renovation everything was renewed.
expression;B2;Diskussion/Nuance;unter dem Strich;au bout du compte;at the end of the day;Unter dem Strich haben wir gespart.;Au bout du compte, nous avons économisé.;At the end of the day we saved money.
expression;B2;Diskussion/Nuance;das Fazit ziehen;tirer le bilan;to draw a conclusion;Ziehen wir das Fazit aus diesem Jahr.;Tirons le bilan de cette année.;Let's draw the conclusion from this year.
expression;B2;Meinung/Zustimmung;Stellung nehmen;prendre position;to take a stand;Die Firma hat dazu noch nicht Stellung genommen.;L'entreprise n'a pas encore pris position là-dessus.;The company hasn't taken a stand on this yet.
expression;B2;Meinung/Zustimmung;sich einig sein;être d'accord entre soi;to be in agreement;Wir sind uns in diesem Punkt einig.;Nous sommes d'accord sur ce point.;We are in agreement on this point.
expression;B2;Meinung/Zustimmung;im Prinzip;en principe;in principle;Im Prinzip bin ich einverstanden.;En principe, je suis d'accord.;In principle I agree.
expression;B2;Meinung/Zustimmung;das lässt sich nicht leugnen;on ne peut le nier;there's no denying it;Der Aufwand war groß, das lässt sich nicht leugnen.;L'effort a été considérable, on ne peut le nier.;The effort was great, there's no denying it.
expression;B2;Meinung/Zustimmung;das ist Ansichtssache;c'est une question de point de vue;that's a matter of opinion;Ob das schön ist, ist Ansichtssache.;Savoir si c'est beau est une question de point de vue.;Whether that's beautiful is a matter of opinion.
expression;B2;Feste Verbindungen;einen Bärendienst erweisen;rendre un mauvais service;to do a disservice;Damit hat er ihr einen Bärendienst erwiesen.;Il lui a ainsi rendu un mauvais service.;With that he did her a disservice.
expression;B2;Gefühle/Reaktionen;über den Berg sein;avoir passé le plus dur;to be over the worst;Nach der Operation ist sie über den Berg.;Après l'opération, elle a passé le plus dur.;After the operation she's over the worst.
expression;B2;Gefühle/Reaktionen;die Daumen drücken;croiser les doigts;to keep one's fingers crossed;Ich drücke dir die Daumen für morgen!;Je croise les doigts pour toi demain !;I'm keeping my fingers crossed for you tomorrow!
expression;B2;Gefühle/Reaktionen;aus dem Häuschen sein;être fou de joie;to be over the moon;Die Kinder waren völlig aus dem Häuschen.;Les enfants étaient fous de joie.;The children were completely over the moon.
expression;B2;Gefühle/Reaktionen;kalte Füße bekommen;se dégonfler;to get cold feet;Kurz vor der Unterschrift bekam er kalte Füße.;Juste avant de signer, il s'est dégonflé.;Just before signing he got cold feet.
expression;B2;Gefühle/Reaktionen;den Faden verlieren;perdre le fil;to lose the thread;Bei der Präsentation hat sie den Faden verloren.;Pendant la présentation, elle a perdu le fil.;During the presentation she lost the thread.
expression;B2;Gefühle/Reaktionen;ins kalte Wasser springen;se jeter à l'eau;to jump in at the deep end;Am ersten Arbeitstag musste er ins kalte Wasser springen.;Le premier jour de travail, il a dû se jeter à l'eau.;On his first day he had to jump in at the deep end.
expression;B2;Diskussion/Nuance;unter den Teppich kehren;passer sous silence;to sweep under the carpet;Dieses Problem darf man nicht unter den Teppich kehren.;On ne doit pas passer ce problème sous silence.;This problem mustn't be swept under the carpet.
expression;B2;Diskussion/Nuance;mit anderen Augen sehen;voir d'un autre œil;to see differently;Seitdem sehe ich die Sache mit anderen Augen.;Depuis, je vois la chose d'un autre œil.;Since then I see the matter differently.
expression;B2;Feste Verbindungen;Hand in Hand arbeiten;travailler main dans la main;to work hand in hand;Die beiden Abteilungen arbeiten Hand in Hand.;Les deux services travaillent main dans la main.;The two departments work hand in hand.
expression;B2;Alltag/Organisation;auf eigene Faust;de son propre chef;on one's own initiative;Sie hat die Stadt auf eigene Faust erkundet.;Elle a exploré la ville de son propre chef.;She explored the city on her own initiative.
expression;B2;Alltag/Organisation;über kurz oder lang;tôt ou tard;sooner or later;Über kurz oder lang müssen wir umziehen.;Tôt ou tard, nous devrons déménager.;Sooner or later we'll have to move.
expression;B2;Alltag/Organisation;in letzter Minute;à la dernière minute;at the last minute;Der Termin wurde in letzter Minute abgesagt.;Le rendez-vous a été annulé à la dernière minute.;The appointment was cancelled at the last minute.
expression;B2;Alltag/Organisation;im Handumdrehen;en un tournemain;in no time;Das ist im Handumdrehen erledigt.;C'est réglé en un tournemain.;That's done in no time.
expression;B2;Alltag/Organisation;von Grund auf;de fond en comble;from the ground up;Das Haus wurde von Grund auf saniert.;La maison a été rénovée de fond en comble.;The house was renovated from the ground up.
expression;B2;Alltag/Organisation;in vollem Gange;en plein essor, battant son plein;in full swing;Die Vorbereitungen sind in vollem Gange.;Les préparatifs battent leur plein.;The preparations are in full swing.
expression;B2;Diskussion/Nuance;sich in Grenzen halten;rester limité;to be limited;Die Begeisterung hielt sich in Grenzen.;L'enthousiasme est resté limité.;The enthusiasm was limited.
expression;B2;Feste Verbindungen;ein Auge zudrücken;fermer les yeux (sur qch);to turn a blind eye;Diesmal drücke ich ein Auge zu.;Cette fois, je ferme les yeux.;This time I'll turn a blind eye.
expression;B2;Gefühle/Reaktionen;auf dem Schlauch stehen;ne pas piger;to be stumped;Bei dieser Aufgabe stehe ich völlig auf dem Schlauch.;Sur cet exercice, je ne pige vraiment rien.;With this task I'm completely stumped.
expression;B2;Meinung/Zustimmung;Klartext reden;parler franchement;to speak plainly;Reden wir Klartext: das reicht nicht.;Parlons franchement : ça ne suffit pas.;Let's speak plainly: that's not enough.
expression;B2;Diskussion/Nuance;das A und O;l'essentiel, la clé;the be-all and end-all;Regelmäßiges Üben ist das A und O.;S'exercer régulièrement, c'est l'essentiel.;Regular practice is the be-all and end-all.
expression;B2;Feste Verbindungen;Zur Debatte stehen;être en discussion;to be under debate;Diese Frage steht heute nicht zur Debatte.;Cette question n'est pas en discussion aujourd'hui.;That question is not under debate today.
expression;B2;Feste Verbindungen;In Erwägung ziehen;envisager;to consider;Wir ziehen einen Standortwechsel in Erwägung.;Nous envisageons un changement de site.;We are considering a change of location.
expression;B2;Feste Verbindungen;Rechnung tragen;tenir compte de;to take account of;Der Plan trägt den neuen Vorschriften Rechnung.;Le plan tient compte des nouvelles règles.;The plan takes account of the new rules.
expression;B2;Feste Verbindungen;Anspruch erheben auf;revendiquer;to lay claim to;Beide Seiten erheben Anspruch auf das Gebiet.;Les deux camps revendiquent le territoire.;Both sides lay claim to the territory.
expression;B2;Feste Verbindungen;Bilanz ziehen;faire le bilan;to take stock;Am Jahresende ziehen wir Bilanz.;En fin d'année, nous faisons le bilan.;At the end of the year we take stock.
expression;B2;Feste Verbindungen;Maßnahmen ergreifen;prendre des mesures;to take measures;Die Stadt hat rasch Maßnahmen ergriffen.;La ville a rapidement pris des mesures.;The city quickly took measures.
expression;B2;Feste Verbindungen;Konsequenzen ziehen;en tirer les conséquences;to draw conclusions;Er hat aus dem Fehler Konsequenzen gezogen.;Il a tiré les conséquences de son erreur.;He drew conclusions from the mistake.
expression;B2;Feste Verbindungen;In Kraft treten;entrer en vigueur;to come into force;Das Gesetz tritt im Januar in Kraft.;La loi entre en vigueur en janvier.;The law comes into force in January.
expression;B2;Feste Verbindungen;Außer Kraft setzen;abroger;to repeal;Die Regelung wurde außer Kraft gesetzt.;La disposition a été abrogée.;The regulation was repealed.
expression;B2;Feste Verbindungen;Gebrauch machen von;faire usage de;to make use of;Sie machte von ihrem Recht Gebrauch.;Elle a fait usage de son droit.;She made use of her right.
expression;B2;Feste Verbindungen;Sich erweisen als;s'avérer être;to prove to be;Die Idee erwies sich als richtig.;L'idée s'est avérée juste.;The idea proved to be right.
expression;B2;Feste Verbindungen;Zum Tragen kommen;prendre effet;to come into play;Hier kommt seine Erfahrung zum Tragen.;C'est ici que son expérience prend effet.;This is where his experience comes into play.
expression;B2;Feste Verbindungen;Zur Diskussion stellen;soumettre à la discussion;to put up for discussion;Ich möchte diesen Punkt zur Diskussion stellen.;Je voudrais soumettre ce point à la discussion.;I'd like to put this point up for discussion.
expression;B2;Feste Verbindungen;Position beziehen;prendre position;to take a stand;Die Partei musste klar Position beziehen.;Le parti a dû prendre clairement position.;The party had to take a clear stand.
expression;B2;Feste Verbindungen;Den Anschein erwecken;donner l'impression;to give the impression;Das erweckt den Anschein von Willkür.;Cela donne l'impression d'arbitraire.;That gives the impression of arbitrariness.
expression;B2;Feste Verbindungen;Auf Widerstand stoßen;se heurter à une résistance;to meet with resistance;Der Vorschlag stieß auf heftigen Widerstand.;La proposition s'est heurtée à une vive résistance.;The proposal met with fierce resistance.
expression;B2;Feste Verbindungen;Anklang finden;être bien accueilli;to go down well;Die Idee fand bei den Kunden großen Anklang.;L'idée a été très bien accueillie par les clients.;The idea went down very well with customers.
expression;B2;Feste Verbindungen;Beachtung finden;être remarqué;to attract attention;Seine Studie fand internationale Beachtung.;Son étude a été remarquée à l'international.;His study attracted international attention.
expression;B2;Feste Verbindungen;Nach sich ziehen;entraîner;to entail;Diese Entscheidung zieht hohe Kosten nach sich.;Cette décision entraîne des coûts élevés.;This decision entails high costs.
expression;B2;Feste Verbindungen;Sich niederschlagen in;se traduire par;to be reflected in;Der Erfolg schlägt sich in den Zahlen nieder.;Le succès se traduit par les chiffres.;The success is reflected in the figures.
expression;B2;Feste Verbindungen;Zu Buche schlagen;peser dans la balance;to add up;Die Reisekosten schlagen deutlich zu Buche.;Les frais de voyage pèsent nettement dans la balance.;Travel costs really add up.
expression;B2;Feste Verbindungen;Den Grundstein legen;poser la première pierre;to lay the foundation;Damit wurde der Grundstein für den Erfolg gelegt.;C'est ainsi qu'a été posée la première pierre du succès.;That laid the foundation for the success.
expression;B2;Feste Verbindungen;Die Weichen stellen;donner l'orientation;to set the course;Jetzt werden die Weichen für die Zukunft gestellt.;C'est maintenant qu'on donne l'orientation pour l'avenir.;The course for the future is being set now.
expression;B2;Feste Verbindungen;Unter die Lupe nehmen;examiner de près;to scrutinise;Der Bericht wurde genau unter die Lupe genommen.;Le rapport a été examiné de très près.;The report was closely scrutinised.
expression;B2;Feste Verbindungen;Zu Rate ziehen;consulter;to consult;Wir sollten einen Fachmann zu Rate ziehen.;Nous devrions consulter un spécialiste.;We should consult an expert.
expression;B2;Feste Verbindungen;In Aussicht stellen;faire miroiter;to hold out the prospect of;Man hat ihm eine Beförderung in Aussicht gestellt.;On lui a fait miroiter une promotion.;He was held out the prospect of a promotion.
expression;B2;Feste Verbindungen;Abhilfe schaffen;remédier à la situation;to remedy the situation;Hier muss dringend Abhilfe geschaffen werden.;Il faut ici remédier d'urgence à la situation.;The situation urgently needs remedying.
expression;B2;Feste Verbindungen;Den Ausschlag geben;faire pencher la balance;to tip the scales;Der Preis gab schließlich den Ausschlag.;C'est le prix qui a finalement fait pencher la balance.;In the end the price tipped the scales.
expression;B2;Feste Verbindungen;Eine Lanze brechen für;prendre fait et cause pour;to champion;Er brach eine Lanze für die jungen Kollegen.;Il a pris fait et cause pour les jeunes collègues.;He championed the younger colleagues.
expression;B2;Feste Verbindungen;In Verruf geraten;tomber en discrédit;to fall into disrepute;Die Methode ist zu Recht in Verruf geraten.;La méthode est tombée en discrédit à juste titre.;The method has rightly fallen into disrepute.
expression;B2;Diskussion/Nuance;Bei näherer Betrachtung;à y regarder de plus près;on closer inspection;Bei näherer Betrachtung stimmt das nicht.;À y regarder de plus près, c'est faux.;On closer inspection that isn't true.
expression;B2;Diskussion/Nuance;Nichtsdestotrotz;néanmoins;nevertheless;Nichtsdestotrotz halte ich an dem Plan fest.;Néanmoins, je maintiens le plan.;Nevertheless I'm sticking to the plan.
expression;B2;Diskussion/Nuance;Gleichwohl;toutefois;nonetheless;Der Preis ist hoch, gleichwohl lohnt es sich.;Le prix est élevé, toutefois cela en vaut la peine.;The price is high, nonetheless it's worth it.
expression;B2;Diskussion/Nuance;Insofern als;dans la mesure où;insofar as;Das gilt insofern, als die Daten stimmen.;Cela vaut dans la mesure où les données sont exactes.;That holds insofar as the data are correct.
expression;B2;Diskussion/Nuance;Angesichts;compte tenu de;in view of;Angesichts der Lage bleiben wir vorsichtig.;Compte tenu de la situation, nous restons prudents.;In view of the situation we remain cautious.
expression;B2;Diskussion/Nuance;Infolgedessen;par conséquent;consequently;Es regnete stark, infolgedessen fiel das Spiel aus.;Il pleuvait fort, par conséquent le match a été annulé.;It rained heavily, consequently the match was cancelled.
expression;B2;Diskussion/Nuance;Wohlgemerkt;notons-le bien;mind you;Das gilt, wohlgemerkt, nur für Neukunden.;Cela vaut, notons-le bien, uniquement pour les nouveaux clients.;That applies, mind you, only to new customers.
expression;B2;Diskussion/Nuance;Bekanntlich;comme chacun sait;as is well known;Bekanntlich ist Übung der beste Lehrer.;Comme chacun sait, la pratique est le meilleur maître.;As is well known, practice is the best teacher.
expression;B2;Diskussion/Nuance;Vermeintlich;prétendument;supposedly;Der vermeintliche Fehler war keiner.;La prétendue erreur n'en était pas une.;The supposed mistake was not one.
expression;B2;Diskussion/Nuance;Im Umkehrschluss;a contrario;conversely;Im Umkehrschluss heißt das nicht, dass alle einverstanden sind.;A contrario, cela ne signifie pas que tous sont d'accord.;Conversely, that doesn't mean everyone agrees.
expression;B2;Diskussion/Nuance;Um es auf den Punkt zu bringen;pour résumer l'essentiel;to put it in a nutshell;Um es auf den Punkt zu bringen: es fehlt Geld.;Pour résumer l'essentiel : il manque de l'argent.;To put it in a nutshell: money is missing.
expression;B2;Diskussion/Nuance;Hand aufs Herz;franchement, la main sur le cœur;honestly now;Hand aufs Herz, hättest du es anders gemacht?;Franchement, l'aurais-tu fait autrement ?;Honestly now, would you have done it differently?
expression;B2;Diskussion/Nuance;Schlicht und einfach;purement et simplement;quite simply;Das ist schlicht und einfach falsch.;C'est purement et simplement faux.;That is quite simply wrong.
expression;B2;Diskussion/Nuance;Letzten Endes;en fin de compte;in the end;Letzten Endes zählt nur das Ergebnis.;En fin de compte, seul le résultat compte.;In the end only the result counts.
expression;B2;Diskussion/Nuance;Im Endeffekt;au bout du compte;ultimately;Im Endeffekt haben alle davon profitiert.;Au bout du compte, tout le monde en a profité.;Ultimately everyone benefited from it.
expression;B2;Diskussion/Nuance;Bei allem Respekt;avec tout le respect que je vous dois;with all due respect;Bei allem Respekt, das sehe ich anders.;Avec tout le respect que je vous dois, je vois cela autrement.;With all due respect, I see it differently.
expression;B2;Diskussion/Nuance;Gelinde gesagt;c'est le moins qu'on puisse dire;to put it mildly;Das war, gelinde gesagt, unklug.;C'était maladroit, c'est le moins qu'on puisse dire.;That was, to put it mildly, unwise.
expression;B2;Diskussion/Nuance;Ganz zu schweigen von;sans parler de;not to mention;Es kostet Zeit, ganz zu schweigen vom Geld.;Cela coûte du temps, sans parler de l'argent.;It costs time, not to mention money.
expression;B2;Diskussion/Nuance;Es liegt auf der Hand;cela va de soi;it's obvious;Es liegt auf der Hand, dass wir handeln müssen.;Il va de soi que nous devons agir.;It's obvious that we have to act.
expression;B2;Diskussion/Nuance;Das ändert nichts daran;cela n'y change rien;that doesn't change the fact;Das ändert nichts daran, dass die Frist gilt.;Cela n'y change rien : le délai s'applique.;That doesn't change the fact that the deadline applies.
expression;B2;Meinung/Zustimmung;Etwas in Frage stellen;remettre en question;to call into question;Niemand stellt seine Kompetenz in Frage.;Personne ne remet en question sa compétence.;Nobody calls his competence into question.
expression;B2;Meinung/Zustimmung;Dem ist nichts hinzuzufügen;il n'y a rien à ajouter;there's nothing to add;Gut gesagt — dem ist nichts hinzuzufügen.;Bien dit — il n'y a rien à ajouter.;Well said — there's nothing to add.
expression;B2;Meinung/Zustimmung;Das steht auf einem anderen Blatt;c'est une autre histoire;that's another story;Ob es sich lohnt, steht auf einem anderen Blatt.;Savoir si cela en vaut la peine est une autre histoire.;Whether it's worth it is another story.
expression;B2;Meinung/Zustimmung;Ich wage zu behaupten;j'ose affirmer;I dare say;Ich wage zu behaupten, dass es funktioniert.;J'ose affirmer que cela fonctionne.;I dare say it works.
expression;B2;Meinung/Zustimmung;Nicht von der Hand zu weisen;indéniable;not to be dismissed;Dieses Argument ist nicht von der Hand zu weisen.;Cet argument est indéniable.;This argument is not to be dismissed.
expression;B2;Meinung/Zustimmung;Daran führt kein Weg vorbei;on ne peut pas y couper;there's no way around it;Wir müssen sparen, daran führt kein Weg vorbei.;Nous devons économiser, on ne peut pas y couper.;We have to save, there's no way around it.
expression;B2;Meinung/Zustimmung;Das kann man so nicht stehen lassen;on ne peut pas laisser dire cela;you can't let that stand;Das kann man so nicht stehen lassen, es fehlt der Kontext.;On ne peut pas laisser dire cela, le contexte manque.;You can't let that stand, the context is missing.
expression;B2;Meinung/Zustimmung;Ich teile diese Ansicht;je partage cet avis;I share that view;Ich teile diese Ansicht uneingeschränkt.;Je partage cet avis sans réserve.;I share that view entirely.
expression;B2;Begrüßung/Small Talk;Grüß Gott;bonjour (sud de l'Allemagne, Autriche);hello (southern German);Grüß Gott, was darf es sein?;Bonjour, que puis-je vous servir ?;Hello, what can I get you?
expression;B2;Begrüßung/Small Talk;Wie darf ich Ihnen helfen?;en quoi puis-je vous aider ?;how may I help you?;Guten Tag, wie darf ich Ihnen helfen?;Bonjour, en quoi puis-je vous aider ?;Good day, how may I help you?
expression;B2;Begrüßung/Small Talk;Es freut mich, Sie kennenzulernen;ravi de faire votre connaissance;pleased to meet you;Es freut mich, Sie kennenzulernen, Herr Berger.;Ravi de faire votre connaissance, Monsieur Berger.;Pleased to meet you, Mr Berger.
expression;B2;Begrüßung/Small Talk;Bleiben Sie gesund;portez-vous bien;stay well;Auf Wiedersehen und bleiben Sie gesund!;Au revoir et portez-vous bien !;Goodbye and stay well!
expression;B2;Begrüßung/Small Talk;Lassen Sie es sich gut gehen;prenez soin de vous;take good care;Schönen Urlaub und lassen Sie es sich gut gehen!;Bonnes vacances et prenez soin de vous !;Have a good holiday and take good care!
expression;B2;Gefühle/Reaktionen;Jemandem den Rücken stärken;soutenir quelqu'un;to back someone up;Das Team hat ihr den Rücken gestärkt.;L'équipe l'a soutenue.;The team backed her up.
expression;B2;Gefühle/Reaktionen;Reinen Wein einschenken;dire la vérité toute crue;to come clean;Er schenkte uns endlich reinen Wein ein.;Il nous a enfin dit la vérité toute crue.;He finally came clean with us.
expression;B2;Gefühle/Reaktionen;Die Nerven verlieren;perdre son calme;to lose one's nerve;Kurz vor Schluss verlor er die Nerven.;Juste avant la fin, il a perdu son calme.;Just before the end he lost his nerve.
expression;B2;Gefühle/Reaktionen;Aus allen Wolken fallen;tomber des nues;to be stunned;Als ich das hörte, fiel ich aus allen Wolken.;Quand j'ai entendu ça, je suis tombé des nues.;When I heard that I was stunned.
expression;B2;Gefühle/Reaktionen;Sich in Schweigen hüllen;garder le silence;to remain silent;Zu den Vorwürfen hüllt er sich in Schweigen.;Face aux accusations, il garde le silence.;He remains silent about the accusations.
expression;B2;Gefühle/Reaktionen;Die kalte Schulter zeigen;battre froid à quelqu'un;to give the cold shoulder;Seit dem Streit zeigt sie ihm die kalte Schulter.;Depuis la dispute, elle lui bat froid.;Since the argument she's given him the cold shoulder.
expression;B2;Gefühle/Reaktionen;In den sauren Apfel beißen;avaler la pilule;to bite the bullet;Wir müssen in den sauren Apfel beißen und zahlen.;Il faut avaler la pilule et payer.;We have to bite the bullet and pay.
expression;B2;Gefühle/Reaktionen;Sich ins Zeug legen;se démener;to put one's back into it;Alle haben sich mächtig ins Zeug gelegt.;Tout le monde s'est fortement démené.;Everyone really put their backs into it.
expression;B2;Gefühle/Reaktionen;Auf die Sprünge helfen;mettre sur la voie, rafraîchir la mémoire;to jog someone's memory;Darf ich deinem Gedächtnis auf die Sprünge helfen?;Puis-je te rafraîchir la mémoire ?;May I jog your memory?
expression;B2;Gefühle/Reaktionen;Den Kopf in den Sand stecken;faire l'autruche;to bury one's head in the sand;Den Kopf in den Sand zu stecken hilft nicht.;Faire l'autruche n'aide en rien.;Burying your head in the sand doesn't help.
expression;B2;Gefühle/Reaktionen;Ein Dorn im Auge sein;être une épine dans le pied;to be a thorn in the side;Der Neubau ist den Nachbarn ein Dorn im Auge.;Le nouveau bâtiment est une épine dans le pied des voisins.;The new building is a thorn in the neighbours' side.
expression;B2;Gefühle/Reaktionen;Mit dem Rücken zur Wand stehen;être dos au mur;to have one's back to the wall;Die Firma steht mit dem Rücken zur Wand.;L'entreprise est dos au mur.;The company has its back to the wall.
expression;B2;Gefühle/Reaktionen;Steine in den Weg legen;mettre des bâtons dans les roues;to put obstacles in the way;Man hat ihr überall Steine in den Weg gelegt.;On lui a mis des bâtons dans les roues partout.;They put obstacles in her way everywhere.
expression;B2;Gefühle/Reaktionen;Sich auf die Zunge beißen;se mordre la langue;to bite one's tongue;Ich musste mir auf die Zunge beißen.;J'ai dû me mordre la langue.;I had to bite my tongue.
expression;B2;Gefühle/Reaktionen;Das dicke Ende kommt noch;le pire reste à venir;the worst is yet to come;Freu dich nicht zu früh, das dicke Ende kommt noch.;Ne te réjouis pas trop vite, le pire reste à venir.;Don't celebrate too soon, the worst is yet to come.
expression;B2;Alltag/Organisation;Auf die lange Bank schieben;remettre aux calendes grecques;to put on the back burner;Schieb die Entscheidung nicht auf die lange Bank.;Ne remets pas la décision aux calendes grecques.;Don't put the decision on the back burner.
expression;B2;Alltag/Organisation;Sich über Wasser halten;se maintenir à flot;to keep one's head above water;Der Betrieb hält sich gerade so über Wasser.;L'entreprise se maintient tout juste à flot.;The business is just keeping its head above water.
expression;B2;Alltag/Organisation;Alle Hebel in Bewegung setzen;remuer ciel et terre;to pull out all the stops;Sie setzte alle Hebel in Bewegung, um zu helfen.;Elle a remué ciel et terre pour aider.;She pulled out all the stops to help.
expression;B2;Alltag/Organisation;Am Ball bleiben;ne pas lâcher;to stay on the ball;Bleib am Ball, du bist fast fertig.;Ne lâche pas, tu as presque fini.;Stay on the ball, you're almost done.
expression;B2;Alltag/Organisation;Den Gürtel enger schnallen;se serrer la ceinture;to tighten one's belt;Dieses Jahr müssen wir den Gürtel enger schnallen.;Cette année, nous devons nous serrer la ceinture.;This year we have to tighten our belts.
expression;B2;Alltag/Organisation;Über die Runden kommen;joindre les deux bouts;to make ends meet;Mit diesem Gehalt kommt man kaum über die Runden.;Avec ce salaire, on peine à joindre les deux bouts.;On this salary you can hardly make ends meet.
expression;B2;Alltag/Organisation;Nägel mit Köpfen machen;faire les choses à fond;to do the job properly;Wenn schon, dann machen wir Nägel mit Köpfen.;Tant qu'à faire, faisons les choses à fond.;If we're doing it, let's do the job properly.
expression;B2;Alltag/Organisation;Reinen Tisch machen;faire table rase;to make a clean sweep;Es ist Zeit, reinen Tisch zu machen.;Il est temps de faire table rase.;It's time to make a clean sweep.
expression;B2;Alltag/Organisation;Das Ruder herumreißen;redresser la barre;to turn things around;Im letzten Quartal riss sie das Ruder herum.;Au dernier trimestre, elle a redressé la barre.;In the last quarter she turned things around.
expression;B2;Alltag/Organisation;Hals über Kopf;précipitamment;head over heels;Sie sind Hals über Kopf umgezogen.;Ils ont déménagé précipitamment.;They moved house head over heels.
expression;B2;Alltag/Organisation;Im Alleingang;en solitaire;single-handedly;Er hat das Projekt im Alleingang gerettet.;Il a sauvé le projet en solitaire.;He saved the project single-handedly.
expression;B2;Alltag/Organisation;Auf Biegen und Brechen;coûte que coûte;by hook or by crook;Er wollte es auf Biegen und Brechen durchsetzen.;Il voulait l'imposer coûte que coûte.;He wanted to push it through by hook or by crook.
expression;B2;Alltag/Organisation;Mit Ach und Krach;de justesse;by the skin of one's teeth;Wir haben den Zug mit Ach und Krach erreicht.;Nous avons attrapé le train de justesse.;We caught the train by the skin of our teeth.
expression;B2;Alltag/Organisation;In trockenen Tüchern sein;être dans la poche;to be in the bag;Der Vertrag ist endlich in trockenen Tüchern.;Le contrat est enfin dans la poche.;The contract is finally in the bag.
expression;B2;Alltag/Organisation;Den Karren aus dem Dreck ziehen;sortir de l'ornière;to get things back on track;Am Ende musste sie den Karren aus dem Dreck ziehen.;À la fin, c'est elle qui a dû sortir l'affaire de l'ornière.;In the end she had to get things back on track.
expression;B2;Diskussion/Nuance;Entgegen der Erwartung;contrairement aux attentes;contrary to expectations;Entgegen der Erwartung stieg der Umsatz.;Contrairement aux attentes, le chiffre d'affaires a augmenté.;Contrary to expectations, sales rose.
expression;B2;Diskussion/Nuance;Sofern;pour autant que;provided that;Wir kommen, sofern das Wetter mitspielt.;Nous viendrons, pour autant que le temps le permette.;We'll come, provided the weather cooperates.
expression;B2;Diskussion/Nuance;Demzufolge;d'après cela;accordingly;Die Studie ist alt, demzufolge sind die Zahlen überholt.;L'étude est ancienne, d'après cela les chiffres sont dépassés.;The study is old, accordingly the figures are outdated.
expression;B2;Diskussion/Nuance;Augenscheinlich;manifestement;evidently;Augenscheinlich hat niemand die Mail gelesen.;Manifestement, personne n'a lu le courriel.;Evidently nobody read the email.
expression;B2;Diskussion/Nuance;Um nicht zu sagen;pour ne pas dire;not to say;Das war unklug, um nicht zu sagen fahrlässig.;C'était imprudent, pour ne pas dire négligent.;That was unwise, not to say negligent.
expression;B2;Diskussion/Nuance;In Anbetracht;eu égard à;considering;In Anbetracht der Umstände ist das gut.;Eu égard aux circonstances, c'est bien.;Considering the circumstances that's good.
expression;B2;Diskussion/Nuance;Paradoxerweise;paradoxalement;paradoxically;Paradoxerweise wurde es dadurch teurer.;Paradoxalement, cela est devenu plus cher.;Paradoxically it became more expensive as a result.
expression;B2;Feste Verbindungen;Einhalt gebieten;mettre un terme à;to put a stop to;Man muss dem Missbrauch Einhalt gebieten.;Il faut mettre un terme à cet abus.;The abuse must be put a stop to.
expression;B2;Feste Verbindungen;Auf dem Prüfstand stehen;être remis en question;to be under review;Das gesamte Konzept steht auf dem Prüfstand.;L'ensemble du concept est remis en question.;The whole concept is under review.
expression;B2;Feste Verbindungen;Rede und Antwort stehen;rendre des comptes;to answer for oneself;Der Minister musste Rede und Antwort stehen.;Le ministre a dû rendre des comptes.;The minister had to answer for himself.
expression;B2;Feste Verbindungen;Zur Rechenschaft ziehen;demander des comptes à;to hold accountable;Die Verantwortlichen wurden zur Rechenschaft gezogen.;Les responsables ont eu à rendre des comptes.;Those responsible were held accountable.
expression;C1;Diskussion/Nuance;nicht von ungefähr;ce n'est pas un hasard;not by chance;Dass der Vertrag scheiterte, kommt nicht von ungefähr.;Ce n'est pas un hasard si le contrat a échoué.;It's not by chance that the contract fell through.
expression;C1;Diskussion/Nuance;im Zuge dessen;dans la foulée;in the course of this;"Die Abteilung zog um; im Zuge dessen wurde die Technik erneuert.";"Le service a déménagé ; dans la foulée, le matériel a été renouvelé.";"The department moved; in the course of this the equipment was renewed."
expression;C1;Diskussion/Nuance;im Gegenzug;en contrepartie;in return;Er übernimmt die Schicht, im Gegenzug bekommt er den Freitag frei.;Il prend le quart, en contrepartie il a son vendredi.;He takes the shift, and in return he gets Friday off.
expression;C1;Diskussion/Nuance;bei aller Kritik;malgré toutes les critiques;for all the criticism;Bei aller Kritik: Das Projekt hat vieles verbessert.;Malgré toutes les critiques, le projet a amélioré bien des choses.;For all the criticism, the project improved a great deal.
expression;C1;Diskussion/Nuance;das mag sein, aber;c'est possible, mais;that may be, but;Das mag sein, aber die Zahlen sagen etwas anderes.;C'est possible, mais les chiffres disent autre chose.;That may be, but the figures say otherwise.
expression;C1;Diskussion/Nuance;geschweige denn;et encore moins;let alone;Er hat nicht angerufen, geschweige denn sich entschuldigt.;Il n'a pas appelé, et encore moins présenté ses excuses.;He didn't call, let alone apologise.
expression;C1;Diskussion/Nuance;im Grunde genommen;au fond;basically;Im Grunde genommen sind wir uns längst einig.;Au fond, nous sommes d'accord depuis longtemps.;Basically, we've agreed for a long time.
expression;C1;Diskussion/Nuance;bei näherem Hinsehen;en y regardant de plus près;on closer inspection;Bei näherem Hinsehen stimmte die Rechnung nicht.;En y regardant de plus près, le compte n'y était pas.;On closer inspection the bill didn't add up.
expression;C1;Diskussion/Nuance;angesichts dessen;au vu de cela;in view of this;Angesichts dessen wurde die Sitzung verschoben.;Au vu de cela, la séance a été reportée.;In view of this, the meeting was postponed.
expression;C1;Diskussion/Nuance;vor dem Hintergrund;dans le contexte de;against the backdrop of;Vor dem Hintergrund der Krise wirkt die Summe klein.;Dans le contexte de la crise, la somme paraît faible.;Against the backdrop of the crisis the sum looks small.
expression;C1;Diskussion/Nuance;in Ermangelung;à défaut de;for want of;In Ermangelung besserer Vorschläge blieb es beim alten Plan.;À défaut de meilleures propositions, on en est resté à l'ancien plan.;For want of better proposals, the old plan stayed.
expression;C1;Diskussion/Nuance;nach Lage der Dinge;en l'état des choses;as things stand;Nach Lage der Dinge wird das Gesetz nicht kommen.;En l'état des choses, la loi ne verra pas le jour.;As things stand, the law won't happen.
expression;C1;Diskussion/Nuance;bei Licht betrachtet;à bien y regarder;in the cold light of day;Bei Licht betrachtet war das Angebot kein Schnäppchen.;À bien y regarder, l'offre n'était pas une aubaine.;In the cold light of day the offer was no bargain.
expression;C1;Diskussion/Nuance;in letzter Konsequenz;en dernière analyse;ultimately;In letzter Konsequenz entscheidet der Kunde.;En dernière analyse, c'est le client qui décide.;Ultimately it's the customer who decides.
expression;C1;Diskussion/Nuance;der Vollständigkeit halber;par souci d'exhaustivité;for the sake of completeness;Der Vollständigkeit halber sei die dritte Variante erwähnt.;Par souci d'exhaustivité, mentionnons la troisième variante.;For the sake of completeness, let's mention the third option.
expression;C1;Diskussion/Nuance;ungeachtet dessen;nonobstant cela;notwithstanding this;Ungeachtet dessen hielt sie an ihrer Meinung fest.;Nonobstant cela, elle a maintenu son opinion.;Notwithstanding this, she stuck to her opinion.
expression;C1;Diskussion/Nuance;im Klartext;en clair;in plain language;Im Klartext: Das Geld reicht nicht.;En clair : l'argent ne suffit pas.;In plain language: the money isn't enough.
expression;C1;Diskussion/Nuance;im Raum stehen;être en suspens;to be on the table;Der Vorwurf steht weiterhin im Raum.;Le reproche reste en suspens.;The accusation is still on the table.
expression;C1;Diskussion/Nuance;sich zu Wort melden;demander la parole;to speak up;Am Ende der Debatte meldete sich der Bürgermeister zu Wort.;À la fin du débat, le maire a demandé la parole.;At the end of the debate the mayor spoke up.
expression;C1;Meinung/Zustimmung;ich bin der Auffassung;je suis d'avis;I take the view;Ich bin der Auffassung, dass wir zu früh aufgegeben haben.;Je suis d'avis que nous avons abandonné trop tôt.;I take the view that we gave up too early.
expression;C1;Meinung/Zustimmung;dem kann ich nur beipflichten;je ne peux qu'approuver;I can only agree;Dem kann ich nur beipflichten, das war überfällig.;Je ne peux qu'approuver, cela n'avait que trop tardé.;I can only agree, that was long overdue.
expression;C1;Meinung/Zustimmung;meines Erachtens;à mon sens;in my opinion;Meines Erachtens fehlt dem Vorschlag die Grundlage.;À mon sens, la proposition manque de fondement.;In my opinion the proposal lacks a basis.
expression;C1;Meinung/Zustimmung;ich neige zu der Ansicht;je penche pour l'idée;I'm inclined to think;Ich neige zu der Ansicht, dass wir warten sollten.;Je penche pour l'idée que nous devrions attendre.;I'm inclined to think we should wait.
expression;C1;Meinung/Zustimmung;ich stehe dem skeptisch gegenüber;je suis sceptique là-dessus;I'm sceptical about it;Ich stehe dem skeptisch gegenüber, die Zahlen überzeugen mich nicht.;Je suis sceptique là-dessus, les chiffres ne me convainquent pas.;"I'm sceptical about it; the figures don't convince me."
expression;C1;Meinung/Zustimmung;das halte ich für weit hergeholt;je trouve cela tiré par les cheveux;I find that far-fetched;Das halte ich für weit hergeholt, dafür gibt es keinen Beleg.;Je trouve cela tiré par les cheveux, rien ne le prouve.;"I find that far-fetched; there's no evidence for it."
expression;C1;Meinung/Zustimmung;da bin ich ganz bei dir;je te suis entièrement;I'm completely with you;Da bin ich ganz bei dir, so geht es nicht weiter.;Je te suis entièrement, cela ne peut pas continuer ainsi.;I'm completely with you, this can't go on.
expression;C1;Meinung/Zustimmung;das lässt sich hören;voilà qui est intéressant;that sounds promising;Zehn Prozent Rabatt? Das lässt sich hören.;Dix pour cent de remise ? Voilà qui est intéressant.;Ten percent off? That sounds promising.
expression;C1;Gefühle/Reaktionen;das geht mir gegen den Strich;ça me hérisse;that rubs me the wrong way;Diese Heimlichtuerei geht mir gegen den Strich.;Ces cachotteries me hérissent.;All this secrecy rubs me the wrong way.
expression;C1;Gefühle/Reaktionen;mir platzt der Kragen;je sors de mes gonds;I'm losing my temper;Wenn er wieder zu spät kommt, platzt mir der Kragen.;S'il arrive encore en retard, je sors de mes gonds.;If he's late again, I'll lose my temper.
expression;C1;Gefühle/Reaktionen;das schlägt dem Fass den Boden aus;c'est la goutte d'eau;that takes the biscuit;Jetzt auch noch die Gebühr? Das schlägt dem Fass den Boden aus.;Et maintenant les frais en plus ? C'est la goutte d'eau.;And now the fee too? That takes the biscuit.
expression;C1;Gefühle/Reaktionen;mir fällt ein Stein vom Herzen;cela m'ôte un poids;that's a weight off my mind;Sie ist gut angekommen — mir fällt ein Stein vom Herzen.;Elle est bien arrivée — cela m'ôte un poids.;She arrived safely — that's a weight off my mind.
expression;C1;Gefühle/Reaktionen;das ist mir ein Rätsel;c'est un mystère pour moi;that's a mystery to me;Wie er das geschafft hat, ist mir ein Rätsel.;Comment il y est arrivé, c'est un mystère pour moi.;How he managed it is a mystery to me.
expression;C1;Gefühle/Reaktionen;ich bin hin und hergerissen;je suis partagé;I'm torn;Ich bin hin und hergerissen zwischen den beiden Angeboten.;Je suis partagé entre les deux offres.;I'm torn between the two offers.
expression;C1;Gefühle/Reaktionen;das lässt mich kalt;cela me laisse froid;that leaves me cold;Solche Drohungen lassen mich kalt.;De telles menaces me laissent froid.;Threats like that leave me cold.
expression;C1;Gefühle/Reaktionen;es sträubt sich alles in mir;tout en moi se rebiffe;everything in me resists;Es sträubt sich alles in mir, das zu unterschreiben.;Tout en moi se rebiffe à l'idée de signer cela.;Everything in me resists signing that.
expression;C1;Gefühle/Reaktionen;ich könnte aus der Haut fahren;je pourrais exploser;I could jump out of my skin;Bei so viel Bürokratie könnte ich aus der Haut fahren.;Avec tant de bureaucratie, je pourrais exploser.;With so much bureaucracy I could jump out of my skin.
expression;C1;Gefühle/Reaktionen;das raubt mir den letzten Nerv;cela m'achève les nerfs;that's the last straw for my nerves;Die ständigen Rückfragen rauben mir den letzten Nerv.;Ces questions incessantes m'achèvent les nerfs.;The constant queries are the last straw for my nerves.
expression;C1;Gefühle/Reaktionen;mir ist es ein Anliegen;cela me tient à cœur;it matters to me;Mir ist es ein Anliegen, dass alle gehört werden.;Cela me tient à cœur que tout le monde soit entendu.;It matters to me that everyone is heard.
expression;C1;Gefühle/Reaktionen;da bin ich überfragt;là, je sèche;you've got me there;Wann das Gesetz gilt? Da bin ich überfragt.;Quand la loi entre en vigueur ? Là, je sèche.;When the law takes effect? You've got me there.
expression;C1;Gefühle/Reaktionen;es hält sich in Grenzen;cela reste modéré;it's limited;Meine Begeisterung hält sich in Grenzen.;Mon enthousiasme reste modéré.;My enthusiasm is limited.
expression;C1;Gefühle/Reaktionen;das kommt mir spanisch vor;cela me semble louche;that seems fishy to me;Der niedrige Preis kommt mir spanisch vor.;Ce prix si bas me semble louche.;The low price seems fishy to me.
expression;C1;Gefühle/Reaktionen;vor Wut kochen;bouillir de rage;to seethe with anger;Nach dem Anruf kochte er vor Wut.;Après l'appel, il bouillait de rage.;After the call he was seething with anger.
expression;C1;Gefühle/Reaktionen;außer sich sein;être hors de soi;to be beside oneself;Sie war außer sich vor Freude.;Elle était hors d'elle de joie.;She was beside herself with joy.
expression;C1;Feste Verbindungen;zur Sprache bringen;aborder (un sujet);to bring up;Er brachte das Thema in der Sitzung zur Sprache.;Il a abordé le sujet en réunion.;He brought the subject up in the meeting.
expression;C1;Feste Verbindungen;Anspruch erheben;revendiquer;to lay claim;Beide Seiten erheben Anspruch auf das Grundstück.;Les deux parties revendiquent le terrain.;Both sides lay claim to the plot.
expression;C1;Feste Verbindungen;Abstand nehmen;renoncer à;to refrain from;Wir nehmen von einer Klage Abstand.;Nous renonçons à porter plainte.;We are refraining from legal action.
expression;C1;Feste Verbindungen;unter Beweis stellen;faire la preuve de;to demonstrate;Sie hat ihr Können unter Beweis gestellt.;Elle a fait la preuve de son savoir-faire.;She demonstrated her ability.
expression;C1;Feste Verbindungen;zur Rede stellen;demander des comptes à;to confront;Der Chef stellte ihn wegen der Zahlen zur Rede.;Le patron lui a demandé des comptes sur les chiffres.;The boss confronted him about the figures.
expression;C1;Feste Verbindungen;außer Acht lassen;négliger;to disregard;Die Kosten dürfen wir nicht außer Acht lassen.;Nous ne devons pas négliger les coûts.;We mustn't disregard the costs.
expression;C1;Feste Verbindungen;Folge leisten;donner suite à;to comply with;Er leistete der Aufforderung Folge.;Il a donné suite à la demande.;He complied with the request.
expression;C1;Feste Verbindungen;Widerstand leisten;opposer une résistance;to put up resistance;Die Anwohner leisteten erbitterten Widerstand.;Les riverains ont opposé une résistance acharnée.;Local residents put up fierce resistance.
expression;C1;Feste Verbindungen;Klarheit schaffen;faire la lumière;to clarify;Ein Gutachten soll Klarheit schaffen.;Une expertise doit faire la lumière.;An expert report is to clarify matters.
expression;C1;Feste Verbindungen;Anstoß erregen;faire scandale;to cause offence;Die Werbung erregte großen Anstoß.;La publicité a fait grand scandale.;The advert caused great offence.
expression;C1;Feste Verbindungen;den Anstoß geben;donner l'impulsion;to give the impetus;Ihr Vortrag gab den Anstoß zur Reform.;Son exposé a donné l'impulsion à la réforme.;Her talk gave the impetus for the reform.
expression;C1;Feste Verbindungen;Schlüsse ziehen;tirer des conclusions;to draw conclusions;Daraus lassen sich klare Schlüsse ziehen.;On peut en tirer des conclusions claires.;Clear conclusions can be drawn from this.
expression;C1;Feste Verbindungen;Stellung beziehen;prendre position;to take a stand;Der Minister bezog deutlich Stellung.;Le ministre a nettement pris position.;The minister took a clear stand.
expression;C1;Feste Verbindungen;Kritik üben;formuler des critiques;to voice criticism;Der Verband übte scharfe Kritik am Entwurf.;La fédération a formulé de vives critiques sur le projet.;The association voiced sharp criticism of the draft.
expression;C1;Feste Verbindungen;Druck ausüben;exercer une pression;to exert pressure;Die Anleger üben Druck auf den Vorstand aus.;Les investisseurs exercent une pression sur la direction.;Investors are exerting pressure on the board.
expression;C1;Feste Verbindungen;Einfluss nehmen;exercer une influence;to exert influence;Niemand darf auf das Urteil Einfluss nehmen.;Personne ne doit exercer d'influence sur le jugement.;No one may exert influence on the verdict.
expression;C1;Feste Verbindungen;Zweifel hegen;nourrir des doutes;to harbour doubts;Ich hege Zweifel an dieser Darstellung.;Je nourris des doutes sur cette version.;I harbour doubts about this account.
expression;C1;Feste Verbindungen;Bedenken äußern;émettre des réserves;to voice concerns;Mehrere Mitglieder äußerten Bedenken.;Plusieurs membres ont émis des réserves.;Several members voiced concerns.
expression;C1;Feste Verbindungen;Vorbehalte haben;avoir des réticences;to have reservations;Sie hat Vorbehalte gegen den neuen Zeitplan.;Elle a des réticences envers le nouveau calendrier.;She has reservations about the new schedule.
expression;C1;Feste Verbindungen;Zugeständnisse machen;faire des concessions;to make concessions;Beide Seiten mussten Zugeständnisse machen.;Les deux parties ont dû faire des concessions.;Both sides had to make concessions.
expression;C1;Feste Verbindungen;Kompromisse eingehen;accepter des compromis;to make compromises;Wer verhandelt, muss Kompromisse eingehen.;Qui négocie doit accepter des compromis.;Anyone who negotiates has to make compromises.
expression;C1;Feste Verbindungen;ein Risiko eingehen;prendre un risque;to take a risk;Mit dieser Investition geht die Firma ein Risiko ein.;Avec cet investissement, l'entreprise prend un risque.;With this investment the company is taking a risk.
expression;C1;Feste Verbindungen;Rechenschaft ablegen;rendre des comptes;to give an account;Der Vorstand muss über die Ausgaben Rechenschaft ablegen.;La direction doit rendre des comptes sur les dépenses.;The board must give an account of the spending.
expression;C1;Feste Verbindungen;einen Vorschlag unterbreiten;soumettre une proposition;to submit a proposal;Sie unterbreitete dem Rat einen Vorschlag.;Elle a soumis une proposition au conseil.;She submitted a proposal to the council.
expression;C1;Feste Verbindungen;Aufmerksamkeit schenken;prêter attention;to pay attention;Diesem Detail wurde zu wenig Aufmerksamkeit geschenkt.;On a prêté trop peu d'attention à ce détail.;Too little attention was paid to this detail.
expression;C1;Feste Verbindungen;Glauben schenken;prêter foi à;to give credence to;Dem Gerücht sollte man keinen Glauben schenken.;Il ne faut pas prêter foi à cette rumeur.;One shouldn't give credence to the rumour.
expression;C1;Feste Verbindungen;Gehör finden;trouver une oreille attentive;to get a hearing;Ihre Warnung fand endlich Gehör.;Son avertissement a enfin trouvé une oreille attentive.;Her warning finally got a hearing.
expression;C1;Feste Verbindungen;Zustimmung finden;recueillir l'adhésion;to meet with approval;Der Entwurf fand breite Zustimmung.;Le projet a recueilli une large adhésion.;The draft met with broad approval.
expression;C1;Feste Verbindungen;Anwendung finden;s'appliquer, être applicable;to be applied;Die Regel findet nur im Inland Anwendung.;La règle ne s'applique qu'à l'intérieur du pays.;The rule is applied only domestically.
expression;C1;Feste Verbindungen;zum Vorschein kommen;apparaître au grand jour;to come to light;Beim Umbau kamen alte Fresken zum Vorschein.;Lors des travaux, de vieilles fresques sont apparues au grand jour.;During the renovation old frescoes came to light.
expression;C1;Feste Verbindungen;ins Stocken geraten;s'enliser;to grind to a halt;Die Verhandlungen sind ins Stocken geraten.;Les négociations se sont enlisées.;The negotiations have ground to a halt.
expression;C1;Feste Verbindungen;in Vergessenheit geraten;tomber dans l'oubli;to fall into oblivion;Das Handwerk ist fast in Vergessenheit geraten.;Ce métier est presque tombé dans l'oubli.;The craft has almost fallen into oblivion.
expression;C1;Alltag/Organisation;in die Wege leiten;mettre en route;to set in motion;Die Stadt hat den Umbau bereits in die Wege geleitet.;La ville a déjà mis les travaux en route.;The city has already set the rebuilding in motion.
expression;C1;Alltag/Organisation;auf den Weg bringen;lancer;to get under way;Das Parlament brachte das Gesetz auf den Weg.;Le parlement a lancé la loi.;Parliament got the law under way.
expression;C1;Alltag/Organisation;zu Protokoll geben;déclarer au procès-verbal;to state for the record;Der Zeuge gab zu Protokoll, nichts gesehen zu haben.;Le témoin a déclaré au procès-verbal n'avoir rien vu.;The witness stated for the record that he had seen nothing.
expression;C1;Alltag/Organisation;Einspruch erheben;faire opposition;to lodge an objection;Gegen den Bescheid kann man Einspruch erheben.;On peut faire opposition à cette décision.;You can lodge an objection against the notice.
expression;C1;Alltag/Organisation;in Verzug geraten;prendre du retard;to fall behind;Der Bau ist um Monate in Verzug geraten.;Le chantier a pris des mois de retard.;The construction has fallen months behind.
expression;C1;Alltag/Organisation;sich in Verbindung setzen;prendre contact;to get in touch;Bitte setzen Sie sich mit unserem Büro in Verbindung.;Veuillez prendre contact avec notre bureau.;Please get in touch with our office.
expression;C1;Alltag/Organisation;zur Auflage machen;imposer comme condition;to make a condition;Die Behörde machte den Lärmschutz zur Auflage.;L'administration a imposé la protection contre le bruit comme condition.;The authority made noise protection a condition.
expression;C1;Alltag/Organisation;in Rechnung stellen;facturer;to charge;Die Anfahrt wird gesondert in Rechnung gestellt.;Le déplacement est facturé à part.;The call-out is charged separately.
expression;C1;Alltag/Organisation;Vorsorge treffen;prendre des précautions;to make provision;Für den Notfall sollte man Vorsorge treffen.;Il faut prendre des précautions pour les cas d'urgence.;You should make provision for emergencies.
expression;C1;Alltag/Organisation;Bericht erstatten;faire rapport;to report;Sie erstattet dem Ausschuss monatlich Bericht.;Elle fait rapport à la commission chaque mois.;She reports to the committee monthly.
expression;C1;Alltag/Organisation;Anzeige erstatten;porter plainte;to file a report;Nach dem Einbruch erstattete er Anzeige.;Après le cambriolage, il a porté plainte.;After the break-in he filed a report.
expression;C1;Alltag/Organisation;Widerspruch einlegen;former un recours;to file an appeal;Gegen die Kündigung legte sie Widerspruch ein.;Elle a formé un recours contre le licenciement.;She filed an appeal against the dismissal.
expression;C1;Alltag/Organisation;Beschwerde einreichen;déposer une réclamation;to lodge a complaint;Der Kunde reichte eine Beschwerde ein.;Le client a déposé une réclamation.;The customer lodged a complaint.
expression;C1;Alltag/Organisation;in die Tat umsetzen;mettre en pratique;to put into practice;Die Idee wurde nie in die Tat umgesetzt.;L'idée n'a jamais été mise en pratique.;The idea was never put into practice.
expression;C1;Alltag/Organisation;eine Entscheidung herbeiführen;provoquer une décision;to bring about a decision;Die Abstimmung soll endlich eine Entscheidung herbeiführen.;Le vote doit enfin provoquer une décision.;The vote is meant to finally bring about a decision.
expression;C1;Alltag/Organisation;Vorkehrungen treffen;prendre des dispositions;to make arrangements;Wir haben für den Winter Vorkehrungen getroffen.;Nous avons pris des dispositions pour l'hiver.;We've made arrangements for the winter.
expression;C1;Begrüßung/Small Talk;sehr geehrte Damen und Herren;Madame, Monsieur;Dear Sir or Madam;Sehr geehrte Damen und Herren, hiermit bewerbe ich mich um die Stelle.;Madame, Monsieur, je vous adresse ma candidature pour ce poste.;Dear Sir or Madam, I am hereby applying for the position.
expression;C1;Begrüßung/Small Talk;mit freundlichen Grüßen;cordialement;kind regards;Mit freundlichen Grüßen, Anna Berger.;Cordialement, Anna Berger.;Kind regards, Anna Berger.
expression;C1;Begrüßung/Small Talk;hochachtungsvoll;veuillez agréer mes salutations distinguées;yours faithfully;Hochachtungsvoll, Dr. Meier.;Veuillez agréer mes salutations distinguées, Dr Meier.;Yours faithfully, Dr Meier.
expression;C1;Begrüßung/Small Talk;vielen Dank im Voraus;merci d'avance;thank you in advance;Vielen Dank im Voraus für Ihre Rückmeldung.;Merci d'avance pour votre réponse.;Thank you in advance for your reply.
expression;C1;Begrüßung/Small Talk;ich melde mich bezüglich;je vous contacte au sujet de;I'm getting in touch regarding;Ich melde mich bezüglich Ihrer Anfrage vom Montag.;Je vous contacte au sujet de votre demande de lundi.;I'm getting in touch regarding your enquiry from Monday.
expression;C1;Begrüßung/Small Talk;ich wäre Ihnen dankbar, wenn;je vous serais reconnaissant de;I would be grateful if;Ich wäre Ihnen dankbar, wenn Sie mir die Unterlagen zusenden könnten.;Je vous serais reconnaissant de bien vouloir m'envoyer les documents.;I would be grateful if you could send me the documents.
expression;C1;Begrüßung/Small Talk;ich erlaube mir, Sie darauf hinzuweisen;je me permets de vous signaler;I take the liberty of pointing out;Ich erlaube mir, Sie darauf hinzuweisen, dass die Frist morgen endet.;Je me permets de vous signaler que le délai expire demain.;I take the liberty of pointing out that the deadline ends tomorrow.
expression;C1;Begrüßung/Small Talk;für Rückfragen stehe ich zur Verfügung;je reste à votre disposition;I'm available for any questions;Für Rückfragen stehe ich Ihnen gerne zur Verfügung.;Je reste volontiers à votre disposition.;I'm happy to be available for any questions.
expression;C1;Begrüßung/Small Talk;in der Anlage finden Sie;vous trouverez ci-joint;please find attached;In der Anlage finden Sie die unterschriebene Vereinbarung.;Vous trouverez ci-joint la convention signée.;Please find attached the signed agreement.
