type;niveau;categorie;allemand;francais;anglais;exemple_de;exemple_fr;exemple_en
nom;A1;Familie;der Vater;père;father;Mein Vater arbeitet viel.;Mon père travaille beaucoup.;My father works a lot.
nom;A1;Familie;die Mutter;mère;mother;Meine Mutter kocht gern.;Ma mère aime cuisiner.;My mother likes to cook.
nom;A1;Familie;der Bruder;frère;brother;Mein Bruder ist jünger als ich.;Mon frère est plus jeune que moi.;My brother is younger than me.
nom;A1;Familie;die Schwester;sœur;sister;Meine Schwester wohnt in Berlin.;Ma sœur habite à Berlin.;My sister lives in Berlin.
nom;A1;Familie;der Sohn;fils;son;Unser Sohn geht zur Schule.;Notre fils va à l'école.;Our son goes to school.
nom;A1;Familie;die Tochter;fille;daughter;Ihre Tochter ist sehr klug.;Sa fille est très intelligente.;Her daughter is very smart.
nom;A1;Familie;das Kind;enfant;child;Das Kind spielt im Garten.;L'enfant joue dans le jardin.;The child is playing in the garden.
nom;A1;Familie;der Mann;homme/mari;man, husband;Der Mann trägt einen Anzug.;L'homme porte un costume.;The man is wearing a suit.
nom;A1;Familie;die Frau;femme/épouse;woman, wife;Die Frau liest ein Buch.;La femme lit un livre.;The woman is reading a book.
nom;A1;Familie;die Eltern;parents;parents;Meine Eltern wohnen in München.;Mes parents habitent à Munich.;My parents live in Munich.
nom;A1;Familie;die Geschwister;frères et sœurs;siblings;Ich habe zwei Geschwister.;J'ai deux frères et sœurs.;I have two siblings.
nom;A1;Familie;die Familie;famille;family;Meine Familie ist sehr groß.;Ma famille est très grande.;My family is very big.
nom;A1;Familie;der Vorname;prénom;first name;Wie ist dein Vorname?;Quel est ton prénom ?;What is your first name?
nom;A1;Familie;der Nachname;nom de famille;last name;Mein Nachname ist schwer zu schreiben.;Mon nom de famille est difficile à écrire.;My last name is hard to spell.
nom;A1;Familie;die Adresse;adresse;address;Kannst du mir deine Adresse geben?;Peux-tu me donner ton adresse ?;Can you give me your address?
nom;A1;Familie;der Geburtstag;anniversaire;birthday;Mein Geburtstag ist im Mai.;Mon anniversaire est en mai.;My birthday is in May.
nom;A1;Familie;das Alter;âge;age;Sein Alter kenne ich nicht.;Je ne connais pas son âge.;I don't know his age.
nom;A1;Familie;der Freund;ami;friend;Mein Freund hilft mir oft.;Mon ami m'aide souvent.;My friend often helps me.
nom;A1;Familie;die Freundin;amie;friend (female);Meine Freundin wohnt nebenan.;Mon amie habite à côté.;My friend lives next door.
nom;A1;Familie;der Nachbar;voisin;neighbor;Unser Nachbar ist sehr freundlich.;Notre voisin est très gentil.;Our neighbor is very friendly.
nom;A1;Familie;der Junge;garçon;boy;Der Junge spielt Fußball.;Le garçon joue au football.;The boy is playing soccer.
nom;A1;Familie;das Mädchen;fille (enfant);girl;Das Mädchen singt schön.;La fille chante bien.;The girl sings beautifully.
nom;A1;Familie;die Person;personne;person;Diese Person kenne ich nicht.;Je ne connais pas cette personne.;I don't know this person.
nom;A1;Familie;das Baby;bébé;baby;Das Baby schläft jetzt.;Le bébé dort maintenant.;The baby is sleeping now.
nom;A1;Familie;die Dame;la dame;lady;Eine ältere Dame fragte nach dem Weg.;Une dame âgée a demandé son chemin.;An elderly lady asked for directions.
nom;A2;Familie;der Großvater;grand-père;grandfather;Mein Großvater erzählt gern Geschichten.;Mon grand-père aime raconter des histoires.;My grandfather likes to tell stories.
nom;A2;Familie;die Großmutter;grand-mère;grandmother;Meine Großmutter backt jeden Sonntag Kuchen.;Ma grand-mère fait un gâteau tous les dimanches.;My grandmother bakes a cake every Sunday.
nom;A2;Familie;der Onkel;oncle;uncle;Mein Onkel wohnt in der Schweiz.;Mon oncle habite en Suisse.;My uncle lives in Switzerland.
nom;A2;Familie;die Tante;tante;aunt;Meine Tante besucht uns im Sommer.;Ma tante nous rend visite en été.;My aunt visits us in the summer.
nom;A2;Familie;der Ehemann;mari;husband;Ihr Ehemann arbeitet als Ingenieur.;Son mari travaille comme ingénieur.;Her husband works as an engineer.
nom;A2;Familie;die Ehefrau;épouse;wife;Seine Ehefrau ist Ärztin.;Sa femme est médecin.;His wife is a doctor.
nom;A2;Familie;der Zwilling;jumeau;twin;Die Zwillinge sehen sich sehr ähnlich.;Les jumeaux se ressemblent beaucoup.;The twins look very similar.
nom;A2;Familie;der Enkel;petit-fils;grandson;Mein Enkel ist erst drei Jahre alt.;Mon petit-fils n'a que trois ans.;My grandson is only three years old.
nom;A2;Familie;die Enkelin;petite-fille;granddaughter;Meine Enkelin lernt gerade laufen.;Ma petite-fille apprend à marcher.;My granddaughter is learning to walk.
nom;A2;Familie;die Schwiegermutter;belle-mère;mother-in-law;Meine Schwiegermutter kommt zu Besuch.;Ma belle-mère vient nous rendre visite.;My mother-in-law is coming to visit.
nom;A2;Familie;der Schwiegervater;beau-père;father-in-law;Mein Schwiegervater hilft mir im Garten.;Mon beau-père m'aide dans le jardin.;My father-in-law helps me in the garden.
nom;A2;Familie;der Verwandte;parent (famille);relative;Dieser Verwandte lebt in Kanada.;Ce parent vit au Canada.;This relative lives in Canada.
nom;A2;Familie;der Familienstand;situation familiale;marital status;Wie ist dein Familienstand?;Quelle est ta situation familiale ?;What is your marital status?
nom;A2;Familie;die Beziehung;relation;relationship;Unsere Beziehung ist sehr eng.;Notre relation est très étroite.;Our relationship is very close.
nom;A2;Familie;die Ehe;mariage (institution);marriage;Ihre Ehe dauert schon zwanzig Jahre.;Leur mariage dure déjà depuis vingt ans.;Their marriage has already lasted twenty years.
nom;A2;Familie;der Besuch;visite;visit;Heute Abend bekommen wir Besuch.;Ce soir, nous recevons de la visite.;We're having visitors this evening.
nom;A2;Familie;der Jugendliche;adolescent, jeune;teenager, young person;Viele Jugendliche treffen sich im Park.;Beaucoup de jeunes se retrouvent au parc.;Many young people meet in the park.
nom;A2;Familie;der Partner;partenaire, compagnon;partner;Sie sucht einen Partner für das Projekt.;Elle cherche un partenaire pour le projet.;She's looking for a partner for the project.
nom;A2;Familie;der Bekannte;connaissance (personne);acquaintance;Ein Bekannter hat mir die Wohnung gezeigt.;Une connaissance m'a montré l'appartement.;An acquaintance showed me the flat.
nom;A2;Familie;der Ehepartner;conjoint;spouse;Der Ehepartner muss auch unterschreiben.;Le conjoint doit signer aussi.;The spouse must sign as well.
nom;A2;Familie;die Großeltern;grands-parents;grandparents;Meine Großeltern wohnen auf dem Land.;Mes grands-parents habitent à la campagne.;My grandparents live in the countryside.
nom;B1;Familie;der Cousin;cousin;cousin;Mein Cousin lebt seit Jahren in Berlin.;Mon cousin vit à Berlin depuis des années.;My cousin has lived in Berlin for years.
nom;B1;Familie;die Cousine;cousine;cousin (female);Meine Cousine studiert Medizin.;Ma cousine étudie la médecine.;My cousin (female) is studying medicine.
nom;B1;Familie;der Schwiegersohn;gendre;son-in-law;Ihr Schwiegersohn arbeitet als Anwalt.;Son gendre travaille comme avocat.;Her son-in-law works as a lawyer.
nom;B1;Familie;die Schwiegertochter;belle-fille;daughter-in-law;Seine Schwiegertochter kommt aus Spanien.;Sa belle-fille vient d'Espagne.;His daughter-in-law is from Spain.
nom;B1;Familie;die Erziehung;éducation (parentale);upbringing;Die Erziehung der Kinder ist nicht immer einfach.;L'éducation des enfants n'est pas toujours facile.;Raising children is not always easy.
nom;B1;Familie;die Generation;génération;generation;Drei Generationen leben unter einem Dach.;Trois générations vivent sous un même toit.;Three generations live under one roof.
nom;B1;Familie;die Vormundschaft;tutelle;guardianship;Nach der Scheidung übernahm sie die Vormundschaft.;Après le divorce, elle a obtenu la tutelle.;After the divorce, she took on guardianship.
nom;B1;Familie;die Trennung;séparation;separation;Die Trennung war für beide sehr schmerzhaft.;La séparation a été très douloureuse pour les deux.;The separation was very painful for both of them.
nom;B1;Familie;der Patenonkel;parrain;godfather;Mein Patenonkel schenkt mir jedes Jahr ein Buch.;Mon parrain m'offre un livre chaque année.;My godfather gives me a book every year.
nom;B1;Familie;die Patentante;marraine;godmother;Meine Patentante wohnt weit weg.;Ma marraine habite loin.;My godmother lives far away.
nom;B1;Familie;das Sorgerecht;garde d'enfant (droit);custody;Das Gericht entschied über das Sorgerecht.;Le tribunal a statué sur la garde des enfants.;The court decided on custody.
nom;B1;Familie;die Witwe;la veuve;widow;Sie ist seit zehn Jahren Witwe.;Elle est veuve depuis dix ans.;She has been a widow for ten years.
nom;B1;Familie;die Waise;l'orphelin, l'orpheline;orphan;Er wurde mit zehn Jahren Waise.;Il est devenu orphelin à dix ans.;He became an orphan at ten.
nom;B1;Familie;das Elterngeld;allocation parentale;parental allowance;Während der Elternzeit bekommt man Elterngeld.;Pendant le congé parental, on reçoit une allocation parentale.;During parental leave you receive parental allowance.
nom;B1;Familie;die Elternzeit;congé parental;parental leave;Er nimmt sechs Monate Elternzeit.;Il prend six mois de congé parental.;He is taking six months of parental leave.
nom;B1;Familie;die Kinderbetreuung;garde d'enfants;childcare;Gute Kinderbetreuung ist für berufstätige Eltern wichtig.;Une bonne garde d'enfants est importante pour les parents qui travaillent.;Good childcare is important for working parents.
nom;B1;Familie;die Kindertagesstätte;crèche, garderie;daycare center;Unser Sohn geht seit einem Jahr in die Kindertagesstätte.;Notre fils va à la crèche depuis un an.;Our son has been going to daycare for a year.
nom;B1;Familie;der Lebensgefährte;compagnon (de vie);life partner;Ihr Lebensgefährte arbeitet als Architekt.;Son compagnon travaille comme architecte.;Her life partner works as an architect.
nom;B1;Familie;die Lebensgefährtin;compagne (de vie);life partner (female);Seine Lebensgefährtin kommt aus Italien.;Sa compagne vient d'Italie.;His life partner is from Italy.
nom;B1;Familie;der Mutterschutz;congé de maternité (protection);maternity protection;Sie ist seit Beginn ihrer Schwangerschaft im Mutterschutz.;Elle est en congé de maternité depuis le début de sa grossesse.;She has been on maternity leave since the start of her pregnancy.
nom;B1;Familie;die Krippe;crèche (pour bébés);nursery, crèche;Unser Baby geht seit Januar in die Krippe.;Notre bébé va à la crèche depuis janvier.;Our baby has been going to nursery since January.
nom;B1;Familie;der Nachwuchs;relève, jeunes talents;offspring, young talent;Der Verein sucht sportlichen Nachwuchs.;Le club recherche de jeunes talents sportifs.;The club is looking for young sporting talent.
nom;B1;Familie;der Angehörige;proche, membre de la famille;relative;Nur Angehörige dürfen ins Zimmer.;Seuls les proches peuvent entrer dans la chambre.;Only relatives may enter the room.
nom;B1;Familie;das Ehepaar;couple marié;married couple;Das Ehepaar wohnt seit dreißig Jahren hier.;Le couple habite ici depuis trente ans.;The married couple has lived here for thirty years.
nom;B1;Familie;der Erwachsene;adulte;adult;Der Kurs ist nur für Erwachsene.;Le cours est réservé aux adultes.;The course is for adults only.
nom;B1;Familie;die Geburt;naissance;birth;Nach der Geburt blieb sie eine Woche im Krankenhaus.;Après la naissance, elle est restée une semaine à l'hôpital.;After the birth she stayed in hospital for a week.
nom;B1;Familie;die Jugend;jeunesse;youth;In meiner Jugend habe ich viel Sport gemacht.;Dans ma jeunesse, j'ai fait beaucoup de sport.;In my youth I did a lot of sport.
nom;B1;Familie;die Kindheit;enfance;childhood;Ich hatte eine schöne Kindheit.;J'ai eu une belle enfance.;I had a lovely childhood.
nom;B1;Familie;der Neffe;neveu;nephew;Mein Neffe wird morgen zehn.;Mon neveu aura dix ans demain.;My nephew turns ten tomorrow.
nom;B1;Familie;die Nichte;nièce;niece;Meine Nichte studiert in Berlin.;Ma nièce fait ses études à Berlin.;My niece studies in Berlin.
nom;B1;Familie;die Oma;mamie, grand-mère;grandma;Am Sonntag besuchen wir Oma.;Dimanche, nous allons voir mamie.;On Sunday we're visiting grandma.
nom;B1;Familie;das Verhältnis;relation, rapport;relationship;Ich habe ein gutes Verhältnis zu meinen Eltern.;J'ai une bonne relation avec mes parents.;I have a good relationship with my parents.
nom;B1;Familie;der Senior;senior, personne âgée;senior citizen;Senioren zahlen die Hälfte.;Les seniors paient moitié prix.;Senior citizens pay half price.
nom;B1;Familie;der Bub;garçon;boy;Der Bub geht schon in die Schule.;Le garçon va déjà à l'école.;The boy already goes to school.
nom;B1;Familie;der Ehegatte;conjoint, époux;spouse;Der Ehegatte muss beim Termin dabei sein.;Le conjoint doit être présent au rendez-vous.;The spouse must attend the appointment.
nom;B1;Familie;der Kinderwagen;poussette, landau;pram, buggy;Der Kinderwagen passt nicht in den Lift.;La poussette ne rentre pas dans l'ascenseur.;The pram doesn't fit in the lift.
nom;B1;Familie;die Mama;maman;mum;Mama, wo sind meine Schuhe?;Maman, où sont mes chaussures ?;Mum, where are my shoes?
nom;B1;Familie;der Opa;papi, grand-père;grandpa;Opa erzählt gern alte Geschichten.;Papi aime raconter de vieilles histoires.;Grandpa likes telling old stories.
nom;B1;Familie;der Papa;papa;dad;Papa holt uns um fünf ab.;Papa vient nous chercher à cinq heures.;Dad is picking us up at five.
nom;B2;Familie;der Halbbruder;demi-frère;half-brother;Mein Halbbruder lebt bei seinem Vater.;Mon demi-frère vit chez son père.;My half-brother lives with his father.
nom;B2;Familie;die Halbschwester;demi-sœur;half-sister;Meine Halbschwester besucht uns nur selten.;Ma demi-sœur nous rend rarement visite.;My half-sister rarely visits us.
nom;B2;Familie;der Vormund;tuteur légal;legal guardian;Nach dem Tod der Eltern wurde ein Vormund bestimmt.;Après la mort des parents, un tuteur légal a été désigné.;After the parents' death, a legal guardian was appointed.
nom;B2;Familie;die Verwandtschaft;parenté;relatives, kinship;Seine ganze Verwandtschaft kam zur Feier.;Toute sa parenté est venue à la fête.;His whole family came to the celebration.
nom;B2;Familie;die Patchworkfamilie;famille recomposée;blended family;Sie leben glücklich in einer Patchworkfamilie.;Ils vivent heureux dans une famille recomposée.;They live happily in a blended family.
nom;B2;Familie;die Erbschaft;héritage;inheritance;Die Erbschaft wurde unter den Geschwistern aufgeteilt.;L'héritage a été partagé entre les frères et sœurs.;The inheritance was divided among the siblings.
nom;B2;Familie;der Familienzusammenhalt;cohésion familiale;family cohesion;Der Familienzusammenhalt half ihnen in schweren Zeiten.;La cohésion familiale les a aidés dans les moments difficiles.;Family cohesion helped them through hard times.
nom;B2;Familie;der Stiefvater;beau-père (remariage);stepfather;Ihr Stiefvater kümmert sich liebevoll um sie.;Son beau-père s'occupe d'elle avec affection.;Her stepfather takes loving care of her.
nom;B2;Familie;die Stiefmutter;belle-mère (remariage);stepmother;Seine Stiefmutter behandelt ihn wie ihr eigenes Kind.;Sa belle-mère le traite comme son propre enfant.;His stepmother treats him like her own child.
nom;B2;Familie;die Erziehungsberechtigte;titulaire de l'autorité parentale;legal guardian;Die Erziehungsberechtigten müssen unterschreiben.;Les titulaires de l'autorité parentale doivent signer.;The legal guardians have to sign.
nom;B2;Familie;das Pflegekind;enfant placé;foster child;Sie nahmen ein Pflegekind auf.;Ils ont accueilli un enfant placé.;They took in a foster child.
nom;B2;Familie;die Adoption;adoption;adoption;Die Adoption dauerte fast drei Jahre.;L'adoption a pris près de trois ans.;The adoption took almost three years.
nom;B2;Familie;der Unterhalt;pension alimentaire;maintenance, child support;Der Vater zahlt Unterhalt für zwei Kinder.;Le père verse une pension pour deux enfants.;The father pays maintenance for two children.
nom;B2;Familie;die Scheidung;divorce;divorce;Nach der Scheidung zog sie zurück aufs Land.;Après le divorce, elle est retournée à la campagne.;After the divorce she moved back to the countryside.
nom;B2;Familie;der Nachkomme;descendant;descendant;Er hat keine direkten Nachkommen.;Il n'a pas de descendants directs.;He has no direct descendants.
nom;B2;Familie;der Vorfahre;ancêtre;ancestor;Ihre Vorfahren kamen aus Schlesien.;Ses ancêtres venaient de Silésie.;Her ancestors came from Silesia.
nom;B2;Familie;die Ahnentafel;arbre généalogique;family tree;Die Ahnentafel reicht bis 1750 zurück.;L'arbre généalogique remonte à 1750.;The family tree goes back to 1750.
nom;B2;Familie;der Taufpate;parrain de baptême;godfather;Sein Onkel wurde Taufpate.;Son oncle est devenu parrain.;His uncle became the godfather.
nom;B2;Familie;die Schwiegereltern;beaux-parents;parents-in-law;Die Schwiegereltern kommen über Ostern.;Les beaux-parents viennent pour Pâques.;The parents-in-law are coming over Easter.
nom;B2;Familie;der Schwager;beau-frère;brother-in-law;Mein Schwager arbeitet als Elektriker.;Mon beau-frère est électricien.;My brother-in-law works as an electrician.
nom;B2;Familie;die Schwägerin;belle-sœur;sister-in-law;Meine Schwägerin hat den Betrieb übernommen.;Ma belle-sœur a repris l'entreprise.;My sister-in-law took over the business.
nom;A1;Berufe;der Lehrer;enseignant;teacher;Der Lehrer erklärt die Grammatik.;L'enseignant explique la grammaire.;The teacher explains the grammar.
nom;A1;Berufe;die Ärztin;médecin (fém.);doctor (female);Die Ärztin untersucht den Patienten.;La médecin examine le patient.;The doctor examines the patient.
nom;A1;Berufe;der Koch;cuisinier;cook;Der Koch kocht ein leckeres Essen.;Le cuisinier prépare un bon repas.;The cook is preparing a delicious meal.
nom;A1;Berufe;die Verkäuferin;vendeuse;saleswoman;Die Verkäuferin arbeitet im Geschäft.;La vendeuse travaille dans le magasin.;The saleswoman works in the store.
nom;A1;Berufe;der Polizist;policier;police officer;Der Polizist hilft den Leuten.;Le policier aide les gens.;The police officer helps people.
nom;A1;Berufe;der Kellner;serveur;waiter;Der Kellner bringt das Essen.;Le serveur apporte le repas.;The waiter brings the food.
nom;A1;Berufe;der Friseur;coiffeur;hairdresser;Der Friseur schneidet mir die Haare.;Le coiffeur me coupe les cheveux.;The hairdresser cuts my hair.
nom;A1;Berufe;der Student;étudiant;student;Der Student lernt für die Prüfung.;L'étudiant étudie pour l'examen.;The student is studying for the exam.
nom;A1;Berufe;der Schüler;élève;pupil;Der Schüler macht seine Hausaufgaben.;L'élève fait ses devoirs.;The pupil is doing his homework.
nom;A1;Berufe;der Chef;patron;boss;Mein Chef ist sehr streng.;Mon patron est très strict.;My boss is very strict.
nom;A1;Berufe;der Kollege;collègue;colleague;Mein Kollege sitzt neben mir.;Mon collègue est assis à côté de moi.;My colleague sits next to me.
nom;A1;Berufe;der Bäcker;boulanger;baker;Der Bäcker backt frisches Brot.;Le boulanger cuit du pain frais.;The baker bakes fresh bread.
nom;A1;Berufe;der Fahrer;conducteur;driver;Der Fahrer fährt sehr vorsichtig.;Le conducteur conduit très prudemment.;The driver drives very carefully.
nom;A1;Berufe;der Beruf;métier;profession;Was ist dein Beruf?;Quel est ton métier ?;What is your profession?
nom;A2;Berufe;der Ingenieur;ingénieur;engineer;Der Ingenieur plant die neue Brücke.;L'ingénieur planifie le nouveau pont.;The engineer is planning the new bridge.
nom;A2;Berufe;die Krankenschwester;infirmière;nurse;Die Krankenschwester kümmert sich um die Patienten.;L'infirmière s'occupe des patients.;The nurse takes care of the patients.
nom;A2;Berufe;der Polizist;policier;police officer;Der Polizist kontrolliert die Ausweise.;Le policier contrôle les pièces d'identité.;The police officer checks the IDs.
nom;A2;Berufe;die Sekretärin;secrétaire;secretary;Die Sekretärin beantwortet das Telefon.;La secrétaire répond au téléphone.;The secretary answers the phone.
nom;A2;Berufe;der Bauer;agriculteur;farmer;Der Bauer arbeitet früh am Morgen.;L'agriculteur travaille tôt le matin.;The farmer works early in the morning.
nom;A2;Berufe;der Pilot;pilote;pilot;Der Pilot fliegt nach New York.;Le pilote pilote un vol pour New York.;The pilot is flying to New York.
nom;A2;Berufe;der Zahnarzt;dentiste;dentist;Der Zahnarzt untersucht meine Zähne.;Le dentiste examine mes dents.;The dentist examines my teeth.
nom;A2;Berufe;der Tierarzt;vétérinaire;veterinarian;Der Tierarzt behandelt kranke Tiere.;Le vétérinaire soigne les animaux malades.;The veterinarian treats sick animals.
nom;A2;Berufe;der Klempner;plombier;plumber;Der Klempner repariert die Leitung.;Le plombier répare la tuyauterie.;The plumber is fixing the pipe.
nom;A2;Berufe;der Fotograf;photographe;photographer;Der Fotograf macht schöne Bilder.;Le photographe prend de belles photos.;The photographer takes beautiful pictures.
nom;A2;Berufe;der Musiker;musicien;musician;Der Musiker übt jeden Tag.;Le musicien s'exerce tous les jours.;The musician practices every day.
nom;A2;Berufe;der Schauspieler;acteur;actor;Der Schauspieler spielt eine Hauptrolle.;L'acteur joue un rôle principal.;The actor plays a leading role.
nom;A2;Berufe;der Programmierer;programmeur;programmer;Der Programmierer schreibt neuen Code.;Le programmeur écrit du nouveau code.;The programmer writes new code.
nom;A2;Berufe;der Dieb;le voleur;thief;Der Dieb wurde schnell gefasst.;Le voleur a été vite arrêté.;The thief was caught quickly.
nom;A2;Berufe;der Krankenpfleger;infirmier;nurse;Mein Bruder arbeitet als Krankenpfleger.;Mon frère travaille comme infirmier.;My brother works as a nurse.
nom;A2;Berufe;der Rentner;retraité;pensioner;Mein Nachbar ist seit einem Jahr Rentner.;Mon voisin est retraité depuis un an.;My neighbour has been a pensioner for a year.
nom;A2;Berufe;der Verkäufer;vendeur;shop assistant;Der Verkäufer war sehr freundlich.;Le vendeur était très aimable.;The shop assistant was very friendly.
nom;A2;Berufe;der Autor;auteur;author;Wer ist der Autor dieses Buches?;Qui est l'auteur de ce livre ?;Who is the author of this book?
nom;A2;Berufe;der Babysitter;baby-sitter;babysitter;Am Samstag kommt ein Babysitter.;Samedi, un baby-sitter vient.;A babysitter is coming on Saturday.
nom;A2;Berufe;die Chefin;cheffe, patronne;boss (female);Meine Chefin ist heute nicht im Büro.;Ma cheffe n'est pas au bureau aujourd'hui.;My boss isn't in the office today.
nom;A2;Berufe;der Hausmann;homme au foyer;househusband;Mein Nachbar ist Hausmann.;Mon voisin est homme au foyer.;My neighbour is a househusband.
nom;A2;Berufe;der Mechaniker;mécanicien;mechanic;Der Mechaniker repariert mein Auto.;Le mécanicien répare ma voiture.;The mechanic is repairing my car.
nom;A2;Berufe;die Rentnerin;retraitée;pensioner (female);Meine Mutter ist seit zwei Jahren Rentnerin.;Ma mère est retraitée depuis deux ans.;My mother has been a pensioner for two years.
nom;A2;Berufe;der Kaufmann;commerçant;businessman, merchant;Er ist Kaufmann im Einzelhandel.;Il est commerçant dans le commerce de détail.;He is a retail businessman.
nom;A2;Berufe;das Model;mannequin;model;Sie arbeitet als Model in Mailand.;Elle travaille comme mannequin à Milan.;She works as a model in Milan.
nom;A2;Berufe;der Techniker;technicien;technician;Der Techniker kommt morgen früh.;Le technicien vient demain matin.;The technician is coming tomorrow morning.
nom;B1;Berufe;der Anwalt;avocat;lawyer;Der Anwalt vertritt seinen Mandanten vor Gericht.;L'avocat représente son client devant le tribunal.;The lawyer represents his client in court.
nom;B1;Berufe;die Journalistin;journaliste;journalist (female);Die Journalistin recherchiert seit Wochen zu diesem Thema.;La journaliste enquête sur ce sujet depuis des semaines.;The journalist has been researching this topic for weeks.
nom;B1;Berufe;der Elektriker;électricien;electrician;Der Elektriker repariert die kaputte Leitung.;L'électricien répare le câble défectueux.;The electrician is fixing the broken wire.
nom;B1;Berufe;die Architektin;architecte;architect (female);Die Architektin entwirft ein neues Bürogebäude.;L'architecte conçoit un nouvel immeuble de bureaux.;The architect is designing a new office building.
nom;B1;Berufe;der Berater;consultant;consultant;Der Berater gibt uns wertvolle Tipps.;Le consultant nous donne de précieux conseils.;The consultant gives us valuable advice.
nom;B1;Berufe;der Übersetzer;traducteur;translator;Der Übersetzer arbeitet an einem schwierigen Text.;Le traducteur travaille sur un texte difficile.;The translator is working on a difficult text.
nom;B1;Berufe;der Buchhalter;comptable;accountant;Der Buchhalter prüft die Jahresbilanz.;Le comptable vérifie le bilan annuel.;The accountant checks the annual balance sheet.
nom;B1;Berufe;der Handwerker;artisan;craftsman, tradesperson;Der Handwerker installiert die neue Küche.;L'artisan installe la nouvelle cuisine.;The tradesperson is installing the new kitchen.
nom;B1;Berufe;der Richter;juge;judge;Der Richter verkündet das Urteil.;Le juge prononce le verdict.;The judge announces the verdict.
nom;B1;Berufe;die Ausbildung;formation professionnelle;vocational training;Nach der Ausbildung fand sie sofort eine Stelle.;Après sa formation, elle a immédiatement trouvé un poste.;After her training, she immediately found a job.
nom;B1;Berufe;die Fachkraft;travailleur qualifié;skilled worker;In dieser Branche fehlt es an Fachkräften.;Ce secteur manque de main-d'œuvre qualifiée.;This industry lacks skilled workers.
nom;B1;Berufe;die Hebamme;la sage-femme;midwife;Die Hebamme kam um drei Uhr nachts.;La sage-femme est arrivée à trois heures du matin.;The midwife arrived at three in the morning.
nom;B1;Berufe;der Soldat;le soldat;soldier;Sein Großvater war Soldat.;Son grand-père était soldat.;His grandfather was a soldier.
nom;B1;Berufe;der Wirt;l'aubergiste, le patron;innkeeper, landlord;Der Wirt bringt uns noch ein Bier.;Le patron nous apporte encore une bière.;The landlord brings us another beer.
nom;B1;Berufe;der Meister;le maître, le champion;master, champion;Er ist Meister in seinem Handwerk.;Il est maître dans son métier.;He is a master of his craft.
nom;B1;Berufe;der Händler;commerçant, marchand;dealer, merchant;Der Händler verkauft frisches Obst auf dem Markt.;Le commerçant vend des fruits frais au marché.;The merchant sells fresh fruit at the market.
nom;B1;Berufe;der Rechtsanwalt;avocat;lawyer;Mein Rechtsanwalt hat mir bei dem Vertrag geholfen.;Mon avocat m'a aidé avec le contrat.;My lawyer helped me with the contract.
nom;B1;Berufe;die Rechtsanwältin;avocate;lawyer (female);Die Rechtsanwältin vertritt meine Interessen vor Gericht.;L'avocate représente mes intérêts devant le tribunal.;The lawyer represents my interests in court.
nom;B1;Berufe;der Ernährungsberater;conseiller en nutrition;nutrition counselor;Der Ernährungsberater hat mir einen neuen Speiseplan erstellt.;Le conseiller en nutrition m'a préparé un nouveau plan de repas.;The nutrition counselor created a new meal plan for me.
nom;B1;Berufe;die Ernährungsberaterin;conseillère en nutrition;nutrition counselor (female);Die Ernährungsberaterin empfiehlt mehr Gemüse.;La conseillère en nutrition recommande plus de légumes.;The nutrition counselor recommends more vegetables.
nom;B1;Berufe;der Altenpfleger;soignant pour personnes âgées;elderly caregiver;Mein Onkel arbeitet als Altenpfleger.;Mon oncle travaille comme soignant pour personnes âgées.;My uncle works as an elderly caregiver.
nom;B1;Berufe;die Altenpflegerin;soignante pour personnes âgées;elderly caregiver (female);Die Altenpflegerin kümmert sich um zehn Bewohner.;La soignante s'occupe de dix résidents.;The caregiver looks after ten residents.
nom;B1;Berufe;der Arzthelfer;assistant médical;medical assistant;Der Arzthelfer misst zuerst den Blutdruck.;L'assistant médical mesure d'abord la tension.;The medical assistant measures blood pressure first.
nom;B1;Berufe;die Arzthelferin;assistante médicale;medical assistant (female);Die Arzthelferin ruft die Patienten auf.;L'assistante médicale appelle les patients.; The medical assistant calls the patients in.
nom;B1;Berufe;der Physiotherapeut;physiothérapeute;physiotherapist;Der Physiotherapeut hilft ihr beim Gehen.;Le physiothérapeute l'aide à marcher.;The physiotherapist helps her walk.
nom;B1;Berufe;die Physiotherapeutin;physiothérapeute (femme);physiotherapist (female);Die Physiotherapeutin massiert seinen Rücken.;La physiothérapeute lui masse le dos.;The physiotherapist massages his back.
nom;B1;Berufe;die Bäuerin;agricultrice;farmer (female);Die Bäuerin kümmert sich um die Kühe.;L'agricultrice s'occupe des vaches.;The farmer takes care of the cows.
nom;B1;Berufe;der Experte;expert;expert;Ein Experte hat den Schaden am Dach untersucht.;Un expert a examiné les dégâts au toit.;An expert examined the damage to the roof.
nom;B1;Berufe;die Expertin;experte;expert (female);Die Expertin erklärte die Ursachen des Klimawandels.;L'experte a expliqué les causes du changement climatique.;The expert explained the causes of climate change.
nom;B1;Berufe;der Wissenschaftler;scientifique;scientist;Ein Wissenschaftler erklärte die Ergebnisse der Studie.;Un scientifique a expliqué les résultats de l'étude.;A scientist explained the results of the study.
nom;B1;Berufe;die Künstlerin;artiste (femme);artist (female);Die Künstlerin malt vor allem Landschaften.;L'artiste peint surtout des paysages.;The artist mainly paints landscapes.
nom;B1;Berufe;die Schauspielerin;actrice;actress;Die Schauspielerin wurde für ihre Rolle ausgezeichnet.;L'actrice a été récompensée pour son rôle.;The actress was awarded for her role.
nom;B1;Berufe;die Köchin;cuisinière;cook (female);Die Köchin hat ein neues Rezept ausprobiert.;La cuisinière a essayé une nouvelle recette.;The cook tried out a new recipe.
nom;B1;Berufe;der Fitnesstrainer;entraîneur sportif;fitness trainer;Der Fitnesstrainer erstellt ihr einen neuen Trainingsplan.;L'entraîneur sportif lui prépare un nouveau programme d'entraînement.;The fitness trainer creates a new training plan for her.
nom;B1;Berufe;die Fitnesstrainerin;entraîneuse sportive;fitness trainer (female);Die Fitnesstrainerin motiviert die Gruppe jeden Morgen.;L'entraîneuse motive le groupe chaque matin.;The fitness trainer motivates the group every morning.
nom;B1;Berufe;der Reporter;journaliste, reporter;reporter;Ein Reporter interviewt den Sieger nach dem Spiel.;Un journaliste interviewe le vainqueur après le match.;A reporter interviews the winner after the game.
nom;B1;Berufe;die Reporterin;journaliste (femme);reporter (female);Die Reporterin berichtet live vom Stadion.;La journaliste fait un reportage en direct du stade.;The reporter is reporting live from the stadium.
nom;B1;Berufe;die Berufswahl;choix professionnel;career choice;Die Berufswahl fällt vielen Jugendlichen schwer.;Le choix professionnel est difficile pour beaucoup de jeunes.;Choosing a career is difficult for many young people.
nom;B1;Berufe;die Gastronomie;restauration (secteur);catering, hospitality industry;Er arbeitet seit zehn Jahren in der Gastronomie.;Il travaille dans la restauration depuis dix ans.;He has worked in the hospitality industry for ten years.
nom;B1;Berufe;die Betreuerin;encadrante, animatrice;supervisor, caregiver (female);Die Betreuerin kümmert sich um zehn Jugendliche.;L'animatrice s'occupe de dix adolescents.;The supervisor looks after ten teenagers.
nom;B1;Berufe;die Übersetzerin;traductrice;translator (female);Die Übersetzerin beherrscht vier Sprachen.;La traductrice maîtrise quatre langues.;The translator is fluent in four languages.
nom;B1;Berufe;die Polizistin;policière;police officer (female);Die Polizistin nimmt den Unfall auf.;La policière constate l'accident.;The police officer records the accident.
nom;B1;Berufe;der Fachmann;spécialiste, expert;expert, specialist;Für diese Reparatur brauchen wir einen Fachmann.;Pour cette réparation, nous avons besoin d'un spécialiste.;We need an expert for this repair.
nom;B1;Berufe;die Fachfrau;spécialiste (femme);expert, specialist (female);Sie ist eine anerkannte Fachfrau auf ihrem Gebiet.;Elle est une spécialiste reconnue dans son domaine.;She is a recognized expert in her field.
nom;B1;Berufe;der Stadtführer;guide touristique (personne ou livre);city guide (person or book);Der Stadtführer zeigt uns die wichtigsten Sehenswürdigkeiten.;Le guide touristique nous montre les principaux sites.;The city guide shows us the main sights.
nom;B1;Berufe;die Stadtführerin;guide touristique (femme);city guide (female);Die Stadtführerin erzählt viele interessante Geschichten.;La guide touristique raconte beaucoup d'histoires intéressantes.;The city guide tells many interesting stories.
nom;B1;Berufe;der Arbeiter;ouvrier;worker;In der Fabrik arbeiten dreihundert Arbeiter.;Trois cents ouvriers travaillent à l'usine.;Three hundred workers work at the factory.
nom;B1;Berufe;der Briefträger;facteur;postman;Der Briefträger kommt jeden Morgen um zehn.;Le facteur passe chaque matin à dix heures.;The postman comes every morning at ten.
nom;B1;Berufe;die Hausfrau;femme au foyer;housewife;Nach der Geburt war sie zwei Jahre Hausfrau.;Après la naissance, elle a été femme au foyer pendant deux ans.;After the birth she was a housewife for two years.
nom;B1;Berufe;der Journalist;journaliste;journalist;Der Journalist stellt viele Fragen.;Le journaliste pose beaucoup de questions.;The journalist asks a lot of questions.
nom;B1;Berufe;der Pfleger;soignant, aide-soignant;carer;Der Pfleger kommt jeden Morgen.;L'aide-soignant vient chaque matin.;The carer comes every morning.
nom;B1;Berufe;der Sozialarbeiter;travailleur social;social worker;Der Sozialarbeiter hilft der Familie bei den Anträgen.;Le travailleur social aide la famille pour les démarches.;The social worker helps the family with the applications.
nom;B1;Berufe;der Spezialist;spécialiste;specialist;Dafür brauchen Sie einen Spezialisten.;Pour cela, il vous faut un spécialiste.;For that you need a specialist.
nom;B1;Berufe;der Kursleiter;animateur de cours, formateur;course leader;Fragen Sie bitte den Kursleiter.;Adressez-vous au formateur, s'il vous plaît.;Please ask the course leader.
nom;B1;Berufe;der Coiffeur;coiffeur;hairdresser;Ich gehe morgen zum Coiffeur.;Je vais chez le coiffeur demain.;I'm going to the hairdresser tomorrow.
nom;B1;Berufe;der Hausmeister;concierge, gardien;caretaker;Der Hausmeister hat den Schlüssel.;Le concierge a la clé.;The caretaker has the key.
nom;B1;Berufe;der Metzger;boucher;butcher;Beim Metzger kaufe ich das Fleisch.;J'achète la viande chez le boucher.;I buy the meat at the butcher's.
nom;B1;Berufe;der Ober;serveur;waiter;Herr Ober, die Rechnung bitte!;Monsieur, l'addition s'il vous plaît !;Waiter, the bill please!
nom;B1;Berufe;der Schriftsteller;écrivain;writer;Der Schriftsteller liest heute Abend vor.;L'écrivain fait une lecture ce soir.;The writer is giving a reading tonight.
nom;B1;Berufe;der Vertreter;représentant;representative;Der Vertreter der Firma kommt um zehn.;Le représentant de l'entreprise vient à dix heures.;The company representative is coming at ten.
nom;B1;Berufe;die Geschäftsleute;gens d'affaires;business people;Im Hotel wohnen viele Geschäftsleute.;Beaucoup de gens d'affaires logent à l'hôtel.;Many business people stay at the hotel.
nom;B1;Berufe;der Makler;agent immobilier;estate agent;Der Makler zeigt uns die Wohnung.;L'agent immobilier nous fait visiter l'appartement.;The estate agent is showing us the flat.
nom;B1;Berufe;die Tagesmutter;assistante maternelle;childminder;Die Tagesmutter betreut vier Kinder.;L'assistante maternelle garde quatre enfants.;The childminder looks after four children.
nom;B1;Berufe;der Fleischhauer;boucher;butcher;Beim Fleischhauer gibt es frische Wurst.;Chez le boucher, il y a de la saucisse fraîche.;There's fresh sausage at the butcher's.
nom;B1;Berufe;der Pensionist;retraité;pensioner;Pensionisten zahlen weniger.;Les retraités paient moins.;Pensioners pay less.
nom;B1;Berufe;der Pöstler;facteur;postman;Der Pöstler kommt gegen elf.;Le facteur passe vers onze heures.;The postman comes around eleven.
nom;B1;Berufe;der Serviceangestellte;employé de service;service employee;Der Serviceangestellte bringt die Karte.;L'employé de service apporte la carte.;The service employee brings the menu.
nom;B1;Berufe;der Steward;steward;steward;Der Steward zeigt uns die Plätze.;Le steward nous montre nos places.;The steward shows us our seats.
nom;B2;Berufe;der Steuerberater;conseiller fiscal;tax advisor;Der Steuerberater hilft uns bei der Steuererklärung.;Le conseiller fiscal nous aide pour la déclaration d'impôts.;The tax advisor helps us with our tax return.
nom;B2;Berufe;die Geschäftsführerin;directrice générale;managing director (female);Die Geschäftsführerin trifft alle wichtigen Entscheidungen.;La directrice générale prend toutes les décisions importantes.;The managing director makes all the important decisions.
nom;B2;Berufe;der Handwerker;artisan;craftsman, tradesperson;Ein guter Handwerker ist heute schwer zu finden.;Un bon artisan est difficile à trouver aujourd'hui.;A good tradesperson is hard to find these days.
nom;B2;Berufe;die Wissenschaftlerin;scientifique;scientist (female);Die Wissenschaftlerin veröffentlicht ihre Studie nächste Woche.;La scientifique publie son étude la semaine prochaine.;The scientist is publishing her study next week.
nom;B2;Berufe;der Unternehmer;entrepreneur;entrepreneur;Der Unternehmer gründete seine Firma vor zehn Jahren.;L'entrepreneur a fondé son entreprise il y a dix ans.;The entrepreneur founded his company ten years ago.
nom;B2;Berufe;die Berufserfahrung;expérience professionnelle;professional experience;Ihre Berufserfahrung überzeugte die Personalabteilung sofort.;Son expérience professionnelle a immédiatement convaincu les ressources humaines.;Her professional experience immediately convinced HR.
nom;B2;Berufe;der Quereinsteiger;reconverti professionnel;career changer;Als Quereinsteiger musste er sich vieles neu aneignen.;En tant que reconverti professionnel, il a dû tout réapprendre.;As a career changer, he had to relearn a lot.
nom;B2;Berufe;der Fachkräftemangel;pénurie de main-d'œuvre;skilled labor shortage;Der Fachkräftemangel betrifft viele Branchen.;La pénurie de main-d'œuvre qualifiée touche de nombreux secteurs.;The skilled labor shortage affects many industries.
nom;B2;Berufe;der Ausbilder;formateur, maître d'apprentissage;trainer, instructor;Der Ausbilder betreut vier Lehrlinge.;Le formateur encadre quatre apprentis.;The trainer supervises four apprentices.
nom;B2;Berufe;die Auszubildende;apprenti(e);apprentice, trainee;Die Auszubildende ist im zweiten Lehrjahr.;L'apprentie est en deuxième année.;The apprentice is in her second year.
nom;B2;Berufe;der Lehrling;apprenti;apprentice;Der Betrieb sucht zwei Lehrlinge.;L'entreprise cherche deux apprentis.;The company is looking for two apprentices.
nom;B2;Berufe;der Freiberufler;profession libérale;freelancer;Als Freiberufler zahlt er selbst in die Kasse ein.;Comme profession libérale, il cotise lui-même.;As a freelancer he pays his own contributions.
nom;B2;Berufe;die Selbstständige;travailleur indépendant;self-employed person;Selbstständige haben kein festes Einkommen.;Les indépendants n'ont pas de revenu fixe.;The self-employed have no fixed income.
nom;B2;Berufe;die Angestellte;employé(e);employee;Die Angestellten stimmten dem Vorschlag zu.;Les employés ont approuvé la proposition.;The employees agreed to the proposal.
nom;B2;Berufe;der Beamte;fonctionnaire;civil servant;Als Beamter ist er unkündbar.;Comme fonctionnaire, il est inamovible.;As a civil servant he cannot be dismissed.
nom;B2;Berufe;der Schichtarbeiter;travailleur posté;shift worker;Schichtarbeiter schlafen oft schlecht.;Les travailleurs postés dorment souvent mal.;Shift workers often sleep badly.
nom;B2;Berufe;die Aushilfe;renfort, extra;temporary help;Im Dezember stellen wir zwei Aushilfen ein.;En décembre, nous embauchons deux extras.;In December we hire two temporary staff.
nom;B2;Berufe;die Vorgesetzte;supérieur hiérarchique;superior, line manager;Sprich zuerst mit deiner Vorgesetzten.;Parle d'abord à ta supérieure.;Speak to your line manager first.
nom;B2;Berufe;das Kollegium;équipe, corps enseignant;staff, faculty;Das Kollegium trifft sich jeden Montag.;L'équipe se réunit tous les lundis.;The staff meet every Monday.
nom;B2;Berufe;das Bewerbungsgespräch;entretien d'embauche;job interview;Das Bewerbungsgespräch dauerte vierzig Minuten.;L'entretien d'embauche a duré quarante minutes.;The job interview lasted forty minutes.
nom;A1;Essen und Trinken;das Brot;pain;bread;Ich esse jeden Morgen Brot.;Je mange du pain chaque matin.;I eat bread every morning.
nom;A1;Essen und Trinken;der Käse;fromage;cheese;Der Käse schmeckt sehr gut.;Le fromage a très bon goût.;The cheese tastes very good.
nom;A1;Essen und Trinken;die Milch;lait;milk;Ich trinke gern Milch.;J'aime boire du lait.;I like to drink milk.
nom;A1;Essen und Trinken;das Wasser;eau;water;Bitte gib mir ein Glas Wasser.;Donne-moi un verre d'eau, s'il te plaît.;Please give me a glass of water.
nom;A1;Essen und Trinken;der Kaffee;café;coffee;Der Kaffee ist noch heiß.;Le café est encore chaud.;The coffee is still hot.
nom;A1;Essen und Trinken;der Tee;thé;tea;Ich trinke abends gern Tee.;J'aime boire du thé le soir.;I like to drink tea in the evening.
nom;A1;Essen und Trinken;der Saft;jus;juice;Der Saft ist frisch gepresst.;Le jus est fraîchement pressé.;The juice is freshly squeezed.
nom;A1;Essen und Trinken;die Butter;beurre;butter;Ich brauche Butter für den Kuchen.;J'ai besoin de beurre pour le gâteau.;I need butter for the cake.
nom;A1;Essen und Trinken;das Ei;œuf;egg;Ich esse zum Frühstück ein Ei.;Je mange un œuf au petit-déjeuner.;I eat an egg for breakfast.
nom;A1;Essen und Trinken;der Zucker;sucre;sugar;Der Kaffee braucht noch Zucker.;Le café a besoin de plus de sucre.;The coffee needs more sugar.
nom;A1;Essen und Trinken;das Salz;sel;salt;Das Essen braucht etwas Salz.;Le plat a besoin d'un peu de sel.;The food needs a bit of salt.
nom;A1;Essen und Trinken;das Fleisch;viande;meat;Er isst kein Fleisch.;Il ne mange pas de viande.;He doesn't eat meat.
nom;A1;Essen und Trinken;der Reis;riz;rice;Wir essen heute Reis mit Gemüse.;Aujourd'hui, nous mangeons du riz avec des légumes.;Today we're eating rice with vegetables.
nom;A1;Essen und Trinken;die Nudeln;pâtes;pasta;Die Kinder lieben Nudeln.;Les enfants adorent les pâtes.;The kids love pasta.
nom;A1;Essen und Trinken;die Suppe;soupe;soup;Die Suppe ist noch zu heiß.;La soupe est encore trop chaude.;The soup is still too hot.
nom;A1;Essen und Trinken;der Kuchen;gâteau;cake;Sie backt einen Kuchen für die Party.;Elle prépare un gâteau pour la fête.;She's baking a cake for the party.
nom;A1;Essen und Trinken;das Bier;bière;beer;Er trinkt am Abend ein Bier.;Il boit une bière le soir.;He drinks a beer in the evening.
nom;A1;Essen und Trinken;der Wein;vin;wine;Der Wein kommt aus Italien.;Le vin vient d'Italie.;The wine is from Italy.
nom;A1;Essen und Trinken;das Frühstück;petit-déjeuner;breakfast;Das Frühstück steht auf dem Tisch.;Le petit-déjeuner est sur la table.;Breakfast is on the table.
nom;A1;Essen und Trinken;das Mittagessen;déjeuner;lunch;Das Mittagessen ist um zwölf Uhr.;Le déjeuner est à midi.;Lunch is at noon.
nom;A1;Essen und Trinken;das Abendessen;dîner;dinner;Wir essen das Abendessen zusammen.;Nous prenons le dîner ensemble.;We eat dinner together.
nom;A1;Essen und Trinken;das Bonbon;le bonbon;sweet, candy;Möchtest du ein Bonbon?;Veux-tu un bonbon ?;Would you like a sweet?
nom;A1;Essen und Trinken;das Essen;le repas, la nourriture;food, meal;Das Essen ist fertig!;Le repas est prêt !;The food is ready!
nom;A1;Essen und Trinken;der Keks;le biscuit;biscuit, cookie;Nimm dir noch einen Keks.;Prends encore un biscuit.;Have another biscuit.
nom;A2;Essen und Trinken;der Kaffee;café;coffee;Der Kaffee kommt aus Brasilien.;Le café vient du Brésil.;The coffee comes from Brazil.
nom;A2;Essen und Trinken;der Tee;thé;tea;Der Tee wird mit heißem Wasser aufgegossen.;Le thé est infusé avec de l'eau chaude.;The tea is brewed with hot water.
nom;A2;Essen und Trinken;die Suppe;soupe;soup;Die Suppe schmeckt nach Gemüse.;La soupe a un goût de légumes.;The soup tastes like vegetables.
nom;A2;Essen und Trinken;der Kuchen;gâteau;cake;Der Kuchen ist noch warm.;Le gâteau est encore chaud.;The cake is still warm.
nom;A2;Essen und Trinken;die Marmelade;confiture;jam;Die Marmelade schmeckt nach Erdbeeren.;La confiture a un goût de fraises.;The jam tastes like strawberries.
nom;A2;Essen und Trinken;der Honig;miel;honey;Der Honig kommt von unseren eigenen Bienen.;Le miel vient de nos propres abeilles.;The honey comes from our own bees.
nom;A2;Essen und Trinken;der Joghurt;yaourt;yogurt;Der Joghurt steht im Kühlschrank.;Le yaourt est dans le réfrigérateur.;The yogurt is in the fridge.
nom;A2;Essen und Trinken;die Sahne;crème;cream;Die Sahne macht den Kaffee cremig.;La crème rend le café onctueux.;The cream makes the coffee creamy.
nom;A2;Essen und Trinken;das Mehl;farine;flour;Für den Kuchen brauche ich Mehl.;Pour le gâteau, j'ai besoin de farine.;I need flour for the cake.
nom;A2;Essen und Trinken;das Öl;huile;oil;Wir kochen mit Olivenöl.;Nous cuisinons avec de l'huile d'olive.;We cook with olive oil.
nom;A2;Essen und Trinken;der Essig;vinaigre;vinegar;Der Essig gibt dem Salat Geschmack.;Le vinaigre donne du goût à la salade.;The vinegar gives the salad flavor.
nom;A2;Essen und Trinken;das Gewürz;épice;spice;Dieses Gewürz ist sehr scharf.;Cette épice est très piquante.;This spice is very spicy.
nom;A2;Essen und Trinken;der Pfeffer;poivre;pepper;Ich mag schwarzen Pfeffer.;J'aime le poivre noir.;I like black pepper.
nom;A2;Essen und Trinken;der Senf;moutarde;mustard;Der Senf passt gut zur Wurst.;La moutarde va bien avec la saucisse.;Mustard goes well with sausage.
nom;A2;Essen und Trinken;die Limonade;limonade;lemonade;Die Limonade ist eiskalt.;La limonade est glacée.;The lemonade is ice cold.
nom;A2;Essen und Trinken;das Getränk;la boisson;drink;Möchten Sie ein kaltes Getränk?;Voulez-vous une boisson froide ?;Would you like a cold drink?
nom;A2;Essen und Trinken;das Brötchen;petit pain;bread roll;Zum Frühstück esse ich zwei Brötchen.;Au petit-déjeuner, je mange deux petits pains.;I eat two rolls for breakfast.
nom;A2;Essen und Trinken;der Hunger;faim;hunger;Ich habe großen Hunger.;J'ai très faim.;I'm very hungry.
nom;A2;Essen und Trinken;das Hähnchen;poulet;chicken;Zum Mittagessen gibt es Hähnchen mit Reis.;À midi, il y a du poulet avec du riz.;For lunch there's chicken with rice.
nom;A2;Essen und Trinken;das Lokal;bistrot;pub, local restaurant;Das Lokal an der Ecke ist sehr gemütlich.;Le bistrot au coin de la rue est très agréable.;The pub on the corner is very cosy.
nom;A2;Essen und Trinken;die Nudel;pâtes, nouille;noodle, pasta;Die Kinder essen gern Nudeln.;Les enfants aiment manger des pâtes.;The children like eating pasta.
nom;A2;Essen und Trinken;die Schokolade;chocolat;chocolate;Ich esse jeden Tag ein Stück Schokolade.;Je mange un carré de chocolat chaque jour.;I eat a piece of chocolate every day.
nom;A2;Essen und Trinken;der Durst;soif;thirst;Ich habe Durst, hast du Wasser?;J'ai soif, tu as de l'eau ?;I'm thirsty, do you have any water?
nom;A2;Essen und Trinken;die Wurst;saucisse;sausage;Auf dem Markt kaufe ich frische Wurst.;Au marché, j'achète de la saucisse fraîche.;At the market I buy fresh sausage.
nom;A2;Essen und Trinken;die Getränkekarte;carte des boissons;drinks menu;Bringen Sie mir bitte die Getränkekarte.;Apportez-moi la carte des boissons, s'il vous plaît.;Please bring me the drinks menu.
nom;B1;Essen und Trinken;das Gericht;plat;dish;Dieses Gericht wird mit viel Knoblauch zubereitet.;Ce plat est préparé avec beaucoup d'ail.;This dish is prepared with a lot of garlic.
nom;B1;Essen und Trinken;die Zutat;ingrédient;ingredient;Für das Rezept brauchst du eine besondere Zutat.;Pour la recette, tu as besoin d'un ingrédient particulier.;For the recipe, you need a special ingredient.
nom;B1;Essen und Trinken;der Nachtisch;dessert;dessert;Der Nachtisch war der beste Teil des Essens.;Le dessert était la meilleure partie du repas.;Dessert was the best part of the meal.
nom;B1;Essen und Trinken;die Vorspeise;entrée;appetizer, starter;Als Vorspeise bestellen wir eine Suppe.;Comme entrée, nous commandons une soupe.;As an appetizer, we order a soup.
nom;B1;Essen und Trinken;das Hauptgericht;plat principal;main course;Das Hauptgericht kommt in wenigen Minuten.;Le plat principal arrive dans quelques minutes.;The main course is coming in a few minutes.
nom;B1;Essen und Trinken;das Rezept;recette;recipe;Sie folgt genau dem Rezept ihrer Großmutter.;Elle suit exactement la recette de sa grand-mère.;She follows her grandmother's recipe exactly.
nom;B1;Essen und Trinken;die Portion;portion;portion;Eine Portion reicht für zwei Personen.;Une portion suffit pour deux personnes.;One portion is enough for two people.
nom;B1;Essen und Trinken;die Speisekarte;menu (carte);menu;Die Speisekarte bietet viele vegetarische Gerichte.;La carte propose de nombreux plats végétariens.;The menu offers many vegetarian dishes.
nom;B1;Essen und Trinken;die Kellnerin;serveuse;waitress;Die Kellnerin bringt uns die Getränke.;La serveuse nous apporte les boissons.;The waitress brings us the drinks.
nom;B1;Essen und Trinken;das Trinkgeld;pourboire;tip;Wir lassen der Kellnerin ein großzügiges Trinkgeld.;Nous laissons un généreux pourboire à la serveuse.;We leave the waitress a generous tip.
nom;B1;Essen und Trinken;die Gaststätte;restaurant, auberge;restaurant, inn;Am Wochenende essen wir gern in der Gaststätte um die Ecke.;Le week-end, nous aimons manger au restaurant du coin.;On weekends we like to eat at the restaurant around the corner.
nom;B1;Essen und Trinken;der Genuss;plaisir (savourer);enjoyment, pleasure;Der Kaffee am Morgen ist für sie ein echter Genuss.;Le café du matin est un vrai plaisir pour elle.;Morning coffee is a real pleasure for her.
nom;B1;Essen und Trinken;der Chip;puce (électronique);chip;Die Kreditkarte hat einen kleinen Chip.;La carte de crédit a une petite puce.;The credit card has a small chip.
nom;B1;Essen und Trinken;die Essgewohnheit;habitude alimentaire;eating habit;Meine Essgewohnheiten haben sich seit dem Umzug verändert.;Mes habitudes alimentaires ont changé depuis le déménagement.;My eating habits have changed since the move.
nom;B1;Essen und Trinken;das Essverhalten;comportement alimentaire;eating behavior;Ihr Essverhalten hat sich nach der Diagnose verändert.;Son comportement alimentaire a changé après le diagnostic.;Her eating behavior changed after the diagnosis.
nom;B1;Essen und Trinken;das Fertiggericht;plat préparé;ready meal;Fertiggerichte enthalten oft viel Salz.;Les plats préparés contiennent souvent beaucoup de sel.;Ready meals often contain a lot of salt.
nom;B1;Essen und Trinken;das Fett;graisse, matière grasse;fat;Zu viel Fett im Essen ist ungesund.;Trop de graisse dans la nourriture n'est pas sain.;Too much fat in food is unhealthy.
nom;B1;Essen und Trinken;die Lieblingsspeise;plat préféré;favorite dish;Pizza ist meine Lieblingsspeise.;La pizza est mon plat préféré.;Pizza is my favorite dish.
nom;B1;Essen und Trinken;die Mahlzeit;repas;meal;Drei Mahlzeiten am Tag reichen mir völlig.;Trois repas par jour me suffisent amplement.;Three meals a day are quite enough for me.
nom;B1;Essen und Trinken;die Pasta;pâtes;pasta;Am Sonntag kochen wir immer Pasta.;Le dimanche, on cuisine toujours des pâtes.;On Sundays we always cook pasta.
nom;B1;Essen und Trinken;das Sandwich;sandwich;sandwich;Ich nehme ein Sandwich mit ins Büro.;J'emporte un sandwich au bureau.;I'm taking a sandwich to the office.
nom;B1;Essen und Trinken;der Snack;collation, en-cas;snack;Zwischen den Mahlzeiten esse ich gern einen Snack.;Entre les repas, j'aime bien prendre une collation.;Between meals I like to have a snack.
nom;B1;Essen und Trinken;das Büfett;buffet;buffet;Beim Fest gab es ein großes Büfett.;Il y avait un grand buffet pendant la fête.;There was a big buffet at the party.
nom;B1;Essen und Trinken;der Appetit;appétit;appetite;Nach der Krankheit hat er wenig Appetit.;Après la maladie, il a peu d'appétit.;After the illness he has little appetite.
nom;B1;Essen und Trinken;der Kaugummi;chewing-gum;chewing gum;Kaugummi kauen ist im Klassenzimmer nicht erlaubt.;Mâcher du chewing-gum n'est pas autorisé en classe.;Chewing gum is not allowed in the classroom.
nom;B1;Essen und Trinken;der/das Ketchup;ketchup;ketchup;Er isst seine Pommes immer mit Ketchup.;Il mange toujours ses frites avec du ketchup.;He always eats his fries with ketchup.
nom;B1;Essen und Trinken;die Mayonnaise;mayonnaise;mayonnaise;Sie macht die Mayonnaise immer selbst.;Elle fait toujours sa mayonnaise elle-même.;She always makes her own mayonnaise.
nom;B1;Essen und Trinken;die Süßigkeit;sucrerie, bonbon;sweet, candy;Die Kinder lieben Süßigkeiten.;Les enfants adorent les sucreries.;Children love sweets.
nom;B1;Essen und Trinken;das Kaffeehaus;café (viennois);coffee house;In Wien gibt es viele traditionelle Kaffeehäuser.;Il y a beaucoup de cafés traditionnels à Vienne.;There are many traditional coffee houses in Vienna.
nom;B1;Essen und Trinken;das Lebensmittel;denrée alimentaire;food, groceries;Wir kaufen unsere Lebensmittel auf dem Wochenmarkt.;Nous achetons nos denrées alimentaires au marché hebdomadaire.;We buy our groceries at the weekly market.
nom;B1;Essen und Trinken;der Pfannkuchen;crêpe, beignet;pancake;Zum Frühstück gibt es heute Pfannkuchen.;Aujourd'hui, il y a des crêpes au petit-déjeuner.;There are pancakes for breakfast today.
nom;B1;Essen und Trinken;das Schlagobers;crème fouettée (autrichien);whipped cream (Austrian);Der Kaffee wird mit Schlagobers serviert.;Le café est servi avec de la crème fouettée.;The coffee is served with whipped cream.
nom;B1;Essen und Trinken;die Schlagsahne;crème fouettée;whipped cream;Zum Kuchen gibt es Schlagsahne.;Il y a de la crème fouettée avec le gâteau.;There's whipped cream with the cake.
nom;B1;Essen und Trinken;der Braten;rôti;roast;Sonntags gibt es bei uns einen Braten.;Le dimanche, chez nous, il y a un rôti.;On Sundays we have a roast.
nom;B1;Essen und Trinken;das Gebäck;petits gâteaux, pâtisserie;pastries;Zum Kaffee gibt es Gebäck.;Avec le café, il y a des petits gâteaux.;There are pastries with the coffee.
nom;B1;Essen und Trinken;der Kloß;boulette (de pomme de terre);dumpling;Zum Braten gibt es Klöße.;Avec le rôti, il y a des boulettes.;There are dumplings with the roast.
nom;B1;Essen und Trinken;die Kneipe;bistrot, bar;pub;Nach der Arbeit gehen wir in die Kneipe.;Après le travail, nous allons au bistrot.;After work we go to the pub.
nom;B1;Essen und Trinken;die Margarine;margarine;margarine;Ich nehme Margarine statt Butter.;Je prends de la margarine au lieu du beurre.;I use margarine instead of butter.
nom;B1;Essen und Trinken;das Mineralwasser;eau minérale;mineral water;Ein Mineralwasser, bitte.;Une eau minérale, s'il vous plaît.;A mineral water, please.
nom;B1;Essen und Trinken;die Scheibe;"tranche ; vitre";"slice; pane";Eine Scheibe Brot reicht mir.;Une tranche de pain me suffit.;One slice of bread is enough for me.
nom;B1;Essen und Trinken;der Schinken;jambon;ham;Auf dem Brot ist Schinken.;Il y a du jambon sur le pain.;There's ham on the bread.
nom;B1;Essen und Trinken;das Schnitzel;escalope panée;schnitzel;Ich nehme ein Schnitzel mit Pommes.;Je prends une escalope avec des frites.;I'll have a schnitzel with chips.
nom;B1;Essen und Trinken;das Steak;steak;steak;Ich hätte gern das Steak, bitte.;Je prendrai le steak, s'il vous plaît.;I'd like the steak, please.
nom;B1;Essen und Trinken;das Dessert;dessert;dessert;Als Dessert gibt es Eis.;Comme dessert, il y a de la glace.;For dessert there's ice cream.
nom;B1;Essen und Trinken;das Gasthaus;auberge;inn;Im Gasthaus am Markt isst man gut.;On mange bien à l'auberge sur la place du marché.;The food at the inn on the market square is good.
nom;B1;Essen und Trinken;die Glace;glace (crème glacée);ice cream;Im Sommer esse ich jeden Tag eine Glace.;En été, je mange une glace tous les jours.;In summer I eat an ice cream every day.
nom;B1;Essen und Trinken;das Hackfleisch;viande hachée;minced meat;Für die Soße brauche ich Hackfleisch.;Pour la sauce, il me faut de la viande hachée.;I need minced meat for the sauce.
nom;B1;Essen und Trinken;der Hamburger;hamburger;hamburger;Die Kinder wollen wieder einen Hamburger.;Les enfants veulent encore un hamburger.;The children want a hamburger again.
nom;B1;Essen und Trinken;die Jause;casse-croûte, goûter;snack;Um vier Uhr machen wir eine Jause.;À quatre heures, nous prenons un goûter.;At four o'clock we have a snack.
nom;B1;Essen und Trinken;der Kakao;cacao, chocolat chaud;cocoa;Die Kinder trinken morgens Kakao.;Le matin, les enfants boivent du chocolat chaud.;In the morning the children drink cocoa.
nom;B1;Essen und Trinken;der Knödel;boulette (de pain, de pomme de terre);dumpling;Zum Braten gibt es Knödel und Salat.;Avec le rôti, il y a des boulettes et de la salade.;There are dumplings and salad with the roast.
nom;B1;Essen und Trinken;die Konfitüre;confiture;jam;Auf das Brot kommt Konfitüre.;On met de la confiture sur le pain.;Jam goes on the bread.
nom;B1;Essen und Trinken;das Menü;menu (formule);set menu;Das Menü kostet zwölf Euro.;Le menu coûte douze euros.;The set menu costs twelve euros.
nom;B1;Essen und Trinken;das Nahrungsmittel;denrée alimentaire;foodstuff;Nahrungsmittel sind teurer geworden.;Les denrées alimentaires ont augmenté.;Foodstuffs have become more expensive.
nom;B1;Essen und Trinken;die Pizza;pizza;pizza;Freitags bestellen wir eine Pizza.;Le vendredi, nous commandons une pizza.;On Fridays we order a pizza.
nom;B1;Essen und Trinken;der Biergarten;brasserie en plein air;beer garden;Bei gutem Wetter sitzen wir im Biergarten.;S'il fait beau, nous nous asseyons à la terrasse.;In good weather we sit in the beer garden.
nom;B1;Essen und Trinken;das Hühnchen;poulet;chicken;Zum Reis gibt es Hühnchen.;Avec le riz, il y a du poulet.;There's chicken with the rice.
nom;B1;Essen und Trinken;der Quark;fromage blanc;quark, curd cheese;Zum Frühstück esse ich Quark mit Obst.;Au petit-déjeuner, je mange du fromage blanc avec des fruits.;For breakfast I eat quark with fruit.
nom;B1;Essen und Trinken;das Faschiertes;viande hachée;minced meat;Für die Soße brauche ich Faschiertes.;Pour la sauce, il me faut de la viande hachée.;I need minced meat for the sauce.
nom;B1;Essen und Trinken;das Müesli;muesli;muesli;Zum Frühstück esse ich Müesli.;Au petit-déjeuner, je mange du muesli.;For breakfast I eat muesli.
nom;B1;Essen und Trinken;das Poulet;poulet;chicken;Zum Reis gibt es Poulet.;Avec le riz, il y a du poulet.;There's chicken with the rice.
nom;B2;Essen und Trinken;die Ernährung;alimentation;diet, nutrition;Eine ausgewogene Ernährung stärkt das Immunsystem.;Une alimentation équilibrée renforce le système immunitaire.;A balanced diet strengthens the immune system.
nom;B2;Essen und Trinken;der Geschmack;goût;taste;Der Geschmack dieses Gerichts ist wirklich einzigartig.;Le goût de ce plat est vraiment unique.;The taste of this dish is truly unique.
nom;B2;Essen und Trinken;die Gewürzmischung;mélange d'épices;spice blend;Diese Gewürzmischung stammt aus Marokko.;Ce mélange d'épices vient du Maroc.;This spice blend comes from Morocco.
nom;B2;Essen und Trinken;die Verkostung;dégustation;tasting;Bei der Verkostung probieren wir fünf verschiedene Weine.;Lors de la dégustation, nous goûtons cinq vins différents.;At the tasting, we try five different wines.
nom;B2;Essen und Trinken;die Ernährungsgewohnheit;habitude alimentaire;eating habit;Meine Ernährungsgewohnheiten haben sich stark verändert.;Mes habitudes alimentaires ont beaucoup changé.;My eating habits have changed a lot.
nom;B2;Essen und Trinken;die Kulinarik;art culinaire;culinary art;Die französische Kulinarik gilt weltweit als Vorbild.;L'art culinaire français est considéré comme une référence mondiale.;French culinary art is considered a global model.
nom;B2;Essen und Trinken;die Bekömmlichkeit;digestibilité;digestibility;Dieses Gericht wird wegen seiner Bekömmlichkeit geschätzt.;Ce plat est apprécié pour sa digestibilité.;This dish is appreciated for its digestibility.
nom;B2;Essen und Trinken;der Vorrat;réserve, provisions;supply, stock;Der Vorrat reicht für zwei Wochen.;La réserve suffit pour deux semaines.;The supply lasts two weeks.
nom;B2;Essen und Trinken;das Haltbarkeitsdatum;date de péremption;best-before date;Das Haltbarkeitsdatum ist seit gestern überschritten.;La date de péremption est dépassée depuis hier.;The best-before date passed yesterday.
nom;B2;Essen und Trinken;die Tiefkühlkost;surgelés;frozen food;Tiefkühlkost ist oft frischer als gedacht.;Les surgelés sont souvent plus frais qu'on ne croit.;Frozen food is often fresher than you think.
nom;B2;Essen und Trinken;die Konserve;conserve;tinned food;Im Keller stehen noch alte Konserven.;Il reste de vieilles conserves à la cave.;There are still old tins in the cellar.
nom;B2;Essen und Trinken;das Bioprodukt;produit bio;organic product;Bioprodukte kosten hier fast doppelt so viel.;Les produits bio coûtent presque le double ici.;Organic products cost almost twice as much here.
nom;B2;Essen und Trinken;die Nahrungsergänzung;complément alimentaire;food supplement;Nahrungsergänzung ersetzt kein Gemüse.;Un complément ne remplace pas les légumes.;A supplement does not replace vegetables.
nom;B2;Essen und Trinken;der Vegetarier;végétarien;vegetarian;Als Vegetarier isst er Eier und Käse.;Comme végétarien, il mange des œufs et du fromage.;As a vegetarian he eats eggs and cheese.
nom;B2;Essen und Trinken;der Veganer;végétalien;vegan;Für Veganer gibt es zwei Gerichte.;Il y a deux plats pour les végétaliens.;There are two dishes for vegans.
nom;B2;Essen und Trinken;der Imbiss;snack, casse-croûte;snack bar;Am Bahnhof gibt es einen guten Imbiss.;Il y a un bon snack à la gare.;There is a good snack bar at the station.
nom;A1;Obst und Gemüse;der Apfel;pomme;apple;Ich esse jeden Tag einen Apfel.;Je mange une pomme chaque jour.;I eat an apple every day.
nom;A1;Obst und Gemüse;die Banane;banane;banana;Die Banane ist noch grün.;La banane est encore verte.;The banana is still green.
nom;A1;Obst und Gemüse;die Orange;orange;orange;Die Orange schmeckt süß.;L'orange a un goût sucré.;The orange tastes sweet.
nom;A1;Obst und Gemüse;die Tomate;tomate;tomato;Die Tomate ist rot und rund.;La tomate est rouge et ronde.;The tomato is red and round.
nom;A1;Obst und Gemüse;die Kartoffel;pomme de terre;potato;Wir kochen Kartoffeln zum Abendessen.;Nous faisons cuire des pommes de terre pour le dîner.;We're cooking potatoes for dinner.
nom;A1;Obst und Gemüse;die Zwiebel;oignon;onion;Die Zwiebel macht mich weinen.;L'oignon me fait pleurer.;The onion makes me cry.
nom;A1;Obst und Gemüse;die Karotte;carotte;carrot;Kaninchen mögen Karotten.;Les lapins aiment les carottes.;Rabbits like carrots.
nom;A1;Obst und Gemüse;der Salat;salade;lettuce, salad;Der Salat ist frisch aus dem Garten.;La salade est fraîche du jardin.;The lettuce is fresh from the garden.
nom;A1;Obst und Gemüse;die Birne;poire;pear;Die Birne ist sehr süß.;La poire est très sucrée.;The pear is very sweet.
nom;A1;Obst und Gemüse;die Traube;raisin;grape;Die Trauben sind noch sauer.;Les raisins sont encore acides.;The grapes are still sour.
nom;A1;Obst und Gemüse;die Zitrone;citron;lemon;Die Zitrone ist sehr sauer.;Le citron est très acide.;The lemon is very sour.
nom;A1;Obst und Gemüse;die Gurke;concombre;cucumber;Ich schneide die Gurke in Scheiben.;Je coupe le concombre en tranches.;I'm slicing the cucumber.
nom;A1;Obst und Gemüse;die Erdbeere;fraise;strawberry;Die Erdbeeren sind im Sommer reif.;Les fraises sont mûres en été.;Strawberries are ripe in summer.
nom;A1;Obst und Gemüse;der Paprika;poivron;bell pepper;Der Paprika ist rot und grün.;Le poivron est rouge et vert.;The bell pepper is red and green.
nom;A1;Obst und Gemüse;der Pilz;champignon;mushroom;Der Pilz wächst im Wald.;Le champignon pousse dans la forêt.;The mushroom grows in the forest.
nom;A2;Obst und Gemüse;die Orange;orange;orange;Die Orange ist reich an Vitamin C.;L'orange est riche en vitamine C.;The orange is rich in vitamin C.
nom;A2;Obst und Gemüse;die Zitrone;citron;lemon;Die Zitrone ist zu sauer für mich.;Le citron est trop acide pour moi.;The lemon is too sour for me.
nom;A2;Obst und Gemüse;die Gurke;concombre;cucumber;Die Gurke passt gut in den Salat.;Le concombre va bien dans la salade.;Cucumber goes well in the salad.
nom;A2;Obst und Gemüse;die Zwiebel;oignon;onion;Die Zwiebel wird klein geschnitten.;L'oignon est coupé en petits morceaux.;The onion is cut into small pieces.
nom;A2;Obst und Gemüse;die Kirsche;cerise;cherry;Die Kirsche schmeckt süß und saftig.;La cerise a un goût sucré et juteux.;The cherry tastes sweet and juicy.
nom;A2;Obst und Gemüse;der Pfirsich;pêche;peach;Der Pfirsich ist perfekt reif.;La pêche est parfaitement mûre.;The peach is perfectly ripe.
nom;A2;Obst und Gemüse;die Aprikose;abricot;apricot;Die Aprikose kommt aus dem eigenen Garten.;L'abricot vient de notre propre jardin.;The apricot comes from our own garden.
nom;A2;Obst und Gemüse;die Ananas;ananas;pineapple;Die Ananas schmeckt tropisch.;L'ananas a un goût tropical.;The pineapple tastes tropical.
nom;A2;Obst und Gemüse;die Melone;melon;melon;Die Melone ist heute im Angebot.;Le melon est en promotion aujourd'hui.;The melon is on sale today.
nom;A2;Obst und Gemüse;die Kiwi;kiwi;kiwi;Die Kiwi hat eine grüne Farbe innen.;Le kiwi a une couleur verte à l'intérieur.;The kiwi is green on the inside.
nom;A2;Obst und Gemüse;der Blumenkohl;chou-fleur;cauliflower;Der Blumenkohl kocht zwanzig Minuten.;Le chou-fleur cuit pendant vingt minutes.;The cauliflower cooks for twenty minutes.
nom;A2;Obst und Gemüse;der Brokkoli;brocoli;broccoli;Der Brokkoli ist sehr gesund.;Le brocoli est très sain.;Broccoli is very healthy.
nom;A2;Obst und Gemüse;der Spinat;épinard;spinach;Der Spinat enthält viel Eisen.;Les épinards contiennent beaucoup de fer.;Spinach contains a lot of iron.
nom;A2;Obst und Gemüse;der Lauch;poireau;leek;Der Lauch schmeckt mild.;Le poireau a un goût doux.;The leek has a mild taste.
nom;A2;Obst und Gemüse;die Apfelsine;l'orange;orange;Im Winter esse ich viele Apfelsinen.;En hiver, je mange beaucoup d'oranges.;In winter I eat a lot of oranges.
nom;A2;Obst und Gemüse;der Mais;le maïs;corn, maize;Auf dem Feld wächst Mais.;Du maïs pousse dans le champ.;Corn grows in the field.
nom;A2;Obst und Gemüse;der Kohl;le chou;cabbage;Im Winter essen wir oft Kohl.;En hiver, nous mangeons souvent du chou.;In winter we often eat cabbage.
nom;A2;Obst und Gemüse;das Gemüse;légumes;vegetables;Iss mehr Gemüse!;Mange plus de légumes !;Eat more vegetables!
nom;A2;Obst und Gemüse;die Bohne;haricot;bean;Es gibt grüne Bohnen zum Fleisch.;Il y a des haricots verts avec la viande.;There are green beans with the meat.
nom;B1;Obst und Gemüse;die Aubergine;aubergine;eggplant;Die Aubergine schmeckt gegrillt am besten.;L'aubergine est meilleure grillée.;Eggplant tastes best grilled.
nom;B1;Obst und Gemüse;der Spargel;asperge;asparagus;Der Spargel hat gerade Saison.;C'est la saison des asperges.;Asparagus is in season right now.
nom;B1;Obst und Gemüse;die Rote Bete;betterave;beet, beetroot;Die Rote Bete färbt die Finger rot.;La betterave colore les doigts en rouge.;Beets stain your fingers red.
nom;B1;Obst und Gemüse;der Kürbis;citrouille;pumpkin;Der Kürbis wird im Herbst geerntet.;La citrouille est récoltée en automne.;The pumpkin is harvested in autumn.
nom;B1;Obst und Gemüse;der Rosenkohl;chou de Bruxelles;Brussels sprout;Der Rosenkohl schmeckt mir überraschend gut.;Le chou de Bruxelles a étonnamment bon goût pour moi.;Brussels sprouts surprisingly taste good to me.
nom;B1;Obst und Gemüse;die Zucchini;courgette;zucchini;Die Zucchini wächst sehr schnell im Garten.;La courgette pousse très vite dans le jardin.;Zucchini grows very quickly in the garden.
nom;B1;Obst und Gemüse;der Rhabarber;rhubarbe;rhubarb;Der Rhabarber ist typisch für Kuchen im Frühling.;La rhubarbe est typique des gâteaux au printemps.;Rhubarb is typical for cakes in spring.
nom;B1;Obst und Gemüse;das Radieschen;radis;radish;Das Radieschen gibt dem Salat eine scharfe Note.;Le radis donne une touche piquante à la salade.;The radish gives the salad a spicy note.
nom;B1;Obst und Gemüse;die Nuss;noix;nut;Ich bin allergisch gegen Nüsse.;Je suis allergique aux noix.;I'm allergic to nuts.
nom;B1;Obst und Gemüse;die Frucht;fruit;fruit;Diese Frucht schmeckt sehr süß.;Ce fruit a un goût très sucré.;This fruit tastes very sweet.
nom;B1;Obst und Gemüse;der Erdapfel;pomme de terre;potato;Zum Fleisch gibt es Erdäpfel.;Avec la viande, il y a des pommes de terre.;There are potatoes with the meat.
nom;B1;Obst und Gemüse;das Obst;fruits;fruit;Iss jeden Tag Obst und Gemüse.;Mange des fruits et des légumes tous les jours.;Eat fruit and vegetables every day.
nom;B1;Obst und Gemüse;das Schwammerl;champignon;mushroom;Im Herbst suchen wir Schwammerln im Wald.;En automne, nous cherchons des champignons en forêt.;In autumn we look for mushrooms in the forest.
nom;B1;Obst und Gemüse;die Marille;abricot;apricot;Im Juli gibt es frische Marillen.;En juillet, il y a des abricots frais.;In July there are fresh apricots.
nom;B1;Obst und Gemüse;das Rüebli;carotte;carrot;Die Suppe ist aus Rüebli.;La soupe est faite avec des carottes.;The soup is made from carrots.
nom;B2;Obst und Gemüse;die Artischocke;artichaut;artichoke;Die Artischocke muss man vorsichtig zubereiten.;L'artichaut doit être préparé avec précaution.;Artichokes must be prepared carefully.
nom;B2;Obst und Gemüse;der Mangold;blette;chard;Der Mangold schmeckt ähnlich wie Spinat.;La blette a un goût similaire aux épinards.;Chard tastes similar to spinach.
nom;B2;Obst und Gemüse;die Süßkartoffel;patate douce;sweet potato;Die Süßkartoffel wird immer beliebter.;La patate douce devient de plus en plus populaire.;Sweet potato is becoming more and more popular.
nom;B2;Obst und Gemüse;die Papaya;papaye;papaya;Die Papaya kommt aus tropischen Ländern.;La papaye vient des pays tropicaux.;Papaya comes from tropical countries.
nom;B2;Obst und Gemüse;der Fenchel;fenouil;fennel;Der Fenchel hat einen leicht süßlichen Geschmack.;Le fenouil a un goût légèrement sucré.;Fennel has a slightly sweet taste.
nom;B2;Obst und Gemüse;der Anbau;culture (agriculture);cultivation, farming;Der biologische Anbau nimmt stetig zu.;La culture biologique augmente constamment.;Organic farming is steadily increasing.
nom;B2;Obst und Gemüse;der Sellerie;céleri;celery;Sellerie gibt der Suppe den Grundgeschmack.;Le céleri donne son goût de base à la soupe.;Celery gives the soup its base flavour.
nom;B2;Obst und Gemüse;der Kohlrabi;chou-rave;kohlrabi;Kohlrabi schmeckt roh am besten.;Le chou-rave est meilleur cru.;Kohlrabi tastes best raw.
nom;B2;Obst und Gemüse;die Johannisbeere;groseille;currant;Die Johannisbeeren sind dieses Jahr sauer.;Les groseilles sont acides cette année.;The currants are sour this year.
nom;B2;Obst und Gemüse;die Stachelbeere;groseille à maquereau;gooseberry;Aus Stachelbeeren macht man den besten Kuchen.;C'est avec les groseilles à maquereau qu'on fait le meilleur gâteau.;Gooseberries make the best cake.
nom;B2;Obst und Gemüse;die Pflaume;prune;plum;Die Pflaumen sind Ende August reif.;Les prunes sont mûres fin août.;The plums are ripe at the end of August.
nom;B2;Obst und Gemüse;die Feige;figue;fig;Frische Feigen halten sich kaum zwei Tage.;Les figues fraîches tiennent à peine deux jours.;Fresh figs keep barely two days.
nom;B2;Obst und Gemüse;der Granatapfel;grenade;pomegranate;Einen Granatapfel isst man am besten über der Schüssel.;Une grenade se mange au-dessus d'un saladier.;A pomegranate is best eaten over a bowl.
nom;A1;Kleidung;das Hemd;chemise;shirt;Er trägt ein weißes Hemd.;Il porte une chemise blanche.;He is wearing a white shirt.
nom;A1;Kleidung;die Hose;pantalon;pants;Die Hose ist zu eng.;Le pantalon est trop serré.;The pants are too tight.
nom;A1;Kleidung;der Schuh;chaussure;shoe;Der Schuh passt mir nicht.;La chaussure ne me va pas.;The shoe doesn't fit me.
nom;A1;Kleidung;die Jacke;veste;jacket;Zieh deine Jacke an, es ist kalt.;Mets ta veste, il fait froid.;Put on your jacket, it's cold.
nom;A1;Kleidung;das Kleid;robe;dress;Das Kleid ist sehr elegant.;La robe est très élégante.;The dress is very elegant.
nom;A1;Kleidung;der Rock;jupe;skirt;Sie trägt einen kurzen Rock.;Elle porte une jupe courte.;She's wearing a short skirt.
nom;A1;Kleidung;der Mantel;manteau;coat;Im Winter trage ich einen Mantel.;En hiver, je porte un manteau.;In winter, I wear a coat.
nom;A1;Kleidung;die Mütze;bonnet;cap, hat;Die Mütze hält den Kopf warm.;Le bonnet garde la tête au chaud.;The cap keeps the head warm.
nom;A1;Kleidung;die Socke;chaussette;sock;Eine Socke fehlt.;Une chaussette manque.;One sock is missing.
nom;A1;Kleidung;der Pullover;pull;sweater;Der Pullover ist aus Wolle.;Le pull est en laine.;The sweater is made of wool.
nom;A1;Kleidung;das T-Shirt;t-shirt;t-shirt;Ich kaufe ein neues T-Shirt.;J'achète un nouveau t-shirt.;I'm buying a new t-shirt.
nom;A1;Kleidung;der Handschuh;gant;glove;Im Winter brauche ich Handschuhe.;En hiver, j'ai besoin de gants.;In winter, I need gloves.
nom;A1;Kleidung;der Gürtel;ceinture;belt;Der Gürtel ist aus Leder.;La ceinture est en cuir.;The belt is made of leather.
nom;A1;Kleidung;der Anzug;costume;suit;Er trägt einen Anzug zur Arbeit.;Il porte un costume au travail.;He wears a suit to work.
nom;A1;Kleidung;der Schal;écharpe;scarf;Der Schal wärmt meinen Hals.;L'écharpe me réchauffe le cou.;The scarf keeps my neck warm.
nom;A2;Kleidung;der Rock;jupe;skirt;Sie trägt einen langen Rock.;Elle porte une longue jupe.;She's wearing a long skirt.
nom;A2;Kleidung;das Kleid;robe;dress;Das Kleid passt perfekt.;La robe va parfaitement.;The dress fits perfectly.
nom;A2;Kleidung;der Mantel;manteau;coat;Der Mantel schützt vor dem Regen.;Le manteau protège de la pluie.;The coat protects from the rain.
nom;A2;Kleidung;die Mütze;bonnet;cap, hat;Die Mütze ist aus Wolle.;Le bonnet est en laine.;The hat is made of wool.
nom;A2;Kleidung;der Stiefel;botte;boot;Die Stiefel sind wasserdicht.;Les bottes sont imperméables.;The boots are waterproof.
nom;A2;Kleidung;die Sandale;sandale;sandal;Die Sandale ist bequem im Sommer.;La sandale est confortable en été.;The sandal is comfortable in summer.
nom;A2;Kleidung;der Badeanzug;maillot de bain;swimsuit;Der Badeanzug ist blau gestreift.;Le maillot de bain est rayé bleu.;The swimsuit is striped blue.
nom;A2;Kleidung;der Schlafanzug;pyjama;pajamas;Der Schlafanzug ist weich und warm.;Le pyjama est doux et chaud.;The pajamas are soft and warm.
nom;A2;Kleidung;der Bademantel;peignoir;bathrobe;Der Bademantel hängt im Bad.;Le peignoir est accroché dans la salle de bain.;The bathrobe is hanging in the bathroom.
nom;A2;Kleidung;die Regenjacke;imperméable;rain jacket;Die Regenjacke hält mich trocken.;L'imperméable me garde au sec.;The rain jacket keeps me dry.
nom;A2;Kleidung;der Sportschuh;chaussure de sport;sneaker, sports shoe;Der Sportschuh ist sehr leicht.;La chaussure de sport est très légère.;The sneaker is very lightweight.
nom;A2;Kleidung;die Unterwäsche;sous-vêtements;underwear;Ich kaufe neue Unterwäsche.;J'achète de nouveaux sous-vêtements.;I'm buying new underwear.
nom;A2;Kleidung;die Kappe;casquette;cap;Die Kappe schützt vor der Sonne.;La casquette protège du soleil.;The cap protects from the sun.
nom;A2;Kleidung;der Ring;la bague, l'anneau;ring;Sie trägt einen Ring am Finger.;Elle porte une bague au doigt.;She wears a ring on her finger.
nom;A2;Kleidung;die Baumwolle;le coton;cotton;Das Hemd ist aus reiner Baumwolle.;La chemise est en pur coton.;The shirt is pure cotton.
nom;A2;Kleidung;die Brille;lunettes;glasses;Ohne Brille sehe ich nichts.;Sans lunettes, je ne vois rien.;Without glasses I can't see anything.
nom;A2;Kleidung;die Jeans;jean;jeans;Er trägt heute eine blaue Jeans.;Il porte un jean bleu aujourd'hui.;He's wearing blue jeans today.
nom;A2;Kleidung;die Mode;mode;fashion;Sie interessiert sich sehr für Mode.;Elle s'intéresse beaucoup à la mode.;She is very interested in fashion.
nom;A2;Kleidung;die Kleidung;vêtements, habillement;clothing;Nimm warme Kleidung mit!;Emporte des vêtements chauds !;Take warm clothing with you!
nom;A2;Kleidung;der Schirm;parapluie;umbrella;Nimm den Schirm mit, es regnet.;Prends le parapluie, il pleut.;Take the umbrella, it's raining.
nom;B1;Kleidung;der Schal;écharpe;scarf;Im Winter trage ich immer einen warmen Schal.;En hiver, je porte toujours une écharpe chaude.;In winter, I always wear a warm scarf.
nom;B1;Kleidung;der Gürtel;ceinture;belt;Sein Gürtel passt nicht mehr richtig.;Sa ceinture ne va plus vraiment.;His belt doesn't fit quite right anymore.
nom;B1;Kleidung;die Krawatte;cravate;tie;Er bindet seine Krawatte vor dem Spiegel.;Il noue sa cravate devant le miroir.;He ties his tie in front of the mirror.
nom;B1;Kleidung;der Anzug;costume;suit;Der Anzug sitzt perfekt.;Le costume tombe parfaitement.;The suit fits perfectly.
nom;B1;Kleidung;der Stoff;tissu;fabric;Dieser Stoff fühlt sich sehr weich an.;Ce tissu est très doux au toucher.;This fabric feels very soft.
nom;B1;Kleidung;der Reißverschluss;fermeture éclair;zipper;Der Reißverschluss klemmt schon wieder.;La fermeture éclair coince encore.;The zipper is stuck again.
nom;B1;Kleidung;der Knopf;bouton;button;Ein Knopf ist von meinem Hemd abgefallen.;Un bouton de ma chemise est tombé.;A button fell off my shirt.
nom;B1;Kleidung;die Größe;taille (vêtement);size (clothing);Welche Größe brauchst du bei diesem Kleid?;Quelle taille te faut-il pour cette robe ?;What size do you need for this dress?
nom;B1;Kleidung;die Umkleidekabine;cabine d'essayage;fitting room;Sie probiert das Kleid in der Umkleidekabine an.;Elle essaie la robe dans la cabine d'essayage.;She's trying on the dress in the fitting room.
nom;B1;Kleidung;das Kostüm;costume, tailleur;costume;Für die Party braucht sie noch ein Kostüm.;Pour la fête, il lui faut encore un costume.;She still needs a costume for the party.
nom;B1;Kleidung;die Jogginghose;pantalon de jogging;sweatpants;Zum Laufen trägt sie eine bequeme Jogginghose.;Pour courir, elle porte un pantalon de jogging confortable.;She wears comfortable sweatpants for running.
nom;B1;Kleidung;die Bluse;chemisier;blouse;Sie trägt eine weiße Bluse.;Elle porte un chemisier blanc.;She's wearing a white blouse.
nom;B1;Kleidung;der Hut;chapeau;hat;Bei der Sonne trage ich einen Hut.;Avec ce soleil, je porte un chapeau.;In this sun I wear a hat.
nom;B1;Kleidung;der Schmuck;bijoux;jewellery;Sie trägt selten Schmuck.;Elle porte rarement des bijoux.;She rarely wears jewellery.
nom;B1;Kleidung;der Strumpf;bas, chaussette;stocking, sock;Ein Strumpf hat ein Loch.;Une chaussette a un trou.;One sock has a hole in it.
nom;B1;Kleidung;die Uniform;uniforme;uniform;Der Fahrer trägt eine blaue Uniform.;Le chauffeur porte un uniforme bleu.;The driver wears a blue uniform.
nom;B1;Kleidung;der Fleck;tache;stain;Auf dem Hemd ist ein Fleck.;Il y a une tache sur la chemise.;There's a stain on the shirt.
nom;B1;Kleidung;das Top;débardeur, haut;top;Im Sommer trägt sie oft ein Top.;En été, elle porte souvent un débardeur.;In summer she often wears a top.
nom;B2;Kleidung;der Blazer;blazer;blazer;Der Blazer passt perfekt zu ihrem Outfit.;Le blazer va parfaitement avec sa tenue.;The blazer goes perfectly with her outfit.
nom;B2;Kleidung;die Strumpfhose;collant;tights;Die Strumpfhose ist im Winter unverzichtbar.;Le collant est indispensable en hiver.;Tights are essential in winter.
nom;B2;Kleidung;das Unterhemd;maillot de corps;undershirt;Er trägt ein weißes Unterhemd unter dem Hemd.;Il porte un maillot de corps blanc sous la chemise.;He wears a white undershirt under his shirt.
nom;B2;Kleidung;die Weste;gilet;vest;Die Weste ergänzt den Anzug perfekt.;Le gilet complète parfaitement le costume.;The vest completes the suit perfectly.
nom;B2;Kleidung;der Modetrend;tendance mode;fashion trend;Dieser Modetrend kommt jedes Jahrzehnt zurück.;Cette tendance mode revient chaque décennie.;This fashion trend comes back every decade.
nom;B2;Kleidung;das Nachhaltigkeitssiegel;label de durabilité;sustainability label;Das Nachhaltigkeitssiegel garantiert faire Produktion.;Le label de durabilité garantit une production équitable.;The sustainability label guarantees fair production.
nom;B2;Kleidung;der Kragen;col;collar;Der Kragen ist ausgeleiert.;Le col est détendu.;The collar has lost its shape.
nom;B2;Kleidung;der Ärmel;manche;sleeve;Die Ärmel sind zwei Zentimeter zu lang.;Les manches sont trop longues de deux centimètres.;The sleeves are two centimetres too long.
nom;B2;Kleidung;der Bügel;cintre;coat hanger;Häng die Jacke auf einen Bügel.;Accroche la veste sur un cintre.;Hang the jacket on a hanger.
nom;B2;Kleidung;die Anprobe;essayage;fitting;Bei der Anprobe passte alles.;À l'essayage, tout allait.;At the fitting everything fitted.
nom;B2;Kleidung;die Wolle;laine;wool;Der Pullover ist aus reiner Wolle.;Le pull est en pure laine.;The jumper is pure wool.
nom;B2;Kleidung;das Leinen;lin;linen;Leinen knittert, das gehört dazu.;Le lin froisse, cela en fait partie.;Linen creases, that is part of it.
nom;B2;Kleidung;das Leder;cuir;leather;Echtes Leder wird mit den Jahren schöner.;Le vrai cuir embellit avec les années.;Real leather gets better with age.
nom;B2;Kleidung;die Sohle;semelle;sole;Die Sohle ist durchgelaufen.;La semelle est usée jusqu'au trou.;The sole has worn through.
nom;B2;Kleidung;der Absatz;"talon ; paragraphe";"heel; paragraph";Der Absatz ist abgebrochen.;Le talon s'est cassé.;The heel has broken off.
nom;B2;Kleidung;der Schnürsenkel;lacet;shoelace;Ein Schnürsenkel ist gerissen.;Un lacet a cassé.;A shoelace has snapped.
nom;A1;Wohnen;das Haus;maison;house;Wir kaufen ein neues Haus.;Nous achetons une nouvelle maison.;We're buying a new house.
nom;A1;Wohnen;die Wohnung;appartement;apartment;Die Wohnung ist im dritten Stock.;L'appartement est au troisième étage.;The apartment is on the third floor.
nom;A1;Wohnen;das Zimmer;pièce;room;Mein Zimmer ist sehr klein.;Ma chambre est très petite.;My room is very small.
nom;A1;Wohnen;die Tür;porte;door;Bitte mach die Tür zu.;Ferme la porte, s'il te plaît.;Please close the door.
nom;A1;Wohnen;das Fenster;fenêtre;window;Das Fenster ist offen.;La fenêtre est ouverte.;The window is open.
nom;A1;Wohnen;der Balkon;balcon;balcony;Wir frühstücken auf dem Balkon.;Nous prenons le petit-déjeuner sur le balcon.;We have breakfast on the balcony.
nom;A1;Wohnen;der Garten;jardin;garden;Die Kinder spielen im Garten.;Les enfants jouent dans le jardin.;The children are playing in the garden.
nom;A1;Wohnen;der Keller;cave;cellar;Der Wein liegt im Keller.;Le vin est dans la cave.;The wine is in the cellar.
nom;A1;Wohnen;das Dach;toit;roof;Das Dach ist rot.;Le toit est rouge.;The roof is red.
nom;A1;Wohnen;die Wand;mur;wall;An der Wand hängt ein Bild.;Un tableau est accroché au mur.;A picture is hanging on the wall.
nom;A1;Wohnen;die Treppe;escalier;stairs;Die Treppe führt nach oben.;L'escalier mène en haut.;The stairs lead upstairs.
nom;A1;Wohnen;der Aufzug;ascenseur;elevator;Der Aufzug ist kaputt.;L'ascenseur est en panne.;The elevator is broken.
nom;A1;Wohnen;die Miete;loyer;rent;Die Miete ist diesen Monat hoch.;Le loyer est élevé ce mois-ci.;The rent is high this month.
nom;A1;Wohnen;der Schlüssel;clé;key;Ich habe meinen Schlüssel verloren.;J'ai perdu ma clé.;I lost my key.
nom;A1;Wohnen;die Etage;étage;floor, storey;Wir wohnen in der zweiten Etage.;Nous habitons au deuxième étage.;We live on the second floor.
nom;A2;Wohnen;das Fenster;fenêtre;window;Das Fenster geht zur Straße.;La fenêtre donne sur la rue.;The window faces the street.
nom;A2;Wohnen;der Balkon;balcon;balcony;Wir sitzen oft auf dem Balkon.;Nous nous asseyons souvent sur le balcon.;We often sit on the balcony.
nom;A2;Wohnen;der Garten;jardin;garden;Der Garten braucht viel Pflege.;Le jardin demande beaucoup d'entretien.;The garden needs a lot of care.
nom;A2;Wohnen;der Keller;cave;cellar;Im Keller lagern wir Kartons.;Nous stockons des cartons dans la cave.;We store boxes in the cellar.
nom;A2;Wohnen;die Nachbarschaft;voisinage;neighborhood;Die Nachbarschaft ist sehr ruhig.;Le voisinage est très calme.;The neighborhood is very quiet.
nom;A2;Wohnen;der Umzugskarton;carton de déménagement;moving box;Der Umzugskarton ist schon voll.;Le carton de déménagement est déjà plein.;The moving box is already full.
nom;A2;Wohnen;die Terrasse;terrasse;terrace;Wir grillen auf der Terrasse.;Nous faisons un barbecue sur la terrasse.;We're grilling on the terrace.
nom;A2;Wohnen;der Innenhof;cour intérieure;inner courtyard;Der Innenhof ist sehr grün.;La cour intérieure est très verdoyante.;The inner courtyard is very green.
nom;A2;Wohnen;der Vorgarten;jardin devant;front garden;Blumen wachsen im Vorgarten.;Des fleurs poussent dans le jardin devant la maison.;Flowers grow in the front garden.
nom;A2;Wohnen;der Grundriss;plan (appartement);floor plan;Der Architekt zeigt uns den Grundriss.;L'architecte nous montre le plan.;The architect shows us the floor plan.
nom;A2;Wohnen;der Raum;la pièce, l'espace;room, space;Die Wohnung hat vier Räume.;L'appartement a quatre pièces.;The flat has four rooms.
nom;A2;Wohnen;das Bad;salle de bains;bathroom;Die Wohnung hat ein kleines Bad.;L'appartement a une petite salle de bains.;The flat has a small bathroom.
nom;A2;Wohnen;das Erdgeschoss;rez-de-chaussée;ground floor;Wir wohnen im Erdgeschoss.;Nous habitons au rez-de-chaussée.;We live on the ground floor.
nom;A2;Wohnen;die Garage;garage;garage;Das Auto steht in der Garage.;La voiture est dans le garage.;The car is in the garage.
nom;A2;Wohnen;die Heizung;chauffage;heating;Die Heizung ist kaputt.;Le chauffage est en panne.;The heating is broken.
nom;A2;Wohnen;das Wohnzimmer;salon, séjour;living room;Im Wohnzimmer steht ein großes Sofa.;Il y a un grand canapé dans le salon.;There's a big sofa in the living room.
nom;A2;Wohnen;die Dusche;douche;shower;Das Zimmer hat eine eigene Dusche.;La chambre a sa propre douche.;The room has its own shower.
nom;A2;Wohnen;die Nachbarin;voisine;neighbour (female);Meine Nachbarin gießt meine Blumen.;Ma voisine arrose mes fleurs.;My neighbour waters my flowers.
nom;A2;Wohnen;das Schlafzimmer;chambre à coucher;bedroom;Das Schlafzimmer geht nach Norden.;La chambre est orientée au nord.;The bedroom faces north.
nom;A2;Wohnen;die Vermieterin;propriétaire (bailleuse);landlady;Die Vermieterin wohnt im Erdgeschoss.;La propriétaire habite au rez-de-chaussée.;The landlady lives on the ground floor.
nom;B1;Wohnen;die Miete;loyer;rent;Die Miete steigt jedes Jahr ein wenig.;Le loyer augmente chaque année un peu.;The rent goes up a little every year.
nom;B1;Wohnen;der Vermieter;bailleur;landlord;Der Vermieter erlaubt keine Haustiere.;Le bailleur n'autorise pas les animaux domestiques.;The landlord doesn't allow pets.
nom;B1;Wohnen;der Mieter;locataire;tenant;Der Mieter zahlt die Miete immer pünktlich.;Le locataire paie toujours le loyer à temps.;The tenant always pays the rent on time.
nom;B1;Wohnen;der Umzug;déménagement;move (relocation);Der Umzug hat den ganzen Tag gedauert.;Le déménagement a duré toute la journée.;The move took the whole day.
nom;B1;Wohnen;die Wohngemeinschaft;colocation;shared apartment, flatshare;Er lebt in einer Wohngemeinschaft mit drei Freunden.;Il vit en colocation avec trois amis.;He lives in a shared apartment with three friends.
nom;B1;Wohnen;die Renovierung;rénovation;renovation;Die Renovierung der Küche ist fast fertig.;La rénovation de la cuisine est presque terminée.;The renovation of the kitchen is almost done.
nom;B1;Wohnen;der Immobilienmakler;agent immobilier;real estate agent;Der Immobilienmakler zeigt uns die Wohnung.;L'agent immobilier nous fait visiter l'appartement.;The real estate agent is showing us the apartment.
nom;B1;Wohnen;die Wohnfläche;surface habitable;living space;Die Wohnfläche beträgt fünfundsiebzig Quadratmeter.;La surface habitable est de soixante-quinze mètres carrés.;The living space is seventy-five square meters.
nom;B1;Wohnen;der Abstellraum;débarras;storage room;Im Keller gibt es einen Abstellraum für die Fahrräder.;Il y a un débarras pour les vélos à la cave.;There is a storage room for the bikes in the basement.
nom;B1;Wohnen;der Briefkasten;boîte aux lettres;mailbox;Der Briefkasten im Hausflur ist beschädigt.;La boîte aux lettres dans le hall est abîmée.;The mailbox in the hallway is damaged.
nom;B1;Wohnen;die Hausordnung;règlement intérieur;house rules;Laut Hausordnung ist Grillen auf dem Balkon verboten.;Selon le règlement intérieur, griller sur le balcon est interdit.;According to the house rules, grilling on the balcony is forbidden.
nom;B1;Wohnen;die Reinigung;nettoyage;cleaning;Die Reinigung des Treppenhauses ist Aufgabe aller Mieter.;Le nettoyage de la cage d'escalier est la tâche de tous les locataires.;Cleaning the stairwell is the responsibility of all tenants.
nom;B1;Wohnen;der Schmutz;saleté;dirt;Der Schmutz auf der Treppe kommt von den Baustellenschuhen.;La saleté dans l'escalier vient des chaussures de chantier.;The dirt on the stairs comes from the construction shoes.
nom;B1;Wohnen;der Staub;poussière;dust;Auf dem Regal hat sich viel Staub gesammelt.;Beaucoup de poussière s'est accumulée sur l'étagère.;A lot of dust has gathered on the shelf.
nom;B1;Wohnen;die Störung;dérangement, perturbation;disturbance;Entschuldigen Sie die Störung, ich habe nur eine kurze Frage.;Excusez le dérangement, j'ai juste une petite question.;Sorry for the disturbance, I just have a quick question.
nom;B1;Wohnen;das Treppenhaus;cage d'escalier;stairwell;Im Treppenhaus riecht es nach frischer Farbe.;Ça sent la peinture fraîche dans la cage d'escalier.;The stairwell smells like fresh paint.
nom;B1;Wohnen;das Waschmittel;lessive, détergent;laundry detergent;Dieses Waschmittel ist umweltfreundlich.;Cette lessive est respectueuse de l'environnement.;This laundry detergent is environmentally friendly.
nom;B1;Wohnen;die Seife;savon;soap;Bitte wasch dir die Hände mit Seife.;Lave-toi les mains avec du savon, s'il te plaît.;Please wash your hands with soap.
nom;B1;Wohnen;der Mietpreis;prix du loyer;rental price;Die Mietpreise in der Stadt sind stark gestiegen.;Les prix des loyers en ville ont fortement augmenté.;Rental prices in the city have risen sharply.
nom;B1;Wohnen;das Heim;foyer, résidence;home, residence;Das Heim für ältere Menschen liegt am Stadtrand.;La résidence pour personnes âgées se trouve en périphérie.;The home for elderly people is on the outskirts.
nom;B1;Wohnen;das Zuhause;chez-soi, foyer;home;Nach der langen Reise war sie froh, wieder zu Hause zu sein.;Après le long voyage, elle était contente d'être de retour chez elle.;After the long trip she was glad to be back home.
nom;B1;Wohnen;das Apartment;studio, petit appartement;studio flat;Wir mieten ein Apartment für eine Woche.;Nous louons un studio pour une semaine.;We're renting a studio flat for a week.
nom;B1;Wohnen;der Bewohner;habitant, résident;resident;Die Bewohner des Hauses kennen sich alle.;Les habitants de l'immeuble se connaissent tous.;The residents of the building all know each other.
nom;B1;Wohnen;der Flur;couloir, entrée;hallway;Die Schuhe stehen im Flur.;Les chaussures sont dans le couloir.;The shoes are in the hallway.
nom;B1;Wohnen;der Gang;"couloir ; plat (d'un repas)";"corridor; course";Am Ende vom Gang ist die Toilette.;Les toilettes sont au bout du couloir.;The toilet is at the end of the corridor.
nom;B1;Wohnen;das Gas;gaz;gas;Wir kochen mit Gas.;Nous cuisinons au gaz.;We cook with gas.
nom;B1;Wohnen;die Klimaanlage;climatisation;air conditioning;Das Zimmer hat eine Klimaanlage.;La chambre a la climatisation.;The room has air conditioning.
nom;B1;Wohnen;der Lift;ascenseur;lift;Der Lift ist heute außer Betrieb.;L'ascenseur est hors service aujourd'hui.;The lift is out of order today.
nom;B1;Wohnen;das Stockwerk;étage;floor, storey;Das Haus hat vier Stockwerke.;L'immeuble a quatre étages.;The building has four floors.
nom;B1;Wohnen;die Stufe;"marche ; niveau";"step; level";Vorsicht, hier ist eine Stufe!;Attention, il y a une marche !;Careful, there's a step here!
nom;B1;Wohnen;der Wohnort;lieu de résidence;place of residence;Tragen Sie bitte Ihren Wohnort ein.;Indiquez votre lieu de résidence, s'il vous plaît.;Please enter your place of residence.
nom;B1;Wohnen;das Obergeschoss;étage supérieur;upper floor;Die Praxis ist im ersten Obergeschoss.;Le cabinet est au premier étage.;The surgery is on the first upper floor.
nom;B1;Wohnen;die Badewanne;baignoire;bathtub;Im Bad gibt es nur eine Dusche, keine Badewanne.;Dans la salle de bains, il n'y a qu'une douche, pas de baignoire.;The bathroom only has a shower, no bathtub.
nom;B1;Wohnen;die Hütte;cabane, refuge;hut, cabin;Wir übernachten in einer Hütte in den Bergen.;Nous passons la nuit dans un refuge en montagne.;We're staying overnight in a mountain hut.
nom;B1;Wohnen;der Korridor;corridor;corridor;Im Korridor hängen alte Fotos.;De vieilles photos sont accrochées dans le corridor.;Old photos hang in the corridor.
nom;B1;Wohnen;die Stiege;escalier;stairs;Nimm die Stiege, der Lift ist kaputt.;Prends l'escalier, l'ascenseur est en panne.;Take the stairs, the lift is broken.
nom;B1;Wohnen;das Untergeschoss;sous-sol;basement;Die Waschküche ist im Untergeschoss.;La buanderie est au sous-sol.;The laundry room is in the basement.
nom;B1;Wohnen;die WG;colocation;shared flat;Ich wohne in einer WG mit drei Leuten.;J'habite en colocation avec trois personnes.;I live in a shared flat with three people.
nom;B1;Wohnen;das Wohngeld;allocation logement;housing benefit;Für Wohngeld muss man einen Antrag stellen.;Pour l'allocation logement, il faut faire une demande.;You have to apply for housing benefit.
nom;B1;Wohnen;der Abwart;concierge;caretaker;Der Abwart hat den Schlüssel zum Keller.;Le concierge a la clé de la cave.;The caretaker has the key to the cellar.
nom;B2;Wohnen;die Nebenkosten;charges locatives;utility costs;Die Nebenkosten steigen jedes Jahr weiter.;Les charges locatives continuent d'augmenter chaque année.;Utility costs keep rising every year.
nom;B2;Wohnen;die Kaution;caution;deposit;Die Kaution beträgt drei Monatsmieten.;La caution correspond à trois mois de loyer.;The deposit is three months' rent.
nom;B2;Wohnen;der Mietvertrag;contrat de location;lease agreement;Der Mietvertrag läuft noch zwei Jahre.;Le contrat de location court encore deux ans.;The lease agreement still has two years left.
nom;B2;Wohnen;die Eigentumswohnung;appartement en copropriété;condominium;Sie hat sich eine Eigentumswohnung im Zentrum gekauft.;Elle a acheté un appartement en copropriété dans le centre.;She bought a condominium in the city center.
nom;B2;Wohnen;der Wohnungsmarkt;marché immobilier;housing market;Der Wohnungsmarkt ist in dieser Stadt sehr angespannt.;Le marché immobilier est très tendu dans cette ville.;The housing market is very tight in this city.
nom;B2;Wohnen;die Mietpreisbremse;plafonnement des loyers;rent cap;Die Mietpreisbremse soll die Mieten stabilisieren.;Le plafonnement des loyers vise à stabiliser les loyers.;The rent cap is meant to stabilize rents.
nom;B2;Wohnen;die Hausverwaltung;syndic, gérance;property management;Die Hausverwaltung reagiert nie auf E-Mails.;La gérance ne répond jamais aux courriels.;The property management never answers emails.
nom;B2;Wohnen;die Heizkosten;frais de chauffage;heating costs;Die Heizkosten haben sich verdoppelt.;Les frais de chauffage ont doublé.;The heating costs have doubled.
nom;B2;Wohnen;der Stromvertrag;contrat d'électricité;electricity contract;Der Stromvertrag läuft noch ein Jahr.;Le contrat d'électricité court encore un an.;The electricity contract runs for another year.
nom;B2;Wohnen;der Dachboden;grenier;attic, loft;Auf dem Dachboden steht das alte Klavier.;Au grenier se trouve le vieux piano.;The old piano is in the loft.
nom;B2;Wohnen;das Grundstück;terrain;plot, property;Das Grundstück ist achthundert Quadratmeter groß.;Le terrain fait huit cents mètres carrés.;The plot is eight hundred square metres.
nom;B2;Wohnen;die Einbauküche;cuisine équipée;fitted kitchen;Die Wohnung hat eine Einbauküche.;L'appartement a une cuisine équipée.;The flat has a fitted kitchen.
nom;A1;Möbel und Haushalt;der Tisch;table;table;Das Essen steht auf dem Tisch.;Le repas est sur la table.;The food is on the table.
nom;A1;Möbel und Haushalt;der Stuhl;chaise;chair;Der Stuhl ist unbequem.;La chaise est inconfortable.;The chair is uncomfortable.
nom;A1;Möbel und Haushalt;das Bett;lit;bed;Ich gehe früh ins Bett.;Je vais tôt au lit.;I go to bed early.
nom;A1;Möbel und Haushalt;der Schrank;armoire;closet, wardrobe;Die Kleider sind im Schrank.;Les vêtements sont dans l'armoire.;The clothes are in the closet.
nom;A1;Möbel und Haushalt;das Sofa;canapé;sofa;Wir sitzen abends auf dem Sofa.;Nous nous asseyons sur le canapé le soir.;We sit on the sofa in the evening.
nom;A1;Möbel und Haushalt;die Lampe;lampe;lamp;Die Lampe ist zu hell.;La lampe est trop lumineuse.;The lamp is too bright.
nom;A1;Möbel und Haushalt;das Regal;étagère;shelf;Die Bücher stehen im Regal.;Les livres sont sur l'étagère.;The books are on the shelf.
nom;A1;Möbel und Haushalt;der Spiegel;miroir;mirror;Sie schaut in den Spiegel.;Elle se regarde dans le miroir.;She looks in the mirror.
nom;A1;Möbel und Haushalt;der Teppich;tapis;carpet;Der Teppich liegt im Wohnzimmer.;Le tapis est dans le salon.;The carpet is in the living room.
nom;A1;Möbel und Haushalt;das Kissen;coussin;cushion;Das Kissen ist sehr weich.;Le coussin est très moelleux.;The cushion is very soft.
nom;A1;Möbel und Haushalt;die Decke;couverture;blanket;Die Decke hält mich warm.;La couverture me tient chaud.;The blanket keeps me warm.
nom;A1;Möbel und Haushalt;die Uhr;horloge;clock;Die Uhr an der Wand geht falsch.;L'horloge au mur est déréglée.;The clock on the wall is wrong.
nom;A1;Möbel und Haushalt;das Bild;tableau;picture;Das Bild zeigt einen Sonnenuntergang.;Le tableau montre un coucher de soleil.;The picture shows a sunset.
nom;A1;Möbel und Haushalt;der Vorhang;rideau;curtain;Der Vorhang ist blau.;Le rideau est bleu.;The curtain is blue.
nom;A1;Möbel und Haushalt;die Tüte;le sac (en papier, en plastique);bag;Brauchen Sie eine Tüte?;Avez-vous besoin d'un sac ?;Do you need a bag?
nom;A2;Möbel und Haushalt;das Sofa;canapé;sofa;Das Sofa ist sehr bequem.;Le canapé est très confortable.;The sofa is very comfortable.
nom;A2;Möbel und Haushalt;die Lampe;lampe;lamp;Die Lampe steht neben dem Bett.;La lampe est à côté du lit.;The lamp is next to the bed.
nom;A2;Möbel und Haushalt;das Regal;étagère;shelf;Im Regal stehen viele Bücher.;Il y a beaucoup de livres sur l'étagère.;There are many books on the shelf.
nom;A2;Möbel und Haushalt;der Spiegel;miroir;mirror;Der Spiegel hängt im Flur.;Le miroir est accroché dans le couloir.;The mirror hangs in the hallway.
nom;A2;Möbel und Haushalt;der Sessel;fauteuil;armchair;Der Sessel steht am Fenster.;Le fauteuil est près de la fenêtre.;The armchair is by the window.
nom;A2;Möbel und Haushalt;das Bücherregal;bibliothèque (meuble);bookshelf;Das Bücherregal ist voll.;La bibliothèque est pleine.;The bookshelf is full.
nom;A2;Möbel und Haushalt;der Nachttisch;table de chevet;nightstand;Der Nachttisch hat eine Schublade.;La table de chevet a un tiroir.;The nightstand has a drawer.
nom;A2;Möbel und Haushalt;der Wäschekorb;panier à linge;laundry basket;Der Wäschekorb ist überfüllt.;Le panier à linge est débordant.;The laundry basket is overflowing.
nom;A2;Möbel und Haushalt;der Mülleimer;poubelle;trash can;Der Mülleimer muss geleert werden.;La poubelle doit être vidée.;The trash can needs to be emptied.
nom;A2;Möbel und Haushalt;der Besen;balai;broom;Der Besen steht in der Ecke.;Le balai est dans le coin.;The broom is in the corner.
nom;A2;Möbel und Haushalt;das Bügelbrett;planche à repasser;ironing board;Das Bügelbrett ist zusammengeklappt.;La planche à repasser est pliée.;The ironing board is folded up.
nom;A2;Möbel und Haushalt;die Kiste;la caisse;box, crate;Die Bücher sind noch in der Kiste.;Les livres sont encore dans la caisse.;The books are still in the box.
nom;A2;Möbel und Haushalt;der Hammer;le marteau;hammer;Gib mir bitte den Hammer.;Passe-moi le marteau, s'il te plaît.;Pass me the hammer, please.
nom;A2;Möbel und Haushalt;der Stock;le bâton;stick;Der alte Mann geht mit einem Stock.;Le vieil homme marche avec un bâton.;The old man walks with a stick.
nom;A2;Möbel und Haushalt;der Eimer;le seau;bucket;Der Eimer steht in der Küche.;Le seau est dans la cuisine.;The bucket is in the kitchen.
nom;A2;Möbel und Haushalt;der Korb;le panier;basket;Der Korb ist voller Äpfel.;Le panier est plein de pommes.;The basket is full of apples.
nom;A2;Möbel und Haushalt;die Kette;la chaîne;chain;Die Kette am Fahrrad ist gerissen.;La chaîne du vélo a cassé.;The bicycle chain broke.
nom;A2;Möbel und Haushalt;die Schachtel;la boîte;box;In der Schachtel sind alte Fotos.;Il y a de vieilles photos dans la boîte.;There are old photos in the box.
nom;A2;Möbel und Haushalt;der Umschlag;l'enveloppe;envelope;Der Brief liegt im Umschlag.;La lettre est dans l'enveloppe.;The letter is in the envelope.
nom;A2;Möbel und Haushalt;das Schild;le panneau;sign;Auf dem Schild steht «Eingang».;Le panneau indique « entrée ».;The sign says “entrance”.
nom;A2;Möbel und Haushalt;der Haushalt;ménage, tâches ménagères;household;Im Haushalt helfen alle mit.;Tout le monde aide aux tâches ménagères.;Everyone helps with the housework.
nom;A2;Möbel und Haushalt;die Maschine;machine;machine;Die Maschine wäscht sehr leise.;La machine lave très silencieusement.;The machine washes very quietly.
nom;A2;Möbel und Haushalt;das Möbel;meuble;piece of furniture;Die Möbel sind aus Holz.;Les meubles sont en bois.;The furniture is made of wood.
nom;A2;Möbel und Haushalt;die Schere;ciseaux;scissors;Gib mir bitte die Schere.;Donne-moi les ciseaux, s'il te plaît.;Please give me the scissors.
nom;A2;Möbel und Haushalt;die Wäsche;linge, lessive;laundry;Ich hänge die Wäsche auf den Balkon.;J'étends le linge sur le balcon.;I hang the laundry on the balcony.
nom;A2;Möbel und Haushalt;das Handtuch;serviette;towel;Nimm ein frisches Handtuch aus dem Schrank.;Prends une serviette propre dans l'armoire.;Take a clean towel from the cupboard.
nom;A2;Möbel und Haushalt;das Poster;poster;poster;Über dem Bett hängt ein Poster.;Un poster est accroché au-dessus du lit.;There's a poster above the bed.
nom;B1;Möbel und Haushalt;die Kommode;commode;dresser, chest of drawers;Die Kommode steht neben dem Bett.;La commode se trouve à côté du lit.;The dresser stands next to the bed.
nom;B1;Möbel und Haushalt;der Teppich;tapis;carpet;Der Teppich passt perfekt zum Sofa.;Le tapis va parfaitement avec le canapé.;The carpet matches the sofa perfectly.
nom;B1;Möbel und Haushalt;die Waschmaschine;machine à laver;washing machine;Die Waschmaschine läuft schon seit einer Stunde.;La machine à laver tourne déjà depuis une heure.;The washing machine has been running for an hour.
nom;B1;Möbel und Haushalt;der Staubsauger;aspirateur;vacuum cleaner;Der Staubsauger macht heute viel Lärm.;L'aspirateur fait beaucoup de bruit aujourd'hui.;The vacuum cleaner is very loud today.
nom;B1;Möbel und Haushalt;das Haushaltsgerät;appareil ménager;household appliance;Dieses Haushaltsgerät spart viel Energie.;Cet appareil ménager économise beaucoup d'énergie.;This household appliance saves a lot of energy.
nom;B1;Möbel und Haushalt;das Reinigungsmittel;produit de nettoyage;cleaning product;Das Reinigungsmittel riecht nach Zitrone.;Le produit de nettoyage sent le citron.;The cleaning product smells like lemon.
nom;B1;Möbel und Haushalt;die Aufbewahrung;rangement;storage;Für die Aufbewahrung nutzen wir alte Kisten.;Pour le rangement, nous utilisons de vieilles caisses.;We use old boxes for storage.
nom;B1;Möbel und Haushalt;der Kasten;la caisse, le casier;box, crate;Er trägt einen Kasten Wasser nach oben.;Il monte une caisse d'eau.;He is carrying a crate of water upstairs.
nom;B1;Möbel und Haushalt;die Pfeife;la pipe, le sifflet;pipe, whistle;Der Schiedsrichter nimmt die Pfeife.;L'arbitre prend son sifflet.;The referee picks up his whistle.
nom;B1;Möbel und Haushalt;die Axt;la hache;axe;Mit der Axt hackt er Holz.;Il coupe du bois avec la hache.;He chops wood with the axe.
nom;B1;Möbel und Haushalt;die Falle;le piège;trap;Die Maus ist in die Falle gegangen.;La souris est tombée dans le piège.;The mouse walked into the trap.
nom;B1;Möbel und Haushalt;die Couch;canapé;couch;Wir haben eine neue Couch fürs Wohnzimmer gekauft.;Nous avons acheté un nouveau canapé pour le salon.;We bought a new couch for the living room.
nom;B1;Möbel und Haushalt;die Einrichtung;aménagement, mobilier;furnishing;Die Einrichtung der Wohnung ist sehr modern.;L'aménagement de l'appartement est très moderne.;The furnishing of the apartment is very modern.
nom;B1;Möbel und Haushalt;die Mülltonne;poubelle;trash bin;Die Mülltonne steht direkt vor dem Haus.;La poubelle se trouve juste devant la maison.;The trash bin is right in front of the house.
nom;B1;Möbel und Haushalt;die Steckdose;prise électrique (murale);electrical outlet;In diesem Zimmer gibt es nur eine Steckdose.;Il n'y a qu'une seule prise électrique dans cette pièce.;There is only one electrical outlet in this room.
nom;B1;Möbel und Haushalt;der Stecker;fiche, prise (mâle);plug;Zieh den Stecker aus der Steckdose.;Débranche la fiche de la prise murale.;Pull the plug out of the outlet.
nom;B1;Möbel und Haushalt;der Griff;poignée;handle, grip;Der Griff der Tasche ist kaputt.;La poignée du sac est cassée.;The handle of the bag is broken.
nom;B1;Möbel und Haushalt;die Bürste;brosse;brush;Die Bürste liegt neben dem Waschbecken.;La brosse est à côté du lavabo.;The brush is next to the sink.
nom;B1;Möbel und Haushalt;die Reparatur;réparation;repair;Die Reparatur kostet mehr als das Gerät.;La réparation coûte plus cher que l'appareil.;The repair costs more than the device.
nom;B1;Möbel und Haushalt;der Sack;sac (grand);sack, bag;Stell den Sack in die Ecke.;Mets le sac dans le coin.;Put the sack in the corner.
nom;B1;Möbel und Haushalt;der Wecker;réveil;alarm clock;Mein Wecker klingelt um halb sieben.;Mon réveil sonne à six heures et demie.;My alarm clock goes off at half past six.
nom;B1;Möbel und Haushalt;das Werkzeug;outil;tool;Das Werkzeug liegt im Keller.;Les outils sont à la cave.;The tools are in the cellar.
nom;B1;Möbel und Haushalt;das Fauteuil;fauteuil;armchair;Er sitzt am liebsten im Fauteuil.;Il aime surtout s'asseoir dans le fauteuil.;He likes sitting in the armchair best.
nom;B1;Möbel und Haushalt;das Tuch;chiffon, foulard;cloth, scarf;Wisch den Tisch mit einem feuchten Tuch.;Essuie la table avec un chiffon humide.;Wipe the table with a damp cloth.
nom;B1;Möbel und Haushalt;die Vase;vase;vase;Stell die Blumen in die Vase.;Mets les fleurs dans le vase.;Put the flowers in the vase.
nom;B1;Möbel und Haushalt;die Zange;pince;pliers;Gib mir bitte die Zange aus dem Keller.;Donne-moi la pince qui est à la cave.;Please pass me the pliers from the cellar.
nom;B1;Möbel und Haushalt;die Nadel;aiguille;needle;Ich brauche Nadel und Faden.;J'ai besoin d'une aiguille et de fil.;I need a needle and thread.
nom;B1;Möbel und Haushalt;der Schreibtisch;bureau (meuble);desk;Auf dem Schreibtisch liegen viele Papiere.;Beaucoup de papiers traînent sur le bureau.;There are a lot of papers on the desk.
nom;B2;Möbel und Haushalt;der Wäschetrockner;sèche-linge;clothes dryer;Der Wäschetrockner spart uns viel Zeit.;Le sèche-linge nous fait gagner beaucoup de temps.;The clothes dryer saves us a lot of time.
nom;B2;Möbel und Haushalt;die Geschirrspülmaschine;lave-vaisselle;dishwasher;Die Geschirrspülmaschine ist wieder kaputt.;Le lave-vaisselle est encore en panne.;The dishwasher is broken again.
nom;B2;Möbel und Haushalt;das Bügeleisen;fer à repasser;iron;Das Bügeleisen ist noch heiß.;Le fer à repasser est encore chaud.;The iron is still hot.
nom;B2;Möbel und Haushalt;die Anrichte;buffet/vaisselier;sideboard, buffet;Die Anrichte steht im Esszimmer.;Le buffet se trouve dans la salle à manger.;The sideboard is in the dining room.
nom;B2;Möbel und Haushalt;die Energieeffizienz;efficacité énergétique;energy efficiency;Die Energieeffizienz dieses Geräts ist hervorragend.;L'efficacité énergétique de cet appareil est excellente.;The energy efficiency of this device is excellent.
nom;B2;Möbel und Haushalt;die Vitrine;vitrine;display cabinet;In der Vitrine steht das gute Geschirr.;La belle vaisselle est dans la vitrine.;The good crockery is in the display cabinet.
nom;B2;Möbel und Haushalt;der Hocker;tabouret;stool;Der Hocker passt unter den Tisch.;Le tabouret rentre sous la table.;The stool fits under the table.
nom;B2;Möbel und Haushalt;die Matratze;matelas;mattress;Die Matratze ist zu weich für den Rücken.;Le matelas est trop mou pour le dos.;The mattress is too soft for the back.
nom;B2;Möbel und Haushalt;die Bettwäsche;linge de lit;bed linen;Die Bettwäsche wird alle zwei Wochen gewechselt.;Le linge de lit se change toutes les deux semaines.;The bed linen is changed every two weeks.
nom;B2;Möbel und Haushalt;der Teppichboden;moquette;fitted carpet;Der Teppichboden muss raus.;La moquette doit disparaître.;The fitted carpet has to go.
nom;B2;Möbel und Haushalt;die Glühbirne;ampoule;light bulb;Die Glühbirne im Flur ist durchgebrannt.;L'ampoule du couloir a grillé.;The bulb in the hall has blown.
nom;B2;Möbel und Haushalt;der Wischmopp;balai à franges;mop;Der Wischmopp steht im Putzschrank.;Le balai à franges est dans le placard.;The mop is in the cleaning cupboard.
nom;B2;Möbel und Haushalt;das Putzmittel;produit d'entretien;cleaning product;Putzmittel gehören nicht in Kinderhände.;Les produits d'entretien ne sont pas à mettre entre les mains des enfants.;Cleaning products do not belong in children's hands.
nom;A1;Küche und Kochen;der Teller;assiette;plate;Der Teller ist noch schmutzig.;L'assiette est encore sale.;The plate is still dirty.
nom;A1;Küche und Kochen;die Gabel;fourchette;fork;Ich brauche eine saubere Gabel.;J'ai besoin d'une fourchette propre.;I need a clean fork.
nom;A1;Küche und Kochen;das Messer;couteau;knife;Das Messer ist sehr scharf.;Le couteau est très tranchant.;The knife is very sharp.
nom;A1;Küche und Kochen;der Löffel;cuillère;spoon;Er isst die Suppe mit einem Löffel.;Il mange la soupe avec une cuillère.;He eats the soup with a spoon.
nom;A1;Küche und Kochen;die Tasse;tasse;cup;Die Tasse ist voll mit Kaffee.;La tasse est pleine de café.;The cup is full of coffee.
nom;A1;Küche und Kochen;das Glas;verre;glass;Das Glas ist zerbrochen.;Le verre est cassé.;The glass is broken.
nom;A1;Küche und Kochen;der Topf;casserole;pot;Der Topf steht auf dem Herd.;La casserole est sur la cuisinière.;The pot is on the stove.
nom;A1;Küche und Kochen;die Pfanne;poêle;pan;Sie brät das Fleisch in der Pfanne.;Elle fait frire la viande dans la poêle.;She's frying the meat in the pan.
nom;A1;Küche und Kochen;der Kühlschrank;réfrigérateur;refrigerator;Die Milch ist im Kühlschrank.;Le lait est dans le réfrigérateur.;The milk is in the fridge.
nom;A1;Küche und Kochen;der Ofen;four;oven;Der Kuchen backt im Ofen.;Le gâteau cuit au four.;The cake is baking in the oven.
nom;A1;Küche und Kochen;die Serviette;serviette;napkin;Nimm bitte eine Serviette.;Prends une serviette, s'il te plaît.;Please take a napkin.
nom;A1;Küche und Kochen;die Flasche;bouteille;bottle;Die Flasche ist leer.;La bouteille est vide.;The bottle is empty.
nom;A1;Küche und Kochen;die Dose;boîte de conserve;can;Öffne bitte die Dose.;Ouvre la boîte de conserve, s'il te plaît.;Please open the can.
nom;A1;Küche und Kochen;die Küche;cuisine;kitchen;Die Küche ist sehr modern.;La cuisine est très moderne.;The kitchen is very modern.
nom;A1;Küche und Kochen;die Mikrowelle;micro-ondes;microwave;Die Mikrowelle wärmt das Essen schnell.;Le micro-ondes réchauffe le repas rapidement.;The microwave heats the food quickly.
nom;A2;Küche und Kochen;die Pfanne;poêle;pan;Die Pfanne wird langsam heiß.;La poêle chauffe lentement.;The pan is slowly heating up.
nom;A2;Küche und Kochen;der Topf;casserole;pot;Der Topf kocht auf kleiner Flamme.;La casserole mijote à feu doux.;The pot is simmering on low heat.
nom;A2;Küche und Kochen;die Tasse;tasse;cup;Die Tasse ist noch heiß.;La tasse est encore chaude.;The cup is still hot.
nom;A2;Küche und Kochen;das Glas;verre;glass;Das Glas steht auf dem Tisch.;Le verre est sur la table.;The glass is on the table.
nom;A2;Küche und Kochen;der Kochlöffel;cuillère en bois;wooden spoon;Ich rühre mit dem Kochlöffel um.;Je remue avec la cuillère en bois.;I'm stirring with the wooden spoon.
nom;A2;Küche und Kochen;das Sieb;passoire;strainer;Wir sieben das Mehl durch das Sieb.;Nous tamisons la farine avec la passoire.;We sift the flour through the strainer.
nom;A2;Küche und Kochen;der Schneebesen;fouet;whisk;Der Schneebesen schlägt die Eier auf.;Le fouet bat les œufs.;The whisk beats the eggs.
nom;A2;Küche und Kochen;der Dosenöffner;ouvre-boîte;can opener;Der Dosenöffner liegt in der Schublade.;L'ouvre-boîte est dans le tiroir.;The can opener is in the drawer.
nom;A2;Küche und Kochen;der Korkenzieher;tire-bouchon;corkscrew;Ich brauche einen Korkenzieher für die Flasche.;J'ai besoin d'un tire-bouchon pour la bouteille.;I need a corkscrew for the bottle.
nom;A2;Küche und Kochen;das Backblech;plaque de four;baking sheet;Der Kuchen liegt auf dem Backblech.;Le gâteau est sur la plaque de four.;The cake is on the baking sheet.
nom;A2;Küche und Kochen;die Rührschüssel;saladier;mixing bowl;Ich mische den Teig in der Rührschüssel.;Je mélange la pâte dans le saladier.;I'm mixing the batter in the mixing bowl.
nom;A2;Küche und Kochen;das Geschirr;vaisselle;dishes;Nach dem Essen spüle ich das Geschirr.;Après le repas, je fais la vaisselle.;After the meal I wash the dishes.
nom;B1;Küche und Kochen;der Herd;cuisinière;stove;Der Herd hat vier Kochfelder.;La cuisinière a quatre plaques de cuisson.;The stove has four burners.
nom;B1;Küche und Kochen;der Backofen;four;oven;Der Backofen ist auf zweihundert Grad eingestellt.;Le four est réglé à deux cents degrés.;The oven is set to two hundred degrees.
nom;B1;Küche und Kochen;die Mikrowelle;micro-ondes;microwave;Wir wärmen das Essen in der Mikrowelle auf.;Nous réchauffons le repas au micro-ondes.;We're warming up the food in the microwave.
nom;B1;Küche und Kochen;der Kühlschrank;réfrigérateur;refrigerator;Der Kühlschrank ist wieder komplett voll.;Le réfrigérateur est de nouveau complètement plein.;The fridge is completely full again.
nom;B1;Küche und Kochen;die Zubereitung;préparation (cuisine);preparation;Die Zubereitung dauert nur zwanzig Minuten.;La préparation ne prend que vingt minutes.;Preparation only takes twenty minutes.
nom;B1;Küche und Kochen;der Kochtopf;marmite;cooking pot;Der Kochtopf steht schon auf dem Herd.;La marmite est déjà sur la cuisinière.;The cooking pot is already on the stove.
nom;B1;Küche und Kochen;die Backform;moule à gâteau;baking pan;Die Backform ist mit Butter eingefettet.;Le moule à gâteau est beurré.;The baking pan is greased with butter.
nom;B1;Küche und Kochen;der Zimt;la cannelle;cinnamon;Streu etwas Zimt auf den Apfel.;Saupoudre un peu de cannelle sur la pomme.;Sprinkle a little cinnamon on the apple.
nom;B1;Küche und Kochen;der Schnitt;la coupe, la moyenne;cut, average;Der Schnitt muss ganz gerade sein.;La coupe doit être bien droite.;The cut has to be perfectly straight.
nom;B1;Küche und Kochen;die Flüssigkeit;liquide;liquid;Diese Flüssigkeit darf man nicht trinken.;On ne doit pas boire ce liquide.;This liquid must not be drunk.
nom;B1;Küche und Kochen;die Kanne;pot, cafetière;pot, jug;Auf dem Tisch steht eine Kanne Kaffee.;Il y a un pot de café sur la table.;There's a pot of coffee on the table.
nom;B1;Küche und Kochen;die Soße;sauce;sauce;Die Soße ist zu salzig.;La sauce est trop salée.;The sauce is too salty.
nom;B1;Küche und Kochen;die Büchse;boîte de conserve;tin, can;Im Schrank steht noch eine Büchse Tomaten.;Il reste une boîte de tomates dans le placard.;There's still a tin of tomatoes in the cupboard.
nom;B1;Küche und Kochen;der Grill;barbecue, gril;barbecue, grill;Der Grill steht hinten im Garten.;Le barbecue est au fond du jardin.;The barbecue is at the back of the garden.
nom;B1;Küche und Kochen;die Schüssel;saladier, bol;bowl;Der Salat ist in der großen Schüssel.;La salade est dans le grand saladier.;The salad is in the big bowl.
nom;B1;Küche und Kochen;das Zündholz;allumette;match;Hast du ein Zündholz für die Kerze?;As-tu une allumette pour la bougie ?;Do you have a match for the candle?
nom;B1;Küche und Kochen;die Spülmaschine;lave-vaisselle;dishwasher;Die Spülmaschine läuft schon.;Le lave-vaisselle est déjà en marche.;The dishwasher is already running.
nom;B1;Küche und Kochen;der Zünder;allumette;match;Hast du einen Zünder für die Kerze?;As-tu une allumette pour la bougie ?;Do you have a match for the candle?
nom;B2;Küche und Kochen;die Küchenmaschine;robot de cuisine;food processor;Die Küchenmaschine hackt das Gemüse in Sekunden.;Le robot de cuisine hache les légumes en quelques secondes.;The food processor chops the vegetables in seconds.
nom;B2;Küche und Kochen;das Schneidebrett;planche à découper;cutting board;Schneide die Zwiebel auf dem Schneidebrett.;Coupe l'oignon sur la planche à découper.;Cut the onion on the cutting board.
nom;B2;Küche und Kochen;die Reibe;râpe;grater;Die Reibe ist scharf, sei vorsichtig.;La râpe est tranchante, fais attention.;The grater is sharp, be careful.
nom;B2;Küche und Kochen;der Mixer;mixeur;blender;Der Mixer zerkleinert das Obst perfekt.;Le mixeur réduit parfaitement les fruits en purée.;The blender purees the fruit perfectly.
nom;B2;Küche und Kochen;die Küchenhygiene;hygiène en cuisine;kitchen hygiene;Küchenhygiene ist beim Kochen sehr wichtig.;L'hygiène en cuisine est très importante lors de la cuisson.;Kitchen hygiene is very important when cooking.
nom;B2;Küche und Kochen;der Deckel;couvercle;lid;Mit Deckel kocht das Wasser schneller.;Avec le couvercle, l'eau bout plus vite.;Water boils faster with the lid on.
nom;B2;Küche und Kochen;die Auflaufform;plat à gratin;casserole dish;Die Auflaufform passt nicht in den Ofen.;Le plat à gratin ne rentre pas dans le four.;The casserole dish does not fit in the oven.
nom;B2;Küche und Kochen;der Messbecher;verre doseur;measuring jug;Ohne Messbecher wird das Rezept schwierig.;Sans verre doseur, la recette devient difficile.;Without a measuring jug the recipe gets tricky.
nom;B2;Küche und Kochen;die Waage;balance;scales;Die Waage steht in der Schublade.;La balance est dans le tiroir.;The scales are in the drawer.
nom;B2;Küche und Kochen;die Herdplatte;plaque de cuisson;hob, hotplate;Die hintere Herdplatte ist kaputt.;La plaque arrière est cassée.;The back hotplate is broken.
nom;B2;Küche und Kochen;der Dunstabzug;hotte aspirante;extractor hood;Der Dunstabzug ist zu laut.;La hotte est trop bruyante.;The extractor hood is too loud.
nom;B2;Küche und Kochen;das Spülbecken;évier;sink;Im Spülbecken steht das Geschirr von gestern.;La vaisselle d'hier est dans l'évier.;Yesterday's dishes are in the sink.
nom;B2;Küche und Kochen;der Vorratsschrank;garde-manger;pantry cupboard;Der Vorratsschrank ist voller Nudeln.;Le garde-manger est plein de pâtes.;The pantry is full of pasta.
nom;B2;Küche und Kochen;das Gewürzregal;étagère à épices;spice rack;Im Gewürzregal fehlt der Pfeffer.;Il manque le poivre dans l'étagère à épices.;The pepper is missing from the spice rack.
nom;A1;Körperteile;der Kopf;tête;head;Mein Kopf tut weh.;J'ai mal à la tête.;My head hurts.
nom;A1;Körperteile;die Hand;main;hand;Wasch dir die Hände.;Lave-toi les mains.;Wash your hands.
nom;A1;Körperteile;das Auge;œil;eye;Sie hat blaue Augen.;Elle a les yeux bleus.;She has blue eyes.
nom;A1;Körperteile;der Fuß;pied;foot;Mein Fuß tut weh.;J'ai mal au pied.;My foot hurts.
nom;A1;Körperteile;der Arm;bras;arm;Er hat sich den Arm gebrochen.;Il s'est cassé le bras.;He broke his arm.
nom;A1;Körperteile;das Bein;jambe;leg;Mein Bein ist müde.;Ma jambe est fatiguée.;My leg is tired.
nom;A1;Körperteile;das Ohr;oreille;ear;Ich habe Schmerzen im Ohr.;J'ai mal à l'oreille.;I have an earache.
nom;A1;Körperteile;die Nase;nez;nose;Seine Nase ist rot.;Son nez est rouge.;His nose is red.
nom;A1;Körperteile;der Mund;bouche;mouth;Öffne bitte den Mund.;Ouvre la bouche, s'il te plaît.;Please open your mouth.
nom;A1;Körperteile;das Haar;cheveu;hair;Ihr Haar ist lang und blond.;Ses cheveux sont longs et blonds.;Her hair is long and blond.
nom;A1;Körperteile;der Finger;doigt;finger;Ich habe mir in den Finger geschnitten.;Je me suis coupé le doigt.;I cut my finger.
nom;A1;Körperteile;der Bauch;ventre;belly;Mein Bauch tut weh.;J'ai mal au ventre.;My belly hurts.
nom;A1;Körperteile;der Rücken;dos;back;Mein Rücken tut mir weh.;J'ai mal au dos.;My back hurts.
nom;A1;Körperteile;der Hals;cou;neck;Mein Hals ist wund.;J'ai mal à la gorge.;My throat is sore.
nom;A1;Körperteile;der Zahn;dent;tooth;Der Zahn tut mir sehr weh.;La dent me fait très mal.;The tooth hurts a lot.
nom;A1;Körperteile;der Körper;le corps;body;Sport tut dem ganzen Körper gut.;Le sport fait du bien à tout le corps.;Sport is good for the whole body.
nom;A2;Körperteile;der Arm;bras;arm;Er trägt eine Tasche unter dem Arm.;Il porte un sac sous le bras.;He's carrying a bag under his arm.
nom;A2;Körperteile;das Bein;jambe;leg;Sie hat sich das Bein verletzt.;Elle s'est blessée à la jambe.;She injured her leg.
nom;A2;Körperteile;der Bauch;ventre;belly;Nach dem Essen tut mein Bauch weh.;Après le repas, j'ai mal au ventre.;After eating, my belly hurts.
nom;A2;Körperteile;der Rücken;dos;back;Der Rucksack drückt auf meinen Rücken.;Le sac à dos pèse sur mon dos.;The backpack is pressing on my back.
nom;A2;Körperteile;die Zehe;orteil;toe;Ich habe mir die Zehe gestoßen.;Je me suis cogné l'orteil.;I stubbed my toe.
nom;A2;Körperteile;die Ferse;talon;heel;Der Schuh reibt an meiner Ferse.;La chaussure frotte contre mon talon.;The shoe rubs against my heel.
nom;A2;Körperteile;das Kinn;menton;chin;Sein Kinn ist glatt rasiert.;Son menton est bien rasé.;His chin is cleanly shaven.
nom;A2;Körperteile;die Wange;joue;cheek;Ihre Wange ist ganz rot.;Sa joue est toute rouge.;Her cheek is all red.
nom;A2;Körperteile;die Augenbraue;sourcil;eyebrow;Seine Augenbraue ist verletzt.;Son sourcil est blessé.;His eyebrow is injured.
nom;A2;Körperteile;der Nagel;ongle;nail;Ihr Nagel ist abgebrochen.;Son ongle s'est cassé.;Her nail broke off.
nom;A2;Körperteile;die Handfläche;paume;palm (of the hand);Er hält den Ball in der Handfläche.;Il tient le ballon dans la paume de sa main.;He's holding the ball in his palm.
nom;A2;Körperteile;das Blut;le sang;blood;Beim Anblick von Blut wird ihm schlecht.;À la vue du sang, il se sent mal.;The sight of blood makes him feel sick.
nom;A2;Körperteile;die Zunge;la langue (organe);tongue;Ich habe mir die Zunge verbrannt.;Je me suis brûlé la langue.;I burnt my tongue.
nom;A2;Körperteile;die Brust;la poitrine;chest, breast;Er hat Schmerzen in der Brust.;Il a des douleurs à la poitrine.;He has pain in his chest.
nom;A2;Körperteile;das Parfüm;parfum;perfume;Dein Parfüm riecht sehr gut.;Ton parfum sent très bon.;Your perfume smells very good.
nom;A2;Körperteile;die Kosmetik;cosmétiques, soins de beauté;cosmetics;Kosmetik findet man im ersten Stock.;Les cosmétiques se trouvent au premier étage.;Cosmetics are on the first floor.
nom;B1;Körperteile;die Schulter;épaule;shoulder;Meine Schulter tut seit dem Sport weh.;J'ai mal à l'épaule depuis le sport.;My shoulder has hurt since I played sports.
nom;B1;Körperteile;das Handgelenk;poignet;wrist;Er hat sich das Handgelenk verstaucht.;Il s'est foulé le poignet.;He sprained his wrist.
nom;B1;Körperteile;der Ellbogen;coude;elbow;Mein Ellbogen ist an der Tür angeschlagen.;Je me suis cogné le coude contre la porte.;I bumped my elbow against the door.
nom;B1;Körperteile;das Knie;genou;knee;Sie hat sich am Knie verletzt.;Elle s'est blessée au genou.;She injured her knee.
nom;B1;Körperteile;der Muskel;muscle;muscle;Regelmäßiges Training stärkt jeden Muskel.;Un entraînement régulier renforce chaque muscle.;Regular training strengthens every muscle.
nom;B1;Körperteile;der Knochen;os;bone;Der Arzt untersucht den gebrochenen Knochen.;Le médecin examine l'os cassé.;The doctor examines the broken bone.
nom;B1;Körperteile;die Haut;peau;skin;Die Sonne hat ihre Haut gerötet.;Le soleil a rougi sa peau.;The sun has reddened her skin.
nom;B1;Körperteile;der Flügel;l'aile;wing;Der Vogel hat sich den Flügel gebrochen.;L'oiseau s'est cassé l'aile.;The bird broke its wing.
nom;B1;Körperteile;das Gehirn;le cerveau;brain;Das Gehirn braucht Pausen.;Le cerveau a besoin de pauses.;The brain needs breaks.
nom;B1;Körperteile;das Maul;la gueule (animal);mouth (of an animal);Der Hund hat einen Ball im Maul.;Le chien a une balle dans la gueule.;The dog has a ball in its mouth.
nom;B1;Körperteile;der Bart;barbe;beard;Mein Nachbar hat sich einen Bart wachsen lassen.;Mon voisin s'est laissé pousser la barbe.;My neighbor grew a beard.
nom;B1;Körperteile;der Magen;estomac;stomach;Mir tut der Magen weh.;J'ai mal à l'estomac.;My stomach hurts.
nom;B1;Körperteile;die Kraft;force;strength, power;Nach der Krankheit fehlt ihm noch die Kraft.;Après la maladie, il lui manque encore de la force.;After the illness he still lacks strength.
nom;B1;Körperteile;das Gesicht;visage;face;Ihr Gesicht wirkte sehr müde nach der Reise.;Son visage paraissait très fatigué après le voyage.;Her face looked very tired after the trip.
nom;B1;Körperteile;der Blick;"regard ; vue";"look; view";Vom Balkon hat man einen schönen Blick.;Du balcon, on a une belle vue.;From the balcony you have a lovely view.
nom;B1;Körperteile;die Figur;"silhouette ; personnage";"figure; character";Sie achtet sehr auf ihre Figur.;Elle fait très attention à sa silhouette.;She watches her figure carefully.
nom;B1;Körperteile;die Lippe;lèvre;lip;Im Winter werden meine Lippen trocken.;En hiver, mes lèvres deviennent sèches.;In winter my lips get dry.
nom;B1;Körperteile;der Nerv;nerf;nerve;Dafür brauche ich starke Nerven.;Pour cela, il me faut des nerfs solides.;For that I need strong nerves.
nom;B1;Körperteile;die Zahnbürste;brosse à dents;toothbrush;Ich habe meine Zahnbürste vergessen.;J'ai oublié ma brosse à dents.;I've forgotten my toothbrush.
nom;B1;Körperteile;die Zahncreme;dentifrice;toothpaste;Die Zahncreme ist fast leer.;Le dentifrice est presque fini.;The toothpaste is almost finished.
nom;B1;Körperteile;der Atem;souffle, respiration;breath;Nach dem Lauf war ich außer Atem.;Après la course, j'étais hors d'haleine.;After the run I was out of breath.
nom;B1;Körperteile;die Frisur;coiffure;hairstyle;Deine neue Frisur steht dir gut.;Ta nouvelle coiffure te va bien.;Your new hairstyle suits you.
nom;B1;Körperteile;die Stirn;front;forehead;Er hat sich an der Stirn verletzt.;Il s'est blessé au front.;He hurt his forehead.
nom;B1;Körperteile;die Zahnpasta;dentifrice;toothpaste;Wir brauchen neue Zahnpasta.;Il nous faut du nouveau dentifrice.;We need new toothpaste.
nom;B2;Körperteile;die Wirbelsäule;colonne vertébrale;spine;Die Wirbelsäule trägt das gesamte Körpergewicht.;La colonne vertébrale supporte tout le poids du corps.;The spine supports the entire body weight.
nom;B2;Körperteile;die Leber;foie;liver;Die Leber filtert schädliche Stoffe aus dem Blut.;Le foie filtre les substances nocives du sang.;The liver filters harmful substances from the blood.
nom;B2;Körperteile;die Lunge;poumon;lung;Die Lunge nimmt Sauerstoff aus der Luft auf.;Le poumon absorbe l'oxygène de l'air.;The lung absorbs oxygen from the air.
nom;B2;Körperteile;das Nervensystem;système nerveux;nervous system;Das Nervensystem steuert alle Bewegungen des Körpers.;Le système nerveux contrôle tous les mouvements du corps.;The nervous system controls all body movements.
nom;B2;Körperteile;der Stoffwechsel;métabolisme;metabolism;Ein langsamer Stoffwechsel erschwert das Abnehmen.;Un métabolisme lent complique la perte de poids.;A slow metabolism makes weight loss harder.
nom;B2;Körperteile;das Immunsystem;système immunitaire;immune system;Das Immunsystem schützt uns vor Krankheiten.;Le système immunitaire nous protège des maladies.;The immune system protects us from diseases.
nom;B2;Körperteile;das Gelenk;articulation;joint;Bei Kälte schmerzen die Gelenke.;Par temps froid, les articulations font mal.;The joints hurt in cold weather.
nom;B2;Körperteile;die Sehne;tendon;tendon;Die Sehne ist gereizt, nicht gerissen.;Le tendon est irrité, pas rompu.;The tendon is irritated, not torn.
nom;B2;Körperteile;die Ader;veine, vaisseau;vein, blood vessel;Man sieht die Adern unter der Haut.;On voit les veines sous la peau.;You can see the veins under the skin.
nom;B2;Körperteile;die Niere;rein;kidney;Die Nieren arbeiten wieder normal.;Les reins fonctionnent de nouveau normalement.;The kidneys are working normally again.
nom;B2;Körperteile;der Darm;intestin;intestine, bowel;Der Darm braucht Ballaststoffe.;L'intestin a besoin de fibres.;The bowel needs fibre.
nom;B2;Körperteile;die Blase;"vessie ; ampoule";"bladder; blister";Vom Wandern habe ich eine Blase am Fuß.;J'ai une ampoule au pied à cause de la randonnée.;I have a blister on my foot from hiking.
nom;B2;Körperteile;die Rippe;côte;rib;Beim Sturz brach eine Rippe.;Dans la chute, une côte s'est cassée.;A rib broke in the fall.
nom;B2;Körperteile;die Kniescheibe;rotule;kneecap;Die Kniescheibe sprang wieder heraus.;La rotule est ressortie.;The kneecap dislocated again.
nom;B2;Körperteile;das Schlüsselbein;clavicule;collarbone;Das Schlüsselbein heilt in sechs Wochen.;La clavicule guérit en six semaines.;The collarbone heals in six weeks.
nom;B2;Körperteile;das Hirn;cerveau;brain;Das Hirn verbraucht ein Fünftel der Energie.;Le cerveau consomme un cinquième de l'énergie.;The brain uses a fifth of the energy.
nom;A1;Gesundheit;die Apotheke;pharmacie;pharmacy;Ich gehe zur Apotheke.;Je vais à la pharmacie.;I'm going to the pharmacy.
nom;A1;Gesundheit;das Medikament;médicament;medication;Nimm dieses Medikament dreimal am Tag.;Prends ce médicament trois fois par jour.;Take this medication three times a day.
nom;A1;Gesundheit;die Krankheit;maladie;illness;Diese Krankheit ist nicht gefährlich.;Cette maladie n'est pas dangereuse.;This illness is not dangerous.
nom;A1;Gesundheit;das Fieber;fièvre;fever;Das Kind hat hohes Fieber.;L'enfant a une forte fièvre.;The child has a high fever.
nom;A1;Gesundheit;der Husten;toux;cough;Er hat seit Tagen Husten.;Il tousse depuis des jours.;He's had a cough for days.
nom;A1;Gesundheit;der Schmerz;douleur;pain;Der Schmerz ist sehr stark.;La douleur est très forte.;The pain is very strong.
nom;A1;Gesundheit;die Erkältung;rhume;cold (illness);Ich habe eine Erkältung.;J'ai un rhume.;I have a cold.
nom;A1;Gesundheit;das Krankenhaus;hôpital;hospital;Sie arbeitet im Krankenhaus.;Elle travaille à l'hôpital.;She works at the hospital.
nom;A1;Gesundheit;der Termin;rendez-vous;appointment;Ich habe morgen einen Termin beim Arzt.;J'ai rendez-vous chez le médecin demain.;I have a doctor's appointment tomorrow.
nom;A1;Gesundheit;das Rezept;ordonnance;prescription;Der Arzt schreibt ein Rezept.;Le médecin rédige une ordonnance.;The doctor writes a prescription.
nom;A1;Gesundheit;die Gesundheit;santé;health;Die Gesundheit ist sehr wichtig.;La santé est très importante.;Health is very important.
nom;A1;Gesundheit;die Grippe;grippe;flu;Er liegt mit einer Grippe im Bett.;Il est alité avec la grippe.;He's in bed with the flu.
nom;A1;Gesundheit;das Pflaster;sparadrap;band-aid;Ich klebe ein Pflaster auf die Wunde.;Je mets un sparadrap sur la blessure.;I'm putting a band-aid on the wound.
nom;A1;Gesundheit;die Tablette;comprimé;pill, tablet;Nimm eine Tablette gegen die Schmerzen.;Prends un comprimé contre la douleur.;Take a pill for the pain.
nom;A1;Gesundheit;das Leben;la vie;life;Sie hat ein schönes Leben.;Elle a une belle vie.;She has a good life.
nom;A1;Gesundheit;der Schlaf;le sommeil;sleep;Guter Schlaf ist wichtig.;Un bon sommeil est important.;Good sleep is important.
nom;A1;Gesundheit;der Arzt;médecin;doctor;Ich gehe morgen zum Arzt.;Je vais chez le médecin demain.;I'm going to the doctor tomorrow.
nom;A2;Gesundheit;das Fieber;fièvre;fever;Das Fieber ist heute Nacht gestiegen.;La fièvre a augmenté cette nuit.;The fever went up last night.
nom;A2;Gesundheit;der Husten;toux;cough;Der Husten wird langsam besser.;La toux s'améliore lentement.;The cough is slowly getting better.
nom;A2;Gesundheit;die Erkältung;rhume;cold (illness);Diese Erkältung dauert schon eine Woche.;Ce rhume dure déjà depuis une semaine.;This cold has already lasted a week.
nom;A2;Gesundheit;der Schmerz;douleur;pain;Der Schmerz kommt und geht.;La douleur va et vient.;The pain comes and goes.
nom;A2;Gesundheit;die Allergie;allergie;allergy;Ich habe eine Allergie gegen Pollen.;J'ai une allergie au pollen.;I have an allergy to pollen.
nom;A2;Gesundheit;die Übelkeit;nausée;nausea;Die Übelkeit kommt vom Essen.;La nausée vient de la nourriture.;The nausea is from the food.
nom;A2;Gesundheit;der Schwindel;vertige;dizziness;Der Schwindel hält nicht lange an.;Le vertige ne dure pas longtemps.;The dizziness doesn't last long.
nom;A2;Gesundheit;der Impfstoff;vaccin;vaccine;Der Impfstoff schützt vor der Krankheit.;Le vaccin protège contre la maladie.;The vaccine protects against the disease.
nom;A2;Gesundheit;die Krankenversicherung;assurance maladie;health insurance;Meine Krankenversicherung übernimmt die Kosten.;Mon assurance maladie prend en charge les frais.;My health insurance covers the costs.
nom;A2;Gesundheit;das Symptom;symptôme;symptom;Das Symptom ist typisch für Grippe.;Le symptôme est typique de la grippe.;The symptom is typical of the flu.
nom;A2;Gesundheit;die Behandlung;traitement;treatment;Die Behandlung dauert mehrere Wochen.;Le traitement dure plusieurs semaines.;The treatment lasts several weeks.
nom;A2;Gesundheit;der Tod;la mort;death;Nach dem Tod seines Vaters zog er um.;Après la mort de son père, il a déménagé.;After his father's death he moved house.
nom;A2;Gesundheit;der Tropfen;la goutte;drop;Nimm zehn Tropfen vor dem Essen.;Prends dix gouttes avant le repas.;Take ten drops before meals.
nom;A2;Gesundheit;die Creme;crème;cream;Diese Creme ist gut für trockene Haut.;Cette crème est bonne pour la peau sèche.;This cream is good for dry skin.
nom;A2;Gesundheit;der Doktor;docteur;doctor;Ich gehe morgen zum Doktor.;Je vais chez le docteur demain.;I'm going to the doctor tomorrow.
nom;A2;Gesundheit;der Stress;stress;stress;Bei der Arbeit habe ich viel Stress.;Au travail, j'ai beaucoup de stress.;I have a lot of stress at work.
nom;A2;Gesundheit;die Praxis;cabinet médical;doctor's surgery;Die Praxis ist mittwochs geschlossen.;Le cabinet est fermé le mercredi.;The surgery is closed on Wednesdays.
nom;B1;Gesundheit;die Impfung;vaccination;vaccination;Die Impfung schützt vor der Krankheit.;La vaccination protège contre la maladie.;The vaccination protects against the disease.
nom;B1;Gesundheit;die Untersuchung;examen médical;medical examination;Die Untersuchung dauerte nur zehn Minuten.;L'examen médical n'a duré que dix minutes.;The medical examination only lasted ten minutes.
nom;B1;Gesundheit;das Krankenhaus;hôpital;hospital;Er wurde ins Krankenhaus gebracht.;Il a été emmené à l'hôpital.;He was taken to the hospital.
nom;B1;Gesundheit;die Versicherung;assurance;insurance;Meine Versicherung übernimmt die Behandlungskosten.;Mon assurance prend en charge les frais de traitement.;My insurance covers the treatment costs.
nom;B1;Gesundheit;der Facharzt;spécialiste médical;specialist (doctor);Der Facharzt hat mir eine zweite Meinung empfohlen.;Le spécialiste m'a recommandé un second avis.;The specialist recommended a second opinion.
nom;B1;Gesundheit;die Operation;opération;operation, surgery;Die Operation verlief ohne Komplikationen.;L'opération s'est déroulée sans complications.;The operation went without complications.
nom;B1;Gesundheit;die Reha;rééducation;rehabilitation;Nach dem Unfall macht er eine lange Reha.;Après l'accident, il fait une longue rééducation.;After the accident, he's doing a long rehabilitation.
nom;B1;Gesundheit;der Alkohol;l'alcool;alcohol;Sie trinkt keinen Alkohol.;Elle ne boit pas d'alcool.;She doesn't drink alcohol.
nom;B1;Gesundheit;der Tabak;le tabac;tobacco;Tabak ist hier teuer geworden.;Le tabac est devenu cher ici.;Tobacco has become expensive here.
nom;B1;Gesundheit;der Notruf;appel d'urgence;emergency call;Bei einem Unfall sollte man sofort den Notruf wählen.;En cas d'accident, il faut immédiatement composer le numéro d'urgence.;In case of an accident, you should immediately dial the emergency number.
nom;B1;Gesundheit;das Altersheim;maison de retraite;nursing home;Meine Großmutter lebt seit einem Jahr im Altersheim.;Ma grand-mère vit en maison de retraite depuis un an.;My grandmother has lived in a nursing home for a year.
nom;B1;Gesundheit;die Arztpraxis;cabinet médical;doctor's office;Die Arztpraxis ist bis achtzehn Uhr geöffnet.;Le cabinet médical est ouvert jusqu'à dix-huit heures.;The doctor's office is open until 6 pm.
nom;B1;Gesundheit;die Diät;régime (alimentaire);diet;Der Arzt hat ihm eine strenge Diät verschrieben.;Le médecin lui a prescrit un régime strict.;The doctor prescribed him a strict diet.
nom;B1;Gesundheit;die Einnahme;prise (de médicaments);intake (of medication);Die Einnahme der Tabletten erfolgt zweimal täglich.;La prise des comprimés se fait deux fois par jour.;The tablets are to be taken twice a day.
nom;B1;Gesundheit;die Entbindungsstation;maternité (service);maternity ward;Das Baby wurde auf der Entbindungsstation geboren.;Le bébé est né au service de maternité.;The baby was born in the maternity ward.
nom;B1;Gesundheit;die Entzündung;inflammation;inflammation;Die Wunde hat sich zu einer Entzündung entwickelt.;La blessure s'est transformée en inflammation.;The wound developed into an inflammation.
nom;B1;Gesundheit;der Gips;plâtre;cast;Er trägt seit zwei Wochen einen Gips am Arm.;Il porte un plâtre au bras depuis deux semaines.;He has been wearing a cast on his arm for two weeks.
nom;B1;Gesundheit;der Impfpass;carnet de vaccination;vaccination record;Vergiss deinen Impfpass nicht beim Arztbesuch.;N'oublie pas ton carnet de vaccination pour la visite chez le médecin.;Don't forget your vaccination record for the doctor's visit.
nom;B1;Gesundheit;die Medizin;médecine, médicament;medicine;Sie studiert Medizin an der Universität.;Elle étudie la médecine à l'université.;She is studying medicine at university.
nom;B1;Gesundheit;die Narkose;anesthésie;anesthesia;Die Operation erfolgt unter Vollnarkose.;L'opération se déroule sous anesthésie générale.;The operation is performed under general anesthesia.
nom;B1;Gesundheit;die Notaufnahme;urgences (service);emergency room;Er wurde sofort in die Notaufnahme gebracht.;Il a été immédiatement emmené aux urgences.;He was immediately taken to the emergency room.
nom;B1;Gesundheit;der Patient;patient;patient;Der Arzt untersucht gerade einen Patienten.;Le médecin examine actuellement un patient.;The doctor is currently examining a patient.
nom;B1;Gesundheit;die Patientin;patiente;patient (female);Die Patientin wartet seit einer Stunde.;La patiente attend depuis une heure.;The patient has been waiting for an hour.
nom;B1;Gesundheit;der Rollstuhl;fauteuil roulant;wheelchair;Nach dem Unfall braucht er einen Rollstuhl.;Après l'accident, il a besoin d'un fauteuil roulant.;After the accident he needs a wheelchair.
nom;B1;Gesundheit;das Schlafmittel;somnifère;sleeping pill;Der Arzt hat ihr ein Schlafmittel verschrieben.;Le médecin lui a prescrit un somnifère.;The doctor prescribed her a sleeping pill.
nom;B1;Gesundheit;die Spritze;piqûre, seringue;injection, syringe;Die Krankenschwester gibt ihm eine Spritze.;L'infirmière lui fait une piqûre.;The nurse gives him an injection.
nom;B1;Gesundheit;die Versichertenkarte;carte d'assurance maladie;health insurance card;Bringen Sie bitte Ihre Versichertenkarte mit.;Apportez votre carte d'assurance maladie, s'il vous plaît.;Please bring your health insurance card.
nom;B1;Gesundheit;die Wunde;blessure;wound;Die Wunde muss regelmäßig verbunden werden.;La blessure doit être pansée régulièrement.;The wound needs to be dressed regularly.
nom;B1;Gesundheit;die Zigarette;cigarette;cigarette;Er hat vor fünf Jahren aufgehört, Zigaretten zu rauchen.;Il a arrêté de fumer des cigarettes il y a cinq ans.;He quit smoking cigarettes five years ago.
nom;B1;Gesundheit;die Altenpflege;soins aux personnes âgées;elderly care;Sie hat sich auf Altenpflege spezialisiert.;Elle s'est spécialisée dans les soins aux personnes âgées.;She specialized in elderly care.
nom;B1;Gesundheit;die Kontaktlinse;lentille de contact;contact lens;Sie trägt seit letztem Jahr Kontaktlinsen.;Elle porte des lentilles de contact depuis l'année dernière.;She has worn contact lenses since last year.
nom;B1;Gesundheit;die Krankenpflege;soins infirmiers;nursing care;Sie hat eine Ausbildung in der Krankenpflege gemacht.;Elle a suivi une formation en soins infirmiers.;She trained in nursing care.
nom;B1;Gesundheit;das Altenheim;maison de retraite;retirement home;Meine Großmutter wohnt in einem Altenheim.;Ma grand-mère habite dans une maison de retraite.;My grandmother lives in a retirement home.
nom;B1;Gesundheit;die Besserung;rétablissement, amélioration;recovery, improvement;Gute Besserung!;Bon rétablissement !;Get well soon!
nom;B1;Gesundheit;die Infektion;infection;infection;Der Arzt hat eine Infektion festgestellt.;Le médecin a constaté une infection.;The doctor found an infection.
nom;B1;Gesundheit;der Krankenwagen;ambulance;ambulance;Rufen Sie schnell einen Krankenwagen!;Appelez vite une ambulance !;Call an ambulance quickly!
nom;B1;Gesundheit;der Nichtraucher;non-fumeur;non-smoker;Ich hätte gern einen Platz für Nichtraucher.;J'aimerais une place non-fumeur.;I'd like a seat in the non-smoking area.
nom;B1;Gesundheit;die Pille;pilule, comprimé;pill;Nimm die Pille nach dem Essen.;Prends le comprimé après le repas.;Take the pill after the meal.
nom;B1;Gesundheit;der Raucher;fumeur;smoker;Für Raucher gibt es einen Platz draußen.;Il y a un espace dehors pour les fumeurs.;There's a place outside for smokers.
nom;B1;Gesundheit;das Schmerzmittel;antidouleur;painkiller;Nehmen Sie ein Schmerzmittel, wenn es nötig ist.;Prenez un antidouleur si nécessaire.;Take a painkiller if you need one.
nom;B1;Gesundheit;die Schwangerschaft;grossesse;pregnancy;Während der Schwangerschaft raucht sie nicht.;Pendant la grossesse, elle ne fume pas.;During pregnancy she doesn't smoke.
nom;B1;Gesundheit;das Taschentuch;mouchoir;handkerchief, tissue;Hast du ein Taschentuch für mich?;Tu as un mouchoir pour moi ?;Do you have a tissue for me?
nom;B1;Gesundheit;das Vitamin;vitamine;vitamin;Obst enthält viele Vitamine.;Les fruits contiennent beaucoup de vitamines.;Fruit contains a lot of vitamins.
nom;B1;Gesundheit;die Wirkung;effet;effect;Das Medikament zeigt schnell Wirkung.;Le médicament fait rapidement effet.;The medicine takes effect quickly.
nom;B1;Gesundheit;die Betreuung;prise en charge, garde;care, supervision;Für die Kinder gibt es eine Betreuung am Nachmittag.;Il y a une garde pour les enfants l'après-midi.;There's afternoon care for the children.
nom;B1;Gesundheit;die Droge;drogue;drug;Drogen sind hier streng verboten.;Les drogues sont strictement interdites ici.;Drugs are strictly forbidden here.
nom;B1;Gesundheit;der Kranke;malade (personne);sick person, patient;Der Kranke braucht viel Ruhe.;Le malade a besoin de beaucoup de repos.;The patient needs a lot of rest.
nom;B1;Gesundheit;die Salbe;pommade;ointment;Die Salbe hilft gegen den Schmerz.;La pommade soulage la douleur.;The ointment helps against the pain.
nom;B1;Gesundheit;der Schnupfen;rhume;cold (illness);Ich habe einen leichten Schnupfen.;J'ai un petit rhume.;I have a slight cold.
nom;B1;Gesundheit;die Sprechstunde;heures de consultation;consultation hours;Die Sprechstunde ist von acht bis zwölf.;La consultation a lieu de huit heures à midi.;Consultation hours are from eight to twelve.
nom;B1;Gesundheit;die Sucht;dépendance, addiction;addiction;Rauchen ist eine Sucht.;Fumer est une dépendance.;Smoking is an addiction.
nom;B1;Gesundheit;das Virus;virus;virus;Das Virus verbreitet sich schnell.;Le virus se propage rapidement.;The virus spreads quickly.
nom;B1;Gesundheit;die Klinik;clinique;clinic;Er liegt seit Montag in der Klinik.;Il est à la clinique depuis lundi.;He's been in the clinic since Monday.
nom;B1;Gesundheit;die Lebensgefahr;danger de mort;mortal danger;Achtung, Lebensgefahr!;Attention, danger de mort !;Warning, danger of death!
nom;B1;Gesundheit;der Verband;"pansement ; fédération";"bandage; association";Die Ärztin legt einen Verband an.;La médecin pose un pansement.;The doctor applies a bandage.
nom;B1;Gesundheit;die Ordination;cabinet médical;doctor's surgery;Die Ordination ist am Nachmittag offen.;Le cabinet est ouvert l'après-midi.;The surgery is open in the afternoon.
nom;B1;Gesundheit;das Suchtmittel;substance addictive;addictive substance;Alkohol ist auch ein Suchtmittel.;L'alcool est aussi une substance addictive.;Alcohol is also an addictive substance.
nom;B2;Gesundheit;die Diagnose;diagnostic;diagnosis;Die Diagnose bestätigte den Verdacht des Arztes.;Le diagnostic a confirmé les soupçons du médecin.;The diagnosis confirmed the doctor's suspicion.
nom;B2;Gesundheit;die Therapie;thérapie;therapy;Die Therapie zeigt bereits gute Ergebnisse.;La thérapie montre déjà de bons résultats.;The therapy is already showing good results.
nom;B2;Gesundheit;der Notfall;urgence;emergency;Im Notfall wählen Sie sofort den Rettungsdienst.;En cas d'urgence, appelez immédiatement les secours.;In an emergency, call emergency services immediately.
nom;B2;Gesundheit;die Genesung;guérison;recovery;Die Genesung wird noch einige Wochen dauern.;La guérison durera encore quelques semaines.;Recovery will still take a few weeks.
nom;B2;Gesundheit;die Vorsorgeuntersuchung;examen préventif;preventive checkup;Sie geht regelmäßig zur Vorsorgeuntersuchung.;Elle va régulièrement à l'examen préventif.;She regularly goes for preventive checkups.
nom;B2;Gesundheit;das Gesundheitswesen;système de santé;healthcare system;Das Gesundheitswesen steht vor großen Herausforderungen.;Le système de santé fait face à de grands défis.;The healthcare system faces major challenges.
nom;B2;Gesundheit;die Leiche;le cadavre;corpse;Die Polizei fand die Leiche im Wald.;La police a trouvé le cadavre dans la forêt.;The police found the body in the forest.
nom;B2;Gesundheit;die Zelle;la cellule;cell;Der Körper baut ständig neue Zellen auf.;Le corps fabrique constamment de nouvelles cellules.;The body constantly builds new cells.
nom;B2;Gesundheit;der Hausarzt;médecin traitant;family doctor, GP;Der Hausarzt überweist mich zum Facharzt.;Le médecin traitant m'adresse au spécialiste.;The GP refers me to a specialist.
nom;B2;Gesundheit;die Krankenkasse;caisse d'assurance maladie;health insurance fund;Die Krankenkasse zahlt die Brille nicht.;La caisse ne rembourse pas les lunettes.;The health fund does not pay for glasses.
nom;B2;Gesundheit;der Krankenschein;arrêt de travail;sick note;Ab dem dritten Tag braucht man einen Krankenschein.;À partir du troisième jour, il faut un arrêt de travail.;From the third day you need a sick note.
nom;B2;Gesundheit;das Wartezimmer;salle d'attente;waiting room;Im Wartezimmer saßen zwölf Leute.;Douze personnes attendaient dans la salle d'attente.;Twelve people were sitting in the waiting room.
nom;B2;Gesundheit;der Blutdruck;tension artérielle;blood pressure;Der Blutdruck ist etwas zu hoch.;La tension est un peu trop élevée.;The blood pressure is a little too high.
nom;B2;Gesundheit;der Puls;pouls;pulse;Der Puls beruhigt sich nach zwei Minuten.;Le pouls se calme au bout de deux minutes.;The pulse settles after two minutes.
nom;B2;Gesundheit;die Krankengymnastik;kinésithérapie;physiotherapy;Nach dem Bruch folgte Krankengymnastik.;Après la fracture, il y a eu de la kinésithérapie.;Physiotherapy followed the fracture.
nom;A1;Tiere;der Hund;chien;dog;Der Hund bellt laut.;Le chien aboie fort.;The dog is barking loudly.
nom;A1;Tiere;die Katze;chat;cat;Die Katze schläft auf dem Sofa.;Le chat dort sur le canapé.;The cat is sleeping on the sofa.
nom;A1;Tiere;der Vogel;oiseau;bird;Der Vogel singt am Morgen.;L'oiseau chante le matin.;The bird sings in the morning.
nom;A1;Tiere;das Pferd;cheval;horse;Das Pferd läuft schnell.;Le cheval court vite.;The horse runs fast.
nom;A1;Tiere;die Kuh;vache;cow;Die Kuh gibt Milch.;La vache donne du lait.;The cow gives milk.
nom;A1;Tiere;das Schwein;cochon;pig;Das Schwein lebt auf dem Bauernhof.;Le cochon vit à la ferme.;The pig lives on the farm.
nom;A1;Tiere;der Fisch;poisson;fish;Der Fisch schwimmt im See.;Le poisson nage dans le lac.;The fish swims in the lake.
nom;A1;Tiere;die Maus;souris;mouse;Die Katze jagt die Maus.;Le chat chasse la souris.;The cat is chasing the mouse.
nom;A1;Tiere;der Hase;lièvre;hare;Der Hase läuft durch den Wald.;Le lièvre court à travers la forêt.;The hare runs through the forest.
nom;A1;Tiere;die Ente;canard;duck;Die Ente schwimmt im Teich.;Le canard nage dans l'étang.;The duck swims in the pond.
nom;A1;Tiere;das Huhn;poule;chicken;Das Huhn legt jeden Tag ein Ei.;La poule pond un œuf chaque jour.;The chicken lays an egg every day.
nom;A1;Tiere;das Schaf;mouton;sheep;Das Schaf steht auf der Wiese.;Le mouton est dans le pré.;The sheep is standing in the meadow.
nom;A1;Tiere;die Ziege;chèvre;goat;Die Ziege frisst Gras.;La chèvre mange de l'herbe.;The goat eats grass.
nom;A1;Tiere;die Biene;abeille;bee;Die Biene fliegt von Blume zu Blume.;L'abeille vole de fleur en fleur.;The bee flies from flower to flower.
nom;A1;Tiere;die Fliege;mouche;fly;Eine Fliege sitzt auf dem Tisch.;Une mouche est posée sur la table.;A fly is sitting on the table.
nom;A1;Tiere;das Tier;l'animal;animal;Welches Tier magst du am liebsten?;Quel animal préfères-tu ?;Which animal do you like best?
nom;A1;Tiere;der Bär;l'ours;bear;Der Bär schläft den ganzen Winter.;L'ours dort tout l'hiver.;The bear sleeps all winter.
nom;A2;Tiere;die Kuh;vache;cow;Die Kuh steht auf der Weide.;La vache est dans le pâturage.;The cow is standing in the pasture.
nom;A2;Tiere;das Schwein;cochon;pig;Das Schwein wälzt sich im Schlamm.;Le cochon se roule dans la boue.;The pig is rolling in the mud.
nom;A2;Tiere;der Fisch;poisson;fish;Der Fisch versteckt sich unter dem Stein.;Le poisson se cache sous la pierre.;The fish is hiding under the rock.
nom;A2;Tiere;die Maus;souris;mouse;Die Maus läuft schnell weg.;La souris s'enfuit rapidement.;The mouse runs away quickly.
nom;A2;Tiere;der Frosch;grenouille;frog;Der Frosch springt ins Wasser.;La grenouille saute dans l'eau.;The frog jumps into the water.
nom;A2;Tiere;die Schildkröte;tortue;turtle;Die Schildkröte bewegt sich sehr langsam.;La tortue se déplace très lentement.;The turtle moves very slowly.
nom;A2;Tiere;der Delfin;dauphin;dolphin;Der Delfin springt aus dem Wasser.;Le dauphin bondit hors de l'eau.;The dolphin jumps out of the water.
nom;A2;Tiere;der Hai;requin;shark;Der Hai schwimmt im tiefen Meer.;Le requin nage dans les profondeurs de la mer.;The shark swims in the deep sea.
nom;A2;Tiere;der Wal;baleine;whale;Der Wal ist das größte Tier im Meer.;La baleine est le plus grand animal de la mer.;The whale is the biggest animal in the sea.
nom;A2;Tiere;der Papagei;perroquet;parrot;Der Papagei kann Wörter nachsprechen.;Le perroquet peut répéter des mots.;The parrot can repeat words.
nom;A2;Tiere;das Eichhörnchen;écureuil;squirrel;Das Eichhörnchen sammelt Nüsse.;L'écureuil ramasse des noix.;The squirrel is collecting nuts.
nom;A2;Tiere;der Igel;hérisson;hedgehog;Der Igel rollt sich zusammen.;Le hérisson se met en boule.;The hedgehog curls up into a ball.
nom;A2;Tiere;die Spinne;araignée;spider;Die Spinne webt ein Netz.;L'araignée tisse une toile.;The spider is spinning a web.
nom;A2;Tiere;der Schmetterling;papillon;butterfly;Der Schmetterling fliegt von Blume zu Blume.;Le papillon vole de fleur en fleur.;The butterfly flies from flower to flower.
nom;A2;Tiere;der Esel;l'âne;donkey;Der Esel trägt die schweren Taschen.;L'âne porte les sacs lourds.;The donkey carries the heavy bags.
nom;A2;Tiere;der Wolf;le loup;wolf;In diesem Wald leben wieder Wölfe.;Des loups vivent de nouveau dans cette forêt.;Wolves live in this forest again.
nom;A2;Tiere;die Schnecke;l'escargot;snail;Nach dem Regen sind überall Schnecken.;Après la pluie, il y a des escargots partout.;After the rain there are snails everywhere.
nom;A2;Tiere;der Drache;le dragon;dragon;In dem Märchen kämpft ein Ritter gegen einen Drachen.;Dans le conte, un chevalier combat un dragon.;In the fairy tale a knight fights a dragon.
nom;A2;Tiere;die Möwe;la mouette;seagull;Die Möwen kreisen über dem Hafen.;Les mouettes tournent au-dessus du port.;The seagulls circle above the harbour.
nom;A2;Tiere;die Ameise;la fourmi;ant;Die Ameisen tragen ein Blatt.;Les fourmis transportent une feuille.;The ants are carrying a leaf.
nom;A2;Tiere;die Ratte;le rat;rat;Im Keller war eine Ratte.;Il y avait un rat dans la cave.;There was a rat in the cellar.
nom;A2;Tiere;die Gans;l'oie;goose;Zu Weihnachten gibt es eine Gans.;À Noël, il y a une oie.;There is a goose at Christmas.
nom;A2;Tiere;die Taube;le pigeon, la colombe;pigeon, dove;Auf dem Platz sitzen viele Tauben.;Beaucoup de pigeons sont sur la place.;There are many pigeons in the square.
nom;A2;Tiere;der Zwerg;le nain;dwarf, gnome;Im Garten steht ein kleiner Zwerg.;Il y a un petit nain dans le jardin.;There is a little gnome in the garden.
nom;A2;Tiere;der Zoo;zoo;zoo;Am Sonntag gehen wir in den Zoo.;Dimanche, nous allons au zoo.;On Sunday we're going to the zoo.
nom;B1;Tiere;der Löwe;lion;lion;Der Löwe gilt als König der Tiere.;Le lion est considéré comme le roi des animaux.;The lion is considered the king of the animals.
nom;B1;Tiere;der Elefant;éléphant;elephant;Der Elefant hat ein ausgezeichnetes Gedächtnis.;L'éléphant a une excellente mémoire.;The elephant has an excellent memory.
nom;B1;Tiere;der Affe;singe;monkey;Der Affe klettert geschickt von Ast zu Ast.;Le singe grimpe habilement de branche en branche.;The monkey climbs skillfully from branch to branch.
nom;B1;Tiere;die Schlange;serpent;snake;Die Schlange bewegt sich lautlos durch das Gras.;Le serpent se déplace silencieusement dans l'herbe.;The snake moves silently through the grass.
nom;B1;Tiere;die Tierart;espèce animale;animal species;Diese Tierart ist vom Aussterben bedroht.;Cette espèce animale est menacée d'extinction.;This animal species is threatened with extinction.
nom;B1;Tiere;das Raubtier;prédateur;predator;Der Löwe ist ein gefährliches Raubtier.;Le lion est un prédateur dangereux.;The lion is a dangerous predator.
nom;B1;Tiere;die Herde;troupeau;herd;Die Herde zieht auf der Suche nach Nahrung weiter.;Le troupeau continue sa route à la recherche de nourriture.;The herd moves on in search of food.
nom;B1;Tiere;der Hirsch;le cerf;deer, stag;Am Waldrand stand ein Hirsch.;Un cerf se tenait à la lisière de la forêt.;A stag stood at the edge of the forest.
nom;B1;Tiere;der Maulwurf;la taupe;mole;Ein Maulwurf hat den Garten umgegraben.;Une taupe a retourné le jardin.;A mole has dug up the garden.
nom;B1;Tiere;das Flusspferd;l'hippopotame;hippopotamus;Das Flusspferd liegt im Wasser.;L'hippopotame est couché dans l'eau.;The hippopotamus lies in the water.
nom;B1;Tiere;das Insekt;insecte;insect;Im Sommer gibt es viele Insekten im Garten.;En été, il y a beaucoup d'insectes dans le jardin.;In summer there are many insects in the garden.
nom;B1;Tiere;die Mücke;moustique;mosquito;Im Sommer stechen mich die Mücken ständig.;En été, les moustiques me piquent tout le temps.;In summer the mosquitoes keep biting me.
nom;B1;Tiere;das Rind;bovin, bœuf;cattle, ox;Auf dem Hof gibt es fünfzig Rinder.;Il y a cinquante bovins à la ferme.;There are fifty cattle on the farm.
nom;B1;Tiere;der Tierpark;parc animalier;zoo, animal park;Am Sonntag besuchen wir den Tierpark mit den Kindern.;Dimanche, nous visitons le parc animalier avec les enfants.;On Sunday we're visiting the zoo with the children.
nom;B1;Tiere;das Haustier;animal de compagnie;pet;In dieser Wohnung sind Haustiere verboten.;Les animaux de compagnie sont interdits dans cet appartement.;Pets are not allowed in this flat.
nom;B1;Tiere;der Pinguin;manchot, pingouin;penguin;Im Zoo gibt es sechs Pinguine.;Au zoo, il y a six manchots.;There are six penguins at the zoo.
nom;B2;Tiere;das Reh;chevreuil;deer;Das Reh versteckt sich zwischen den Bäumen.;Le chevreuil se cache entre les arbres.;The deer is hiding among the trees.
nom;B2;Tiere;der Fuchs;renard;fox;Der Fuchs schleicht sich nachts an die Hühner heran.;Le renard s'approche des poules la nuit.;The fox sneaks up on the chickens at night.
nom;B2;Tiere;der Adler;aigle;eagle;Der Adler kreist hoch über dem Tal.;L'aigle plane haut au-dessus de la vallée.;The eagle circles high above the valley.
nom;B2;Tiere;die Fledermaus;chauve-souris;bat;Die Fledermaus jagt nachts nach Insekten.;La chauve-souris chasse les insectes la nuit.;The bat hunts insects at night.
nom;B2;Tiere;der Artenschutz;protection des espèces;species protection;Der Artenschutz rettet viele bedrohte Tiere.;La protection des espèces sauve de nombreux animaux menacés.;Species protection saves many endangered animals.
nom;B2;Tiere;das Wildtier;animal sauvage;wild animal;Dieses Wildtier sollte man aus der Ferne beobachten.;Il faut observer cet animal sauvage de loin.;You should observe this wild animal from a distance.
nom;B2;Tiere;das Nagetier;rongeur;rodent;Mäuse und Ratten sind Nagetiere.;Souris et rats sont des rongeurs.;Mice and rats are rodents.
nom;B2;Tiere;der Wiederkäuer;ruminant;ruminant;Kühe sind Wiederkäuer mit vier Mägen.;Les vaches sont des ruminants à quatre estomacs.;Cows are ruminants with four stomachs.
nom;B2;Tiere;die Amphibie;amphibien;amphibian;Amphibien brauchen Wasser zum Laichen.;Les amphibiens ont besoin d'eau pour pondre.;Amphibians need water to spawn.
nom;B2;Tiere;das Reptil;reptile;reptile;Reptilien wärmen sich in der Sonne.;Les reptiles se réchauffent au soleil.;Reptiles warm themselves in the sun.
nom;B2;Tiere;das Säugetier;mammifère;mammal;Der Wal ist ein Säugetier, kein Fisch.;La baleine est un mammifère, pas un poisson.;The whale is a mammal, not a fish.
nom;B2;Tiere;der Vogelzug;migration des oiseaux;bird migration;Der Vogelzug beginnt im September.;La migration des oiseaux commence en septembre.;Bird migration begins in September.
nom;B2;Tiere;die Kralle;griffe;claw;Die Katze zog die Krallen ein.;Le chat a rentré ses griffes.;The cat drew in its claws.
nom;B2;Tiere;der Schnabel;bec;beak;Der Specht hat einen kräftigen Schnabel.;Le pic a un bec puissant.;The woodpecker has a strong beak.
nom;B2;Tiere;das Fell;pelage, fourrure;fur, coat;Im Winter wird das Fell dichter.;En hiver, le pelage s'épaissit.;In winter the coat gets thicker.
nom;B2;Tiere;das Geweih;bois (de cerf);antlers;Der Hirsch wirft sein Geweih jedes Jahr ab.;Le cerf perd ses bois chaque année.;The stag sheds its antlers every year.
nom;B2;Tiere;die Pfote;patte;paw;Der Hund hat sich die Pfote verletzt.;Le chien s'est blessé la patte.;The dog has hurt its paw.
nom;A1;Natur;der Baum;arbre;tree;Der Baum ist sehr alt.;L'arbre est très vieux.;The tree is very old.
nom;A1;Natur;die Blume;fleur;flower;Die Blume riecht gut.;La fleur sent bon.;The flower smells nice.
nom;A1;Natur;der Berg;montagne;mountain;Wir wandern auf den Berg.;Nous randonnons sur la montagne.;We're hiking up the mountain.
nom;A1;Natur;der See;lac;lake;Der See ist klar und ruhig.;Le lac est clair et calme.;The lake is clear and calm.
nom;A1;Natur;der Wald;forêt;forest;Wir gehen im Wald spazieren.;Nous nous promenons dans la forêt.;We're taking a walk in the forest.
nom;A1;Natur;der Fluss;rivière;river;Der Fluss fließt durch die Stadt.;La rivière traverse la ville.;The river flows through the city.
nom;A1;Natur;das Feld;champ;field;Das Feld ist voller Blumen.;Le champ est plein de fleurs.;The field is full of flowers.
nom;A1;Natur;die Wiese;prairie;meadow;Die Kühe stehen auf der Wiese.;Les vaches se tiennent dans le pré.;The cows are standing in the meadow.
nom;A1;Natur;der Stein;pierre;stone;Der Stein liegt am Weg.;La pierre est sur le chemin.;The stone lies on the path.
nom;A1;Natur;der Himmel;ciel;sky;Der Himmel ist heute blau.;Le ciel est bleu aujourd'hui.;The sky is blue today.
nom;A1;Natur;die Erde;terre;earth;Die Erde ist nass nach dem Regen.;La terre est mouillée après la pluie.;The earth is wet after the rain.
nom;A1;Natur;das Meer;mer;sea;Wir fahren jeden Sommer ans Meer.;Nous allons à la mer chaque été.;We go to the sea every summer.
nom;A1;Natur;die Insel;île;island;Diese Insel ist sehr schön.;Cette île est très belle.;This island is very beautiful.
nom;A1;Natur;der Strand;plage;beach;Die Kinder spielen am Strand.;Les enfants jouent sur la plage.;The children are playing on the beach.
nom;A1;Natur;das Blatt;feuille;leaf;Das Blatt fällt vom Baum.;La feuille tombe de l'arbre.;The leaf falls from the tree.
nom;A1;Natur;das Licht;la lumière;light;Mach bitte das Licht an.;Allume la lumière, s'il te plaît.;Please turn on the light.
nom;A1;Natur;der Mond;la lune;moon;Heute Nacht ist der Mond sehr hell.;Cette nuit, la lune est très claire.;Tonight the moon is very bright.
nom;A1;Natur;das Eis;la glace;ice;Das Eis auf dem See ist noch dünn.;La glace sur le lac est encore mince.;The ice on the lake is still thin.
nom;A1;Natur;die Pflanze;la plante;plant;Diese Pflanze braucht wenig Wasser.;Cette plante a besoin de peu d'eau.;This plant needs little water.
nom;A1;Natur;das Holz;le bois;wood;Der Tisch ist aus Holz.;La table est en bois.;The table is made of wood.
nom;A2;Natur;der Fluss;rivière;river;Der Fluss führt viel Wasser.;La rivière a un débit important.;The river has a lot of water.
nom;A2;Natur;der Wald;forêt;forest;Der Wald ist im Herbst bunt.;La forêt est colorée en automne.;The forest is colorful in autumn.
nom;A2;Natur;das Feld;champ;field;Das Feld liegt zwischen zwei Dörfern.;Le champ se trouve entre deux villages.;The field lies between two villages.
nom;A2;Natur;die Wiese;prairie;meadow;Die Wiese ist voller Blumen.;Le pré est plein de fleurs.;The meadow is full of flowers.
nom;A2;Natur;der Hügel;colline;hill;Wir wandern über den Hügel.;Nous randonnons sur la colline.;We're hiking over the hill.
nom;A2;Natur;das Tal;vallée;valley;Das Tal liegt zwischen den Bergen.;La vallée se trouve entre les montagnes.;The valley lies between the mountains.
nom;A2;Natur;der Wasserfall;cascade;waterfall;Der Wasserfall ist sehr laut.;La cascade est très bruyante.;The waterfall is very loud.
nom;A2;Natur;die Höhle;grotte;cave;Die Höhle ist dunkel und kalt.;La grotte est sombre et froide.;The cave is dark and cold.
nom;A2;Natur;der Vulkan;volcan;volcano;Der Vulkan ist seit Jahren ruhig.;Le volcan est calme depuis des années.;The volcano has been quiet for years.
nom;A2;Natur;die Wüste;désert;desert;Die Wüste ist tagsüber sehr heiß.;Le désert est très chaud pendant la journée.;The desert is very hot during the day.
nom;A2;Natur;das Ufer;rive;shore, bank;Am Ufer sitzen viele Vögel.;Beaucoup d'oiseaux sont assis sur la rive.;Many birds are sitting on the shore.
nom;A2;Natur;der Gletscher;glacier;glacier;Der Gletscher schmilzt langsam.;Le glacier fond lentement.;The glacier is slowly melting.
nom;A2;Natur;die Welle;la vague;wave;Die Wellen waren heute sehr hoch.;Les vagues étaient très hautes aujourd'hui.;The waves were very high today.
nom;A2;Natur;der Boden;le sol;ground, floor;Der Boden ist nach dem Regen nass.;Le sol est mouillé après la pluie.;The ground is wet after the rain.
nom;A2;Natur;die Blüte;la fleur, la floraison;blossom, bloom;Im April stehen die Bäume in voller Blüte.;En avril, les arbres sont en pleine floraison.;In April the trees are in full bloom.
nom;A2;Natur;der Ast;la branche;branch;Ein Ast ist auf das Dach gefallen.;Une branche est tombée sur le toit.;A branch fell onto the roof.
nom;A2;Natur;die Wärme;la chaleur;warmth, heat;Nach dem Winter tut die Wärme gut.;Après l'hiver, la chaleur fait du bien.;After winter the warmth feels good.
nom;A2;Natur;der Osten;l'est;east;Die Sonne geht im Osten auf.;Le soleil se lève à l'est.;The sun rises in the east.
nom;A2;Natur;das Nest;le nid;nest;Im Baum ist ein Nest mit vier Eiern.;Il y a un nid avec quatre œufs dans l'arbre.;There is a nest with four eggs in the tree.
nom;A2;Natur;der Planet;la planète;planet;Der Mars ist ein roter Planet.;Mars est une planète rouge.;Mars is a red planet.
nom;A2;Natur;die Rose;rose;rose;Er schenkt ihr rote Rosen.;Il lui offre des roses rouges.;He gives her red roses.
nom;A2;Natur;der Norden;nord;north;Im Norden ist das Wetter kühler.;Au nord, le temps est plus frais.;In the north the weather is cooler.
nom;A2;Natur;der Westen;ouest;west;Die Sonne geht im Westen unter.;Le soleil se couche à l'ouest.;The sun sets in the west.
nom;A2;Natur;der Süden;sud;south;Im Süden ist es im Sommer sehr heiß.;Dans le sud, il fait très chaud en été.;In the south it gets very hot in summer.
nom;B1;Natur;der Stein;pierre;stone;Der Stein liegt schon seit Jahren am Wegrand.;La pierre est là au bord du chemin depuis des années.;The stone has been lying by the path for years.
nom;B1;Natur;der Sand;sable;sand;Der Sand ist an diesem Strand sehr fein.;Le sable est très fin sur cette plage.;The sand is very fine on this beach.
nom;B1;Natur;die Küste;côte;coast;Die Küste zieht jedes Jahr viele Touristen an.;La côte attire chaque année de nombreux touristes.;The coast attracts many tourists every year.
nom;B1;Natur;die Insel;île;island;Diese Insel ist nur mit dem Boot erreichbar.;Cette île n'est accessible qu'en bateau.;This island can only be reached by boat.
nom;B1;Natur;die Landschaft;paysage;landscape;Die Landschaft hier ist wirklich atemberaubend.;Le paysage ici est vraiment à couper le souffle.;The landscape here is truly breathtaking.
nom;B1;Natur;die Vegetation;végétation;vegetation;Die Vegetation verändert sich mit der Höhe.;La végétation change avec l'altitude.;The vegetation changes with altitude.
nom;B1;Natur;das Naturschutzgebiet;réserve naturelle;nature reserve;Dieses Naturschutzgebiet beherbergt seltene Vögel.;Cette réserve naturelle abrite des oiseaux rares.;This nature reserve is home to rare birds.
nom;B1;Natur;die Wurzel;la racine;root;Die Wurzeln des Baumes sind sehr tief.;Les racines de l'arbre sont très profondes.;The roots of the tree are very deep.
nom;B1;Natur;die Quelle;la source;spring, source;Das Wasser kommt direkt aus der Quelle.;L'eau vient directement de la source.;The water comes straight from the spring.
nom;B1;Natur;die Feder;la plume;feather;Eine weiße Feder lag auf dem Weg.;Une plume blanche était sur le chemin.;A white feather lay on the path.
nom;B1;Natur;der Acker;le champ;field;Der Bauer arbeitet auf dem Acker.;Le fermier travaille dans le champ.;The farmer is working in the field.
nom;B1;Natur;der Gipfel;le sommet;summit, peak;Vom Gipfel sieht man das ganze Tal.;Du sommet, on voit toute la vallée.;From the summit you can see the whole valley.
nom;B1;Natur;die Rinde;l'écorce;bark;Die Rinde dieser Bäume ist ganz glatt.;L'écorce de ces arbres est toute lisse.;The bark of these trees is quite smooth.
nom;B1;Natur;das Universum;l'univers;universe;Das Universum dehnt sich aus.;L'univers est en expansion.;The universe is expanding.
nom;B1;Natur;das Horn;la corne;horn;Der Stier hat ein Horn verloren.;Le taureau a perdu une corne.;The bull lost a horn.
nom;B1;Natur;das Glühwürmchen;la luciole;firefly;Im Juni sieht man hier Glühwürmchen.;En juin, on voit des lucioles ici.;In June you can see fireflies here.
nom;B1;Natur;der Rasen;pelouse, gazon;lawn;Er mäht jeden Samstag den Rasen.;Il tond la pelouse tous les samedis.;He mows the lawn every Saturday.
nom;B1;Natur;der Ozean;océan;ocean;Der Pazifik ist der größte Ozean der Welt.;Le Pacifique est le plus grand océan du monde.;The Pacific is the largest ocean in the world.
nom;B1;Natur;das Feuer;feu;fire;Im Garten haben wir am Abend ein Feuer gemacht.;Nous avons fait un feu dans le jardin le soir.;We made a fire in the garden in the evening.
nom;B1;Natur;das Gras;herbe;grass;Das Gras im Garten muss geschnitten werden.;L'herbe du jardin doit être coupée.;The grass in the garden needs to be cut.
nom;B1;Natur;der Hof;cour, ferme;farm, courtyard;Die Kinder spielen im Hof.;Les enfants jouent dans la cour.;The children are playing in the courtyard.
nom;B1;Natur;die Nordsee;mer du Nord;North Sea;Im Sommer fahren wir gern an die Nordsee.;En été, nous aimons aller à la mer du Nord.;In summer we like to go to the North Sea.
nom;B1;Natur;der Bauernhof;ferme;farm;Auf dem Bauernhof gibt es Kühe und Pferde.;À la ferme, il y a des vaches et des chevaux.;There are cows and horses on the farm.
nom;B1;Natur;die Gegend;région, coin;area;Die Gegend ist sehr ruhig.;Le coin est très calme.;The area is very quiet.
nom;B1;Natur;der Kanal;canal;canal, channel;Der Kanal verbindet zwei Flüsse.;Le canal relie deux rivières.;The canal links two rivers.
nom;B1;Natur;die Landwirtschaft;agriculture;agriculture;In dieser Gegend lebt man von der Landwirtschaft.;Dans cette région, on vit de l'agriculture.;In this area people live from agriculture.
nom;B1;Natur;der Schatten;ombre;shade, shadow;Setzen wir uns in den Schatten.;Asseyons-nous à l'ombre.;Let's sit in the shade.
nom;B1;Natur;die Umgebung;environs, alentours;surroundings;In der Umgebung gibt es viele Wanderwege.;Dans les environs, il y a beaucoup de sentiers.;There are many walking trails in the surroundings.
nom;B1;Natur;die Ernte;récolte;harvest;Die Ernte war dieses Jahr gut.;La récolte a été bonne cette année.;The harvest was good this year.
nom;B1;Natur;das Gebirge;massif montagneux;mountain range;Im Gebirge liegt noch Schnee.;Il y a encore de la neige en montagne.;There's still snow in the mountains.
nom;B1;Natur;die Höhe;hauteur, altitude;height, altitude;Der Berg hat eine Höhe von 2000 Metern.;La montagne a une altitude de 2000 mètres.;The mountain has a height of 2000 metres.
nom;B2;Natur;das Ökosystem;écosystème;ecosystem;Das Ökosystem dieses Sees ist sehr empfindlich.;L'écosystème de ce lac est très fragile.;The ecosystem of this lake is very fragile.
nom;B2;Natur;die Artenvielfalt;biodiversité;biodiversity;Die Artenvielfalt nimmt weltweit stark ab.;La biodiversité diminue fortement dans le monde entier.;Biodiversity is declining sharply worldwide.
nom;B2;Natur;die Erosion;érosion;erosion;Die Erosion zerstört langsam die Küste.;L'érosion détruit lentement la côte.;Erosion is slowly destroying the coast.
nom;B2;Natur;der Lebensraum;habitat;habitat;Dieser Wald ist der Lebensraum vieler Tierarten.;Cette forêt est l'habitat de nombreuses espèces animales.;This forest is the habitat of many animal species.
nom;B2;Natur;die Naturkatastrophe;catastrophe naturelle;natural disaster;Die Naturkatastrophe traf die Region schwer.;La catastrophe naturelle a durement touché la région.;The natural disaster hit the region hard.
nom;B2;Natur;der Bach;ruisseau;stream, brook;Der Bach führt im Sommer wenig Wasser.;Le ruisseau a peu d'eau en été.;The stream carries little water in summer.
nom;B2;Natur;der Felsen;rocher;rock, cliff;Auf dem Felsen steht eine Ruine.;Une ruine se dresse sur le rocher.;There is a ruin on the rock.
nom;B2;Natur;die Weide;"pâturage ; saule";"pasture; willow";Die Kühe stehen von Mai bis Oktober auf der Weide.;Les vaches sont au pâturage de mai à octobre.;The cows are out at pasture from May to October.
nom;B2;Natur;der Sumpf;marais;swamp, marsh;Der Sumpf wurde vor hundert Jahren trockengelegt.;Le marais a été asséché il y a cent ans.;The marsh was drained a hundred years ago.
nom;A1;Wetter;die Sonne;soleil;sun;Die Sonne scheint heute.;Le soleil brille aujourd'hui.;The sun is shining today.
nom;A1;Wetter;der Regen;pluie;rain;Der Regen hört bald auf.;La pluie va bientôt s'arrêter.;The rain will stop soon.
nom;A1;Wetter;der Schnee;neige;snow;Der Schnee ist weiß und kalt.;La neige est blanche et froide.;The snow is white and cold.
nom;A1;Wetter;der Wind;vent;wind;Der Wind ist heute sehr stark.;Le vent est très fort aujourd'hui.;The wind is very strong today.
nom;A1;Wetter;die Wolke;nuage;cloud;Eine große Wolke verdeckt die Sonne.;Un grand nuage cache le soleil.;A big cloud is covering the sun.
nom;A1;Wetter;der Nebel;brouillard;fog;Heute Morgen war viel Nebel.;Il y avait beaucoup de brouillard ce matin.;There was a lot of fog this morning.
nom;A1;Wetter;das Gewitter;orage;thunderstorm;Ein Gewitter zieht auf.;Un orage arrive.;A thunderstorm is coming.
nom;A1;Wetter;die Hitze;chaleur;heat;Die Hitze ist im Sommer sehr stark.;La chaleur est très forte en été.;The heat is very strong in summer.
nom;A1;Wetter;die Kälte;froid;cold;Die Kälte im Winter ist streng.;Le froid est rigoureux en hiver.;The cold is harsh in winter.
nom;A1;Wetter;die Temperatur;température;temperature;Die Temperatur fällt heute Abend.;La température baisse ce soir.;The temperature is dropping tonight.
nom;A1;Wetter;das Wetter;temps/météo;weather;Das Wetter ist heute schön.;Le temps est beau aujourd'hui.;The weather is nice today.
nom;A1;Wetter;der Sturm;tempête;storm;Der Sturm hat den Baum umgeworfen.;La tempête a renversé l'arbre.;The storm knocked down the tree.
nom;A1;Wetter;der Blitz;éclair;lightning;Der Blitz war sehr hell.;L'éclair était très lumineux.;The lightning was very bright.
nom;A1;Wetter;der Donner;tonnerre;thunder;Der Donner war sehr laut.;Le tonnerre était très fort.;The thunder was very loud.
nom;A2;Wetter;die Wolke;nuage;cloud;Eine dunkle Wolke zieht vorbei.;Un nuage sombre passe.;A dark cloud is passing by.
nom;A2;Wetter;das Gewitter;orage;thunderstorm;Das Gewitter kommt schnell näher.;L'orage se rapproche rapidement.;The thunderstorm is approaching quickly.
nom;A2;Wetter;der Nebel;brouillard;fog;Der Nebel verschwindet am Mittag.;Le brouillard disparaît à midi.;The fog disappears at noon.
nom;A2;Wetter;die Hitze;chaleur;heat;Die Hitze macht mich müde.;La chaleur me fatigue.;The heat makes me tired.
nom;A2;Wetter;der Regenbogen;arc-en-ciel;rainbow;Nach dem Regen sehen wir einen Regenbogen.;Après la pluie, nous voyons un arc-en-ciel.;After the rain, we see a rainbow.
nom;A2;Wetter;der Hagel;grêle;hail;Der Hagel hat das Auto beschädigt.;La grêle a endommagé la voiture.;The hail damaged the car.
nom;A2;Wetter;der Tau;rosée;dew;Der Tau liegt am Morgen auf dem Gras.;La rosée est sur l'herbe le matin.;The dew is on the grass in the morning.
nom;A2;Wetter;das Klima;climat;climate;Das Klima hier ist sehr mild.;Le climat ici est très doux.;The climate here is very mild.
nom;A2;Wetter;der Sonnenschein;ensoleillement;sunshine;Der Sonnenschein tut uns gut.;L'ensoleillement nous fait du bien.;The sunshine does us good.
nom;A2;Wetter;der Wetterbericht;bulletin météo;weather forecast;Der Wetterbericht sagt Regen voraus.;Le bulletin météo prévoit de la pluie.;The weather forecast predicts rain.
nom;B1;Wetter;der Sturm;tempête;storm;Der Sturm hat mehrere Bäume umgeworfen.;La tempête a renversé plusieurs arbres.;The storm knocked down several trees.
nom;B1;Wetter;der Frost;gel;frost;Bei Frost bleibt das Wasser im Eimer gefroren.;Par temps de gel, l'eau reste gelée dans le seau.;In frost, the water stays frozen in the bucket.
nom;B1;Wetter;die Feuchtigkeit;humidité;humidity;Die Feuchtigkeit in der Luft ist heute hoch.;L'humidité de l'air est élevée aujourd'hui.;The humidity in the air is high today.
nom;B1;Wetter;die Vorhersage;prévision;forecast;Die Vorhersage für morgen sieht gut aus.;La prévision pour demain semble bonne.;Tomorrow's forecast looks good.
nom;B1;Wetter;der Luftdruck;pression atmosphérique;atmospheric pressure;Der Luftdruck fällt vor einem Sturm.;La pression atmosphérique baisse avant une tempête.;Atmospheric pressure drops before a storm.
nom;B1;Wetter;das Unwetter;intempérie;severe weather, storm;Ein schweres Unwetter zog über die Stadt.;Une violente intempérie a traversé la ville.;A severe storm passed over the city.
nom;B2;Wetter;der Klimawandel;changement climatique;climate change;Der Klimawandel verändert das Wetter weltweit.;Le changement climatique modifie le temps dans le monde entier.;Climate change is altering weather worldwide.
nom;B2;Wetter;die Dürre;sécheresse;drought;Die Dürre schädigt die Ernte stark.;La sécheresse endommage fortement la récolte.;The drought severely damages the harvest.
nom;B2;Wetter;der Niederschlag;précipitation;precipitation;Der Niederschlag war in diesem Monat sehr gering.;Les précipitations ont été très faibles ce mois-ci.;Precipitation was very low this month.
nom;B2;Wetter;die Wetterlage;situation météorologique;weather situation;Die Wetterlage bleibt in den nächsten Tagen stabil.;La situation météorologique reste stable dans les prochains jours.;The weather situation remains stable for the next few days.
nom;B2;Wetter;das Extremwetter;phénomène météo extrême;extreme weather;Extremwetter kommt in den letzten Jahren häufiger vor.;Les phénomènes météo extrêmes se multiplient ces dernières années.;Extreme weather has become more frequent in recent years.
nom;B2;Wetter;die Hitzewelle;canicule;heatwave;Die Hitzewelle dauerte elf Tage.;La canicule a duré onze jours.;The heatwave lasted eleven days.
nom;B2;Wetter;der Kälteeinbruch;coup de froid;cold snap;Ein Kälteeinbruch hat die Blüten zerstört.;Un coup de froid a détruit les fleurs.;A cold snap destroyed the blossom.
nom;B2;Wetter;der Regenschauer;averse;rain shower;Am Nachmittag gibt es einzelne Regenschauer.;L'après-midi apporte quelques averses.;There will be scattered showers in the afternoon.
nom;B2;Wetter;der Schneefall;chute de neige;snowfall;Der erste Schneefall kam Ende November.;La première neige est tombée fin novembre.;The first snowfall came at the end of November.
nom;B2;Wetter;die Glätte;verglas;black ice, slipperiness;Wegen Glätte fielen zwei Busse aus.;Deux bus ont été supprimés à cause du verglas.;Two buses were cancelled because of black ice.
nom;B2;Wetter;die Wettervorhersage;prévisions météo;weather forecast;Die Wettervorhersage stimmt selten für drei Tage.;Les prévisions sont rarement justes à trois jours.;The forecast is rarely right three days out.
nom;A1;Zeit und Kalender;der Tag;jour;day;Heute ist ein schöner Tag.;Aujourd'hui, c'est une belle journée.;Today is a beautiful day.
nom;A1;Zeit und Kalender;die Woche;semaine;week;Diese Woche habe ich viel zu tun.;Cette semaine, j'ai beaucoup à faire.;This week I have a lot to do.
nom;A1;Zeit und Kalender;der Monat;mois;month;Der Monat Mai ist sehr schön.;Le mois de mai est très beau.;The month of May is very nice.
nom;A1;Zeit und Kalender;das Jahr;année;year;Dieses Jahr war sehr gut.;Cette année a été très bonne.;This year was very good.
nom;A1;Zeit und Kalender;die Stunde;heure;hour;Ich warte schon eine Stunde.;J'attends déjà depuis une heure.;I've been waiting for an hour already.
nom;A1;Zeit und Kalender;die Minute;minute;minute;Warte bitte eine Minute.;Attends une minute, s'il te plaît.;Please wait a minute.
nom;A1;Zeit und Kalender;der Morgen;matin;morning;Der Morgen ist meine liebste Zeit.;Le matin est mon moment préféré.;Morning is my favorite time.
nom;A1;Zeit und Kalender;der Abend;soir;evening;Am Abend lese ich gern.;Le soir, j'aime lire.;In the evening, I like to read.
nom;A1;Zeit und Kalender;die Nacht;nuit;night;Die Nacht ist sehr ruhig.;La nuit est très calme.;The night is very quiet.
nom;A1;Zeit und Kalender;der Mittag;midi;noon;Wir essen zu Mittag.;Nous mangeons à midi.;We eat at noon.
nom;A1;Zeit und Kalender;das Datum;date;date;Welches Datum haben wir heute?;Quelle est la date aujourd'hui ?;What is today's date?
nom;A1;Zeit und Kalender;der Kalender;calendrier;calendar;Der Kalender hängt an der Wand.;Le calendrier est accroché au mur.;The calendar is hanging on the wall.
nom;A1;Zeit und Kalender;die Sekunde;seconde;second;Es dauert nur eine Sekunde.;Ça ne prend qu'une seconde.;It only takes a second.
nom;A1;Zeit und Kalender;das Wochenende;week-end;weekend;Was machst du am Wochenende?;Que fais-tu ce week-end ?;What are you doing this weekend?
nom;A1;Zeit und Kalender;die Zeit;le temps;time;Ich habe heute keine Zeit.;Je n'ai pas le temps aujourd'hui.;I don't have time today.
nom;A1;Zeit und Kalender;der Januar;janvier;January;Im Januar ist es sehr kalt.;En janvier, il fait très froid.;It is very cold in January.
nom;A1;Zeit und Kalender;der Februar;février;February;Mein Geburtstag ist im Februar.;Mon anniversaire est en février.;My birthday is in February.
nom;A1;Zeit und Kalender;der Freitag;vendredi;Friday;Am Freitag gehen wir ins Kino.;Vendredi, nous allons au cinéma.;On Friday we're going to the cinema.
nom;A1;Zeit und Kalender;der Sonntag;dimanche;Sunday;Am Sonntag schlafen wir lange.;Le dimanche, nous dormons tard.;On Sunday we sleep in.
nom;A1;Zeit und Kalender;der April;avril;April;Im April regnet es oft.;En avril, il pleut souvent.;It often rains in April.
nom;A1;Zeit und Kalender;der August;août;August;Im August fahren wir ans Meer.;En août, nous allons à la mer.;In August we go to the sea.
nom;A1;Zeit und Kalender;der März;mars;March;Im März wird es langsam wärmer.;En mars, il commence à faire plus doux.;In March it slowly gets warmer.
nom;A1;Zeit und Kalender;der Mai;mai;May;Der erste Mai ist ein Feiertag.;Le premier mai est un jour férié.;The first of May is a public holiday.
nom;A1;Zeit und Kalender;der Juni;juin;June;Die Prüfung ist im Juni.;L'examen est en juin.;The exam is in June.
nom;A1;Zeit und Kalender;der Juli;juillet;July;Im Juli fahren wir ans Meer.;En juillet, nous allons à la mer.;In July we go to the seaside.
nom;A1;Zeit und Kalender;der September;septembre;September;Die Schule beginnt im September.;L'école commence en septembre.;School starts in September.
nom;A1;Zeit und Kalender;der Oktober;octobre;October;Im Oktober werden die Blätter bunt.;En octobre, les feuilles se colorent.;In October the leaves turn colourful.
nom;A1;Zeit und Kalender;der November;novembre;November;Der November ist oft grau.;Le mois de novembre est souvent gris.;November is often grey.
nom;A1;Zeit und Kalender;der Dezember;décembre;December;Im Dezember feiern wir Weihnachten.;En décembre, nous fêtons Noël.;In December we celebrate Christmas.
nom;A1;Zeit und Kalender;der Montag;lundi;Monday;Am Montag beginnt der Kurs.;Le cours commence lundi.;The course starts on Monday.
nom;A1;Zeit und Kalender;der Dienstag;mardi;Tuesday;Dienstags habe ich frei.;Le mardi, je ne travaille pas.;On Tuesdays I have the day off.
nom;A1;Zeit und Kalender;der Mittwoch;mercredi;Wednesday;Die Praxis ist am Mittwoch geschlossen.;Le cabinet est fermé le mercredi.;The surgery is closed on Wednesday.
nom;A1;Zeit und Kalender;der Donnerstag;jeudi;Thursday;Wir treffen uns am Donnerstag.;Nous nous retrouvons jeudi.;We're meeting on Thursday.
nom;A1;Zeit und Kalender;der Samstag;samedi;Saturday;Am Samstag gehe ich auf den Markt.;Le samedi, je vais au marché.;On Saturday I go to the market.
nom;A2;Zeit und Kalender;die Stunde;heure;hour;Ich warte schon eine Stunde auf dich.;Je t'attends déjà depuis une heure.;I've been waiting an hour for you.
nom;A2;Zeit und Kalender;die Minute;minute;minute;Gib mir noch eine Minute.;Donne-moi encore une minute.;Give me one more minute.
nom;A2;Zeit und Kalender;der Morgen;matin;morning;Der Morgen beginnt sehr früh.;Le matin commence très tôt.;The morning starts very early.
nom;A2;Zeit und Kalender;der Abend;soir;evening;Am Abend wird es ruhig.;Le soir, ça devient calme.;In the evening, it becomes quiet.
nom;A2;Zeit und Kalender;die Viertelstunde;quart d'heure;quarter of an hour;Wir treffen uns in einer Viertelstunde.;On se retrouve dans un quart d'heure.;We'll meet in a quarter of an hour.
nom;A2;Zeit und Kalender;der Zeitpunkt;moment précis;point in time, moment;Zu diesem Zeitpunkt war niemand da.;À ce moment précis, personne n'était là.;At that point in time, nobody was there.
nom;A2;Zeit und Kalender;die Vergangenheit;passé;past;Über die Vergangenheit spricht er selten.;Il parle rarement du passé.;He rarely talks about the past.
nom;A2;Zeit und Kalender;die Zukunft;avenir;future;Niemand kennt die Zukunft.;Personne ne connaît l'avenir.;Nobody knows the future.
nom;A2;Zeit und Kalender;die Gegenwart;présent;present;Konzentrier dich auf die Gegenwart.;Concentre-toi sur le présent.;Focus on the present.
nom;A2;Zeit und Kalender;der Frühling;printemps;spring;Der Frühling bringt viele Blumen.;Le printemps apporte beaucoup de fleurs.;Spring brings many flowers.
nom;A2;Zeit und Kalender;der Sommer;été;summer;Im Sommer fahren wir ans Meer.;En été, nous allons à la mer.;In summer, we go to the sea.
nom;A2;Zeit und Kalender;der Herbst;automne;autumn, fall;Der Herbst ist meine Lieblingsjahreszeit.;L'automne est ma saison préférée.;Autumn is my favorite season.
nom;A2;Zeit und Kalender;der Winter;hiver;winter;Im Winter schneit es oft.;En hiver, il neige souvent.;In winter, it often snows.
nom;A2;Zeit und Kalender;das Ende;la fin;end;Am Ende des Films weinte sie.;À la fin du film, elle a pleuré.;At the end of the film she cried.
nom;A2;Zeit und Kalender;die Uhrzeit;heure (qu'il est);time (of day);Können Sie mir die Uhrzeit sagen?;Pouvez-vous me donner l'heure ?;Can you tell me the time?
nom;B1;Zeit und Kalender;die Jahreszeit;saison;season;Der Sommer ist meine liebste Jahreszeit.;L'été est ma saison préférée.;Summer is my favorite season.
nom;B1;Zeit und Kalender;der Feiertag;jour férié;public holiday;Morgen ist ein gesetzlicher Feiertag.;Demain est un jour férié.;Tomorrow is a public holiday.
nom;B1;Zeit und Kalender;der Termin;rendez-vous;appointment;Ich habe morgen einen wichtigen Termin.;J'ai un rendez-vous important demain.;I have an important appointment tomorrow.
nom;B1;Zeit und Kalender;die Frist;délai;deadline;Die Frist für die Anmeldung läuft bald ab.;Le délai d'inscription expire bientôt.;The registration deadline expires soon.
nom;B1;Zeit und Kalender;der Zeitraum;période;period, timeframe;In diesem Zeitraum war das Wetter sehr wechselhaft.;Pendant cette période, le temps a été très variable.;During this period, the weather was very changeable.
nom;B1;Zeit und Kalender;der Rückblick;bilan/rétrospective;retrospective, review;Im Rückblick war das Jahr ziemlich erfolgreich.;En rétrospective, l'année a été assez réussie.;In retrospect, the year was quite successful.
nom;B1;Zeit und Kalender;die Saison;saison;season;Erdbeeren schmecken am besten in der Saison.;Les fraises sont meilleures en saison.;Strawberries taste best in season.
nom;B1;Zeit und Kalender;der Alltag;quotidien, vie de tous les jours;everyday life;Im Alltag spreche ich meistens Deutsch.;Au quotidien, je parle surtout allemand.;In everyday life I mostly speak German.
nom;B1;Zeit und Kalender;der Beginn;début;beginning;Zu Beginn des Kurses waren wir zwölf.;Au début du cours, nous étions douze.;At the beginning of the course there were twelve of us.
nom;B1;Zeit und Kalender;die Eile;hâte, urgence;hurry;Ich bin in Eile, wir reden später.;Je suis pressé, on se parle plus tard.;I'm in a hurry, we'll talk later.
nom;B1;Zeit und Kalender;der Tagesablauf;déroulement de la journée;daily routine;Beschreiben Sie bitte Ihren Tagesablauf.;Décrivez le déroulement de votre journée, s'il vous plaît.;Please describe your daily routine.
nom;B1;Zeit und Kalender;die Dauer;durée;duration;Die Dauer des Kurses beträgt zehn Wochen.;La durée du cours est de dix semaines.;The course lasts ten weeks.
nom;B1;Zeit und Kalender;das Jahrtausend;millénaire;millennium;Die Stadt ist über ein Jahrtausend alt.;La ville a plus de mille ans.;The city is over a millennium old.
nom;B1;Zeit und Kalender;die Mitternacht;minuit;midnight;Der Zug fährt um Mitternacht.;Le train part à minuit.;The train leaves at midnight.
nom;B1;Zeit und Kalender;der Nachmittag;après-midi;afternoon;Am Nachmittag habe ich frei.;L'après-midi, je suis libre.;In the afternoon I'm free.
nom;B1;Zeit und Kalender;der Vormittag;matinée;morning (before noon);Am Vormittag bin ich im Büro.;En matinée, je suis au bureau.;In the morning I'm in the office.
nom;B1;Zeit und Kalender;der Wochentag;jour de la semaine;weekday;An Wochentagen stehe ich um sechs auf.;En semaine, je me lève à six heures.;On weekdays I get up at six.
nom;B1;Zeit und Kalender;der Anfang;début;beginning;Am Anfang war alles neu für mich.;Au début, tout était nouveau pour moi.;At the beginning everything was new to me.
nom;B1;Zeit und Kalender;der Augenblick;instant, moment;moment;Einen Augenblick bitte!;Un instant, s'il vous plaît !;One moment please!
nom;B1;Zeit und Kalender;das Quartal;trimestre;quarter (of a year);Die Zahlen für das erste Quartal sind da.;Les chiffres du premier trimestre sont arrivés.;The figures for the first quarter are in.
nom;B2;Zeit und Kalender;das Jahrzehnt;décennie;decade;Das letzte Jahrzehnt brachte enorme Veränderungen.;La dernière décennie a apporté d'énormes changements.;The last decade brought enormous changes.
nom;B2;Zeit und Kalender;das Jahrhundert;siècle;century;Dieses Gebäude stammt aus dem neunzehnten Jahrhundert.;Ce bâtiment date du dix-neuvième siècle.;This building dates from the nineteenth century.
nom;B2;Zeit und Kalender;die Epoche;époque;era;Diese Epoche war geprägt von großen Entdeckungen.;Cette époque a été marquée par de grandes découvertes.;This era was marked by great discoveries.
nom;B2;Zeit und Kalender;der Zeitraum;période;period, timeframe;In diesem Zeitraum hat sich vieles verändert.;Beaucoup de choses ont changé pendant cette période.;A lot has changed during this period.
nom;B2;Zeit und Kalender;die Übergangsphase;phase de transition;transition phase;Die Übergangsphase war für alle sehr fordernd.;La phase de transition a été très exigeante pour tous.;The transition phase was very demanding for everyone.
nom;B2;Zeit und Kalender;die Zeitspanne;laps de temps;period of time;In dieser Zeitspanne hat sich viel verändert.;Dans ce laps de temps, beaucoup a changé.;A lot changed in that period.
nom;B2;Zeit und Kalender;der Verzug;retard (contractuel);delay, default;Die Firma ist mit der Lieferung in Verzug.;L'entreprise est en retard de livraison.;The company is in default on the delivery.
nom;B2;Zeit und Kalender;der Vorlauf;temps de préparation;lead time;Wir brauchen zwei Wochen Vorlauf.;Il nous faut deux semaines de préparation.;We need two weeks' lead time.
nom;B2;Zeit und Kalender;der Rückstand;retard accumulé;backlog, arrears;Der Rückstand wächst jede Woche.;Le retard s'accumule chaque semaine.;The backlog grows every week.
nom;B2;Zeit und Kalender;der Zeitplan;calendrier prévisionnel;timetable;Der Zeitplan ist nicht mehr zu halten.;Le calendrier n'est plus tenable.;The timetable can no longer be kept.
nom;B2;Zeit und Kalender;der Werktag;jour ouvrable;working day;Die Lieferung kommt in drei Werktagen.;La livraison arrive sous trois jours ouvrables.;The delivery comes within three working days.
nom;B2;Zeit und Kalender;das Vierteljahr;trimestre;quarter;Im ersten Vierteljahr lief es gut.;Le premier trimestre s'est bien passé.;The first quarter went well.
nom;B2;Zeit und Kalender;das Halbjahr;semestre;half-year;Das zweite Halbjahr beginnt im Februar.;Le second semestre commence en février.;The second half-year starts in February.
nom;B2;Zeit und Kalender;das Schaltjahr;année bissextile;leap year;Im Schaltjahr hat der Februar 29 Tage.;En année bissextile, février a 29 jours.;In a leap year February has 29 days.
nom;B2;Zeit und Kalender;die Zeitzone;fuseau horaire;time zone;Zwischen uns liegen sechs Zeitzonen.;Six fuseaux horaires nous séparent.;There are six time zones between us.
nom;A1;Schule;die Schule;école;school;Die Kinder gehen zur Schule.;Les enfants vont à l'école.;The children go to school.
nom;A1;Schule;das Buch;livre;book;Das Buch ist sehr interessant.;Le livre est très intéressant.;The book is very interesting.
nom;A1;Schule;die Klasse;classe;class;Unsere Klasse hat zwanzig Schüler.;Notre classe a vingt élèves.;Our class has twenty students.
nom;A1;Schule;das Heft;cahier;notebook;Schreib das in dein Heft.;Écris ça dans ton cahier.;Write that in your notebook.
nom;A1;Schule;der Stift;stylo;pen;Hast du einen Stift für mich?;As-tu un stylo pour moi ?;Do you have a pen for me?
nom;A1;Schule;die Tafel;tableau;board;Der Lehrer schreibt an die Tafel.;L'enseignant écrit au tableau.;The teacher writes on the board.
nom;A1;Schule;die Hausaufgabe;devoir;homework;Ich mache meine Hausaufgabe.;Je fais mes devoirs.;I'm doing my homework.
nom;A1;Schule;die Pause;pause;break;Die Pause dauert zehn Minuten.;La pause dure dix minutes.;The break lasts ten minutes.
nom;A1;Schule;die Note;note;grade;Er hat eine gute Note bekommen.;Il a eu une bonne note.;He got a good grade.
nom;A1;Schule;die Prüfung;examen;exam;Die Prüfung ist morgen.;L'examen est demain.;The exam is tomorrow.
nom;A1;Schule;der Kurs;cours;course;Ich mache einen Deutschkurs.;Je suis un cours d'allemand.;I'm taking a German course.
nom;A1;Schule;die Sprache;langue;language;Deutsch ist eine schwierige Sprache.;L'allemand est une langue difficile.;German is a difficult language.
nom;A1;Schule;das Wort;mot;word;Ich kenne dieses Wort nicht.;Je ne connais pas ce mot.;I don't know this word.
nom;A1;Schule;der Satz;phrase;sentence;Bilde einen Satz mit diesem Wort.;Forme une phrase avec ce mot.;Form a sentence with this word.
nom;A1;Schule;die Frage;question;question;Ich habe eine Frage.;J'ai une question.;I have a question.
nom;A1;Schule;das Papier;le papier;paper;Hast du ein Blatt Papier?;As-tu une feuille de papier ?;Do you have a sheet of paper?
nom;A1;Schule;das Wörterbuch;le dictionnaire;dictionary;Schlag das Wort im Wörterbuch nach.;Cherche le mot dans le dictionnaire.;Look the word up in the dictionary.
nom;A2;Schule;die Klasse;classe;class;Unsere Klasse macht einen Ausflug.;Notre classe fait une excursion.;Our class is going on a trip.
nom;A2;Schule;die Hausaufgabe;devoir;homework;Ich mache meine Hausaufgabe am Abend.;Je fais mes devoirs le soir.;I do my homework in the evening.
nom;A2;Schule;die Prüfung;examen;exam;Die Prüfung war schwieriger als erwartet.;L'examen était plus difficile que prévu.;The exam was harder than expected.
nom;A2;Schule;die Note;note;grade;Er hat eine sehr gute Note bekommen.;Il a eu une très bonne note.;He got a very good grade.
nom;A2;Schule;das Lehrbuch;manuel scolaire;textbook;Das Lehrbuch liegt auf dem Tisch.;Le manuel scolaire est sur la table.;The textbook is on the table.
nom;A2;Schule;das Klassenzimmer;salle de classe;classroom;Das Klassenzimmer ist hell und groß.;La salle de classe est claire et grande.;The classroom is bright and big.
nom;A2;Schule;der Direktor;directeur;principal;Der Direktor spricht mit den Lehrern.;Le directeur parle avec les enseignants.;The principal talks with the teachers.
nom;A2;Schule;der Radiergummi;gomme;eraser;Kannst du mir deinen Radiergummi leihen?;Peux-tu me prêter ta gomme ?;Can you lend me your eraser?
nom;A2;Schule;das Lineal;règle;ruler;Ich ziehe eine Linie mit dem Lineal.;Je trace une ligne avec la règle.;I'm drawing a line with the ruler.
nom;A2;Schule;das Federmäppchen;trousse;pencil case;Mein Federmäppchen ist voller Stifte.;Ma trousse est pleine de stylos.;My pencil case is full of pens.
nom;A2;Schule;die Geschichte;l'histoire;history, story;Geschichte ist mein Lieblingsfach.;L'histoire est ma matière préférée.;History is my favourite subject.
nom;A2;Schule;der Bleistift;crayon à papier;pencil;Schreib die Übung mit Bleistift.;Écris l'exercice au crayon.;Write the exercise in pencil.
nom;A2;Schule;der Buchstabe;lettre de l'alphabet;letter;Das deutsche Alphabet hat 26 Buchstaben.;L'alphabet allemand a 26 lettres.;The German alphabet has 26 letters.
nom;A2;Schule;der Kindergarten;jardin d'enfants;kindergarten;Meine Tochter geht in den Kindergarten.;Ma fille va au jardin d'enfants.;My daughter goes to kindergarten.
nom;A2;Schule;die Notiz;note;note;Ich mache mir eine Notiz.;Je prends une note.;I'm making a note.
nom;A2;Schule;die Schülerin;élève (fille);pupil (female);Sie ist die beste Schülerin der Klasse.;Elle est la meilleure élève de la classe.;She is the best pupil in the class.
nom;A2;Schule;der Text;texte;text;Lies den Text noch einmal.;Relis le texte.;Read the text again.
nom;A2;Schule;der Unterricht;cours, enseignement;lesson, class;Der Unterricht beginnt um neun Uhr.;Le cours commence à neuf heures.;The class begins at nine.
nom;A2;Schule;das Thema;sujet, thème;topic, subject;Das Thema heute ist die Umwelt.;Le sujet d'aujourd'hui, c'est l'environnement.;Today's topic is the environment.
nom;A2;Schule;der Zettel;bout de papier, mot;note, slip of paper;Auf dem Zettel steht die Telefonnummer.;Le numéro de téléphone est sur le bout de papier.;The phone number is on the slip of paper.
nom;B1;Schule;das Zeugnis;bulletin;report card;Sein Zeugnis war dieses Jahr sehr gut.;Son bulletin était très bon cette année.;His report card was very good this year.
nom;B1;Schule;der Stundenplan;emploi du temps;timetable;Der Stundenplan ändert sich nächste Woche.;L'emploi du temps change la semaine prochaine.;The timetable changes next week.
nom;B1;Schule;die Pause;pause;break;In der Pause spielen die Kinder im Hof.;Pendant la pause, les enfants jouent dans la cour.;During the break, the children play in the yard.
nom;B1;Schule;das Fach;matière;subject;Mathematik ist mein liebstes Fach.;Les mathématiques sont ma matière préférée.;Math is my favorite subject.
nom;B1;Schule;der Klassenkamerad;camarade de classe;classmate;Mein Klassenkamerad hilft mir bei den Hausaufgaben.;Mon camarade de classe m'aide avec mes devoirs.;My classmate helps me with my homework.
nom;B1;Schule;das Sitzenbleiben;redoublement;repeating a grade;Sitzenbleiben ist für viele Schüler eine große Sorge.;Le redoublement est une grande source d'inquiétude pour de nombreux élèves.;Repeating a grade is a big worry for many students.
nom;B1;Schule;das Austauschprogramm;programme d'échange;exchange program;Sie nimmt an einem Austauschprogramm in Frankreich teil.;Elle participe à un programme d'échange en France.;She's taking part in an exchange program in France.
nom;B1;Schule;der Akzent;l'accent;accent;Sie spricht mit einem leichten Akzent.;Elle parle avec un léger accent.;She speaks with a slight accent.
nom;B1;Schule;der Teilnehmer;participant;participant;Der Kurs hat zwölf Teilnehmer.;Le cours compte douze participants.;The course has twelve participants.
nom;B1;Schule;die Teilnehmerin;participante;participant (female);Eine Teilnehmerin hat viele Fragen gestellt.;Une participante a posé beaucoup de questions.;One participant asked a lot of questions.
nom;B1;Schule;die Leistung;performance, prestation;performance;Seine Leistung in der Prüfung war ausgezeichnet.;Sa performance à l'examen a été excellente.;His performance in the exam was excellent.
nom;B1;Schule;das Schulheft;cahier d'école;school notebook;Er hat sein Schulheft zu Hause vergessen.;Il a oublié son cahier d'école à la maison.;He forgot his school notebook at home.
nom;B1;Schule;der Schwerpunkt;point fort, priorité;main focus;Der Schwerpunkt des Kurses liegt auf der Grammatik.;Le cours met l'accent sur la grammaire.;The course's main focus is on grammar.
nom;B1;Schule;die Urkunde;diplôme, certificat;certificate;Jeder Teilnehmer bekommt am Ende eine Urkunde.;Chaque participant reçoit un certificat à la fin.;Every participant receives a certificate at the end.
nom;B1;Schule;die Bildung;éducation, formation;education;Gute Bildung öffnet viele Türen.;Une bonne éducation ouvre beaucoup de portes.;A good education opens many doors.
nom;B1;Schule;die Definition;définition;definition;Die Definition dieses Begriffs ist nicht ganz eindeutig.;La définition de ce terme n'est pas tout à fait claire.;The definition of this term is not entirely clear.
nom;B1;Schule;das Merkblatt;fiche d'information;information sheet;Auf dem Merkblatt stehen alle wichtigen Regeln.;La fiche d'information contient toutes les règles importantes.;The information sheet contains all the important rules.
nom;B1;Schule;der Oberbegriff;terme générique;umbrella term;«Möbel» ist ein Oberbegriff für Tisch, Stuhl und Schrank.;«Meuble» est un terme générique pour table, chaise et armoire.;'Furniture' is an umbrella term for table, chair, and wardrobe.
nom;B1;Schule;die Primarschule;école primaire;primary school;Meine Tochter geht seit August in die Primarschule.;Ma fille va à l'école primaire depuis août.;My daughter has been going to primary school since August.
nom;B1;Schule;die Schulbildung;scolarité, instruction;schooling, education;Er hat eine sehr gute Schulbildung genossen.;Il a bénéficié d'une très bonne scolarité.;He received a very good schooling.
nom;B1;Schule;die Sekundarschule;école secondaire;secondary school;Nach der Primarschule kommt die Sekundarschule.;Après l'école primaire vient l'école secondaire.;After primary school comes secondary school.
nom;B1;Schule;die (Pl.) Sprachkenntnisse;connaissances linguistiques;language skills;Für diese Stelle sind gute Sprachkenntnisse erforderlich.;De bonnes connaissances linguistiques sont requises pour ce poste.;Good language skills are required for this position.
nom;B1;Schule;die Übersetzung;traduction;translation;Die Übersetzung des Textes dauert noch zwei Tage.;La traduction du texte prendra encore deux jours.;The translation of the text will take two more days.
nom;B1;Schule;die Belohnung;récompense;reward;Als Belohnung bekommt der Hund einen Keks.;En récompense, le chien reçoit un biscuit.;As a reward, the dog gets a treat.
nom;B1;Schule;die Folie;film plastique, feuille;film, foil;Deck den Salat mit Folie ab.;Couvre la salade avec du film plastique.;Cover the salad with plastic film.
nom;B1;Schule;die Rückmeldung;retour, réponse;feedback, response;Ich warte noch auf eine Rückmeldung vom Amt.;J'attends encore une réponse de l'administration.;I'm still waiting for a response from the office.
nom;B1;Schule;die Sprachförderung;soutien linguistique;language support;Die Schule bietet zusätzliche Sprachförderung an.;L'école propose un soutien linguistique supplémentaire.;The school offers additional language support.
nom;B1;Schule;der Dialekt;dialecte;dialect;In dieser Region sprechen viele Leute einen starken Dialekt.;Dans cette région, beaucoup de gens parlent un dialecte prononcé.;In this region many people speak a strong dialect.
nom;B1;Schule;die Hauptschule;école secondaire (filière générale);secondary school (general track);Er hat die Hauptschule mit guten Noten abgeschlossen.;Il a terminé l'école secondaire avec de bonnes notes.;He finished secondary school with good grades.
nom;B1;Schule;die Aussprache;prononciation;pronunciation;Deine Aussprache ist schon sehr gut.;Ta prononciation est déjà très bonne.;Your pronunciation is already very good.
nom;B1;Schule;das Beispiel;exemple;example;Können Sie mir ein Beispiel geben?;Pouvez-vous me donner un exemple ?;Can you give me an example?
nom;B1;Schule;die Beschreibung;description;description;Ohne genaue Beschreibung finde ich das Haus nicht.;Sans description précise, je ne trouve pas la maison.;Without a precise description I can't find the house.
nom;B1;Schule;die Chemie;chimie;chemistry;In der Schule mochte ich Chemie nicht.;À l'école, je n'aimais pas la chimie.;At school I didn't like chemistry.
nom;B1;Schule;die Einführung;introduction;introduction;Am ersten Tag gibt es eine kurze Einführung.;Le premier jour, il y a une courte introduction.;On the first day there's a short introduction.
nom;B1;Schule;die Erklärung;explication;explanation;Danke für die klare Erklärung.;Merci pour cette explication claire.;Thank you for the clear explanation.
nom;B1;Schule;der Inhalt;contenu;content;Erzähl mir kurz den Inhalt des Films.;Raconte-moi brièvement le contenu du film.;Tell me briefly what the film is about.
nom;B1;Schule;die Intelligenz;intelligence;intelligence;Intelligenz allein reicht nicht.;L'intelligence seule ne suffit pas.;Intelligence alone is not enough.
nom;B1;Schule;das Kapitel;chapitre;chapter;Lest bitte das nächste Kapitel.;Lisez le chapitre suivant, s'il vous plaît.;Please read the next chapter.
nom;B1;Schule;die Lösung;solution;solution;Die Lösung steht hinten im Buch.;La solution est à la fin du livre.;The solution is at the back of the book.
nom;B1;Schule;die Methode;méthode;method;Jeder lernt mit seiner eigenen Methode.;Chacun apprend avec sa propre méthode.;Everyone learns with their own method.
nom;B1;Schule;die Muttersprache;langue maternelle;mother tongue;Meine Muttersprache ist Türkisch.;Ma langue maternelle est le turc.;My mother tongue is Turkish.
nom;B1;Schule;die Physik;physique;physics;In Physik hatte ich immer eine Zwei.;En physique, j'avais toujours un bon résultat.;In physics I always got a good mark.
nom;B1;Schule;die Tabelle;tableau, tableur;table, chart;Die Zahlen stehen in der Tabelle unten.;Les chiffres figurent dans le tableau ci-dessous.;The figures are in the table below.
nom;B1;Schule;die Teilnahme;participation;participation;Die Teilnahme am Kurs ist kostenlos.;La participation au cours est gratuite.;Participation in the course is free.
nom;B1;Schule;der Test;test;test;Der Test dauert eine Stunde.;Le test dure une heure.;The test lasts an hour.
nom;B1;Schule;der Versuch;tentative, essai;attempt;Beim dritten Versuch hat es geklappt.;À la troisième tentative, ça a marché.;It worked on the third attempt.
nom;B1;Schule;das Zertifikat;certificat;certificate;Nach der Prüfung bekommen Sie ein Zertifikat.;Après l'examen, vous recevrez un certificat.;After the exam you receive a certificate.
nom;B1;Schule;der Intensivkurs;cours intensif;intensive course;Im Sommer mache ich einen Intensivkurs.;Cet été, je suis un cours intensif.;In summer I'm doing an intensive course.
nom;B1;Schule;das Alphabet;alphabet;alphabet;Wir lernen das Alphabet auswendig.;Nous apprenons l'alphabet par cœur.;We learn the alphabet by heart.
nom;B1;Schule;die Biologie;biologie;biology;Biologie war mein Lieblingsfach.;La biologie était ma matière préférée.;Biology was my favourite subject.
nom;B1;Schule;der Dialog;dialogue;dialogue;Lest den Dialog zu zweit.;Lisez le dialogue à deux.;Read the dialogue in pairs.
nom;B1;Schule;das Diplom;diplôme;diploma;Mein Diplom wird hier anerkannt.;Mon diplôme est reconnu ici.;My diploma is recognised here.
nom;B1;Schule;die Einleitung;introduction;introduction;Die Einleitung ist noch zu lang.;L'introduction est encore trop longue.;The introduction is still too long.
nom;B1;Schule;die Fremdsprache;langue étrangère;foreign language;Deutsch ist meine zweite Fremdsprache.;L'allemand est ma deuxième langue étrangère.;German is my second foreign language.
nom;B1;Schule;die Grundschule;école primaire;primary school;Mein Sohn ist in der Grundschule.;Mon fils est à l'école primaire.;My son is at primary school.
nom;B1;Schule;das Gymnasium;lycée;grammar school;Nach der Grundschule geht sie aufs Gymnasium.;Après le primaire, elle va au lycée.;After primary school she goes to grammar school.
nom;B1;Schule;das Hilfsmittel;outil, moyen auxiliaire;aid, resource;In der Prüfung sind keine Hilfsmittel erlaubt.;Aucun outil n'est autorisé à l'examen.;No aids are allowed in the exam.
nom;B1;Schule;das Lexikon;encyclopédie, lexique;encyclopaedia;Früher stand ein Lexikon in jedem Haus.;Autrefois, il y avait une encyclopédie dans chaque maison.;There used to be an encyclopaedia in every home.
nom;B1;Schule;die Mathe;maths;maths;In Mathe war ich nie gut.;En maths, je n'ai jamais été bon.;I was never good at maths.
nom;B1;Schule;die Matura;baccalauréat;school-leaving exam;Nach der Matura will sie studieren.;Après le bac, elle veut faire des études.;After the school-leaving exam she wants to study.
nom;B1;Schule;die Schularbeit;devoir sur table;class test;Morgen haben wir eine Schularbeit in Mathe.;Demain, nous avons un devoir sur table en maths.;Tomorrow we have a class test in maths.
nom;B1;Schule;das Türkisch;turc (la langue);Turkish (language);Zu Hause sprechen wir Türkisch.;À la maison, nous parlons turc.;At home we speak Turkish.
nom;B1;Schule;das Ukrainisch;ukrainien (la langue);Ukrainian (language);Sie spricht Ukrainisch und Russisch.;Elle parle ukrainien et russe.;She speaks Ukrainian and Russian.
nom;B1;Schule;die Volkshochschule;université populaire;adult education centre;Ich lerne Deutsch an der Volkshochschule.;J'apprends l'allemand à l'université populaire.;I learn German at the adult education centre.
nom;B1;Schule;das Vorwort;préface, avant-propos;foreword;Das Vorwort erklärt, warum das Buch entstand.;La préface explique pourquoi le livre a été écrit.;The foreword explains why the book was written.
nom;B1;Schule;die Wiederholung;révision, répétition;revision, repetition;Ohne Wiederholung vergisst man alles.;Sans révision, on oublie tout.;Without revision you forget everything.
nom;B1;Schule;die Zweitsprache;langue seconde;second language;Deutsch ist für ihn eine Zweitsprache.;L'allemand est pour lui une langue seconde.;German is a second language for him.
nom;B1;Schule;die Überschrift;titre (d'un texte);heading;Findet eine passende Überschrift für den Text.;Trouvez un titre qui convient au texte.;Find a suitable heading for the text.
nom;B1;Schule;die Kita;crèche, garderie;day-care centre;Mein Sohn geht seit einem Jahr in die Kita.;Mon fils va à la crèche depuis un an.;My son has been going to the day-care centre for a year.
nom;B1;Schule;der Kugelschreiber;stylo à bille;ballpoint pen;Füllen Sie das Formular mit Kugelschreiber aus.;Remplissez le formulaire au stylo à bille.;Fill in the form with a ballpoint pen.
nom;B1;Schule;die Mathematik;mathématiques;mathematics;Mathematik ist ein Pflichtfach.;Les mathématiques sont une matière obligatoire.;Mathematics is a compulsory subject.
nom;B1;Schule;die Vorbereitung;préparation;preparation;Die Vorbereitung auf die Prüfung dauert Monate.;La préparation à l'examen dure des mois.;Preparing for the exam takes months.
nom;B1;Schule;die Übung;exercice;exercise;Macht bitte die Übung auf Seite zwölf.;Faites l'exercice de la page douze.;Please do the exercise on page twelve.
nom;B1;Schule;der Antwortbogen;feuille de réponses;answer sheet;Schreiben Sie alles auf den Antwortbogen.;Écrivez tout sur la feuille de réponses.;Write everything on the answer sheet.
nom;B1;Schule;der Elternbeirat;conseil des parents d'élèves;parents' council;Sie ist im Elternbeirat der Schule.;Elle est au conseil des parents de l'école.;She is on the school's parents' council.
nom;B1;Schule;die Geografie;géographie;geography;In Geografie lernen wir die Hauptstädte.;En géographie, nous apprenons les capitales.;In geography we learn the capital cities.
nom;B1;Schule;die Gesamtschule;école polyvalente;comprehensive school;Mein Sohn geht auf eine Gesamtschule.;Mon fils va dans une école polyvalente.;My son goes to a comprehensive school.
nom;B1;Schule;der Lerner;apprenant;learner;Der Kurs richtet sich an erwachsene Lerner.;Le cours s'adresse à des apprenants adultes.;The course is aimed at adult learners.
nom;B1;Schule;das Sprachdiplom;diplôme de langue;language diploma;Für die Stelle braucht man ein Sprachdiplom.;Pour ce poste, il faut un diplôme de langue.;You need a language diploma for the job.
nom;B1;Schule;die Volksschule;école primaire;primary school;Meine Tochter geht in die Volksschule.;Ma fille va à l'école primaire.;My daughter goes to primary school.
nom;B2;Schule;das Abitur;baccalauréat;high school diploma;Er hat sein Abitur mit sehr guten Noten bestanden.;Il a obtenu son baccalauréat avec de très bonnes notes.;He passed his high school diploma with very good grades.
nom;B2;Schule;die Bewerbung;candidature;application;Ihre Bewerbung überzeugte die Kommission sofort.;Sa candidature a immédiatement convaincu la commission.;Her application immediately convinced the committee.
nom;B2;Schule;das Stipendium;bourse;scholarship;Er erhielt ein Stipendium für sein Studium im Ausland.;Il a reçu une bourse pour ses études à l'étranger.;He received a scholarship for his studies abroad.
nom;B2;Schule;der Abschluss;diplôme;degree, graduation;Nach ihrem Abschluss fand sie schnell eine Stelle.;Après son diplôme, elle a rapidement trouvé un poste.;After her degree, she quickly found a job.
nom;B2;Schule;das Bildungssystem;système éducatif;education system;Das Bildungssystem wird derzeit stark diskutiert.;Le système éducatif fait actuellement l'objet de vifs débats.;The education system is currently being heavily debated.
nom;B2;Schule;die Chancengleichheit;égalité des chances;equal opportunity;Chancengleichheit in der Bildung bleibt ein wichtiges Ziel.;L'égalité des chances dans l'éducation reste un objectif important.;Equal opportunity in education remains an important goal.
nom;B2;Schule;der Klassenlehrer;professeur principal;form teacher;Der Klassenlehrer ruft die Eltern an.;Le professeur principal appelle les parents.;The form teacher phones the parents.
nom;B2;Schule;der Elternsprechtag;journée de rencontre parents-professeurs;parents' evening;Der Elternsprechtag ist im November.;La rencontre parents-professeurs est en novembre.;The parents' evening is in November.
nom;B2;Schule;die Prüfungsangst;peur des examens;exam anxiety;Prüfungsangst hat fast jeder.;Presque tout le monde a peur des examens.;Almost everyone has exam anxiety.
nom;B2;Schule;der Schulhof;cour de récréation;school yard;Auf dem Schulhof steht eine alte Linde.;Un vieux tilleul se dresse dans la cour.;There is an old lime tree in the school yard.
nom;B2;Schule;das Pausenbrot;casse-croûte de la récréation;packed snack;Das Pausenbrot liegt noch auf dem Tisch.;Le casse-croûte est encore sur la table.;The packed snack is still on the table.
nom;B2;Schule;die Klassenfahrt;voyage scolaire;school trip;Die Klassenfahrt geht nach Hamburg.;Le voyage scolaire va à Hambourg.;The school trip goes to Hamburg.
nom;B2;Schule;das Schulbuch;manuel scolaire;textbook;Die Schulbücher werden gestellt.;Les manuels sont fournis.;The textbooks are provided.
nom;B2;Schule;der Notendurchschnitt;moyenne générale;grade average;Sein Notendurchschnitt liegt bei zwei Komma drei.;Sa moyenne est de deux virgule trois.;His grade average is two point three.
nom;B2;Schule;die Abschlussprüfung;examen final;final examination;Die Abschlussprüfung findet im Juni statt.;L'examen final a lieu en juin.;The final examination takes place in June.
nom;A1;Universität und Studium;die Universität;université;university;Sie studiert an der Universität.;Elle étudie à l'université.;She studies at the university.
nom;A1;Universität und Studium;der Student;étudiant;student;Der Student lernt viel.;L'étudiant étudie beaucoup.;The student studies a lot.
nom;A1;Universität und Studium;die Bibliothek;bibliothèque;library;Ich lerne gern in der Bibliothek.;J'aime étudier à la bibliothèque.;I like to study at the library.
nom;A1;Universität und Studium;der Professor;professeur;professor;Der Professor hält eine Vorlesung.;Le professeur donne un cours magistral.;The professor is giving a lecture.
nom;A1;Universität und Studium;das Studium;études;studies;Mein Studium dauert vier Jahre.;Mes études durent quatre ans.;My studies last four years.
nom;A1;Universität und Studium;der Campus;campus;campus;Der Campus ist sehr groß.;Le campus est très grand.;The campus is very big.
nom;A1;Universität und Studium;das Fach;matière;subject;Mathematik ist mein Lieblingsfach.;Les mathématiques sont ma matière préférée.;Math is my favorite subject.
nom;A1;Universität und Studium;das Semester;semestre;semester;Das Semester beginnt im Oktober.;Le semestre commence en octobre.;The semester starts in October.
nom;A1;Universität und Studium;die Vorlesung;cours magistral;lecture;Die Vorlesung war sehr interessant.;Le cours magistral était très intéressant.;The lecture was very interesting.
nom;A1;Universität und Studium;das Seminar;séminaire;seminar;Ich besuche ein Seminar über Geschichte.;Je suis un séminaire sur l'histoire.;I'm attending a seminar on history.
nom;A1;Universität und Studium;der Stundenplan;emploi du temps;timetable;Mein Stundenplan ist voll.;Mon emploi du temps est chargé.;My timetable is full.
nom;A2;Universität und Studium;die Vorlesung;cours magistral;lecture;Die Vorlesung beginnt um neun Uhr.;Le cours magistral commence à neuf heures.;The lecture starts at nine o'clock.
nom;A2;Universität und Studium;das Seminar;séminaire;seminar;Ich besuche ein Seminar zur Linguistik.;Je suis un séminaire de linguistique.;I'm attending a linguistics seminar.
nom;A2;Universität und Studium;der Campus;campus;campus;Der Campus ist mit Bäumen bedeckt.;Le campus est couvert d'arbres.;The campus is covered with trees.
nom;A2;Universität und Studium;der Professor;professeur;professor;Der Professor beantwortet unsere Fragen.;Le professeur répond à nos questions.;The professor answers our questions.
nom;A2;Universität und Studium;die Immatrikulation;inscription universitaire;university enrollment;Die Immatrikulation dauert nur wenige Minuten.;L'inscription universitaire ne prend que quelques minutes.;University enrollment only takes a few minutes.
nom;A2;Universität und Studium;die Zulassung;admission;admission;Ihre Zulassung wurde bestätigt.;Son admission a été confirmée.;Her admission was confirmed.
nom;A2;Universität und Studium;der Hörsaal;amphithéâtre;lecture hall;Der Hörsaal ist heute voll besetzt.;L'amphithéâtre est plein aujourd'hui.;The lecture hall is fully packed today.
nom;A2;Universität und Studium;die Mensa;cafétéria universitaire;university cafeteria;Wir essen mittags in der Mensa.;Nous mangeons à midi à la cafétéria universitaire.;We eat lunch at the university cafeteria.
nom;A2;Universität und Studium;das Skript;polycopié;lecture notes, course handout;Das Skript hilft mir beim Lernen.;Le polycopié m'aide à étudier.;The lecture notes help me study.
nom;A2;Universität und Studium;das Praktikum;stage;internship;Sie macht ein Praktikum bei einer Firma.;Elle fait un stage dans une entreprise.;She's doing an internship at a company.
nom;A2;Universität und Studium;die Studentin;étudiante;student (female);Sie ist Studentin an der Universität Wien.;Elle est étudiante à l'université de Vienne.;She is a student at the University of Vienna.
nom;B1;Universität und Studium;die Klausur;examen écrit;written exam;Die Klausur findet nächste Woche statt.;L'examen écrit aura lieu la semaine prochaine.;The written exam takes place next week.
nom;B1;Universität und Studium;das Semester;semestre;semester;Das Semester beginnt im Oktober.;Le semestre commence en octobre.;The semester starts in October.
nom;B1;Universität und Studium;die Fakultät;faculté;faculty;Die Fakultät organisiert eine Informationsveranstaltung.;La faculté organise une réunion d'information.;The faculty is organizing an information session.
nom;B1;Universität und Studium;der Studiengang;filière d'études;degree program;Er hat seinen Studiengang gewechselt.;Il a changé de filière d'études.;He changed his degree program.
nom;B1;Universität und Studium;die Bachelorarbeit;mémoire de licence;bachelor's thesis;Sie schreibt gerade ihre Bachelorarbeit.;Elle rédige actuellement son mémoire de licence.;She's currently writing her bachelor's thesis.
nom;B1;Universität und Studium;der Betreuer;encadrant;supervisor, advisor;Mein Betreuer gibt mir wertvolles Feedback.;Mon encadrant me donne des retours précieux.;My supervisor gives me valuable feedback.
nom;B1;Universität und Studium;die Studiengebühr;frais de scolarité;tuition fee;Die Studiengebühr wurde dieses Jahr erhöht.;Les frais de scolarité ont été augmentés cette année.;Tuition fees were raised this year.
nom;B1;Universität und Studium;das Labor;laboratoire;laboratory;Die Probe wird im Labor untersucht.;L'échantillon est analysé au laboratoire.;The sample is examined in the laboratory.
nom;B1;Universität und Studium;der Vortrag;conférence, exposé;lecture, talk;Der Professor hält morgen einen Vortrag über Ökologie.;Le professeur donne une conférence sur l'écologie demain.;The professor is giving a lecture on ecology tomorrow.
nom;B1;Universität und Studium;die Studie;étude (recherche);study (research);Eine neue Studie zeigt interessante Ergebnisse.;Une nouvelle étude montre des résultats intéressants.;A new study shows interesting results.
nom;B1;Universität und Studium;das Institut;institut;institute;Sie forscht an einem Institut in München.;Elle fait de la recherche dans un institut à Munich.;She does research at an institute in Munich.
nom;B1;Universität und Studium;die Philosophie;philosophie;philosophy;Er studiert Philosophie und Geschichte.;Il étudie la philosophie et l'histoire.;He studies philosophy and history.
nom;B1;Universität und Studium;die Cafeteria;cafétéria;cafeteria;Wir treffen uns in der Cafeteria.;Nous nous retrouvons à la cafétéria.;We're meeting in the cafeteria.
nom;B1;Universität und Studium;das Modul;module;module;Das erste Modul dauert vier Wochen.;Le premier module dure quatre semaines.;The first module lasts four weeks.
nom;B1;Universität und Studium;die Theorie;théorie;theory;In der Theorie ist alles einfach.;En théorie, tout est simple.;In theory everything is simple.
nom;B1;Universität und Studium;die Wissenschaft;science;science;Die Wissenschaft hat darauf noch keine Antwort.;La science n'a pas encore de réponse à cela.;Science has no answer to that yet.
nom;B1;Universität und Studium;der Studierende;étudiant;student;Studierende zahlen die Hälfte.;Les étudiants paient moitié prix.;Students pay half price.
nom;B2;Universität und Studium;die Dissertation;thèse;dissertation;Ihre Dissertation wurde von der Fakultät gelobt.;Sa thèse a été saluée par la faculté.;Her dissertation was praised by the faculty.
nom;B2;Universität und Studium;die Forschung;recherche;research;Die Forschung in diesem Bereich schreitet schnell voran.;La recherche dans ce domaine progresse rapidement.;Research in this field is advancing quickly.
nom;B2;Universität und Studium;das Promotionsstudium;doctorat;doctoral studies;Er beginnt nächstes Jahr sein Promotionsstudium.;Il commence son doctorat l'année prochaine.;He starts his doctoral studies next year.
nom;B2;Universität und Studium;die Habilitation;habilitation;habilitation;Nach der Habilitation wurde sie Professorin.;Après son habilitation, elle est devenue professeure.;After her habilitation, she became a professor.
nom;B2;Universität und Studium;das Forschungsstipendium;bourse de recherche;research grant;Das Forschungsstipendium finanziert ihr Projekt für drei Jahre.;La bourse de recherche finance son projet pendant trois ans.;The research grant funds her project for three years.
nom;B2;Universität und Studium;die Masterarbeit;mémoire de master;master's thesis;Die Masterarbeit umfasst achtzig Seiten.;Le mémoire fait quatre-vingts pages.;The master's thesis runs to eighty pages.
nom;B2;Universität und Studium;der Fachbereich;département, UFR;faculty, department;Der Fachbereich zieht in ein neues Gebäude.;Le département déménage dans un nouveau bâtiment.;The department is moving to a new building.
nom;B2;Universität und Studium;der Studienplatz;place à l'université;university place;Für Medizin fehlen tausende Studienplätze.;Il manque des milliers de places en médecine.;Thousands of places are missing in medicine.
nom;B2;Universität und Studium;das Prüfungsamt;service des examens;examinations office;Das Prüfungsamt hat bis zwölf Uhr offen.;Le service des examens est ouvert jusqu'à midi.;The examinations office is open until noon.
nom;B2;Universität und Studium;das Wohnheim;résidence universitaire;hall of residence;Im Wohnheim wohnen dreihundert Studierende.;Trois cents étudiants vivent en résidence.;Three hundred students live in the hall of residence.
nom;A1;Arbeit und Büro;die Arbeit;travail;work;Die Arbeit macht mir Spaß.;Le travail me plaît.;I enjoy the work.
nom;A1;Arbeit und Büro;das Büro;bureau;office;Ich arbeite in einem großen Büro.;Je travaille dans un grand bureau.;I work in a big office.
nom;A1;Arbeit und Büro;der Computer;ordinateur;computer;Der Computer ist sehr langsam.;L'ordinateur est très lent.;The computer is very slow.
nom;A1;Arbeit und Büro;der Kollege;collègue;colleague;Mein Kollege ist sehr hilfsbereit.;Mon collègue est très serviable.;My colleague is very helpful.
nom;A1;Arbeit und Büro;der Chef;patron;boss;Der Chef ist heute nicht im Büro.;Le patron n'est pas au bureau aujourd'hui.;The boss is not in the office today.
nom;A1;Arbeit und Büro;die Besprechung;réunion;meeting;Die Besprechung beginnt um zehn Uhr.;La réunion commence à dix heures.;The meeting starts at ten o'clock.
nom;A1;Arbeit und Büro;der Vertrag;contrat;contract;Ich unterschreibe den Vertrag.;Je signe le contrat.;I'm signing the contract.
nom;A1;Arbeit und Büro;das Gehalt;salaire;salary;Mein Gehalt kommt am Monatsende.;Mon salaire arrive à la fin du mois.;My salary comes at the end of the month.
nom;A1;Arbeit und Büro;die Firma;entreprise;company;Die Firma sucht neue Mitarbeiter.;L'entreprise cherche de nouveaux employés.;The company is looking for new employees.
nom;A1;Arbeit und Büro;das Projekt;projet;project;Das Projekt ist fast fertig.;Le projet est presque terminé.;The project is almost finished.
nom;A1;Arbeit und Büro;die Aufgabe;tâche;task;Diese Aufgabe ist sehr schwierig.;Cette tâche est très difficile.;This task is very difficult.
nom;A1;Arbeit und Büro;die E-Mail;e-mail;email;Ich schreibe eine E-Mail an meinen Chef.;J'écris un e-mail à mon patron.;I'm writing an email to my boss.
nom;A1;Arbeit und Büro;der Drucker;imprimante;printer;Der Drucker funktioniert nicht.;L'imprimante ne fonctionne pas.;The printer isn't working.
nom;A2;Arbeit und Büro;die Besprechung;réunion;meeting;Die Besprechung dauert eine Stunde.;La réunion dure une heure.;The meeting lasts one hour.
nom;A2;Arbeit und Büro;der Chef;patron;boss;Der Chef lobt unsere Arbeit.;Le patron félicite notre travail.;The boss praises our work.
nom;A2;Arbeit und Büro;die E-Mail;e-mail;email;Ich beantworte täglich viele E-Mails.;Je réponds à beaucoup d'e-mails chaque jour.;I answer a lot of emails every day.
nom;A2;Arbeit und Büro;der Vertrag;contrat;contract;Wir unterschreiben morgen den Vertrag.;Nous signons le contrat demain.;We're signing the contract tomorrow.
nom;A2;Arbeit und Büro;der Lebenslauf;CV;resume, CV;Ich sende meinen Lebenslauf an die Firma.;J'envoie mon CV à l'entreprise.;I'm sending my resume to the company.
nom;A2;Arbeit und Büro;das Vorstellungsgespräch;entretien d'embauche;job interview;Das Vorstellungsgespräch verlief sehr gut.;L'entretien d'embauche s'est très bien passé.;The job interview went very well.
nom;A2;Arbeit und Büro;die Überstunde;heure supplémentaire;overtime;Er hat viele Überstunden gemacht.;Il a fait beaucoup d'heures supplémentaires.;He worked a lot of overtime.
nom;A2;Arbeit und Büro;die Teilzeit;temps partiel;part-time;Sie arbeitet seit letztem Jahr in Teilzeit.;Elle travaille à temps partiel depuis l'année dernière.;She has been working part-time since last year.
nom;A2;Arbeit und Büro;die Vollzeit;temps plein;full-time;Er arbeitet in Vollzeit bei dieser Firma.;Il travaille à temps plein dans cette entreprise.;He works full-time at this company.
nom;A2;Arbeit und Büro;das Homeoffice;télétravail;home office, remote work;Ich arbeite heute im Homeoffice.;Je travaille en télétravail aujourd'hui.;I'm working from home today.
nom;A2;Arbeit und Büro;die Änderung;la modification;change;Es gab eine kleine Änderung im Plan.;Il y a eu une petite modification au plan.;There was a small change to the plan.
nom;A2;Arbeit und Büro;die Bestellung;la commande;order;Ihre Bestellung kommt morgen an.;Votre commande arrive demain.;Your order arrives tomorrow.
nom;A2;Arbeit und Büro;das Gespräch;conversation, entretien;conversation;Wir hatten ein langes Gespräch.;Nous avons eu une longue conversation.;We had a long conversation.
nom;A2;Arbeit und Büro;der Job;petit boulot;job;Neben dem Studium habe ich einen Job.;À côté de mes études, j'ai un petit boulot.;I have a job alongside my studies.
nom;A2;Arbeit und Büro;der Mitarbeiter;employé, collaborateur;employee;Die Firma hat zwanzig Mitarbeiter.;L'entreprise a vingt employés.;The company has twenty employees.
nom;A2;Arbeit und Büro;die Kollegin;collègue (femme);colleague (female);Meine Kollegin hilft mir oft.;Ma collègue m'aide souvent.;My colleague often helps me.
nom;A2;Arbeit und Büro;der Arbeitstag;jour ouvré;working day;Mein Arbeitstag beginnt um acht.;Ma journée de travail commence à huit heures.;My working day starts at eight.
nom;A2;Arbeit und Büro;der Workshop;atelier (formation);workshop;Am Freitag gibt es einen Workshop.;Vendredi, il y a un atelier.;There's a workshop on Friday.
nom;B1;Arbeit und Büro;das Gehalt;salaire;salary;Mein Gehalt wird am Monatsende überwiesen.;Mon salaire est versé à la fin du mois.;My salary is transferred at the end of the month.
nom;B1;Arbeit und Büro;die Kündigung;licenciement;dismissal, notice of termination;Die Kündigung kam für alle überraschend.;Le licenciement a surpris tout le monde.;The dismissal surprised everyone.
nom;B1;Arbeit und Büro;der Urlaub;congé;vacation, leave;Ich nehme diesen Sommer drei Wochen Urlaub.;Je prends trois semaines de congé cet été.;I'm taking three weeks of vacation this summer.
nom;B1;Arbeit und Büro;die Karriere;carrière;career;Sie hat große Pläne für ihre Karriere.;Elle a de grands projets pour sa carrière.;She has big plans for her career.
nom;B1;Arbeit und Büro;die Beförderung;promotion;promotion;Nach der Beförderung hat er mehr Verantwortung.;Après sa promotion, il a plus de responsabilités.;After his promotion, he has more responsibility.
nom;B1;Arbeit und Büro;die Weiterbildung;formation continue;continuing education;Die Firma bietet regelmäßige Weiterbildung an.;L'entreprise propose une formation continue régulière.;The company offers regular continuing education.
nom;B1;Arbeit und Büro;die Zuständigkeit;responsabilité;responsibility;Die Zuständigkeit für dieses Projekt liegt bei ihr.;La responsabilité de ce projet lui revient.;Responsibility for this project lies with her.
nom;B1;Arbeit und Büro;das Werk;l'œuvre, l'usine;work, plant;Dieses Werk hat er mit zwanzig geschrieben.;Il a écrit cette œuvre à vingt ans.;He wrote this work at the age of twenty.
nom;B1;Arbeit und Büro;die Führung;la direction, la visite guidée;leadership, guided tour;Um zehn Uhr beginnt eine Führung durch das Museum.;À dix heures commence une visite guidée du musée.;A guided tour of the museum starts at ten.
nom;B1;Arbeit und Büro;der Dienst;le service;service, duty;Sie hat am Wochenende Dienst.;Elle est de service la fin de semaine.;She is on duty at the weekend.
nom;B1;Arbeit und Büro;der Betrieb;l'entreprise, l'exploitation;company, operation;Der Betrieb hat zwanzig Angestellte.;L'entreprise a vingt employés.;The company has twenty employees.
nom;B1;Arbeit und Büro;die Messe;le salon, la foire;trade fair;Wir stellen auf der Messe in Köln aus.;Nous exposons au salon de Cologne.;We are exhibiting at the fair in Cologne.
nom;B1;Arbeit und Büro;die Rente;retraite (pension);pension;Meine Großmutter bekommt seit zehn Jahren Rente.;Ma grand-mère touche sa retraite depuis dix ans.;My grandmother has been receiving her pension for ten years.
nom;B1;Arbeit und Büro;die Arbeitswelt;monde du travail;working world;Die Arbeitswelt hat sich in den letzten Jahren stark verändert.;Le monde du travail a beaucoup changé ces dernières années.;The working world has changed a lot in recent years.
nom;B1;Arbeit und Büro;das Feedback;retour, avis;feedback;Ich habe positives Feedback zu meinem Vortrag bekommen.;J'ai reçu un retour positif sur ma présentation.;I received positive feedback on my presentation.
nom;B1;Arbeit und Büro;die Herausforderung;défi;challenge;Der neue Job ist eine große Herausforderung für mich.;Le nouveau travail est un grand défi pour moi.;The new job is a big challenge for me.
nom;B1;Arbeit und Büro;die Voraussetzung;condition préalable;prerequisite;Gute Deutschkenntnisse sind eine Voraussetzung für diese Stelle.;De bonnes connaissances en allemand sont une condition pour ce poste.;Good German skills are a prerequisite for this position.
nom;B1;Arbeit und Büro;der Arbeitgeber;employeur;employer;Mein Arbeitgeber zahlt einen Teil der Versicherung.;Mon employeur paie une partie de l'assurance.;My employer pays part of the insurance.
nom;B1;Arbeit und Büro;die Arbeitgeberin;employeuse;employer (female);Die Arbeitgeberin bietet flexible Arbeitszeiten an.;L'employeuse propose des horaires flexibles.;The employer offers flexible working hours.
nom;B1;Arbeit und Büro;die Leiter;échelle;ladder;Er ist von der Leiter gefallen.;Il est tombé de l'échelle.;He fell off the ladder.
nom;B1;Arbeit und Büro;der Schichtdienst;travail posté, service par équipes;shift work;Als Krankenschwester arbeite ich im Schichtdienst.;En tant qu'infirmière, je travaille en horaires postés.;As a nurse I work shift duty.
nom;B1;Arbeit und Büro;die Produktion;production;production;Die Produktion von Plastik belastet die Umwelt.;La production de plastique nuit à l'environnement.;Plastic production harms the environment.
nom;B1;Arbeit und Büro;die Annonce;annonce;ad, announcement;In der Zeitung habe ich eine interessante Annonce gefunden.;J'ai trouvé une annonce intéressante dans le journal.;I found an interesting ad in the newspaper.
nom;B1;Arbeit und Büro;das Anschreiben;lettre de motivation;cover letter;Das Anschreiben sollte nicht länger als eine Seite sein.;La lettre de motivation ne devrait pas dépasser une page.;The cover letter should not be longer than one page.
nom;B1;Arbeit und Büro;die (Pl.) Arbeitsbedingungen;conditions de travail;working conditions;Die Arbeitsbedingungen in der Firma sind sehr gut.;Les conditions de travail dans l'entreprise sont très bonnes.;The working conditions at the company are very good.
nom;B1;Arbeit und Büro;der Bereich;domaine, secteur;field, area;Sie arbeitet im Bereich Marketing.;Elle travaille dans le domaine du marketing.;She works in the marketing field.
nom;B1;Arbeit und Büro;die Karrierechance;opportunité de carrière;career opportunity;Dieser Job bietet gute Karrierechancen.;Cet emploi offre de bonnes opportunités de carrière.;This job offers good career opportunities.
nom;B1;Arbeit und Büro;der Kontakt;contact;contact;Ich habe noch guten Kontakt zu meinen alten Kollegen.;J'ai encore un bon contact avec mes anciens collègues.;I still have good contact with my old colleagues.
nom;B1;Arbeit und Büro;die Leitung;direction, gestion;management, leadership;Sie übernimmt die Leitung des neuen Projekts.;Elle prend la direction du nouveau projet.;She is taking over the management of the new project.
nom;B1;Arbeit und Büro;die Stelle;poste (emploi);position, job;Er hat sich auf eine neue Stelle beworben.;Il a postulé pour un nouveau poste.;He applied for a new position.
nom;B1;Arbeit und Büro;die Tätigkeit;activité;activity, occupation;Ihre Tätigkeit umfasst viele verschiedene Aufgaben.;Son activité comprend de nombreuses tâches différentes.;Her occupation involves many different tasks.
nom;B1;Arbeit und Büro;das Team;équipe;team;Unser Team besteht aus acht Personen.;Notre équipe est composée de huit personnes.;Our team consists of eight people.
nom;B1;Arbeit und Büro;das Unternehmen;entreprise;company;Das Unternehmen beschäftigt über zweihundert Mitarbeiter.;L'entreprise emploie plus de deux cents salariés.;The company employs over two hundred employees.
nom;B1;Arbeit und Büro;die Werbeagentur;agence de publicité;advertising agency;Sie hat bei einer großen Werbeagentur gearbeitet.;Elle a travaillé dans une grande agence de publicité.;She worked at a large advertising agency.
nom;B1;Arbeit und Büro;die Rolle;rôle;role;Sie spielt eine wichtige Rolle im Team.;Elle joue un rôle important dans l'équipe.;She plays an important role in the team.
nom;B1;Arbeit und Büro;die Verantwortung;responsabilité;responsibility;Er trägt die Verantwortung für das ganze Projekt.;Il porte la responsabilité de tout le projet.;He bears responsibility for the whole project.
nom;B1;Arbeit und Büro;der Ablauf;déroulement, procédure;process, procedure;Der Ablauf der Prüfung wurde uns genau erklärt.;Le déroulement de l'examen nous a été expliqué en détail.;The procedure of the exam was explained to us in detail.
nom;B1;Arbeit und Büro;das Arbeitszeugnis;certificat de travail;work reference;Mein alter Arbeitgeber hat mir ein gutes Arbeitszeugnis geschrieben.;Mon ancien employeur m'a rédigé un bon certificat de travail.;My former employer wrote me a good work reference.
nom;B1;Arbeit und Büro;die Fähigkeit;capacité, compétence;ability, skill;Er hat die Fähigkeit, komplexe Probleme schnell zu lösen.;Il a la capacité de résoudre rapidement des problèmes complexes.;He has the ability to solve complex problems quickly.
nom;B1;Arbeit und Büro;der Geschäftsbrief;lettre commerciale;business letter;Im Kurs lernen wir, einen Geschäftsbrief zu schreiben.;Dans le cours, nous apprenons à rédiger une lettre commerciale.;In the course we learn to write a business letter.
nom;B1;Arbeit und Büro;die Mitarbeit;collaboration, participation;cooperation, participation;Die Mitarbeit der Freiwilligen war entscheidend für das Projekt.;La collaboration des bénévoles a été décisive pour le projet.;The volunteers' cooperation was crucial for the project.
nom;B1;Arbeit und Büro;die Vertretung;remplacement, représentation;substitute, representation;Für die kranke Kollegin brauchen wir eine Vertretung.;Nous avons besoin d'un remplaçant pour la collègue malade.;We need a substitute for the sick colleague.
nom;B1;Arbeit und Büro;der Praktikant;stagiaire;intern;Der Praktikant hilft bei der Organisation der Veranstaltung.;Le stagiaire aide à organiser l'événement.;The intern helps organize the event.
nom;B1;Arbeit und Büro;die Praktikantin;stagiaire (femme);intern (female);Die Praktikantin arbeitet seit einem Monat in der Redaktion.;La stagiaire travaille à la rédaction depuis un mois.;The intern has worked at the editorial office for a month.
nom;B1;Arbeit und Büro;die Kopie;copie;copy;Bitte bringen Sie eine Kopie Ihres Passes mit.;Apportez une copie de votre passeport, s'il vous plaît.;Please bring a copy of your passport.
nom;B1;Arbeit und Büro;der Kopierer;photocopieuse;photocopier;Der Kopierer im Büro ist schon wieder kaputt.;La photocopieuse du bureau est encore en panne.;The office photocopier is broken again.
nom;B1;Arbeit und Büro;die Probezeit;période d'essai;probationary period;Die Probezeit dauert bei uns sechs Monate.;La période d'essai dure six mois chez nous.;Our probationary period lasts six months.
nom;B1;Arbeit und Büro;die Abteilung;service, département;department;Sie arbeitet in der Abteilung für Verkauf.;Elle travaille au service des ventes.;She works in the sales department.
nom;B1;Arbeit und Büro;die Angabe;indication, renseignement;detail, information;Bitte prüfen Sie Ihre Angaben noch einmal.;Veuillez vérifier vos renseignements encore une fois.;Please check your details once more.
nom;B1;Arbeit und Büro;die Anlage;"pièce jointe ; installation";"attachment; facility";In der Anlage finden Sie meinen Lebenslauf.;Vous trouverez mon CV en pièce jointe.;Please find my CV attached.
nom;B1;Arbeit und Büro;die Arbeitserlaubnis;permis de travail;work permit;Ohne Arbeitserlaubnis darf er nicht arbeiten.;Sans permis de travail, il n'a pas le droit de travailler.;Without a work permit he isn't allowed to work.
nom;B1;Arbeit und Büro;die Arbeitslosigkeit;chômage;unemployment;Die Arbeitslosigkeit ist dieses Jahr gesunken.;Le chômage a baissé cette année.;Unemployment has fallen this year.
nom;B1;Arbeit und Büro;die Arbeitsstelle;poste, emploi;job, position;Er sucht eine neue Arbeitsstelle.;Il cherche un nouvel emploi.;He is looking for a new job.
nom;B1;Arbeit und Büro;die Beratung;conseil, consultation;advice session;Die Beratung in der Bank war kostenlos.;La consultation à la banque était gratuite.;The advice session at the bank was free.
nom;B1;Arbeit und Büro;die Bestätigung;confirmation, attestation;confirmation;Sie bekommen eine Bestätigung per E-Mail.;Vous recevrez une confirmation par courriel.;You'll receive a confirmation by email.
nom;B1;Arbeit und Büro;der Briefumschlag;enveloppe;envelope;Schreib die Adresse auf den Briefumschlag.;Écris l'adresse sur l'enveloppe.;Write the address on the envelope.
nom;B1;Arbeit und Büro;die Kenntnisse;connaissances (savoir);knowledge, skills;Für diese Stelle braucht man gute Deutschkenntnisse.;Pour ce poste, il faut de bonnes connaissances en allemand.;For this job you need a good knowledge of German.
nom;B1;Arbeit und Büro;die Fabrik;usine;factory;Die Fabrik liegt am Rand der Stadt.;L'usine se trouve en bordure de la ville.;The factory is on the edge of town.
nom;B1;Arbeit und Büro;der Feierabend;fin de la journée de travail;end of the working day;Um fünf Uhr habe ich Feierabend.;À cinq heures, j'ai fini ma journée.;I finish work at five.
nom;B1;Arbeit und Büro;die Gewerkschaft;syndicat;trade union;Die Gewerkschaft verhandelt über die Löhne.;Le syndicat négocie les salaires.;The trade union is negotiating wages.
nom;B1;Arbeit und Büro;die Kantine;cantine;canteen;Mittags esse ich in der Kantine.;À midi, je mange à la cantine.;At lunchtime I eat in the canteen.
nom;B1;Arbeit und Büro;das Lager;entrepôt, stock;warehouse, stock;Die Ware ist noch im Lager.;La marchandise est encore en stock.;The goods are still in the warehouse.
nom;B1;Arbeit und Büro;der Stempel;tampon, cachet;stamp;Ohne Stempel gilt das Formular nicht.;Sans cachet, le formulaire n'est pas valable.;Without a stamp the form is not valid.
nom;B1;Arbeit und Büro;der Streik;grève;strike;Wegen des Streiks fahren keine Busse.;À cause de la grève, aucun bus ne circule.;Because of the strike no buses are running.
nom;B1;Arbeit und Büro;die Zusammenarbeit;collaboration;cooperation;Die Zusammenarbeit mit dem Team läuft gut.;La collaboration avec l'équipe se passe bien.;Cooperation with the team is going well.
nom;B1;Arbeit und Büro;die Anrede;formule d'appel;form of address;In einem Brief ist die Anrede wichtig.;Dans une lettre, la formule d'appel est importante.;In a letter the form of address matters.
nom;B1;Arbeit und Büro;der Auftrag;commande, mission;order, assignment;Die Firma hat einen großen Auftrag bekommen.;L'entreprise a reçu une grosse commande.;The company received a big order.
nom;B1;Arbeit und Büro;die Beschäftigung;emploi, occupation;employment;Er sucht eine feste Beschäftigung.;Il cherche un emploi stable.;He is looking for steady employment.
nom;B1;Arbeit und Büro;das Couvert;enveloppe;envelope;Steck den Brief bitte ins Couvert.;Mets la lettre dans l'enveloppe, s'il te plaît.;Please put the letter in the envelope.
nom;B1;Arbeit und Büro;das Dokument;document;document;Bringen Sie alle Dokumente mit.;Apportez tous les documents.;Bring all the documents with you.
nom;B1;Arbeit und Büro;die Entlassung;licenciement;dismissal;Gegen die Entlassung kann man klagen.;On peut contester le licenciement en justice.;You can contest the dismissal in court.
nom;B1;Arbeit und Büro;die Konferenz;conférence, réunion;conference;Die Konferenz beginnt um neun.;La conférence commence à neuf heures.;The conference starts at nine.
nom;B1;Arbeit und Büro;das Kuvert;enveloppe;envelope;Das Kuvert ist schon frankiert.;L'enveloppe est déjà affranchie.;The envelope is already stamped.
nom;B1;Arbeit und Büro;die Lehrstelle;place d'apprentissage;apprenticeship place;Er sucht eine Lehrstelle als Koch.;Il cherche une place d'apprentissage comme cuisinier.;He is looking for an apprenticeship as a cook.
nom;B1;Arbeit und Büro;das Personal;personnel;staff;Das Hotel sucht neues Personal.;L'hôtel cherche du nouveau personnel.;The hotel is looking for new staff.
nom;B1;Arbeit und Büro;die Planung;planification;planning;Die Planung dauert länger als die Arbeit.;La planification prend plus de temps que le travail.;The planning takes longer than the work.
nom;B1;Arbeit und Büro;die Präsentation;présentation, exposé;presentation;Meine Präsentation dauert zehn Minuten.;Ma présentation dure dix minutes.;My presentation lasts ten minutes.
nom;B1;Arbeit und Büro;der Terminkalender;agenda;diary, appointment calendar;Mein Terminkalender ist voll.;Mon agenda est plein.;My diary is full.
nom;B1;Arbeit und Büro;die Visitenkarte;carte de visite;business card;Hier ist meine Visitenkarte.;Voici ma carte de visite.;Here's my business card.
nom;B1;Arbeit und Büro;die Agentur;agence;agency;Die Agentur für Arbeit hilft bei der Suche.;L'agence pour l'emploi aide dans la recherche.;The employment agency helps with the search.
nom;B1;Arbeit und Büro;der Arbeitnehmer;salarié;employee;Arbeitnehmer haben ein Recht auf Urlaub.;Les salariés ont droit à des congés.;Employees have a right to holiday.
nom;B1;Arbeit und Büro;das Einschreiben;lettre recommandée;registered letter;Schicken Sie die Kündigung per Einschreiben.;Envoyez la résiliation en recommandé.;Send the cancellation by registered letter.
nom;B1;Arbeit und Büro;die Industrie;industrie;industry;In dieser Stadt gibt es viel Industrie.;Il y a beaucoup d'industrie dans cette ville.;There's a lot of industry in this city.
nom;B1;Arbeit und Büro;die Lehre;apprentissage (formation);apprenticeship;Nach der Schule macht er eine Lehre.;Après l'école, il fait un apprentissage.;After school he does an apprenticeship.
nom;B1;Arbeit und Büro;der Lohn;salaire;wage;Der Lohn kommt am Ende des Monats.;Le salaire arrive à la fin du mois.;The wage comes at the end of the month.
nom;B1;Arbeit und Büro;das Postfach;boîte postale;PO box;Schreiben Sie an unser Postfach.;Écrivez à notre boîte postale.;Write to our PO box.
nom;B1;Arbeit und Büro;die Zeitarbeit;travail intérimaire;temporary work;Er hat über Zeitarbeit angefangen.;Il a commencé par de l'intérim.;He started out through temporary work.
nom;B1;Arbeit und Büro;der Ausbildungsplatz;place de formation;training place;Er hat einen Ausbildungsplatz gefunden.;Il a trouvé une place de formation.;He has found a training place.
nom;B1;Arbeit und Büro;der Integrationskurs;cours d'intégration;integration course;Der Integrationskurs dauert sechs Monate.;Le cours d'intégration dure six mois.;The integration course lasts six months.
nom;B2;Arbeit und Büro;die Geschäftsführung;direction;management;Die Geschäftsführung trifft sich morgen zu einer Krisensitzung.;La direction se réunit demain pour une réunion de crise.;Management is meeting tomorrow for a crisis session.
nom;B2;Arbeit und Büro;die Personalabteilung;ressources humaines;human resources;Die Personalabteilung prüft alle eingegangenen Bewerbungen.;Les ressources humaines examinent toutes les candidatures reçues.;HR reviews all the applications received.
nom;B2;Arbeit und Büro;die Verhandlung;négociation;negotiation;Die Verhandlung dauerte mehrere Stunden.;La négociation a duré plusieurs heures.;The negotiation lasted several hours.
nom;B2;Arbeit und Büro;die Zielvereinbarung;objectifs convenus;agreed objectives;Wir haben eine klare Zielvereinbarung für dieses Quartal.;Nous avons des objectifs clairement convenus pour ce trimestre.;We have clearly agreed objectives for this quarter.
nom;B2;Arbeit und Büro;die Unternehmenskultur;culture d'entreprise;corporate culture;Die Unternehmenskultur fördert Zusammenarbeit und Offenheit.;La culture d'entreprise favorise la collaboration et l'ouverture.;The corporate culture encourages collaboration and openness.
nom;B2;Arbeit und Büro;der Bezug;le rapport, la référence;reference, relation;In Bezug auf Ihre Frage habe ich eine Antwort.;En ce qui concerne votre question, j'ai une réponse.;With reference to your question, I have an answer.
nom;B2;Arbeit und Büro;der Ruf;la réputation;reputation;Die Firma hat einen guten Ruf.;L'entreprise a une bonne réputation.;The company has a good reputation.
nom;B2;Arbeit und Büro;die Unterlage;le document, le dossier;document, paperwork;Bringen Sie bitte alle Unterlagen mit.;Apportez tous les documents, s'il vous plaît.;Please bring all the documents with you.
nom;B2;Arbeit und Büro;das Protokoll;procès-verbal;minutes, record;Wer schreibt heute das Protokoll?;Qui rédige le procès-verbal aujourd'hui ?;Who is taking the minutes today?
nom;B2;Arbeit und Büro;die Tagesordnung;ordre du jour;agenda;Punkt drei der Tagesordnung fällt weg.;Le point trois de l'ordre du jour est supprimé.;Item three on the agenda is dropped.
nom;B2;Arbeit und Büro;der Terminplan;planning;schedule;Der Terminplan ist bis Juni voll.;Le planning est complet jusqu'en juin.;The schedule is full until June.
nom;B2;Arbeit und Büro;die Ablage;classement;filing;Die Ablage macht niemand gern.;Personne n'aime faire le classement.;Nobody likes doing the filing.
nom;B2;Arbeit und Büro;die Akte;dossier;file;Die Akte liegt seit Wochen auf seinem Tisch.;Le dossier est sur son bureau depuis des semaines.;The file has been on his desk for weeks.
nom;B2;Arbeit und Büro;die Vorlage;modèle, gabarit;template;Nimm die Vorlage vom letzten Jahr.;Prends le modèle de l'an dernier.;Use last year's template.
nom;B2;Arbeit und Büro;das Formular;formulaire;form;Das Formular muss doppelt ausgefüllt werden.;Le formulaire doit être rempli en double.;The form has to be filled in twice.
nom;B2;Arbeit und Büro;die Dienstreise;voyage professionnel;business trip;Die Dienstreise geht über drei Tage.;Le voyage professionnel dure trois jours.;The business trip lasts three days.
nom;B2;Arbeit und Büro;die Gleitzeit;horaires flexibles;flexitime;Wir arbeiten in Gleitzeit.;Nous travaillons en horaires flexibles.;We work flexitime.
nom;B2;Arbeit und Büro;der Betriebsrat;comité d'entreprise;works council;Der Betriebsrat muss zustimmen.;Le comité d'entreprise doit donner son accord.;The works council has to agree.
nom;B2;Arbeit und Büro;der Abteilungsleiter;chef de service;head of department;Der Abteilungsleiter entscheidet allein.;Le chef de service décide seul.;The head of department decides alone.
nom;B2;Arbeit und Büro;der Arbeitsvertrag;contrat de travail;employment contract;Der Arbeitsvertrag ist unbefristet.;Le contrat de travail est à durée indéterminée.;The employment contract is permanent.
nom;B2;Arbeit und Büro;die Gehaltsverhandlung;négociation salariale;salary negotiation;Die Gehaltsverhandlung steht im Frühjahr an.;La négociation salariale a lieu au printemps.;The salary negotiation is due in spring.
nom;A1;Verkehr;das Auto;voiture;car;Das Auto steht vor dem Haus.;La voiture est garée devant la maison.;The car is parked in front of the house.
nom;A1;Verkehr;der Bus;bus;bus;Der Bus kommt in fünf Minuten.;Le bus arrive dans cinq minutes.;The bus arrives in five minutes.
nom;A1;Verkehr;der Zug;train;train;Der Zug fährt pünktlich ab.;Le train part à l'heure.;The train departs on time.
nom;A1;Verkehr;das Fahrrad;vélo;bicycle;Ich fahre jeden Tag mit dem Fahrrad.;Je fais du vélo tous les jours.;I ride my bike every day.
nom;A1;Verkehr;die U-Bahn;métro;subway;Die U-Bahn ist sehr schnell.;Le métro est très rapide.;The subway is very fast.
nom;A1;Verkehr;die Straßenbahn;tramway;tram;Die Straßenbahn hält an jeder Ecke.;Le tramway s'arrête à chaque coin de rue.;The tram stops at every corner.
nom;A1;Verkehr;das Taxi;taxi;taxi;Wir nehmen ein Taxi zum Flughafen.;Nous prenons un taxi pour l'aéroport.;We're taking a taxi to the airport.
nom;A1;Verkehr;das Flugzeug;avion;airplane;Das Flugzeug startet um acht Uhr.;L'avion décolle à huit heures.;The plane takes off at eight o'clock.
nom;A1;Verkehr;die Straße;rue;street;Die Straße ist sehr laut.;La rue est très bruyante.;The street is very noisy.
nom;A1;Verkehr;die Ampel;feu de circulation;traffic light;Halte bitte an der Ampel.;Arrête-toi au feu, s'il te plaît.;Please stop at the traffic light.
nom;A1;Verkehr;der Bahnhof;gare;train station;Der Bahnhof ist nicht weit von hier.;La gare n'est pas loin d'ici.;The train station is not far from here.
nom;A1;Verkehr;die Haltestelle;arrêt;stop;Die Haltestelle ist gleich um die Ecke.;L'arrêt est juste au coin de la rue.;The stop is just around the corner.
nom;A1;Verkehr;der Führerschein;permis de conduire;driver's license;Er hat vor kurzem den Führerschein gemacht.;Il a récemment obtenu son permis de conduire.;He recently got his driver's license.
nom;A1;Verkehr;der Verkehr;circulation;traffic;Der Verkehr ist heute sehr stark.;La circulation est très dense aujourd'hui.;The traffic is very heavy today.
nom;A1;Verkehr;der Stau;embouteillage;traffic jam;Wir stehen im Stau.;Nous sommes dans un embouteillage.;We're stuck in a traffic jam.
nom;A1;Verkehr;der Weg;le chemin;way, path;Kennst du den Weg zum Bahnhof?;Connais-tu le chemin vers la gare ?;Do you know the way to the station?
nom;A1;Verkehr;die Bahn;le train, la voie;train, track;Wir fahren mit der Bahn nach Köln.;Nous allons à Cologne en train.;We're going to Cologne by train.
nom;A1;Verkehr;das Rad;la roue, le vélo;wheel, bike;Ich fahre jeden Tag mit dem Rad.;Je vais à vélo tous les jours.;I ride my bike every day.
nom;A1;Verkehr;die Fahrt;le trajet;ride, journey;Die Fahrt dauert zwei Stunden.;Le trajet dure deux heures.;The journey takes two hours.
nom;A2;Verkehr;die U-Bahn;métro;subway;Die U-Bahn fährt alle fünf Minuten.;Le métro passe toutes les cinq minutes.;The subway runs every five minutes.
nom;A2;Verkehr;die Straßenbahn;tramway;tram;Die Straßenbahn ist heute sehr voll.;Le tramway est bondé aujourd'hui.;The tram is very crowded today.
nom;A2;Verkehr;das Flugzeug;avion;airplane;Das Flugzeug landet in zehn Minuten.;L'avion atterrit dans dix minutes.;The plane lands in ten minutes.
nom;A2;Verkehr;das Taxi;taxi;taxi;Wir rufen ein Taxi zum Hotel.;Nous appelons un taxi pour l'hôtel.;We're calling a taxi to the hotel.
nom;A2;Verkehr;der Fahrschein;titre de transport;ticket (transport);Zeig bitte deinen Fahrschein vor.;Montre ton titre de transport, s'il te plaît.;Please show your ticket.
nom;A2;Verkehr;der Parkplatz;place de parking;parking lot;Der Parkplatz ist komplett voll.;Le parking est complètement plein.;The parking lot is completely full.
nom;A2;Verkehr;die Tankstelle;station-service;gas station;Wir halten an der Tankstelle.;Nous nous arrêtons à la station-service.;We're stopping at the gas station.
nom;A2;Verkehr;der Reifen;pneu;tire;Der Reifen ist plötzlich platt.;Le pneu est soudainement crevé.;The tire suddenly went flat.
nom;A2;Verkehr;der Motor;moteur;engine;Der Motor macht ein komisches Geräusch.;Le moteur fait un bruit étrange.;The engine is making a strange noise.
nom;A2;Verkehr;der Fahrgast;passager;passenger;Der Fahrgast steigt am Bahnhof aus.;Le passager descend à la gare.;The passenger gets off at the train station.
nom;A2;Verkehr;das Schiff;le bateau, le navire;ship;Das Schiff fährt jeden Morgen ab.;Le bateau part tous les matins.;The ship leaves every morning.
nom;A2;Verkehr;der Start;le départ, le décollage;start, take-off;Der Start ist für zehn Uhr geplant.;Le départ est prévu pour dix heures.;Take-off is scheduled for ten.
nom;A2;Verkehr;der Unfall;accident;accident;Auf der Autobahn gab es einen Unfall.;Il y a eu un accident sur l'autoroute.;There was an accident on the motorway.
nom;A2;Verkehr;der Wagen;voiture, wagon;car, carriage;Der Wagen steht vor dem Haus.;La voiture est devant la maison.;The car is in front of the house.
nom;A2;Verkehr;der ICE;ICE (train rapide allemand);ICE (German high-speed train);Mit dem ICE bin ich in vier Stunden in Hamburg.;Avec l'ICE, je suis à Hambourg en quatre heures.;By ICE I'm in Hamburg in four hours.
nom;A2;Verkehr;die Abfahrt;départ;departure;Die Abfahrt des Zuges ist um acht Uhr.;Le départ du train est à huit heures.;The train's departure is at eight.
nom;A2;Verkehr;der Anschluss;correspondance, connexion;connection;In Köln habe ich Anschluss nach Hamburg.;À Cologne, j'ai une correspondance pour Hambourg.;In Cologne I have a connection to Hamburg.
nom;B1;Verkehr;der Führerschein;permis de conduire;driver's license;Er hat seinen Führerschein letzten Monat gemacht.;Il a obtenu son permis de conduire le mois dernier.;He got his driver's license last month.
nom;B1;Verkehr;die Ampel;feu de circulation;traffic light;Die Ampel springt gleich auf Grün.;Le feu va bientôt passer au vert.;The traffic light is about to turn green.
nom;B1;Verkehr;der Stau;embouteillage;traffic jam;Wir stehen seit einer Stunde im Stau.;Nous sommes coincés dans les embouteillages depuis une heure.;We've been stuck in a traffic jam for an hour.
nom;B1;Verkehr;die Kreuzung;carrefour;intersection;An der Kreuzung müssen wir links abbiegen.;À l'intersection, nous devons tourner à gauche.;At the intersection, we have to turn left.
nom;B1;Verkehr;der Verkehrsunfall;accident de la route;traffic accident;Der Verkehrsunfall verursachte großen Schaden.;L'accident de la route a causé de gros dégâts.;The traffic accident caused a lot of damage.
nom;B1;Verkehr;die Geschwindigkeit;vitesse;speed;Die Geschwindigkeit war viel zu hoch.;La vitesse était beaucoup trop élevée.;The speed was much too high.
nom;B1;Verkehr;das Fahrzeug;véhicule;vehicle;Dieses Fahrzeug verbraucht wenig Benzin.;Ce véhicule consomme peu d'essence.;This vehicle uses little gasoline.
nom;B1;Verkehr;der Anker;l'ancre;anchor;Das Schiff wirft im Hafen Anker.;Le navire jette l'ancre dans le port.;The ship drops anchor in the harbour.
nom;B1;Verkehr;das Kennzeichen;la plaque d'immatriculation;licence plate;Ich habe mir das Kennzeichen gemerkt.;J'ai retenu la plaque d'immatriculation.;I memorised the licence plate.
nom;B1;Verkehr;der Transport;transport;transport;Der Transport der Möbel dauert zwei Tage.;Le transport des meubles dure deux jours.;The transport of the furniture takes two days.
nom;B1;Verkehr;die Entfernung;distance;distance;Die Entfernung zur Stadt beträgt zehn Kilometer.;La distance jusqu'à la ville est de dix kilomètres.;The distance to the city is ten kilometers.
nom;B1;Verkehr;die Mobilität;mobilité;mobility;Die Mobilität in der Stadt hat sich stark verbessert.;La mobilité en ville s'est fortement améliorée.;Mobility in the city has greatly improved.
nom;B1;Verkehr;das Tempo;rythme, vitesse;pace, tempo;Jeder lernt in seinem eigenen Tempo.;Chacun apprend à son propre rythme.;Everyone learns at their own pace.
nom;B1;Verkehr;die Distanz;distance;distance;Er hält immer eine gewisse Distanz zu Kollegen.;Il garde toujours une certaine distance avec ses collègues.;He always keeps a certain distance from colleagues.
nom;B1;Verkehr;die Tageskarte;billet journalier;day pass;Für das Turnier gibt es auch Tageskarten.;Il y a aussi des billets journaliers pour le tournoi.;There are also day passes for the tournament.
nom;B1;Verkehr;das Ersatzteil;pièce de rechange;spare part;Für dieses alte Fahrrad findet man kaum Ersatzteile.;On trouve difficilement des pièces de rechange pour ce vieux vélo.;It's hard to find spare parts for this old bike.
nom;B1;Verkehr;die Klingel;sonnette;doorbell, bell;Die Klingel an der Tür funktioniert nicht mehr.;La sonnette de la porte ne fonctionne plus.;The doorbell no longer works.
nom;B1;Verkehr;der Lenker;guidon;handlebar;Er hält sich fest am Lenker des Fahrrads.;Il se tient fermement au guidon du vélo.;He holds tightly onto the bike's handlebar.
nom;B1;Verkehr;die Luftpumpe;pompe à vélo;bike pump;Hast du eine Luftpumpe für meinen Reifen?;As-tu une pompe pour mon pneu ?;Do you have a pump for my tire?
nom;B1;Verkehr;das Rücklicht;feu arrière;rear light;Ohne Rücklicht darfst du nachts nicht fahren.;Tu ne peux pas rouler la nuit sans feu arrière.;You can't ride at night without a rear light.
nom;B1;Verkehr;das Car-Sharing;autopartage;car-sharing;Car-Sharing ist in der Stadt sehr beliebt.;L'autopartage est très populaire en ville.;Car-sharing is very popular in the city.
nom;B1;Verkehr;der Bahnsteig;quai (de gare);train platform;Der Zug fährt in fünf Minuten von Bahnsteig drei ab.;Le train part du quai trois dans cinq minutes.;The train departs from platform three in five minutes.
nom;B1;Verkehr;die Tram;tramway;tram;Die Tram hält direkt vor dem Museum.;Le tramway s'arrête juste devant le musée.;The tram stops right in front of the museum.
nom;B1;Verkehr;das Benzin;essence;petrol;Das Benzin ist wieder teurer geworden.;L'essence a encore augmenté.;Petrol has become more expensive again.
nom;B1;Verkehr;das Boot;bateau, barque;boat;Wir fahren mit dem Boot über den See.;Nous traversons le lac en barque.;We're crossing the lake by boat.
nom;B1;Verkehr;die Bremse;frein;brake;Die Bremse am Fahrrad funktioniert nicht.;Le frein du vélo ne fonctionne pas.;The brake on the bike doesn't work.
nom;B1;Verkehr;die Einbahnstraße;rue à sens unique;one-way street;Vorsicht, das ist eine Einbahnstraße!;Attention, c'est une rue à sens unique !;Careful, this is a one-way street!
nom;B1;Verkehr;die Eisenbahn;chemin de fer;railway;Mein Großvater hat bei der Eisenbahn gearbeitet.;Mon grand-père a travaillé aux chemins de fer.;My grandfather worked for the railway.
nom;B1;Verkehr;die Fahrbahn;chaussée, voie;roadway, lane;Auf der linken Fahrbahn wird gebaut.;Il y a des travaux sur la voie de gauche.;There are roadworks in the left lane.
nom;B1;Verkehr;der Fußgänger;piéton;pedestrian;Hier haben Fußgänger Vorrang.;Ici, les piétons ont la priorité.;Pedestrians have right of way here.
nom;B1;Verkehr;die Fähre;ferry, bac;ferry;Die Fähre fährt jede Stunde.;Le ferry part toutes les heures.;The ferry leaves every hour.
nom;B1;Verkehr;das Gleis;voie, quai;platform, track;Der Zug fährt von Gleis drei ab.;Le train part de la voie trois.;The train leaves from platform three.
nom;B1;Verkehr;der Hauptbahnhof;gare centrale;main station;Wir treffen uns am Hauptbahnhof.;On se retrouve à la gare centrale.;We'll meet at the main station.
nom;B1;Verkehr;die Kurve;virage, courbe;bend, curve;Fahr langsam, die Kurve ist eng.;Roule doucement, le virage est serré.;Drive slowly, the bend is tight.
nom;B1;Verkehr;der Laster;camion;lorry, truck;Ein Laster blockiert die Straße.;Un camion bloque la rue.;A lorry is blocking the road.
nom;B1;Verkehr;der Passagier;passager;passenger;Alle Passagiere warten am Gate.;Tous les passagers attendent à la porte.;All passengers are waiting at the gate.
nom;B1;Verkehr;der Radfahrer;cycliste;cyclist;Radfahrer benutzen bitte den Weg rechts.;Les cyclistes empruntent la piste de droite.;Cyclists please use the path on the right.
nom;B1;Verkehr;die Richtung;direction;direction;Fahren Sie in Richtung Bahnhof.;Roulez en direction de la gare.;Drive in the direction of the station.
nom;B1;Verkehr;der Sitz;siège, place assise;seat;Der Sitz am Fenster ist frei.;La place près de la fenêtre est libre.;The seat by the window is free.
nom;B1;Verkehr;der Speisewagen;wagon-restaurant;dining car;Der Speisewagen ist im vierten Wagen.;Le wagon-restaurant est en quatrième voiture.;The dining car is in coach four.
nom;B1;Verkehr;die Spur;"voie ; trace";"lane; trace";Bleib bitte auf der rechten Spur.;Reste sur la voie de droite, s'il te plaît.;Please stay in the right-hand lane.
nom;B1;Verkehr;die Station;station, arrêt;stop, station;Noch drei Stationen, dann steigen wir aus.;Encore trois stations, puis nous descendons.;Three more stops and then we get off.
nom;B1;Verkehr;der Strafzettel;contravention, PV;parking ticket;An der Scheibe klebt ein Strafzettel.;Il y a une contravention collée sur le pare-brise.;There's a parking ticket on the windscreen.
nom;B1;Verkehr;die Strecke;trajet, parcours;route, distance;Die Strecke ist dreißig Kilometer lang.;Le trajet fait trente kilomètres.;The route is thirty kilometres long.
nom;B1;Verkehr;das Verkehrsmittel;moyen de transport;means of transport;Ich fahre nur mit öffentlichen Verkehrsmitteln.;Je ne me déplace qu'en transports en commun.;I only travel by public transport.
nom;B1;Verkehr;die Zone;zone;zone;Für diese Zone brauchen Sie ein anderes Ticket.;Pour cette zone, il vous faut un autre ticket.;For this zone you need a different ticket.
nom;B1;Verkehr;die Durchsage;annonce (haut-parleur);announcement;Haben Sie die Durchsage verstanden?;Avez-vous compris l'annonce ?;Did you understand the announcement?
nom;B1;Verkehr;das Verkehrszeichen;panneau de signalisation;road sign;Dieses Verkehrszeichen kenne ich nicht.;Je ne connais pas ce panneau.;I don't know this road sign.
nom;B1;Verkehr;die Ausfahrt;sortie (d'autoroute);exit (motorway);Nehmen Sie die nächste Ausfahrt.;Prenez la prochaine sortie.;Take the next exit.
nom;B1;Verkehr;der Gehsteig;trottoir;pavement;Auf dem Gehsteig darf man nicht parken.;On n'a pas le droit de se garer sur le trottoir.;You may not park on the pavement.
nom;B1;Verkehr;die Geschwindigkeitsbeschränkung;limitation de vitesse;speed limit;Hier gilt eine Geschwindigkeitsbeschränkung von 30.;Ici, la vitesse est limitée à 30.;There's a speed limit of 30 here.
nom;B1;Verkehr;der Lkw;poids lourd, camion;lorry, truck;Lkws dürfen sonntags nicht fahren.;Les poids lourds ne peuvent pas rouler le dimanche.;Lorries may not drive on Sundays.
nom;B1;Verkehr;der Perron;quai (de gare);platform;Der Zug steht auf Perron zwei.;Le train est au quai deux.;The train is at platform two.
nom;B1;Verkehr;der Pkw;voiture particulière;car;Mit dem Pkw braucht man zwei Stunden.;En voiture, il faut deux heures.;By car it takes two hours.
nom;B1;Verkehr;die S-Bahn;train de banlieue;suburban train;Mit der S-Bahn bin ich in zwanzig Minuten da.;Avec le train de banlieue, j'y suis en vingt minutes.;By suburban train I'm there in twenty minutes.
nom;B1;Verkehr;das Trottoir;trottoir;pavement;Die Kinder spielen auf dem Trottoir.;Les enfants jouent sur le trottoir.;The children are playing on the pavement.
nom;B1;Verkehr;der Zuschlag;supplément;surcharge;Für den Schnellzug zahlt man einen Zuschlag.;Pour le train rapide, on paie un supplément.;There's a surcharge for the fast train.
nom;B1;Verkehr;die Ansage;annonce;announcement;Die Ansage war schlecht zu verstehen.;L'annonce était difficile à comprendre.;The announcement was hard to understand.
nom;B1;Verkehr;der Diesel;gazole, diesel;diesel;Diesel ist billiger als Benzin.;Le gazole est moins cher que l'essence.;Diesel is cheaper than petrol.
nom;B1;Verkehr;die Einfahrt;entrée (véhicules);entrance, driveway;Bitte die Einfahrt freihalten!;Prière de laisser l'entrée libre !;Please keep the driveway clear!
nom;B1;Verkehr;die Fahrschule;auto-école;driving school;Die Fahrschule kostet zweitausend Euro.;L'auto-école coûte deux mille euros.;The driving school costs two thousand euros.
nom;B1;Verkehr;die Jahreskarte;abonnement annuel;annual pass;Mit der Jahreskarte spare ich viel Geld.;Avec l'abonnement annuel, j'économise beaucoup.;With the annual pass I save a lot of money.
nom;B1;Verkehr;der Kofferraum;coffre (de voiture);boot, trunk;Die Koffer sind im Kofferraum.;Les valises sont dans le coffre.;The suitcases are in the boot.
nom;B1;Verkehr;das Kraftfahrzeug;véhicule à moteur;motor vehicle;Für das Kraftfahrzeug braucht man eine Versicherung.;Il faut une assurance pour le véhicule à moteur.;You need insurance for the motor vehicle.
nom;B1;Verkehr;das Motorrad;moto;motorbike;Im Sommer fährt er Motorrad.;En été, il fait de la moto.;In summer he rides a motorbike.
nom;B1;Verkehr;die Parkuhr;parcmètre;parking meter;Die Parkuhr nimmt nur Münzen.;Le parcmètre n'accepte que les pièces.;The parking meter only takes coins.
nom;B1;Verkehr;das Billett;billet;ticket;Das Billett gilt zwei Stunden.;Le billet est valable deux heures.;The ticket is valid for two hours.
nom;B1;Verkehr;das E-Bike;vélo électrique;e-bike;Mit dem E-Bike schaffe ich auch den Berg.;Avec le vélo électrique, j'arrive même à monter la côte.;With the e-bike I can manage the hill too.
nom;B1;Verkehr;das Kfz;véhicule (abréviation);motor vehicle (abbrev.);Die Kfz-Versicherung ist Pflicht.;L'assurance du véhicule est obligatoire.;Motor vehicle insurance is compulsory.
nom;B2;Verkehr;die Verkehrsregel;règle de circulation;traffic rule;Diese Verkehrsregel kennen viele Autofahrer nicht.;Beaucoup d'automobilistes ne connaissent pas cette règle de circulation.;Many drivers don't know this traffic rule.
nom;B2;Verkehr;die Autobahn;autoroute;highway;Die Autobahn ist heute wegen eines Unfalls gesperrt.;L'autoroute est fermée aujourd'hui à cause d'un accident.;The highway is closed today because of an accident.
nom;B2;Verkehr;der Fahrplan;horaire;schedule, timetable;Der Fahrplan ändert sich am Wochenende.;L'horaire change le week-end.;The schedule changes on weekends.
nom;B2;Verkehr;die Baustelle;chantier;construction site;Wegen der Baustelle staut sich der Verkehr.;À cause du chantier, la circulation est bouchée.;Traffic is backed up because of the construction site.
nom;B2;Verkehr;die Verkehrsinfrastruktur;infrastructure routière;transport infrastructure;Die Verkehrsinfrastruktur muss dringend modernisiert werden.;L'infrastructure routière doit être modernisée d'urgence.;The transport infrastructure urgently needs modernizing.
nom;B2;Verkehr;der Fahrzeugschein;carte grise;vehicle registration document;Der Fahrzeugschein liegt im Handschuhfach.;La carte grise est dans la boîte à gants.;The registration document is in the glove compartment.
nom;B2;Verkehr;das Parkhaus;parking couvert;multi-storey car park;Das Parkhaus schließt um Mitternacht.;Le parking ferme à minuit.;The car park closes at midnight.
nom;B2;Verkehr;die Bushaltestelle;arrêt de bus;bus stop;Die Bushaltestelle wurde verlegt.;L'arrêt de bus a été déplacé.;The bus stop was moved.
nom;B2;Verkehr;die Fahrkarte;titre de transport;ticket;Die Fahrkarte gilt zwei Stunden.;Le titre de transport est valable deux heures.;The ticket is valid for two hours.
nom;B2;Verkehr;der Ticketautomat;distributeur de billets;ticket machine;Der Ticketautomat nimmt keine Scheine.;Le distributeur n'accepte pas les billets.;The ticket machine does not take notes.
nom;B2;Verkehr;das Umsteigen;correspondance;changing trains;Beim Umsteigen bleiben vier Minuten.;Pour la correspondance, il reste quatre minutes.;There are four minutes to change trains.
nom;B2;Verkehr;der Kreisverkehr;rond-point;roundabout;Am Kreisverkehr die zweite Ausfahrt nehmen.;Au rond-point, prendre la deuxième sortie.;At the roundabout take the second exit.
nom;B2;Verkehr;die Geschwindigkeitsbegrenzung;limitation de vitesse;speed limit;Hier gilt eine Geschwindigkeitsbegrenzung von dreißig.;Ici s'applique une limitation à trente.;A speed limit of thirty applies here.
nom;B2;Verkehr;die Panne;panne;breakdown;Wir hatten eine Panne auf der Autobahn.;Nous sommes tombés en panne sur l'autoroute.;We had a breakdown on the motorway.
nom;B2;Verkehr;die Werkstatt;garage, atelier;garage, workshop;Das Auto ist bis Freitag in der Werkstatt.;La voiture est au garage jusqu'à vendredi.;The car is in the garage until Friday.
nom;A1;Reisen und Urlaub;der Urlaub;vacances;vacation;Wir fahren im Sommer in den Urlaub.;Nous partons en vacances en été.;We go on vacation in the summer.
nom;A1;Reisen und Urlaub;der Koffer;valise;suitcase;Mein Koffer ist sehr schwer.;Ma valise est très lourde.;My suitcase is very heavy.
nom;A1;Reisen und Urlaub;das Hotel;hôtel;hotel;Das Hotel liegt direkt am Strand.;L'hôtel se trouve juste au bord de la plage.;The hotel is right on the beach.
nom;A1;Reisen und Urlaub;der Pass;passeport;passport;Vergiss deinen Pass nicht.;N'oublie pas ton passeport.;Don't forget your passport.
nom;A1;Reisen und Urlaub;die Reise;voyage;trip;Die Reise nach Spanien war schön.;Le voyage en Espagne était magnifique.;The trip to Spain was beautiful.
nom;A1;Reisen und Urlaub;das Ticket;billet;ticket;Ich habe das Ticket schon gekauft.;J'ai déjà acheté le billet.;I already bought the ticket.
nom;A1;Reisen und Urlaub;der Flughafen;aéroport;airport;Wir treffen uns am Flughafen.;On se retrouve à l'aéroport.;We'll meet at the airport.
nom;A1;Reisen und Urlaub;die Landkarte;carte;map;Wir brauchen eine Landkarte.;Nous avons besoin d'une carte.;We need a map.
nom;A1;Reisen und Urlaub;der Ausflug;excursion;excursion;Wir machen morgen einen Ausflug.;Nous faisons une excursion demain.;We're going on an excursion tomorrow.
nom;A1;Reisen und Urlaub;das Gepäck;bagages;luggage;Mein Gepäck ist noch nicht da.;Mes bagages ne sont pas encore arrivés.;My luggage hasn't arrived yet.
nom;A1;Reisen und Urlaub;das Reisebüro;agence de voyage;travel agency;Ich buche den Urlaub im Reisebüro.;Je réserve les vacances à l'agence de voyage.;I'm booking the vacation at the travel agency.
nom;A1;Reisen und Urlaub;der Rucksack;sac à dos;backpack;Ich packe meinen Rucksack.;Je fais mon sac à dos.;I'm packing my backpack.
nom;A1;Reisen und Urlaub;das Souvenir;souvenir;souvenir;Ich kaufe ein Souvenir für dich.;J'achète un souvenir pour toi.;I'm buying a souvenir for you.
nom;A2;Reisen und Urlaub;der Flughafen;aéroport;airport;Der Flughafen ist sehr modern.;L'aéroport est très moderne.;The airport is very modern.
nom;A2;Reisen und Urlaub;das Ticket;billet;ticket;Das Ticket kostet fünfzig Euro.;Le billet coûte cinquante euros.;The ticket costs fifty euros.
nom;A2;Reisen und Urlaub;die Reise;voyage;trip;Die Reise dauert insgesamt zwei Wochen.;Le voyage dure au total deux semaines.;The trip lasts a total of two weeks.
nom;A2;Reisen und Urlaub;die Landkarte;carte;map;Ohne Landkarte finden wir den Weg nicht.;Sans carte, nous ne trouvons pas le chemin.;Without a map, we can't find the way.
nom;A2;Reisen und Urlaub;der Anschlussflug;vol de correspondance;connecting flight;Unser Anschlussflug hat Verspätung.;Notre vol de correspondance a du retard.;Our connecting flight is delayed.
nom;A2;Reisen und Urlaub;das Gepäckband;tapis à bagages;baggage carousel;Mein Koffer kommt gleich am Gepäckband.;Ma valise arrive bientôt au tapis à bagages.;My suitcase will arrive at the baggage carousel soon.
nom;A2;Reisen und Urlaub;die Zollkontrolle;contrôle douanier;customs control;Wir warten an der Zollkontrolle.;Nous attendons au contrôle douanier.;We're waiting at customs control.
nom;A2;Reisen und Urlaub;die Ferienwohnung;appartement de vacances;vacation rental;Wir mieten eine Ferienwohnung am Meer.;Nous louons un appartement de vacances au bord de la mer.;We're renting a vacation rental by the sea.
nom;A2;Reisen und Urlaub;der Campingplatz;camping;campsite;Der Campingplatz liegt direkt am See.;Le camping se trouve juste au bord du lac.;The campsite is right by the lake.
nom;A2;Reisen und Urlaub;das Reiseziel;destination;destination;Unser nächstes Reiseziel ist Portugal.;Notre prochaine destination est le Portugal.;Our next destination is Portugal.
nom;A2;Reisen und Urlaub;die Auskunft;renseignement;information;Am Schalter bekommen Sie eine Auskunft.;Au guichet, vous obtiendrez un renseignement.;You can get information at the counter.
nom;A2;Reisen und Urlaub;die Ferien;vacances scolaires;school holidays;In den Ferien fahren wir ans Meer.;Pendant les vacances, nous allons à la mer.;During the holidays we go to the seaside.
nom;A2;Reisen und Urlaub;der Flug;vol;flight;Der Flug nach Berlin dauert eine Stunde.;Le vol pour Berlin dure une heure.;The flight to Berlin takes an hour.
nom;A2;Reisen und Urlaub;der Stadtplan;plan de la ville;city map;Ohne Stadtplan finde ich den Weg nicht.;Sans plan de la ville, je ne trouve pas le chemin.;Without a city map I can't find the way.
nom;A2;Reisen und Urlaub;die Tour;excursion, sortie;tour;Am Wochenende machen wir eine Tour mit dem Rad.;Le week-end, nous faisons une sortie à vélo.;At the weekend we go on a bike tour.
nom;A2;Reisen und Urlaub;der Tourist;touriste;tourist;Im Sommer kommen viele Touristen in die Stadt.;En été, beaucoup de touristes viennent en ville.;In summer many tourists come to the city.
nom;A2;Reisen und Urlaub;das Ausland;étranger (pays);abroad;Mein Bruder lebt seit Jahren im Ausland.;Mon frère vit à l'étranger depuis des années.;My brother has lived abroad for years.
nom;A2;Reisen und Urlaub;die Postkarte;carte postale;postcard;Ich schicke dir eine Postkarte aus Wien.;Je t'envoie une carte postale de Vienne.;I'm sending you a postcard from Vienna.
nom;A2;Reisen und Urlaub;das Zelt;tente;tent;Wir schlafen im Zelt am See.;Nous dormons sous la tente au bord du lac.;We're sleeping in a tent by the lake.
nom;A2;Reisen und Urlaub;das Doppelzimmer;chambre double;double room;Wir hätten gern ein Doppelzimmer.;Nous voudrions une chambre double.;We'd like a double room.
nom;A2;Reisen und Urlaub;der Rundgang;visite guidée, circuit;guided tour;Der Rundgang durch die Altstadt dauert eine Stunde.;La visite de la vieille ville dure une heure.;The tour of the old town takes an hour.
nom;B1;Reisen und Urlaub;die Unterkunft;hébergement;accommodation;Unsere Unterkunft liegt direkt am Strand.;Notre hébergement se trouve juste sur la plage.;Our accommodation is right on the beach.
nom;B1;Reisen und Urlaub;die Sehenswürdigkeit;site touristique;tourist attraction;Diese Sehenswürdigkeit sollte man nicht verpassen.;Il ne faut pas manquer ce site touristique.;This tourist attraction shouldn't be missed.
nom;B1;Reisen und Urlaub;der Reiseführer;guide de voyage;travel guide;Der Reiseführer kennt die Stadt sehr gut.;Le guide de voyage connaît très bien la ville.;The travel guide knows the city very well.
nom;B1;Reisen und Urlaub;die Buchung;réservation;booking;Die Buchung wurde sofort bestätigt.;La réservation a été immédiatement confirmée.;The booking was confirmed immediately.
nom;B1;Reisen und Urlaub;der Reiseveranstalter;voyagiste;tour operator;Der Reiseveranstalter bietet günstige Pauschalreisen an.;Le voyagiste propose des voyages organisés à prix abordable.;The tour operator offers affordable package trips.
nom;B1;Reisen und Urlaub;der Kulturschock;choc culturel;culture shock;Der Kulturschock war am Anfang ziemlich stark.;Le choc culturel était assez fort au début.;The culture shock was quite strong at first.
nom;B1;Reisen und Urlaub;die Erfahrung;expérience (de voyage);experience;Diese Erfahrung werde ich nie vergessen.;Je n'oublierai jamais cette expérience.;I will never forget this experience.
nom;B1;Reisen und Urlaub;der/die Einheimische;habitant local, autochtone;local (person);Die Einheimischen kennen die schönsten Strände.;Les habitants locaux connaissent les plus belles plages.;The locals know the most beautiful beaches.
nom;B1;Reisen und Urlaub;die Aussicht;vue, perspective;view, prospect;Von hier oben hat man eine tolle Aussicht.;D'ici, on a une vue magnifique.;From up here you have a great view.
nom;B1;Reisen und Urlaub;der Aufenthalt;séjour;stay;Der Aufenthalt in Wien war zu kurz.;Le séjour à Vienne était trop court.;The stay in Vienna was too short.
nom;B1;Reisen und Urlaub;das Erlebnis;expérience vécue;experience;Die Reise war ein schönes Erlebnis.;Le voyage a été une belle expérience.;The trip was a lovely experience.
nom;B1;Reisen und Urlaub;die Halbpension;demi-pension;half board;Wir buchen das Hotel mit Halbpension.;Nous réservons l'hôtel en demi-pension.;We're booking the hotel with half board.
nom;B1;Reisen und Urlaub;die Landung;atterrissage;landing;Die Landung war sehr ruhig.;L'atterrissage a été très doux.;The landing was very smooth.
nom;B1;Reisen und Urlaub;die Rezeption;réception (hôtel);reception;Den Schlüssel bekommen Sie an der Rezeption.;Vous obtiendrez la clé à la réception.;You get the key at reception.
nom;B1;Reisen und Urlaub;der Tourismus;tourisme;tourism;Die Insel lebt vom Tourismus.;L'île vit du tourisme.;The island lives from tourism.
nom;B1;Reisen und Urlaub;die Jugendherberge;auberge de jeunesse;youth hostel;In der Jugendherberge kostet die Nacht zwanzig Euro.;À l'auberge de jeunesse, la nuit coûte vingt euros.;A night at the youth hostel costs twenty euros.
nom;B1;Reisen und Urlaub;die Reservierung;réservation;reservation;Haben Sie eine Reservierung?;Avez-vous une réservation ?;Do you have a reservation?
nom;B1;Reisen und Urlaub;die Rückkehr;retour;return;Nach seiner Rückkehr sucht er Arbeit.;Après son retour, il cherche du travail.;After his return he is looking for work.
nom;B1;Reisen und Urlaub;das Terminal;terminal (aéroport);terminal;Unser Flug geht von Terminal zwei.;Notre vol part du terminal deux.;Our flight leaves from terminal two.
nom;B1;Reisen und Urlaub;die Pension;"pension (hébergement) ; retraite";"guest house; pension";Wir übernachten in einer kleinen Pension.;Nous logeons dans une petite pension.;We're staying in a small guest house.
nom;B1;Reisen und Urlaub;die Rückfahrt;trajet de retour;return journey;Die Rückfahrt dauert länger.;Le trajet de retour dure plus longtemps.;The return journey takes longer.
nom;B1;Reisen und Urlaub;das Camp;camp;camp;Die Kinder fahren im Juli ins Camp.;Les enfants partent en camp en juillet.;The children go to camp in July.
nom;B1;Reisen und Urlaub;die Rundfahrt;circuit, tour;sightseeing tour;Die Rundfahrt dauert zwei Stunden.;Le circuit dure deux heures.;The tour lasts two hours.
nom;B2;Reisen und Urlaub;die Verspätung;retard;delay;Unser Flug hatte über zwei Stunden Verspätung.;Notre vol a eu plus de deux heures de retard.;Our flight was delayed by more than two hours.
nom;B2;Reisen und Urlaub;die Reiseversicherung;assurance voyage;travel insurance;Ich schließe immer eine Reiseversicherung ab.;Je souscris toujours une assurance voyage.;I always take out travel insurance.
nom;B2;Reisen und Urlaub;das Visum;visa;visa;Für dieses Land benötigen wir ein Visum.;Nous avons besoin d'un visa pour ce pays.;We need a visa for this country.
nom;B2;Reisen und Urlaub;der Zoll;douane;customs;Am Zoll mussten wir unser Gepäck öffnen.;À la douane, nous avons dû ouvrir nos bagages.;At customs, we had to open our luggage.
nom;B2;Reisen und Urlaub;der Nachhaltigkeitstourismus;tourisme durable;sustainable tourism;Der Nachhaltigkeitstourismus gewinnt immer mehr Anhänger.;Le tourisme durable gagne de plus en plus d'adeptes.;Sustainable tourism is gaining more and more followers.
nom;B2;Reisen und Urlaub;die Anzahlung;acompte;deposit, down payment;Die Anzahlung beträgt zwanzig Prozent.;L'acompte s'élève à vingt pour cent.;The deposit is twenty per cent.
nom;B2;Reisen und Urlaub;der Reiseleiter;accompagnateur, guide;tour guide;Der Reiseleiter spricht drei Sprachen.;Le guide parle trois langues.;The tour guide speaks three languages.
nom;B2;Reisen und Urlaub;die Grenze;frontière;border;An der Grenze wurde nicht kontrolliert.;Il n'y a pas eu de contrôle à la frontière.;There was no check at the border.
nom;B2;Reisen und Urlaub;der Abflug;décollage, départ (avion);departure (flight);Der Abflug verzögert sich um zwei Stunden.;Le départ est retardé de deux heures.;The departure is delayed by two hours.
nom;B2;Reisen und Urlaub;die Ankunft;arrivée;arrival;Die Ankunft ist für achtzehn Uhr geplant.;L'arrivée est prévue à dix-huit heures.;Arrival is scheduled for six o'clock.
nom;B2;Reisen und Urlaub;die Fährverbindung;liaison par ferry;ferry connection;Im Winter gibt es keine Fährverbindung.;En hiver, il n'y a pas de liaison par ferry.;There is no ferry connection in winter.
nom;B2;Reisen und Urlaub;die Übernachtung;nuitée;overnight stay;Die Übernachtung kostet achtzig Euro.;La nuitée coûte quatre-vingts euros.;The overnight stay costs eighty euros.
nom;A1;Stadt und Gebäude;die Stadt;ville;city;Berlin ist eine große Stadt.;Berlin est une grande ville.;Berlin is a big city.
nom;A1;Stadt und Gebäude;das Gebäude;bâtiment;building;Das Gebäude ist sehr alt.;Le bâtiment est très ancien.;The building is very old.
nom;A1;Stadt und Gebäude;der Park;parc;park;Wir gehen im Park spazieren.;Nous nous promenons dans le parc.;We're taking a walk in the park.
nom;A1;Stadt und Gebäude;das Rathaus;mairie;city hall;Das Rathaus steht am Marktplatz.;La mairie se trouve sur la place du marché.;City hall is on the market square.
nom;A1;Stadt und Gebäude;die Kirche;église;church;Die Kirche ist im Stadtzentrum.;L'église est au centre-ville.;The church is in the city center.
nom;A1;Stadt und Gebäude;der Markt;marché;market;Wir kaufen Gemüse auf dem Markt.;Nous achetons des légumes au marché.;We buy vegetables at the market.
nom;A1;Stadt und Gebäude;das Museum;musée;museum;Das Museum ist heute geschlossen.;Le musée est fermé aujourd'hui.;The museum is closed today.
nom;A1;Stadt und Gebäude;die Brücke;pont;bridge;Die Brücke führt über den Fluss.;Le pont traverse la rivière.;The bridge crosses the river.
nom;A1;Stadt und Gebäude;der Platz;place;square;Die Leute treffen sich auf dem Platz.;Les gens se rencontrent sur la place.;People meet on the square.
nom;A1;Stadt und Gebäude;das Geschäft;magasin;store;Das Geschäft öffnet um neun Uhr.;Le magasin ouvre à neuf heures.;The store opens at nine o'clock.
nom;A1;Stadt und Gebäude;das Kino;cinéma;cinema;Wir gehen heute Abend ins Kino.;Nous allons au cinéma ce soir.;We're going to the movies tonight.
nom;A1;Stadt und Gebäude;das Restaurant;restaurant;restaurant;Das Restaurant ist sehr beliebt.;Le restaurant est très populaire.;The restaurant is very popular.
nom;A1;Stadt und Gebäude;der Turm;tour;tower;Der Turm ist sehr hoch.;La tour est très haute.;The tower is very tall.
nom;A1;Stadt und Gebäude;die Toilette;les toilettes;toilet;Wo ist bitte die Toilette?;Où sont les toilettes, s'il vous plaît ?;Where is the toilet, please?
nom;A1;Stadt und Gebäude;die Bar;le bar;bar;Wir treffen uns in der Bar an der Ecke.;On se retrouve au bar du coin.;We're meeting at the bar on the corner.
nom;A1;Stadt und Gebäude;der Laden;le magasin;shop, store;Der Laden macht um acht auf.;Le magasin ouvre à huit heures.;The shop opens at eight.
nom;A1;Stadt und Gebäude;das Theater;théâtre;theatre;Wir gehen heute Abend ins Theater.;Nous allons au théâtre ce soir.;We're going to the theatre tonight.
nom;A2;Stadt und Gebäude;das Rathaus;mairie;city hall;Das Rathaus ist ein historisches Gebäude.;La mairie est un bâtiment historique.;City hall is a historic building.
nom;A2;Stadt und Gebäude;die Kirche;église;church;Die Kirche läutet um zwölf Uhr.;L'église sonne à midi.;The church bells ring at noon.
nom;A2;Stadt und Gebäude;der Markt;marché;market;Der Markt findet jeden Samstag statt.;Le marché a lieu tous les samedis.;The market takes place every Saturday.
nom;A2;Stadt und Gebäude;das Museum;musée;museum;Das Museum zeigt eine neue Ausstellung.;Le musée présente une nouvelle exposition.;The museum is showing a new exhibition.
nom;A2;Stadt und Gebäude;die Fußgängerzone;zone piétonne;pedestrian zone;Die Fußgängerzone ist immer voller Leute.;La zone piétonne est toujours pleine de monde.;The pedestrian zone is always full of people.
nom;A2;Stadt und Gebäude;das Wohnviertel;quartier résidentiel;residential neighborhood;Das Wohnviertel ist sehr familienfreundlich.;Le quartier résidentiel est très adapté aux familles.;The residential neighborhood is very family-friendly.
nom;A2;Stadt und Gebäude;das Hochhaus;gratte-ciel;skyscraper;Das Hochhaus hat vierzig Stockwerke.;Le gratte-ciel a quarante étages.;The skyscraper has forty floors.
nom;A2;Stadt und Gebäude;der Brunnen;fontaine;fountain;Kinder spielen am Brunnen.;Des enfants jouent près de la fontaine.;Children are playing by the fountain.
nom;A2;Stadt und Gebäude;der Ort;le lieu, l'endroit;place;Das ist ein ruhiger Ort zum Lesen.;C'est un endroit tranquille pour lire.;This is a quiet place to read.
nom;A2;Stadt und Gebäude;die Mauer;le mur;wall;Die Berliner Mauer fiel 1989.;Le mur de Berlin est tombé en 1989.;The Berlin Wall fell in 1989.
nom;A2;Stadt und Gebäude;der Hafen;le port;port, harbour;Das Schiff läuft in den Hafen ein.;Le navire entre dans le port.;The ship is entering the harbour.
nom;A2;Stadt und Gebäude;das Dorf;le village;village;Sie ist in einem kleinen Dorf aufgewachsen.;Elle a grandi dans un petit village.;She grew up in a small village.
nom;A2;Stadt und Gebäude;das Schloss;le château, la serrure;castle, lock;Das Schloss ist für Besucher geöffnet.;Le château est ouvert aux visiteurs.;The castle is open to visitors.
nom;A2;Stadt und Gebäude;das Zentrum;le centre;centre;Wir wohnen im Zentrum der Stadt.;Nous habitons au centre-ville.;We live in the city centre.
nom;A2;Stadt und Gebäude;der Halt;l'arrêt, l'appui;stop, hold;Der Bus macht hier keinen Halt.;L'autobus ne s'arrête pas ici.;The bus does not stop here.
nom;A2;Stadt und Gebäude;der Block;le bloc, l'immeuble;block;Sie wohnt im Block gegenüber.;Elle habite dans l'immeuble d'en face.;She lives in the block opposite.
nom;A2;Stadt und Gebäude;die Bäckerei;boulangerie;bakery;Die Bäckerei öffnet um sechs Uhr.;La boulangerie ouvre à six heures.;The bakery opens at six.
nom;A2;Stadt und Gebäude;der Eingang;entrée;entrance;Der Eingang ist auf der anderen Seite.;L'entrée est de l'autre côté.;The entrance is on the other side.
nom;A2;Stadt und Gebäude;der Kiosk;kiosque;kiosk;Am Kiosk kaufe ich eine Zeitung.;J'achète un journal au kiosque.;I buy a newspaper at the kiosk.
nom;A2;Stadt und Gebäude;die Mitte;milieu, centre;middle, centre;Das Hotel liegt in der Mitte der Stadt.;L'hôtel se trouve au centre de la ville.;The hotel is in the middle of the city.
nom;A2;Stadt und Gebäude;die Post;poste, courrier;post office, mail;Ich bringe den Brief zur Post.;J'apporte la lettre à la poste.;I'm taking the letter to the post office.
nom;A2;Stadt und Gebäude;der Schalter;"guichet ; interrupteur";"counter; switch";Fahrkarten bekommen Sie an Schalter zwei.;Les billets s'achètent au guichet deux.;You can get tickets at counter two.
nom;A2;Stadt und Gebäude;das Kaufhaus;grand magasin;department store;Das Kaufhaus hat fünf Stockwerke.;Le grand magasin a cinq étages.;The department store has five floors.
nom;B1;Stadt und Gebäude;das Denkmal;monument;monument;Das Denkmal erinnert an die Opfer des Krieges.;Le monument rend hommage aux victimes de la guerre.;The monument commemorates the victims of the war.
nom;B1;Stadt und Gebäude;der Bürgersteig;trottoir;sidewalk;Fahrräder stehen überall auf dem Bürgersteig.;Des vélos sont partout sur le trottoir.;Bicycles are everywhere on the sidewalk.
nom;B1;Stadt und Gebäude;die Innenstadt;centre-ville;city center, downtown;Die Innenstadt ist an Wochenenden sehr belebt.;Le centre-ville est très animé le week-end.;Downtown is very lively on weekends.
nom;B1;Stadt und Gebäude;der Vorort;banlieue;suburb;Wir wohnen in einem ruhigen Vorort.;Nous habitons dans une banlieue calme.;We live in a quiet suburb.
nom;B1;Stadt und Gebäude;die Wohnsiedlung;lotissement;housing development;In dieser Wohnsiedlung leben viele junge Familien.;De nombreuses jeunes familles vivent dans ce lotissement.;Many young families live in this housing development.
nom;B1;Stadt und Gebäude;das Bauamt;service de l'urbanisme;building authority;Das Bauamt genehmigt den neuen Bauplan.;Le service de l'urbanisme approuve le nouveau plan de construction.;The building authority approves the new building plan.
nom;B1;Stadt und Gebäude;die Hafenstadt;la ville portuaire;port city;Hamburg ist die größte Hafenstadt des Landes.;Hambourg est la plus grande ville portuaire du pays.;Hamburg is the country's largest port city.
nom;B1;Stadt und Gebäude;die Nähe;proximité;vicinity;Wir wohnen in der Nähe vom Bahnhof.;Nous habitons à proximité de la gare.;We live near the train station.
nom;B1;Stadt und Gebäude;die Ecke;coin;corner;Der Laden ist gleich um die Ecke.;Le magasin est juste au coin de la rue.;The shop is just around the corner.
nom;B1;Stadt und Gebäude;die Großstadt;grande ville;big city;Berlin ist eine sehr lebendige Großstadt.;Berlin est une grande ville très animée.;Berlin is a very lively big city.
nom;B1;Stadt und Gebäude;das Industriegebäude;bâtiment industriel;industrial building;Das alte Industriegebäude wurde in Wohnungen umgebaut.;L'ancien bâtiment industriel a été transformé en appartements.;The old industrial building was converted into apartments.
nom;B1;Stadt und Gebäude;das Industriegebiet;zone industrielle;industrial area;Die Fabrik liegt im Industriegebiet am Stadtrand.;L'usine se trouve dans la zone industrielle en périphérie.;The factory is located in the industrial area on the outskirts.
nom;B1;Stadt und Gebäude;die Region;région;region;Diese Region ist bekannt für ihren Wein.;Cette région est connue pour son vin.;This region is known for its wine.
nom;B1;Stadt und Gebäude;die Gemeinde;commune, municipalité;municipality;Die Gemeinde organisiert jedes Jahr ein Sommerfest.;La commune organise une fête d'été chaque année.;The municipality organizes a summer festival every year.
nom;B1;Stadt und Gebäude;die Metropole;métropole;metropolis;Tokio ist eine der größten Metropolen der Welt.;Tokyo est l'une des plus grandes métropoles du monde.;Tokyo is one of the largest metropolises in the world.
nom;B1;Stadt und Gebäude;die Feuerwehr;pompiers;fire department;Die Feuerwehr war innerhalb von fünf Minuten da.;Les pompiers sont arrivés en cinq minutes.;The fire department arrived within five minutes.
nom;B1;Stadt und Gebäude;die Moschee;mosquée;mosque;Die neue Moschee wurde letztes Jahr eröffnet.;La nouvelle mosquée a été inaugurée l'année dernière.;The new mosque opened last year.
nom;B1;Stadt und Gebäude;der Mittelpunkt;centre, point central;center, focal point;Der Marktplatz ist der Mittelpunkt der Altstadt.;La place du marché est le centre de la vieille ville.;The market square is the center of the old town.
nom;B1;Stadt und Gebäude;der Saal;salle (grande);hall;Die Konferenz findet im großen Saal statt.;La conférence a lieu dans la grande salle.;The conference takes place in the large hall.
nom;B1;Stadt und Gebäude;die Weltstadt;métropole mondiale;global city;Paris gilt als eine echte Weltstadt.;Paris est considérée comme une véritable métropole mondiale.;Paris is considered a true global city.
nom;B1;Stadt und Gebäude;der Alarm;alarme;alarm;Um drei Uhr nachts ging der Alarm los.;À trois heures du matin, l'alarme s'est déclenchée.;At three in the morning the alarm went off.
nom;B1;Stadt und Gebäude;der Ausgang;sortie;exit;Der Ausgang ist hinten rechts.;La sortie est au fond à droite.;The exit is at the back on the right.
nom;B1;Stadt und Gebäude;der Bau;construction, chantier;construction;Der Bau der Schule dauert zwei Jahre.;La construction de l'école dure deux ans.;The construction of the school takes two years.
nom;B1;Stadt und Gebäude;die Buchhandlung;librairie;bookshop;In der Buchhandlung gibt es auch Karten.;À la librairie, il y a aussi des cartes.;The bookshop also sells maps.
nom;B1;Stadt und Gebäude;die Drogerie;droguerie, parapharmacie;drugstore;Zahnpasta kaufe ich in der Drogerie.;J'achète le dentifrice à la droguerie.;I buy toothpaste at the drugstore.
nom;B1;Stadt und Gebäude;das Fundbüro;bureau des objets trouvés;lost property office;Frag im Fundbüro nach deinem Schlüssel.;Demande ta clé au bureau des objets trouvés.;Ask for your key at the lost property office.
nom;B1;Stadt und Gebäude;der Notausgang;sortie de secours;emergency exit;Der Notausgang ist hinten links.;La sortie de secours est au fond à gauche.;The emergency exit is at the back on the left.
nom;B1;Stadt und Gebäude;der Salon;salon (coiffure);salon;Ich habe einen Termin im Salon.;J'ai rendez-vous au salon de coiffure.;I have an appointment at the salon.
nom;B1;Stadt und Gebäude;der Spielplatz;aire de jeux;playground;Der Spielplatz ist gleich um die Ecke.;L'aire de jeux est juste au coin.;The playground is just around the corner.
nom;B1;Stadt und Gebäude;die Garderobe;vestiaire;cloakroom;Die Mäntel bleiben an der Garderobe.;Les manteaux restent au vestiaire.;The coats stay in the cloakroom.
nom;B1;Stadt und Gebäude;die Burg;château fort;castle;Über dem Dorf steht eine alte Burg.;Au-dessus du village se dresse un vieux château fort.;An old castle stands above the village.
nom;B1;Stadt und Gebäude;die City;centre-ville;city centre;In der City ist das Parken teuer.;Au centre-ville, le stationnement est cher.;Parking is expensive in the city centre.
nom;B1;Stadt und Gebäude;das Quartier;quartier;district, neighbourhood;Unser Quartier ist sehr ruhig.;Notre quartier est très calme.;Our neighbourhood is very quiet.
nom;B1;Stadt und Gebäude;die Bücherei;bibliothèque;library;In der Bücherei kann man Bücher ausleihen.;À la bibliothèque, on peut emprunter des livres.;You can borrow books at the library.
nom;B1;Stadt und Gebäude;die Fundsache;objet trouvé;lost property item;Die Fundsachen liegen im Büro nebenan.;Les objets trouvés sont dans le bureau d'à côté.;The lost property is in the office next door.
nom;B1;Stadt und Gebäude;die Querstraße;rue transversale;side street;Nehmen Sie die zweite Querstraße rechts.;Prenez la deuxième rue transversale à droite.;Take the second side street on the right.
nom;B2;Stadt und Gebäude;die Infrastruktur;infrastructure;infrastructure;Die Infrastruktur dieser Stadt ist sehr modern.;L'infrastructure de cette ville est très moderne.;This city's infrastructure is very modern.
nom;B2;Stadt und Gebäude;die Stadtplanung;urbanisme;urban planning;Die Stadtplanung berücksichtigt heute mehr Grünflächen.;L'urbanisme prend aujourd'hui davantage en compte les espaces verts.;Urban planning now takes more green spaces into account.
nom;B2;Stadt und Gebäude;die Gentrifizierung;gentrification;gentrification;Die Gentrifizierung verändert dieses Viertel stark.;La gentrification transforme fortement ce quartier.;Gentrification is drastically changing this neighborhood.
nom;B2;Stadt und Gebäude;das Wahrzeichen;monument emblématique;landmark;Dieser Turm ist das Wahrzeichen der Stadt.;Cette tour est le monument emblématique de la ville.;This tower is the city's landmark.
nom;B2;Stadt und Gebäude;die Stadtentwicklung;développement urbain;urban development;Die Stadtentwicklung schafft neue Arbeitsplätze.;Le développement urbain crée de nouveaux emplois.;Urban development creates new jobs.
nom;B2;Stadt und Gebäude;der Damm;la digue, le barrage;dam, embankment;Der Damm hält das Wasser zurück.;La digue retient l'eau.;The dam holds back the water.
nom;B2;Stadt und Gebäude;der Marktplatz;place du marché;market square;Auf dem Marktplatz ist samstags Wochenmarkt.;Le samedi, il y a marché sur la place.;There is a market on the square on Saturdays.
nom;B2;Stadt und Gebäude;die Fassade;façade;façade;Die Fassade wird nächstes Jahr saniert.;La façade sera rénovée l'an prochain.;The façade will be renovated next year.
nom;B2;Stadt und Gebäude;die Dachterrasse;terrasse sur le toit;roof terrace;Von der Dachterrasse sieht man den Fluss.;Depuis la terrasse, on voit la rivière.;You can see the river from the roof terrace.
nom;B2;Stadt und Gebäude;der Hinterhof;arrière-cour;backyard;Im Hinterhof stehen die Fahrräder.;Les vélos sont dans l'arrière-cour.;The bicycles are in the backyard.
nom;B2;Stadt und Gebäude;das Baugerüst;échafaudage;scaffolding;Das Baugerüst steht seit zwei Jahren.;L'échafaudage est là depuis deux ans.;The scaffolding has been up for two years.
nom;B2;Stadt und Gebäude;die Eingangshalle;hall d'entrée;entrance hall;In der Eingangshalle hängt ein alter Plan.;Un vieux plan est accroché dans le hall d'entrée.;An old map hangs in the entrance hall.
nom;B2;Stadt und Gebäude;der Kirchturm;clocher;church tower;Der Kirchturm ist von weitem zu sehen.;Le clocher se voit de loin.;The church tower can be seen from afar.
nom;B2;Stadt und Gebäude;die Stadtmauer;rempart;city wall;Von der Stadtmauer stehen noch drei Türme.;Il reste trois tours du rempart.;Three towers of the city wall still stand.
nom;B2;Stadt und Gebäude;das Gewerbegebiet;zone d'activité;commercial estate;Das Gewerbegebiet liegt am Ortsrand.;La zone d'activité est en bordure du village.;The commercial estate is on the edge of town.
nom;A1;Freizeit und Hobbys;der Film;film;movie;Der Film war sehr spannend.;Le film était très passionnant.;The movie was very exciting.
nom;A1;Freizeit und Hobbys;das Spiel;jeu;game;Die Kinder spielen ein Spiel.;Les enfants jouent à un jeu.;The children are playing a game.
nom;A1;Freizeit und Hobbys;die Musik;musique;music;Ich höre gern Musik.;J'aime écouter de la musique.;I like listening to music.
nom;A1;Freizeit und Hobbys;das Hobby;loisir;hobby;Mein Hobby ist Fotografieren.;Mon loisir, c'est la photographie.;My hobby is photography.
nom;A1;Freizeit und Hobbys;das Foto;photo;photo;Das Foto ist sehr schön.;La photo est très belle.;The photo is very beautiful.
nom;A1;Freizeit und Hobbys;die Party;fête;party;Die Party beginnt um acht Uhr.;La fête commence à huit heures.;The party starts at eight o'clock.
nom;A1;Freizeit und Hobbys;der Spaziergang;promenade;walk;Wir machen einen Spaziergang im Park.;Nous faisons une promenade dans le parc.;We're taking a walk in the park.
nom;A1;Freizeit und Hobbys;die Freizeit;temps libre;free time;In meiner Freizeit lese ich gern.;Pendant mon temps libre, j'aime lire.;In my free time, I like to read.
nom;A1;Freizeit und Hobbys;das Konzert;concert;concert;Das Konzert war fantastisch.;Le concert était fantastique.;The concert was fantastic.
nom;A1;Freizeit und Hobbys;der Tanz;danse;dance;Der Tanz dauert drei Minuten.;La danse dure trois minutes.;The dance lasts three minutes.
nom;A2;Freizeit und Hobbys;das Kino;cinéma;cinema;Wir sehen uns einen Film im Kino an.;Nous regardons un film au cinéma.;We're watching a movie at the cinema.
nom;A2;Freizeit und Hobbys;das Konzert;concert;concert;Das Konzert war ausverkauft.;Le concert affichait complet.;The concert was sold out.
nom;A2;Freizeit und Hobbys;der Ausflug;excursion;excursion;Am Wochenende machen wir einen Ausflug.;Ce week-end, nous faisons une excursion.;This weekend, we're going on an excursion.
nom;A2;Freizeit und Hobbys;das Fest;fête;festival;Das Fest zieht viele Besucher an.;La fête attire beaucoup de visiteurs.;The festival attracts many visitors.
nom;A2;Freizeit und Hobbys;das Brettspiel;jeu de société;board game;Wir spielen abends ein Brettspiel.;Nous jouons à un jeu de société le soir.;We play a board game in the evening.
nom;A2;Freizeit und Hobbys;das Puzzle;puzzle;puzzle;Das Puzzle hat tausend Teile.;Le puzzle a mille pièces.;The puzzle has a thousand pieces.
nom;A2;Freizeit und Hobbys;die Wanderung;randonnée;hike;Die Wanderung dauert den ganzen Tag.;La randonnée dure toute la journée.;The hike lasts the whole day.
nom;A2;Freizeit und Hobbys;die Bastelarbeit;bricolage;craft, handicraft;Diese Bastelarbeit macht den Kindern Spaß.;Ce bricolage amuse les enfants.;This craft is fun for the kids.
nom;A2;Freizeit und Hobbys;der Eintritt;entrée (prix);admission;Der Eintritt kostet zehn Euro.;L'entrée coûte dix euros.;Admission costs ten euros.
nom;A2;Freizeit und Hobbys;das Interesse;intérêt;interest;Sie hat großes Interesse an Musik.;Elle a un grand intérêt pour la musique.;She has a great interest in music.
nom;A2;Freizeit und Hobbys;die Karte;carte, billet;card, ticket;Ich habe zwei Karten für das Konzert.;J'ai deux billets pour le concert.;I have two tickets for the concert.
nom;A2;Freizeit und Hobbys;der Club;club;club;Mein Sohn ist in einem Club für Schach.;Mon fils fait partie d'un club d'échecs.;My son belongs to a chess club.
nom;A2;Freizeit und Hobbys;das Quiz;quiz, jeu de questions;quiz;Freitags gibt es im Fernsehen ein Quiz.;Le vendredi, il y a un quiz à la télévision.;On Fridays there's a quiz on television.
nom;A2;Freizeit und Hobbys;das Rätsel;énigme, jeu de devinettes;puzzle, riddle;Meine Großmutter löst jeden Tag ein Rätsel.;Ma grand-mère fait une grille chaque jour.;My grandmother does a puzzle every day.
nom;A2;Freizeit und Hobbys;der Zirkus;cirque;circus;Der Zirkus ist nur eine Woche in der Stadt.;Le cirque n'est en ville qu'une semaine.;The circus is only in town for a week.
nom;B1;Freizeit und Hobbys;die Freizeitbeschäftigung;activité de loisir;leisure activity;Malen ist meine liebste Freizeitbeschäftigung.;La peinture est mon activité de loisir préférée.;Painting is my favorite leisure activity.
nom;B1;Freizeit und Hobbys;das Handwerk;artisanat/loisir manuel;craft, handiwork;Er lernt in seiner Freizeit ein neues Handwerk.;Il apprend un nouvel artisanat pendant son temps libre.;He's learning a new craft in his free time.
nom;B1;Freizeit und Hobbys;die Ausstellung;exposition;exhibition;Die Ausstellung zeigt Werke junger Künstler.;L'exposition présente des œuvres de jeunes artistes.;The exhibition shows works by young artists.
nom;B1;Freizeit und Hobbys;der Verein;association/club;club, association;Sie ist Mitglied in einem lokalen Verein.;Elle est membre d'une association locale.;She's a member of a local club.
nom;B1;Freizeit und Hobbys;das Sammlerstück;pièce de collection;collector's item;Diese Briefmarke ist ein wertvolles Sammlerstück.;Ce timbre est une pièce de collection précieuse.;This stamp is a valuable collector's item.
nom;B1;Freizeit und Hobbys;der Freizeitpark;parc d'attractions;amusement park;Der Freizeitpark hat neue Achterbahnen eröffnet.;Le parc d'attractions a inauguré de nouvelles montagnes russes.;The amusement park opened new roller coasters.
nom;B1;Freizeit und Hobbys;der Knoten;le nœud;knot;Kannst du diesen Knoten aufmachen?;Peux-tu défaire ce nœud ?;Can you undo this knot?
nom;B1;Freizeit und Hobbys;das Fotoalbum;album photo;photo album;Meine Oma zeigt gern ihr altes Fotoalbum.;Ma grand-mère aime montrer son vieil album photo.;My grandmother likes to show her old photo album.
nom;B1;Freizeit und Hobbys;der Witz;blague;joke;Er erzählt gern Witze auf Partys.;Il aime raconter des blagues dans les fêtes.;He likes to tell jokes at parties.
nom;B1;Freizeit und Hobbys;die Briefmarke;timbre (poste);postage stamp;Er sammelt seit Jahren Briefmarken.;Il collectionne des timbres depuis des années.;He has been collecting stamps for years.
nom;B1;Freizeit und Hobbys;das Feuerzeug;briquet;lighter;Hast du ein Feuerzeug für die Kerzen?;As-tu un briquet pour les bougies ?;Do you have a lighter for the candles?
nom;B1;Freizeit und Hobbys;die Lieblingsbeschäftigung;occupation préférée;favorite pastime;Lesen ist meine Lieblingsbeschäftigung am Wochenende.;La lecture est mon occupation préférée le week-end.;Reading is my favorite pastime on the weekend.
nom;B1;Freizeit und Hobbys;das Streichholz;allumette;match (fire);Er zündet die Kerze mit einem Streichholz an.;Il allume la bougie avec une allumette.;He lights the candle with a match.
nom;B1;Freizeit und Hobbys;die Erholung;détente, récupération;recovery, relaxation;Nach dem Wettkampf braucht der Läufer Erholung.;Après la compétition, le coureur a besoin de récupération.;After the race the runner needs to recover.
nom;B1;Freizeit und Hobbys;das Vergnügen;plaisir;pleasure, enjoyment;Es war mir ein großes Vergnügen, Sie kennenzulernen.;Ce fut un grand plaisir de faire votre connaissance.;It was a great pleasure to meet you.
nom;B1;Freizeit und Hobbys;die Diskothek;discothèque;nightclub;Am Samstag gehen wir in die Diskothek.;Samedi, nous allons en discothèque.;On Saturday we're going to the nightclub.
nom;B1;Freizeit und Hobbys;das Picknick;pique-nique;picnic;Bei gutem Wetter machen wir ein Picknick.;S'il fait beau, nous ferons un pique-nique.;If the weather is good we'll have a picnic.
nom;B1;Freizeit und Hobbys;die Puppe;poupée;doll;Meine Tochter schläft mit ihrer Puppe.;Ma fille dort avec sa poupée.;My daughter sleeps with her doll.
nom;B1;Freizeit und Hobbys;der Spaß;plaisir, amusement;fun;Der Kurs macht wirklich Spaß.;Le cours est vraiment amusant.;The course is really good fun.
nom;B1;Freizeit und Hobbys;das Spielzeug;jouet;toy;Räum bitte dein Spielzeug auf.;Range tes jouets, s'il te plaît.;Please tidy up your toys.
nom;B1;Freizeit und Hobbys;der Treffpunkt;point de rencontre;meeting point;Der Treffpunkt ist vor dem Kino.;Le point de rencontre est devant le cinéma.;The meeting point is in front of the cinema.
nom;B1;Freizeit und Hobbys;die Unterhaltung;"divertissement ; conversation";"entertainment; conversation";Für Unterhaltung ist an Bord gesorgt.;Le divertissement est assuré à bord.;Entertainment is provided on board.
nom;B1;Freizeit und Hobbys;die Aktivität;activité;activity;Für Kinder gibt es viele Aktivitäten.;Il y a beaucoup d'activités pour les enfants.;There are many activities for children.
nom;B2;Freizeit und Hobbys;die Leidenschaft;passion;passion;Malerei ist seine große Leidenschaft.;La peinture est sa grande passion.;Painting is his great passion.
nom;B2;Freizeit und Hobbys;die Freiwilligenarbeit;bénévolat;volunteer work;Sie leistet jede Woche Freiwilligenarbeit im Tierheim.;Elle fait du bénévolat chaque semaine au refuge pour animaux.;She does volunteer work at the animal shelter every week.
nom;B2;Freizeit und Hobbys;das Ehrenamt;fonction bénévole;volunteer role, honorary position;Sein Ehrenamt im Verein macht ihm viel Freude.;Sa fonction bénévole dans l'association lui apporte beaucoup de joie.;His volunteer role in the club brings him a lot of joy.
nom;B2;Freizeit und Hobbys;die Gemeinschaft;communauté;community;Diese Gemeinschaft unterstützt sich gegenseitig.;Cette communauté se soutient mutuellement.;This community supports each other.
nom;B2;Freizeit und Hobbys;die Selbstverwirklichung;épanouissement personnel;self-fulfillment;Malen bedeutet für sie echte Selbstverwirklichung.;Peindre représente pour elle un véritable épanouissement personnel.;Painting represents true self-fulfillment for her.
nom;B2;Freizeit und Hobbys;die Mitgliedschaft;adhésion;membership;Die Mitgliedschaft kostet vierzig Euro im Jahr.;L'adhésion coûte quarante euros par an.;Membership costs forty euros a year.
nom;B2;Freizeit und Hobbys;der Wanderweg;sentier de randonnée;hiking trail;Der Wanderweg ist gut ausgeschildert.;Le sentier est bien balisé.;The hiking trail is well signposted.
nom;B2;Freizeit und Hobbys;die Veranstaltung;manifestation, événement;event;Die Veranstaltung fällt bei Regen aus.;La manifestation est annulée en cas de pluie.;The event is cancelled if it rains.
nom;B2;Freizeit und Hobbys;die Eintrittskarte;billet d'entrée;admission ticket;Die Eintrittskarte gilt für beide Tage.;Le billet vaut pour les deux jours.;The ticket is valid for both days.
nom;B2;Freizeit und Hobbys;die Sammlung;collection;collection;Seine Sammlung umfasst dreihundert Platten.;Sa collection compte trois cents disques.;His collection comprises three hundred records.
nom;B2;Freizeit und Hobbys;die Gartenarbeit;jardinage;gardening;Gartenarbeit entspannt mehr als Fernsehen.;Le jardinage détend plus que la télévision.;Gardening is more relaxing than television.
nom;B2;Freizeit und Hobbys;der Lesestoff;lecture, de quoi lire;reading matter;Für den Zug brauche ich Lesestoff.;Pour le train, il me faut de la lecture.;I need something to read for the train.
nom;B2;Freizeit und Hobbys;der Zeitvertreib;passe-temps;pastime;Kartenspielen war ihr liebster Zeitvertreib.;Les cartes étaient son passe-temps préféré.;Playing cards was her favourite pastime.
nom;B2;Freizeit und Hobbys;die Muße;loisir, temps libre;leisure;Zum Lesen fehlt ihm die Muße.;Il lui manque le loisir de lire.;He lacks the leisure to read.
nom;A1;Sport;der Sport;sport;sport;Ich mache jeden Tag Sport.;Je fais du sport tous les jours.;I exercise every day.
nom;A1;Sport;der Ball;ballon;ball;Wirf mir den Ball zu.;Lance-moi le ballon.;Throw me the ball.
nom;A1;Sport;der Fußball;football;soccer;Die Jungen spielen Fußball.;Les garçons jouent au football.;The boys are playing soccer.
nom;A1;Sport;das Schwimmbad;piscine;swimming pool;Wir gehen ins Schwimmbad.;Nous allons à la piscine.;We're going to the swimming pool.
nom;A1;Sport;das Training;entraînement;training;Das Training beginnt um sechs Uhr.;L'entraînement commence à six heures.;Training starts at six o'clock.
nom;A1;Sport;die Mannschaft;équipe;team;Unsere Mannschaft hat gewonnen.;Notre équipe a gagné.;Our team won.
nom;A1;Sport;das Tor;but;goal;Er hat ein Tor geschossen.;Il a marqué un but.;He scored a goal.
nom;A1;Sport;der Spieler;joueur;player;Der Spieler läuft sehr schnell.;Le joueur court très vite.;The player runs very fast.
nom;A1;Sport;das Tennis;tennis;tennis;Sie spielt jeden Samstag Tennis.;Elle joue au tennis tous les samedis.;She plays tennis every Saturday.
nom;A1;Sport;die Turnhalle;gymnase;gym;Der Sportunterricht ist in der Turnhalle.;Le cours de sport est dans le gymnase.;PE class is in the gym.
nom;A1;Sport;der Wettkampf;compétition;competition;Der Wettkampf findet am Sonntag statt.;La compétition a lieu dimanche.;The competition takes place on Sunday.
nom;A2;Sport;der Fußball;football;soccer;Wir spielen jeden Freitag Fußball.;Nous jouons au football tous les vendredis.;We play soccer every Friday.
nom;A2;Sport;das Tennis;tennis;tennis;Sie trainiert für ein Tennisturnier.;Elle s'entraîne pour un tournoi de tennis.;She's training for a tennis tournament.
nom;A2;Sport;der Wettkampf;compétition;competition;Der Wettkampf beginnt um zehn Uhr.;La compétition commence à dix heures.;The competition starts at ten o'clock.
nom;A2;Sport;das Training;entraînement;training;Das Training war heute sehr anstrengend.;L'entraînement était très éprouvant aujourd'hui.;Training was very tough today.
nom;A2;Sport;der Basketball;basket-ball;basketball;Er spielt seit Jahren Basketball.;Il joue au basket-ball depuis des années.;He has played basketball for years.
nom;A2;Sport;der Volleyball;volley-ball;volleyball;Wir spielen im Sommer Volleyball am Strand.;Nous jouons au volley-ball sur la plage en été.;We play beach volleyball in the summer.
nom;A2;Sport;der Handball;handball;handball;Handball ist in Deutschland sehr beliebt.;Le handball est très populaire en Allemagne.;Handball is very popular in Germany.
nom;A2;Sport;das Turnier;tournoi;tournament;Unsere Mannschaft gewinnt das Turnier.;Notre équipe gagne le tournoi.;Our team wins the tournament.
nom;A2;Sport;der Schritt;le pas;step;Noch drei Schritte bis zum Ziel.;Encore trois pas jusqu'à l'arrivée.;Three more steps to the finish.
nom;A2;Sport;der Sprung;le saut;jump;Das war ein sehr weiter Sprung.;C'était un saut très long.;That was a very long jump.
nom;A2;Sport;die Halle;salle, hall;hall;Im Winter trainieren wir in der Halle.;En hiver, nous nous entraînons en salle.;In winter we train in the hall.
nom;A2;Sport;der Sportplatz;terrain de sport;sports ground;Der Sportplatz liegt hinter der Schule.;Le terrain de sport est derrière l'école.;The sports ground is behind the school.
nom;B1;Sport;die Mannschaft;équipe;team;Unsere Mannschaft trainiert dreimal die Woche.;Notre équipe s'entraîne trois fois par semaine.;Our team trains three times a week.
nom;B1;Sport;der Schiedsrichter;arbitre;referee;Der Schiedsrichter pfeift das Spiel ab.;L'arbitre siffle la fin du match.;The referee blows the whistle to end the game.
nom;B1;Sport;die Niederlage;défaite;defeat;Nach der Niederlage waren alle enttäuscht.;Après la défaite, tout le monde était déçu.;After the defeat, everyone was disappointed.
nom;B1;Sport;der Sieg;victoire;victory;Der Sieg wurde ausgiebig gefeiert.;La victoire a été célébrée abondamment.;The victory was celebrated extensively.
nom;B1;Sport;der Trainer;entraîneur;coach;Der Trainer motiviert die Spieler vor dem Spiel.;L'entraîneur motive les joueurs avant le match.;The coach motivates the players before the game.
nom;B1;Sport;das Fitnessstudio;salle de sport;gym;Ich gehe jeden Morgen ins Fitnessstudio.;Je vais à la salle de sport tous les matins.;I go to the gym every morning.
nom;B1;Sport;der Bogen;l'arc;bow, arch;Er schießt mit Pfeil und Bogen.;Il tire à l'arc.;He shoots with a bow and arrow.
nom;B1;Sport;der Schlag;le coup;blow, stroke;Mit einem Schlag war das Spiel vorbei.;En un coup, la partie était finie.;With one stroke the game was over.
nom;B1;Sport;der Lauf;la course;run, race;Der Lauf beginnt um neun Uhr.;La course commence à neuf heures.;The race starts at nine.
nom;B1;Sport;der Verteidiger;le défenseur;defender;Der Verteidiger spielt sehr sicher.;Le défenseur joue très sûrement.;The defender plays very solidly.
nom;B1;Sport;der Lieblingsverein;club préféré;favorite club;Der FC Bayern ist sein Lieblingsverein.;Le FC Bayern est son club préféré.;FC Bayern is his favorite club.
nom;B1;Sport;der Fan;fan, supporter;fan;Die Fans jubeln nach dem Tor.;Les fans applaudissent après le but.;The fans cheer after the goal.
nom;B1;Sport;die Fußballmannschaft;équipe de football;soccer team;Unsere Fußballmannschaft hat das Finale erreicht.;Notre équipe de football a atteint la finale.;Our soccer team reached the final.
nom;B1;Sport;das Hallenbad;piscine couverte;indoor pool;Im Winter schwimmen wir im Hallenbad.;En hiver, nous nageons à la piscine couverte.;In winter we swim at the indoor pool.
nom;B1;Sport;die Jury;jury;jury;Die Jury bewertet die Leistung jedes Teilnehmers.;Le jury évalue la performance de chaque participant.;The jury evaluates each participant's performance.
nom;B1;Sport;der Läufer;coureur;runner;Der Läufer erreicht als Erster das Ziel.;Le coureur atteint la ligne d'arrivée en premier.;The runner reaches the finish line first.
nom;B1;Sport;die Läuferin;coureuse;runner (female);Die Läuferin trainiert jeden Tag zwei Stunden.;La coureuse s'entraîne deux heures par jour.;The runner trains two hours every day.
nom;B1;Sport;die Leichtathletik;athlétisme;track and field;Leichtathletik ist eine der ältesten Sportarten.;L'athlétisme est l'un des plus anciens sports.;Track and field is one of the oldest sports.
nom;B1;Sport;der Motorsport;sport automobile;motorsport;Er interessiert sich sehr für Motorsport.;Il s'intéresse beaucoup au sport automobile.;He is very interested in motorsport.
nom;B1;Sport;der Profi;professionnel;professional;Sie spielt seit einem Jahr als Profi.;Elle joue en professionnelle depuis un an.;She has been playing as a professional for a year.
nom;B1;Sport;der Rekord;record;record;Er hat den Rekord über hundert Meter gebrochen.;Il a battu le record du cent mètres.;He broke the record for the hundred meters.
nom;B1;Sport;das Rennen;course;race;Das Rennen beginnt um zehn Uhr.;La course commence à dix heures.;The race starts at ten o'clock.
nom;B1;Sport;das Resultat;résultat;result;Das Resultat des Spiels war eine Überraschung.;Le résultat du match a été une surprise.;The result of the game was a surprise.
nom;B1;Sport;die Runde;tour, manche;round, lap;Der Läufer hat noch zwei Runden vor sich.;Il reste encore deux tours au coureur.;The runner still has two laps to go.
nom;B1;Sport;der Sieger;vainqueur;winner;Der Sieger bekommt einen großen Pokal.;Le vainqueur reçoit une grande coupe.;The winner receives a big trophy.
nom;B1;Sport;die Siegerin;gagnante;winner (female);Die Siegerin freut sich über ihre Medaille.;La gagnante est ravie de sa médaille.;The winner is happy about her medal.
nom;B1;Sport;die Sportart;type de sport;sport, discipline;Schwimmen ist meine Lieblingssportart.;La natation est mon sport préféré.;Swimming is my favorite sport.
nom;B1;Sport;die Sporttasche;sac de sport;sports bag;Ich habe meine Sporttasche im Auto vergessen.;J'ai oublié mon sac de sport dans la voiture.;I forgot my sports bag in the car.
nom;B1;Sport;der Tennisschläger;raquette de tennis;tennis racket;Ihr Tennisschläger ist schon sehr alt.;Sa raquette de tennis est déjà très vieille.;Her tennis racket is already very old.
nom;B1;Sport;der Tormann;gardien de but;goalkeeper;Der Tormann hält den letzten Ball.;Le gardien de but arrête le dernier ballon.;The goalkeeper saves the last ball.
nom;B1;Sport;die Torfrau;gardienne de but;goalkeeper (female);Die Torfrau spielt seit fünf Jahren im Nationalteam.;La gardienne de but joue dans l'équipe nationale depuis cinq ans.;The goalkeeper has played on the national team for five years.
nom;B1;Sport;das Trikot;maillot (sportif);jersey;Er trägt stolz das Trikot seines Vereins.;Il porte fièrement le maillot de son club.;He proudly wears his club's jersey.
nom;B1;Sport;der Veranstalter;organisateur;organizer;Der Veranstalter des Turniers erwartet tausend Zuschauer.;L'organisateur du tournoi attend mille spectateurs.;The tournament organizer expects a thousand spectators.
nom;B1;Sport;die Veranstalterin;organisatrice;organizer (female);Die Veranstalterin kümmert sich um alle Details.;L'organisatrice s'occupe de tous les détails.;The organizer takes care of all the details.
nom;B1;Sport;die Weltmeisterschaft;championnat du monde;world championship;Die Weltmeisterschaft findet dieses Jahr in Asien statt.;Le championnat du monde a lieu en Asie cette année.;The world championship takes place in Asia this year.
nom;B1;Sport;der Wettbewerb;compétition, concours;competition;Der Wettbewerb zieht viele junge Sportler an.;La compétition attire beaucoup de jeunes sportifs.;The competition attracts many young athletes.
nom;B1;Sport;die Etappe;étape;stage, leg (of a journey);Die erste Etappe der Reise war die längste.;La première étape du voyage a été la plus longue.;The first stage of the trip was the longest.
nom;B1;Sport;die Bewegung;mouvement, activité physique;movement, exercise;Der Arzt sagt, ich brauche mehr Bewegung.;Le médecin dit qu'il me faut plus d'activité physique.;The doctor says I need more exercise.
nom;B1;Sport;die Kabine;cabine, vestiaire;cabin, changing room;Sie können die Hose in der Kabine anprobieren.;Vous pouvez essayer le pantalon en cabine.;You can try the trousers on in the changing room.
nom;B1;Sport;der Ski;ski;ski;Im Januar fahren wir Ski.;En janvier, nous faisons du ski.;In January we go skiing.
nom;B1;Sport;der Sportler;sportif, athlète;athlete;Die Sportler trainieren jeden Tag.;Les sportifs s'entraînent tous les jours.;The athletes train every day.
nom;B1;Sport;das Stadion;stade;stadium;Im Stadion passen fünfzigtausend Menschen.;Le stade peut accueillir cinquante mille personnes.;The stadium holds fifty thousand people.
nom;B1;Sport;das Golf;golf;golf;Am Wochenende spielt er Golf.;Le week-end, il joue au golf.;At the weekend he plays golf.
nom;B1;Sport;die Gymnastik;gymnastique;gymnastics;Morgens mache ich zehn Minuten Gymnastik.;Le matin, je fais dix minutes de gymnastique.;In the morning I do ten minutes of gymnastics.
nom;B1;Sport;das Mountainbike;vélo tout-terrain;mountain bike;Mit dem Mountainbike fährt man auch im Wald.;Avec un VTT, on roule aussi en forêt.;With a mountain bike you can also ride in the forest.
nom;B1;Sport;der Profisportler;sportif professionnel;professional athlete;Ein Profisportler trainiert jeden Tag.;Un sportif professionnel s'entraîne tous les jours.;A professional athlete trains every day.
nom;B1;Sport;der Swimmingpool;piscine (privée);swimming pool;Das Hotel hat einen kleinen Swimmingpool.;L'hôtel a une petite piscine.;The hotel has a small swimming pool.
nom;B1;Sport;der Verlierer;perdant;loser;Auch der Verlierer bekommt eine Medaille.;Le perdant reçoit aussi une médaille.;The loser also gets a medal.
nom;B1;Sport;der Zuschauer;spectateur;spectator;Im Stadion waren zwanzigtausend Zuschauer.;Il y avait vingt mille spectateurs au stade.;There were twenty thousand spectators in the stadium.
nom;B1;Sport;der Weltmeister;champion du monde;world champion;Er ist zweimal Weltmeister geworden.;Il est devenu deux fois champion du monde.;He has become world champion twice.
nom;B1;Sport;die Fitness;forme physique;fitness;Für die Fitness gehe ich dreimal die Woche laufen.;Pour la forme, je cours trois fois par semaine.;For fitness I go running three times a week.
nom;B2;Sport;die Disziplin;discipline sportive;sport discipline;Diese Disziplin erfordert viel Konzentration.;Cette discipline sportive demande beaucoup de concentration.;This sport discipline requires a lot of concentration.
nom;B2;Sport;der Ausdauersport;sport d'endurance;endurance sport;Ausdauersport verbessert die Herzgesundheit.;Le sport d'endurance améliore la santé cardiaque.;Endurance sport improves heart health.
nom;B2;Sport;die Verletzung;blessure;injury;Die Verletzung hält ihn mehrere Wochen vom Training ab.;La blessure l'empêche de s'entraîner pendant plusieurs semaines.;The injury keeps him from training for several weeks.
nom;B2;Sport;die Meisterschaft;championnat;championship;Die Meisterschaft findet dieses Jahr in Berlin statt.;Le championnat a lieu cette année à Berlin.;The championship takes place in Berlin this year.
nom;B2;Sport;der Leistungssport;sport de haut niveau;competitive sport, elite sport;Leistungssport verlangt eine strenge Disziplin.;Le sport de haut niveau exige une discipline stricte.;Competitive sport demands strict discipline.
nom;B2;Sport;der Gegner;adversaire;opponent;Der Gegner war einfach besser.;L'adversaire était tout simplement meilleur.;The opponent was simply better.
nom;B2;Sport;die Trainingseinheit;séance d'entraînement;training session;Drei Trainingseinheiten pro Woche reichen.;Trois séances par semaine suffisent.;Three training sessions a week are enough.
nom;A1;Musik und Kunst;das Lied;chanson;song;Dieses Lied gefällt mir sehr.;J'aime beaucoup cette chanson.;I really like this song.
nom;A1;Musik und Kunst;die Farbe;couleur;color;Meine Lieblingsfarbe ist blau.;Ma couleur préférée est le bleu.;My favorite color is blue.
nom;A1;Musik und Kunst;die Gitarre;guitare;guitar;Er spielt sehr gut Gitarre.;Il joue très bien de la guitare.;He plays the guitar very well.
nom;A1;Musik und Kunst;das Klavier;piano;piano;Sie übt jeden Tag Klavier.;Elle s'exerce au piano tous les jours.;She practices piano every day.
nom;A1;Musik und Kunst;der Sänger;chanteur;singer;Der Sänger hat eine schöne Stimme.;Le chanteur a une belle voix.;The singer has a beautiful voice.
nom;A1;Musik und Kunst;das Instrument;instrument;instrument;Welches Instrument spielst du?;Quel instrument joues-tu ?;What instrument do you play?
nom;A1;Musik und Kunst;die Kunst;art;art;Moderne Kunst interessiert mich.;L'art moderne m'intéresse.;Modern art interests me.
nom;A1;Musik und Kunst;der Maler;peintre;painter;Der Maler malt ein Porträt.;Le peintre peint un portrait.;The painter is painting a portrait.
nom;A2;Musik und Kunst;die Gitarre;guitare;guitar;Er spielt seit zehn Jahren Gitarre.;Il joue de la guitare depuis dix ans.;He has played the guitar for ten years.
nom;A2;Musik und Kunst;das Klavier;piano;piano;Sie übt jeden Tag Klavier.;Elle s'exerce au piano tous les jours.;She practices piano every day.
nom;A2;Musik und Kunst;der Sänger;chanteur;singer;Der Sänger tritt heute Abend auf.;Le chanteur se produit ce soir.;The singer is performing tonight.
nom;A2;Musik und Kunst;das Gemälde;peinture/tableau;painting;Dieses Gemälde ist sehr wertvoll.;Ce tableau a beaucoup de valeur.;This painting is very valuable.
nom;A2;Musik und Kunst;die Zeichnung;dessin;drawing;Die Zeichnung zeigt eine Landschaft.;Le dessin représente un paysage.;The drawing shows a landscape.
nom;A2;Musik und Kunst;die Skizze;esquisse;sketch;Die Skizze ist noch nicht fertig.;L'esquisse n'est pas encore terminée.;The sketch is not finished yet.
nom;A2;Musik und Kunst;die Galerie;galerie;gallery;Die Galerie zeigt moderne Kunst.;La galerie présente de l'art moderne.;The gallery shows modern art.
nom;A2;Musik und Kunst;die Trommel;tambour;drum;Er schlägt kräftig auf die Trommel.;Il frappe fort sur le tambour.;He beats the drum loudly.
nom;A2;Musik und Kunst;die Geige;violon;violin;Sie spielt sehr gefühlvoll Geige.;Elle joue du violon avec beaucoup d'émotion.;She plays the violin very emotionally.
nom;A2;Musik und Kunst;der Chor;chœur;choir;Der Chor singt in der Kirche.;La chorale chante dans l'église.;The choir sings in the church.
nom;A2;Musik und Kunst;die Band;le groupe (de musique);band;Ihre Band spielt am Samstag.;Son groupe joue samedi.;Her band is playing on Saturday.
nom;A2;Musik und Kunst;der Krimi;polar;crime story;Am Sonntagabend sehen wir einen Krimi.;Le dimanche soir, nous regardons un polar.;On Sunday evening we watch a crime drama.
nom;A2;Musik und Kunst;das Plakat;affiche;poster;Auf dem Plakat steht das Datum.;La date est indiquée sur l'affiche.;The date is on the poster.
nom;A2;Musik und Kunst;das Festival;festival;festival;Im Juli gibt es ein großes Festival.;En juillet, il y a un grand festival.;There's a big festival in July.
nom;B1;Musik und Kunst;das Orchester;orchestre;orchestra;Das Orchester spielt heute Abend eine Symphonie.;L'orchestre joue une symphonie ce soir.;The orchestra is playing a symphony tonight.
nom;B1;Musik und Kunst;die Skulptur;sculpture;sculpture;Diese Skulptur steht seit hundert Jahren hier.;Cette sculpture est ici depuis cent ans.;This sculpture has stood here for a hundred years.
nom;B1;Musik und Kunst;der Künstler;artiste;artist;Der Künstler stellt seine Werke in Paris aus.;L'artiste expose ses œuvres à Paris.;The artist is exhibiting his works in Paris.
nom;B1;Musik und Kunst;die Melodie;mélodie;melody;Diese Melodie kenne ich schon seit meiner Kindheit.;Je connais cette mélodie depuis mon enfance.;I've known this melody since my childhood.
nom;B1;Musik und Kunst;die Ausstellungseröffnung;vernissage;exhibition opening;Die Ausstellungseröffnung war sehr gut besucht.;Le vernissage a attiré beaucoup de monde.;The exhibition opening was very well attended.
nom;B1;Musik und Kunst;die Stilrichtung;courant artistique;artistic style;Diese Stilrichtung entstand im neunzehnten Jahrhundert.;Ce courant artistique est né au dix-neuvième siècle.;This artistic style emerged in the nineteenth century.
nom;B1;Musik und Kunst;der Klang;la sonorité, le son;sound, tone;Der Klang dieser Geige ist warm.;La sonorité de ce violon est chaude.;The sound of this violin is warm.
nom;B1;Musik und Kunst;der Takt;la mesure (musique);bar, beat;Spiel die ersten acht Takte noch einmal.;Rejoue les huit premières mesures.;Play the first eight bars again.
nom;B1;Musik und Kunst;die Handlung;l'intrigue, l'action;plot, action;Die Handlung des Films ist einfach.;L'intrigue du film est simple.;The plot of the film is simple.
nom;B1;Musik und Kunst;die Kultur;culture;culture;Ich interessiere mich sehr für fremde Kulturen.;Je m'intéresse beaucoup aux cultures étrangères.;I'm very interested in foreign cultures.
nom;B1;Musik und Kunst;der Auftritt;apparition, prestation (scène);stage appearance;Der Auftritt der Band war ein großer Erfolg.;La prestation du groupe a été un grand succès.;The band's stage appearance was a big success.
nom;B1;Musik und Kunst;der Star;star, vedette;star, celebrity;Sie ist ein echter Star im Kino.;C'est une vraie star du cinéma.;She's a real star in the movies.
nom;B1;Musik und Kunst;der Hit;tube, succès (musique);hit (song);Dieser Song war letzten Sommer ein echter Hit.;Cette chanson a été un vrai tube l'été dernier.;This song was a real hit last summer.
nom;B1;Musik und Kunst;der Komponist;compositeur;composer;Beethoven ist ein berühmter Komponist.;Beethoven est un compositeur célèbre.;Beethoven is a famous composer.
nom;B1;Musik und Kunst;die Komponistin;compositrice;composer (female);Die Komponistin schreibt Musik für den neuen Film.;La compositrice écrit la musique du nouveau film.;The composer is writing music for the new film.
nom;B1;Musik und Kunst;die Musikschule;école de musique;music school;Er unterrichtet Gitarre an der Musikschule.;Il enseigne la guitare à l'école de musique.;He teaches guitar at the music school.
nom;B1;Musik und Kunst;die Trompete;trompette;trumpet;Er lernt seit zwei Jahren Trompete.;Il apprend la trompette depuis deux ans.;He has been learning trumpet for two years.
nom;B1;Musik und Kunst;die Literatur;littérature;literature;Sie interessiert sich sehr für klassische Literatur.;Elle s'intéresse beaucoup à la littérature classique.;She is very interested in classical literature.
nom;B1;Musik und Kunst;die Oper;opéra;opera;Am Samstag gehen wir in die Oper.;Samedi, nous allons à l'opéra.;On Saturday we're going to the opera.
nom;B1;Musik und Kunst;die Vorführung;démonstration, représentation;demonstration, screening;Die nächste Vorführung beginnt um achtzehn Uhr.;La prochaine représentation commence à dix-huit heures.;The next screening starts at six pm.
nom;B1;Musik und Kunst;die Fotografie;photographie;photography;Fotografie ist sein größtes Hobby.;La photographie est son plus grand loisir.;Photography is his biggest hobby.
nom;B1;Musik und Kunst;der Jazz;jazz;jazz;Am Freitag spielt eine Band Jazz.;Vendredi, un groupe joue du jazz.;On Friday a band is playing jazz.
nom;B1;Musik und Kunst;die Kritik;critique;criticism, review;Der Film bekam gute Kritiken.;Le film a reçu de bonnes critiques.;The film got good reviews.
nom;B1;Musik und Kunst;das Märchen;conte;fairy tale;Abends lese ich den Kindern ein Märchen vor.;Le soir, je lis un conte aux enfants.;In the evening I read the children a fairy tale.
nom;B1;Musik und Kunst;das Original;original;original;Bringen Sie bitte das Original mit.;Apportez l'original, s'il vous plaît.;Please bring the original with you.
nom;B1;Musik und Kunst;der Roman;roman;novel;Der Roman hat achthundert Seiten.;Le roman fait huit cents pages.;The novel is eight hundred pages long.
nom;B1;Musik und Kunst;das Symbol;symbole;symbol;Die Taube ist ein Symbol für Frieden.;La colombe est un symbole de paix.;The dove is a symbol of peace.
nom;B1;Musik und Kunst;das Ballett;ballet;ballet;Meine Tochter tanzt seit fünf Jahren Ballett.;Ma fille fait du ballet depuis cinq ans.;My daughter has danced ballet for five years.
nom;B1;Musik und Kunst;die Darstellung;représentation;depiction;Die Darstellung auf dem Bild ist sehr genau.;La représentation sur le tableau est très précise.;The depiction in the picture is very precise.
nom;B1;Musik und Kunst;die Erzählung;récit, nouvelle;story, narrative;Die Erzählung hat nur zwanzig Seiten.;Le récit ne fait que vingt pages.;The story is only twenty pages long.
nom;B1;Musik und Kunst;die Flöte;flûte;flute;Meine Schwester spielt Flöte.;Ma sœur joue de la flûte.;My sister plays the flute.
nom;B1;Musik und Kunst;das Gedicht;poème;poem;Wir lernen ein Gedicht auswendig.;Nous apprenons un poème par cœur.;We're learning a poem by heart.
nom;B1;Musik und Kunst;der Held;héros;hero;Der Held des Films stirbt am Ende.;Le héros du film meurt à la fin.;The hero of the film dies at the end.
nom;B1;Musik und Kunst;der Song;chanson;song;Dieser Song läuft im Radio rauf und runter.;Cette chanson passe en boucle à la radio.;This song is on the radio all the time.
nom;B1;Musik und Kunst;die Szene;scène;scene;Die letzte Szene des Films ist sehr traurig.;La dernière scène du film est très triste.;The last scene of the film is very sad.
nom;B2;Musik und Kunst;die Komposition;composition;composition;Diese Komposition dauert über eine Stunde.;Cette composition dure plus d'une heure.;This composition lasts over an hour.
nom;B2;Musik und Kunst;das Kunstwerk;œuvre d'art;work of art;Dieses Kunstwerk wurde vor hundert Jahren gemalt.;Cette œuvre d'art a été peinte il y a cent ans.;This work of art was painted a hundred years ago.
nom;B2;Musik und Kunst;die Aufführung;représentation;performance;Die Aufführung wurde mit großem Applaus gefeiert.;La représentation a été saluée par de vifs applaudissements.;The performance was celebrated with great applause.
nom;B2;Musik und Kunst;der Rhythmus;rythme;rhythm;Der Rhythmus dieses Liedes ist sehr eingängig.;Le rythme de cette chanson est très entraînant.;The rhythm of this song is very catchy.
nom;B2;Musik und Kunst;die Kunstströmung;courant artistique;artistic movement;Diese Kunstströmung beeinflusste viele spätere Künstler.;Ce courant artistique a influencé de nombreux artistes ultérieurs.;This artistic movement influenced many later artists.
nom;B2;Musik und Kunst;der Akt;l'acte;act;Der dritte Akt ist der beste.;Le troisième acte est le meilleur.;The third act is the best.
nom;B2;Musik und Kunst;die Bühne;scène;stage;Auf der Bühne stand nur ein Stuhl.;Sur la scène il n'y avait qu'une chaise.;There was only one chair on the stage.
nom;B2;Musik und Kunst;das Publikum;public;audience;Das Publikum blieb bis zum Schluss.;Le public est resté jusqu'à la fin.;The audience stayed until the end.
nom;B2;Musik und Kunst;der Applaus;applaudissements;applause;Der Applaus dauerte fünf Minuten.;Les applaudissements ont duré cinq minutes.;The applause lasted five minutes.
nom;B2;Musik und Kunst;die Probe;répétition;rehearsal;Die letzte Probe ist am Donnerstag.;La dernière répétition est jeudi.;The last rehearsal is on Thursday.
nom;B2;Musik und Kunst;der Entwurf;projet, esquisse;draft, design;Der erste Entwurf war der beste.;Le premier projet était le meilleur.;The first draft was the best.
nom;B2;Musik und Kunst;der Farbton;nuance de couleur;shade, hue;Der Farbton wirkt bei Kunstlicht anders.;La nuance change à la lumière artificielle.;The shade looks different in artificial light.
nom;B2;Musik und Kunst;der Pinsel;pinceau;brush;Der Pinsel muss sofort ausgewaschen werden.;Le pinceau doit être rincé tout de suite.;The brush has to be washed out at once.
nom;A1;Medien und Technologie;der Fernseher;télévision;television;Der Fernseher ist zu laut.;La télévision est trop forte.;The TV is too loud.
nom;A1;Medien und Technologie;das Internet;internet;internet;Das Internet ist heute langsam.;Internet est lent aujourd'hui.;The internet is slow today.
nom;A1;Medien und Technologie;die App;application;app;Diese App ist sehr nützlich.;Cette application est très utile.;This app is very useful.
nom;A1;Medien und Technologie;das Handy;téléphone portable;cell phone;Mein Handy hat keinen Akku mehr.;Mon téléphone n'a plus de batterie.;My phone is out of battery.
nom;A1;Medien und Technologie;die Nachricht;message;message;Ich habe eine Nachricht bekommen.;J'ai reçu un message.;I got a message.
nom;A1;Medien und Technologie;die Zeitung;journal;newspaper;Er liest jeden Morgen die Zeitung.;Il lit le journal chaque matin.;He reads the newspaper every morning.
nom;A1;Medien und Technologie;das Radio;radio;radio;Ich höre Musik im Radio.;J'écoute de la musique à la radio.;I listen to music on the radio.
nom;A1;Medien und Technologie;der Bildschirm;écran;screen;Der Bildschirm ist kaputt.;L'écran est cassé.;The screen is broken.
nom;A1;Medien und Technologie;die Kamera;caméra;camera;Die Kamera macht tolle Fotos.;L'appareil photo prend de superbes photos.;The camera takes great photos.
nom;A1;Medien und Technologie;der Brief;la lettre;letter;Ich habe ihr einen langen Brief geschrieben.;Je lui ai écrit une longue lettre.;I wrote her a long letter.
nom;A1;Medien und Technologie;das Telefon;le téléphone;telephone;Das Telefon klingelt schon wieder.;Le téléphone sonne encore.;The phone is ringing again.
nom;A2;Medien und Technologie;das Handy;téléphone portable;cell phone;Mein Handy ist ganz neu.;Mon téléphone est tout neuf.;My phone is brand new.
nom;A2;Medien und Technologie;die Webseite;site web;website;Diese Webseite lädt sehr schnell.;Ce site web se charge très vite.;This website loads very quickly.
nom;A2;Medien und Technologie;das Foto;photo;photo;Das Foto zeigt unseren letzten Urlaub.;La photo montre nos dernières vacances.;The photo shows our last vacation.
nom;A2;Medien und Technologie;der Bildschirm;écran;screen;Der Bildschirm ist sehr groß.;L'écran est très grand.;The screen is very big.
nom;A2;Medien und Technologie;die Tastatur;clavier;keyboard;Die Tastatur macht komische Geräusche.;Le clavier fait des bruits étranges.;The keyboard makes strange noises.
nom;A2;Medien und Technologie;der Kopfhörer;écouteurs;headphones;Ich höre Musik mit meinem Kopfhörer.;J'écoute de la musique avec mes écouteurs.;I listen to music with my headphones.
nom;A2;Medien und Technologie;der Lautsprecher;haut-parleur;speaker;Der Lautsprecher ist sehr laut.;Le haut-parleur est très fort.;The speaker is very loud.
nom;A2;Medien und Technologie;der Akku;batterie;battery;Der Akku ist fast leer.;La batterie est presque vide.;The battery is almost empty.
nom;A2;Medien und Technologie;das Ladegerät;chargeur;charger;Ich habe mein Ladegerät vergessen.;J'ai oublié mon chargeur.;I forgot my charger.
nom;A2;Medien und Technologie;das WLAN;wifi;wifi;Das WLAN funktioniert hier nicht.;Le wifi ne fonctionne pas ici.;The wifi doesn't work here.
nom;A2;Medien und Technologie;das Programm;le programme;programme, program;Welches Programm läuft heute Abend?;Quel programme passe ce soir ?;What programme is on tonight?
nom;A2;Medien und Technologie;das Netz;le réseau, le filet;net, network;Hier ist das Netz sehr schwach.;Ici, le réseau est très faible.;The network is very weak here.
nom;A2;Medien und Technologie;der Artikel;l'article;article;Der Artikel steht auf Seite drei.;L'article est à la page trois.;The article is on page three.
nom;A2;Medien und Technologie;der Anruf;appel téléphonique;phone call;Ich habe einen wichtigen Anruf bekommen.;J'ai reçu un appel important.;I got an important phone call.
nom;A2;Medien und Technologie;der Apparat;appareil;device;Der Apparat funktioniert nicht mehr.;L'appareil ne fonctionne plus.;The device doesn't work any more.
nom;A2;Medien und Technologie;der Fotoapparat;appareil photo;camera;Nimm den Fotoapparat mit!;Emporte l'appareil photo !;Take the camera with you!
nom;A2;Medien und Technologie;das Gerät;appareil;device;In der Küche stehen viele elektrische Geräte.;Il y a beaucoup d'appareils électriques dans la cuisine.;There are many electrical devices in the kitchen.
nom;A2;Medien und Technologie;die Information;information;information;Ich brauche mehr Informationen über den Kurs.;J'ai besoin de plus d'informations sur le cours.;I need more information about the course.
nom;A2;Medien und Technologie;das E-Book;livre électronique;e-book;Im Urlaub lese ich lieber ein E-Book.;En vacances, je préfère lire un livre électronique.;On holiday I'd rather read an e-book.
nom;A2;Medien und Technologie;der Empfänger;destinataire;recipient;Der Empfänger wohnt nicht mehr hier.;Le destinataire n'habite plus ici.;The recipient no longer lives here.
nom;A2;Medien und Technologie;der Link;lien;link;Klick auf den Link in der E-Mail.;Clique sur le lien dans le courriel.;Click on the link in the email.
nom;A2;Medien und Technologie;der PC;ordinateur, PC;PC;Mein PC ist schon sehr alt.;Mon ordinateur est déjà très vieux.;My PC is already very old.
nom;A2;Medien und Technologie;das Tablet;tablette;tablet;Die Kinder lernen mit dem Tablet.;Les enfants apprennent avec la tablette.;The children learn with the tablet.
nom;B1;Medien und Technologie;die Software;logiciel;software;Diese Software ist sehr einfach zu bedienen.;Ce logiciel est très simple à utiliser.;This software is very easy to use.
nom;B1;Medien und Technologie;die Datei;fichier;file;Ich habe die Datei versehentlich gelöscht.;J'ai supprimé le fichier par erreur.;I accidentally deleted the file.
nom;B1;Medien und Technologie;das Passwort;mot de passe;password;Mein Passwort besteht aus zwölf Zeichen.;Mon mot de passe comporte douze caractères.;My password consists of twelve characters.
nom;B1;Medien und Technologie;das Netzwerk;réseau;network;Das Netzwerk ist im ganzen Gebäude verfügbar.;Le réseau est disponible dans tout le bâtiment.;The network is available throughout the building.
nom;B1;Medien und Technologie;die Anwendung;application (logiciel);application;Diese Anwendung funktioniert auf allen Geräten.;Cette application fonctionne sur tous les appareils.;This application works on all devices.
nom;B1;Medien und Technologie;der Datenverkehr;trafic de données;data traffic;Der Datenverkehr steigt jedes Jahr stark an.;Le trafic de données augmente fortement chaque année.;Data traffic increases significantly every year.
nom;B1;Medien und Technologie;der Ausdruck;l'expression;expression;Dieser Ausdruck ist sehr umgangssprachlich.;Cette expression est très familière.;This expression is very colloquial.
nom;B1;Medien und Technologie;die Schrift;l'écriture;writing, script;Seine Schrift kann niemand lesen.;Personne ne peut lire son écriture.;Nobody can read his handwriting.
nom;B1;Medien und Technologie;die Neuigkeit;nouvelle;news, piece of news;Hast du schon die Neuigkeit von unseren Nachbarn gehört?;As-tu déjà entendu la nouvelle à propos de nos voisins ?;Have you already heard the news about our neighbors?
nom;B1;Medien und Technologie;der Empfang;réception (accueil);reception, front desk;Bitte melden Sie sich am Empfang.;Veuillez vous présenter à la réception.;Please check in at the front desk.
nom;B1;Medien und Technologie;die Broschüre;brochure;brochure;In der Bank liegen viele Broschüren über Kredite aus.;Il y a beaucoup de brochures sur les crédits à la banque.;There are many brochures about loans at the bank.
nom;B1;Medien und Technologie;der Internetanschluss;connexion internet;internet connection;Ohne Internetanschluss kann ich nicht online bezahlen.;Sans connexion internet, je ne peux pas payer en ligne.;Without an internet connection, I can't pay online.
nom;B1;Medien und Technologie;der Zuhörer;auditeur;listener;Der Redner hatte viele aufmerksame Zuhörer.;L'orateur avait beaucoup d'auditeurs attentifs.;The speaker had many attentive listeners.
nom;B1;Medien und Technologie;die Zuhörerin;auditrice;listener (female);Eine Zuhörerin hat am Ende applaudiert.;Une auditrice a applaudi à la fin.;A listener applauded at the end.
nom;B1;Medien und Technologie;die Batterie;pile, batterie;battery;Die Batterie der Fernbedienung ist leer.;La pile de la télécommande est vide.;The remote control's battery is dead.
nom;B1;Medien und Technologie;die Anzeige;petite annonce;advertisement;Ich habe die Wohnung über eine Anzeige gefunden.;J'ai trouvé l'appartement grâce à une petite annonce.;I found the apartment through an advertisement.
nom;B1;Medien und Technologie;das Computerprogramm;logiciel;computer program;Für die Arbeit braucht er ein spezielles Computerprogramm.;Il a besoin d'un logiciel spécial pour son travail.;He needs a special computer program for work.
nom;B1;Medien und Technologie;die (Pl.) EDV-Kenntnisse;connaissances en informatique;IT skills;Gute EDV-Kenntnisse sind für diese Stelle nötig.;De bonnes connaissances en informatique sont nécessaires pour ce poste.;Good IT skills are needed for this position.
nom;B1;Medien und Technologie;der Verlag;maison d'édition;publishing house;Das Buch wurde von einem kleinen Verlag veröffentlicht.;Le livre a été publié par une petite maison d'édition.;The book was published by a small publishing house.
nom;B1;Medien und Technologie;die Abbildung;illustration, image;illustration, figure;Die Abbildung zeigt den genauen Ablauf des Spiels.;L'illustration montre le déroulement précis du match.;The illustration shows the exact course of the game.
nom;B1;Medien und Technologie;das Inserat;petite annonce;classified ad;Ich habe das Fahrrad über ein Inserat verkauft.;J'ai vendu le vélo grâce à une petite annonce.;I sold the bike through a classified ad.
nom;B1;Medien und Technologie;die Erfindung;invention;invention;Das Telefon war eine wichtige Erfindung.;Le téléphone a été une invention importante.;The telephone was an important invention.
nom;B1;Medien und Technologie;der Titel;titre;title;Der Titel des Buches klingt sehr interessant.;Le titre du livre semble très intéressant.;The title of the book sounds very interesting.
nom;B1;Medien und Technologie;das Telefonat;appel téléphonique;phone call;Ich hatte gerade ein wichtiges Telefonat mit meinem Chef.;Je viens d'avoir un appel téléphonique important avec mon patron.;I just had an important phone call with my boss.
nom;B1;Medien und Technologie;die Fortsetzung;suite (continuation);continuation, sequel;Die Fortsetzung des Films kommt nächstes Jahr.;La suite du film sort l'année prochaine.;The sequel to the movie comes out next year.
nom;B1;Medien und Technologie;die Reportage;reportage;report, news feature;Die Reportage über den Bürgermeister war sehr interessant.;Le reportage sur le maire était très intéressant.;The report about the mayor was very interesting.
nom;B1;Medien und Technologie;das Abonnement;abonnement;subscription;Ich habe ein Abonnement für die Zeitung.;J'ai un abonnement au journal.;I have a subscription to the newspaper.
nom;B1;Medien und Technologie;der Absender;expéditeur;sender;Auf dem Brief steht kein Absender.;Il n'y a pas d'expéditeur sur la lettre.;There's no sender on the letter.
nom;B1;Medien und Technologie;der Anrufbeantworter;répondeur;answering machine;Sprich mir bitte auf den Anrufbeantworter.;Laisse-moi un message sur le répondeur.;Please leave a message on the answering machine.
nom;B1;Medien und Technologie;der Bericht;rapport, reportage;report;Der Bericht steht morgen in der Zeitung.;Le reportage paraîtra demain dans le journal.;The report will be in the paper tomorrow.
nom;B1;Medien und Technologie;das Fax;fax, télécopie;fax;Schicken Sie mir das Formular als Fax.;Envoyez-moi le formulaire par fax.;Send me the form by fax.
nom;B1;Medien und Technologie;die Fernbedienung;télécommande;remote control;Wo ist die Fernbedienung?;Où est la télécommande ?;Where's the remote control?
nom;B1;Medien und Technologie;die Festplatte;disque dur;hard disk;Die Festplatte ist voll.;Le disque dur est plein.;The hard disk is full.
nom;B1;Medien und Technologie;das Interview;interview, entretien;interview;Das Interview dauert zwanzig Minuten.;L'interview dure vingt minutes.;The interview lasts twenty minutes.
nom;B1;Medien und Technologie;die Kommunikation;communication;communication;Die Kommunikation im Team funktioniert gut.;La communication dans l'équipe fonctionne bien.;Communication in the team works well.
nom;B1;Medien und Technologie;das Laufwerk;lecteur (informatique);drive;Der Computer hat kein Laufwerk mehr.;L'ordinateur n'a plus de lecteur.;The computer no longer has a drive.
nom;B1;Medien und Technologie;die Meldung;message, annonce;message, report;Auf dem Bildschirm erscheint eine Meldung.;Un message apparaît à l'écran.;A message appears on the screen.
nom;B1;Medien und Technologie;das Mobiltelefon;téléphone portable;mobile phone;Bitte schalten Sie Ihr Mobiltelefon aus.;Veuillez éteindre votre téléphone portable.;Please switch off your mobile phone.
nom;B1;Medien und Technologie;der Rechner;"ordinateur ; calculatrice";"computer; calculator";Der Rechner im Büro ist kaputt.;L'ordinateur du bureau est en panne.;The computer in the office is broken.
nom;B1;Medien und Technologie;der Sender;chaîne (télé, radio);channel, station;Auf welchem Sender läuft das Spiel?;Sur quelle chaîne passe le match ?;Which channel is the match on?
nom;B1;Medien und Technologie;die Serie;série;series;Diese Serie hat schon acht Staffeln.;Cette série compte déjà huit saisons.;This series already has eight seasons.
nom;B1;Medien und Technologie;das Studio;studio;studio;Die Sendung kommt live aus dem Studio.;L'émission est diffusée en direct du studio.;The programme comes live from the studio.
nom;B1;Medien und Technologie;die Taste;touche;key, button;Drücken Sie die grüne Taste.;Appuyez sur la touche verte.;Press the green button.
nom;B1;Medien und Technologie;die Technik;technique, technologie;technology, technique;Die Technik im Saal funktioniert nicht.;La technique de la salle ne fonctionne pas.;The technology in the hall isn't working.
nom;B1;Medien und Technologie;die Vorwahl;indicatif téléphonique;dialling code;Die Vorwahl von Berlin ist 030.;L'indicatif de Berlin est le 030.;The dialling code for Berlin is 030.
nom;B1;Medien und Technologie;die Werbung;publicité;advertising;Nach der Werbung geht der Film weiter.;Après la publicité, le film reprend.;After the adverts the film continues.
nom;B1;Medien und Technologie;die Homepage;site web, page d'accueil;homepage, website;Alle Termine stehen auf unserer Homepage.;Toutes les dates sont sur notre site web.;All the dates are on our website.
nom;B1;Medien und Technologie;der Klick;clic;click;Mit einem Klick ist alles gespeichert.;En un clic, tout est enregistré.;Everything is saved with one click.
nom;B1;Medien und Technologie;die Bedienungsanleitung;mode d'emploi;instruction manual;Lies zuerst die Bedienungsanleitung.;Lis d'abord le mode d'emploi.;Read the instruction manual first.
nom;B1;Medien und Technologie;der Blog;blogue;blog;Sie schreibt einen Blog über das Kochen.;Elle tient un blogue sur la cuisine.;She writes a blog about cooking.
nom;B1;Medien und Technologie;der CD-Player;lecteur de CD;CD player;Im Auto habe ich noch einen CD-Player.;Dans la voiture, j'ai encore un lecteur de CD.;I still have a CD player in the car.
nom;B1;Medien und Technologie;der Chat;clavardage, discussion en ligne;chat;Im Chat schreiben alle sehr kurz.;Dans le clavardage, tout le monde écrit très court.;In the chat everyone writes very briefly.
nom;B1;Medien und Technologie;das Forum;forum;forum;Die Antwort steht in einem Forum im Internet.;La réponse se trouve dans un forum sur Internet.;The answer is in a forum on the internet.
nom;B1;Medien und Technologie;die Gebrauchsanweisung;notice d'utilisation;instructions for use;Die Gebrauchsanweisung ist auf Deutsch.;La notice est en allemand.;The instructions are in German.
nom;B1;Medien und Technologie;die Grafik;graphique;chart, graphic;Die Grafik zeigt die Zahlen von 2020.;Le graphique montre les chiffres de 2020.;The chart shows the 2020 figures.
nom;B1;Medien und Technologie;der Herausgeber;éditeur (responsable);publisher, editor;Der Herausgeber steht auf der ersten Seite.;L'éditeur figure sur la première page.;The publisher is on the first page.
nom;B1;Medien und Technologie;der Hörer;"auditeur ; combiné";"listener; receiver";Die Hörer können im Radio anrufen.;Les auditeurs peuvent appeler la radio.;Listeners can call the radio station.
nom;B1;Medien und Technologie;das Kabel;câble;cable;Das Kabel ist zu kurz.;Le câble est trop court.;The cable is too short.
nom;B1;Medien und Technologie;der Laptop;ordinateur portable;laptop;Mein Laptop hat keinen Strom mehr.;Mon ordinateur portable n'a plus de batterie.;My laptop is out of power.
nom;B1;Medien und Technologie;der Leser;lecteur;reader;Die Zeitung hat viele treue Leser.;Le journal a beaucoup de lecteurs fidèles.;The newspaper has many loyal readers.
nom;B1;Medien und Technologie;die Plattform;plateforme;platform;Die Videos stehen auf einer Plattform im Netz.;Les vidéos sont sur une plateforme en ligne.;The videos are on an online platform.
nom;B1;Medien und Technologie;die Presse;presse;the press;Die Presse hat viel darüber berichtet.;La presse en a beaucoup parlé.;The press reported on it a lot.
nom;B1;Medien und Technologie;die Reklame;réclame, publicité;advertisement;Im Briefkasten ist nur Reklame.;Il n'y a que de la publicité dans la boîte aux lettres.;There's only advertising in the letterbox.
nom;B1;Medien und Technologie;die Rufnummer;numéro de téléphone;phone number;Bitte geben Sie Ihre Rufnummer an.;Veuillez indiquer votre numéro de téléphone.;Please give your phone number.
nom;B1;Medien und Technologie;die Show;spectacle, émission;show;Die Show beginnt um acht.;Le spectacle commence à huit heures.;The show starts at eight.
nom;B1;Medien und Technologie;das Smartphone;téléphone intelligent;smartphone;Ohne Smartphone finde ich den Weg nicht.;Sans téléphone intelligent, je ne trouve pas mon chemin.;Without a smartphone I can't find my way.
nom;B1;Medien und Technologie;der Spot;spot publicitaire;advert, commercial;Der Spot dauert nur zwanzig Sekunden.;Le spot ne dure que vingt secondes.;The advert only lasts twenty seconds.
nom;B1;Medien und Technologie;der Trend;tendance;trend;Der Trend geht zum Fahrrad.;La tendance est au vélo.;The trend is towards cycling.
nom;B1;Medien und Technologie;der User;utilisateur;user;Die App hat eine Million User.;L'application a un million d'utilisateurs.;The app has a million users.
nom;B1;Medien und Technologie;die CD-ROM;cédérom;CD-ROM;Zum Buch gehört eine CD-ROM.;Le livre est accompagné d'un cédérom.;The book comes with a CD-ROM.
nom;B1;Medien und Technologie;die DVD;DVD;DVD;Den Film gibt es nur noch auf DVD.;Le film n'existe plus qu'en DVD.;The film is only available on DVD now.
nom;B1;Medien und Technologie;der Monitor;écran, moniteur;monitor;Der Monitor ist zu klein für die Arbeit.;L'écran est trop petit pour travailler.;The monitor is too small for the work.
nom;B1;Medien und Technologie;der Rundfunk;radiodiffusion;broadcasting;Sie arbeitet beim Rundfunk.;Elle travaille à la radio.;She works in broadcasting.
nom;B1;Medien und Technologie;die Castingshow;télécrochet;talent show;Am Samstag läuft eine Castingshow.;Samedi, il y a un télécrochet.;There's a talent show on Saturday.
nom;B1;Medien und Technologie;das Festnetz;ligne fixe;landline;Rufen Sie mich lieber auf dem Festnetz an.;Appelez-moi plutôt sur la ligne fixe.;Please call me on the landline.
nom;B1;Medien und Technologie;die Kassette;cassette;cassette;Im Keller liegen noch alte Kassetten.;Il reste de vieilles cassettes à la cave.;There are still old cassettes in the cellar.
nom;B1;Medien und Technologie;die Mailbox;messagerie vocale;voicemail;Sprich mir bitte auf die Mailbox.;Laisse-moi un message sur la messagerie.;Please leave me a voicemail.
nom;B1;Medien und Technologie;die Mobilbox;messagerie mobile;mobile voicemail;Die Mobilbox ist voll.;La messagerie est pleine.;The voicemail box is full.
nom;B2;Medien und Technologie;die künstliche Intelligenz;intelligence artificielle;artificial intelligence;Künstliche Intelligenz verändert viele Berufe.;L'intelligence artificielle transforme de nombreux métiers.;Artificial intelligence is transforming many professions.
nom;B2;Medien und Technologie;der Algorithmus;algorithme;algorithm;Dieser Algorithmus sortiert die Daten in Sekunden.;Cet algorithme trie les données en quelques secondes.;This algorithm sorts the data in seconds.
nom;B2;Medien und Technologie;der Datenschutz;protection des données;data protection;Der Datenschutz ist bei dieser App gewährleistet.;La protection des données est garantie avec cette application.;Data protection is guaranteed with this app.
nom;B2;Medien und Technologie;die Cybersicherheit;cybersécurité;cybersecurity;Cybersicherheit wird für Unternehmen immer wichtiger.;La cybersécurité devient de plus en plus importante pour les entreprises.;Cybersecurity is becoming increasingly important for companies.
nom;B2;Medien und Technologie;die Digitalisierung;numérisation;digitalization;Die Digitalisierung verändert unseren Alltag grundlegend.;La numérisation transforme fondamentalement notre quotidien.;Digitalization is fundamentally changing our everyday lives.
nom;B2;Medien und Technologie;die Sendung;émission;programme, broadcast;Die Sendung läuft seit zwölf Jahren.;L'émission passe depuis douze ans.;The programme has been running for twelve years.
nom;B2;Medien und Technologie;die Nachrichten;informations, journal;the news;Die Nachrichten kommen um acht.;Le journal est à huit heures.;The news is at eight.
nom;B2;Medien und Technologie;die Zeitschrift;magazine, revue;magazine, journal;Die Zeitschrift erscheint monatlich.;La revue paraît chaque mois.;The magazine comes out monthly.
nom;B2;Medien und Technologie;die Redaktion;rédaction;editorial team;Die Redaktion sitzt in Hamburg.;La rédaction est à Hambourg.;The editorial team is based in Hamburg.
nom;B2;Medien und Technologie;der Speicher;mémoire, stockage;memory, storage;Der Speicher ist zu drei Vierteln voll.;La mémoire est aux trois quarts pleine.;The storage is three-quarters full.
nom;B2;Medien und Technologie;der Ordner;dossier, classeur;folder;Leg die Datei in den richtigen Ordner.;Mets le fichier dans le bon dossier.;Put the file in the right folder.
nom;B2;Medien und Technologie;die Sicherheitskopie;copie de sauvegarde;backup copy;Ohne Sicherheitskopie ist alles weg.;Sans copie de sauvegarde, tout est perdu.;Without a backup everything is gone.
nom;B2;Medien und Technologie;der Browser;navigateur;browser;Welchen Browser benutzt du?;Quel navigateur utilises-tu ?;Which browser do you use?
nom;A1;Einkaufen und Geld;das Geld;argent;money;Ich habe nicht genug Geld.;Je n'ai pas assez d'argent.;I don't have enough money.
nom;A1;Einkaufen und Geld;der Preis;prix;price;Der Preis ist zu hoch.;Le prix est trop élevé.;The price is too high.
nom;A1;Einkaufen und Geld;die Kasse;caisse;cash register;Bezahl bitte an der Kasse.;Paie à la caisse, s'il te plaît.;Please pay at the register.
nom;A1;Einkaufen und Geld;der Supermarkt;supermarché;supermarket;Ich kaufe im Supermarkt ein.;Je fais mes courses au supermarché.;I do my shopping at the supermarket.
nom;A1;Einkaufen und Geld;der Euro;euro;euro;Das kostet zehn Euro.;Ça coûte dix euros.;That costs ten euros.
nom;A1;Einkaufen und Geld;die Rechnung;facture;bill, invoice;Kann ich die Rechnung haben?;Puis-je avoir la facture ?;Can I have the bill?
nom;A1;Einkaufen und Geld;die Tasche;sac;bag;Die Tasche ist sehr praktisch.;Le sac est très pratique.;The bag is very practical.
nom;A1;Einkaufen und Geld;das Angebot;offre;offer;Das ist ein gutes Angebot.;C'est une bonne offre.;That's a good offer.
nom;A1;Einkaufen und Geld;der Kunde;client;customer;Der Kunde ist immer König.;Le client est roi.;The customer is always king.
nom;A1;Einkaufen und Geld;der Einkauf;achat;purchase, shopping;Der Einkauf hat lange gedauert.;Les courses ont pris du temps.;The shopping took a long time.
nom;A1;Einkaufen und Geld;die Bank;la banque;bank;Die Bank öffnet um neun Uhr.;La banque ouvre à neuf heures.;The bank opens at nine.
nom;A2;Einkaufen und Geld;der Supermarkt;supermarché;supermarket;Der Supermarkt hat heute lange geöffnet.;Le supermarché est ouvert tard aujourd'hui.;The supermarket is open late today.
nom;A2;Einkaufen und Geld;die Rechnung;facture;bill, invoice;Kann ich die Rechnung per Karte bezahlen?;Puis-je payer la facture par carte ?;Can I pay the bill by card?
nom;A2;Einkaufen und Geld;das Angebot;offre;offer;Dieses Angebot gilt nur heute.;Cette offre n'est valable qu'aujourd'hui.;This offer is only valid today.
nom;A2;Einkaufen und Geld;der Rabatt;rabais;discount;Ich bekomme zwanzig Prozent Rabatt.;J'obtiens vingt pour cent de rabais.;I get a twenty percent discount.
nom;A2;Einkaufen und Geld;der Kassenbon;ticket de caisse;receipt;Bewahre den Kassenbon gut auf.;Garde bien le ticket de caisse.;Keep the receipt safe.
nom;A2;Einkaufen und Geld;der Umtausch;échange (achat);exchange (purchase);Der Umtausch ist innerhalb von vierzehn Tagen möglich.;L'échange est possible dans les quatorze jours.;Exchange is possible within fourteen days.
nom;A2;Einkaufen und Geld;der Geldbeutel;porte-monnaie;wallet;Mein Geldbeutel ist fast leer.;Mon porte-monnaie est presque vide.;My wallet is almost empty.
nom;A2;Einkaufen und Geld;der Geldautomat;distributeur automatique;ATM;Ich hebe Geld am Geldautomaten ab.;Je retire de l'argent au distributeur automatique.;I'm withdrawing money from the ATM.
nom;A2;Einkaufen und Geld;das Sparkonto;compte épargne;savings account;Ich lege jeden Monat Geld auf mein Sparkonto.;Je mets de l'argent sur mon compte épargne chaque mois.;I put money into my savings account every month.
nom;A2;Einkaufen und Geld;das Girokonto;compte courant;checking account;Mein Gehalt geht auf das Girokonto.;Mon salaire est versé sur le compte courant.;My salary goes into the checking account.
nom;A2;Einkaufen und Geld;das Gold;l'or;gold;Der Ring ist aus Gold.;La bague est en or.;The ring is made of gold.
nom;A2;Einkaufen und Geld;das Silber;l'argent (métal);silver;Die Kette ist aus Silber.;La chaîne est en argent.;The chain is made of silver.
nom;A2;Einkaufen und Geld;der Automat;distributeur automatique;vending machine;Die Fahrkarte kaufe ich am Automaten.;J'achète le billet au distributeur.;I buy the ticket at the machine.
nom;A2;Einkaufen und Geld;das Konto;compte bancaire;bank account;Das Geld ist schon auf meinem Konto.;L'argent est déjà sur mon compte.;The money is already in my account.
nom;A2;Einkaufen und Geld;das Paket;colis;parcel;Ein Paket ist für dich angekommen.;Un colis est arrivé pour toi.;A parcel has arrived for you.
nom;A2;Einkaufen und Geld;das Produkt;produit;product;Dieses Produkt ist sehr günstig.;Ce produit est très bon marché.;This product is very cheap.
nom;A2;Einkaufen und Geld;der Prospekt;prospectus, brochure;brochure;Im Prospekt stehen alle Angebote.;Toutes les offres sont dans le prospectus.;All the offers are in the brochure.
nom;A2;Einkaufen und Geld;die Qualität;qualité;quality;Die Qualität ist besser als der Preis.;La qualité est meilleure que le prix.;The quality is better than the price.
nom;A2;Einkaufen und Geld;der Service;service;service;Der Service in diesem Hotel ist ausgezeichnet.;Le service dans cet hôtel est excellent.;The service in this hotel is excellent.
nom;A2;Einkaufen und Geld;die Ermäßigung;réduction, tarif réduit;discount;Studenten bekommen eine Ermäßigung.;Les étudiants bénéficient d'une réduction.;Students get a discount.
nom;A2;Einkaufen und Geld;die Geldbörse;porte-monnaie;purse, wallet;Meine Geldbörse ist im Bus geblieben.;Mon porte-monnaie est resté dans le bus.;My purse was left on the bus.
nom;A2;Einkaufen und Geld;die Kundin;cliente;customer (female);Die Kundin möchte die Bluse umtauschen.;La cliente voudrait échanger le chemisier.;The customer would like to exchange the blouse.
nom;A2;Einkaufen und Geld;der Flohmarkt;marché aux puces;flea market;Sonntags gehen wir auf den Flohmarkt.;Le dimanche, nous allons au marché aux puces.;On Sundays we go to the flea market.
nom;B1;Einkaufen und Geld;die Quittung;reçu;receipt;Bewahren Sie die Quittung für den Umtausch auf.;Conservez le reçu pour l'échange.;Keep the receipt for the exchange.
nom;B1;Einkaufen und Geld;die Kreditkarte;carte de crédit;credit card;Ich bezahle meistens mit der Kreditkarte.;Je paie la plupart du temps par carte de crédit.;I usually pay with my credit card.
nom;B1;Einkaufen und Geld;der Kunde;client;customer;Der Kunde beschwert sich über die Lieferzeit.;Le client se plaint du délai de livraison.;The customer complains about the delivery time.
nom;B1;Einkaufen und Geld;die Reklamation;réclamation;complaint;Wir haben eine Reklamation wegen des defekten Produkts eingereicht.;Nous avons déposé une réclamation pour le produit défectueux.;We filed a complaint about the defective product.
nom;B1;Einkaufen und Geld;die Garantie;garantie;warranty;Die Garantie gilt für zwei Jahre.;La garantie est valable deux ans.;The warranty is valid for two years.
nom;B1;Einkaufen und Geld;die Ratenzahlung;paiement échelonné;installment payment;Sie zahlt den Kühlschrank in Ratenzahlung.;Elle paie le réfrigérateur en plusieurs fois.;She's paying for the fridge in installments.
nom;B1;Einkaufen und Geld;die Mahnung;rappel (de paiement);reminder (payment notice);Ich habe schon die zweite Mahnung von der Firma bekommen.;J'ai déjà reçu le deuxième rappel de paiement de l'entreprise.;I've already received the second payment reminder from the company.
nom;B1;Einkaufen und Geld;die Metzgerei;boucherie;butcher's shop;Ich kaufe das Fleisch immer in der Metzgerei um die Ecke.;J'achète toujours la viande à la boucherie du coin.;I always buy the meat at the butcher's shop around the corner.
nom;B1;Einkaufen und Geld;das Sonderangebot;offre spéciale;special offer;Diese Woche gibt es ein Sonderangebot für Kaffee.;Cette semaine, il y a une offre spéciale sur le café.;This week there's a special offer on coffee.
nom;B1;Einkaufen und Geld;die Ware;marchandise;goods, merchandise;Die Ware wird morgen geliefert.;La marchandise sera livrée demain.;The goods will be delivered tomorrow.
nom;B1;Einkaufen und Geld;der Wert;valeur;value;Der Wert des Hauses ist in den letzten Jahren gestiegen.;La valeur de la maison a augmenté ces dernières années.;The value of the house has increased in recent years.
nom;B1;Einkaufen und Geld;der Betrag;montant;amount;Der Betrag wurde bereits überwiesen.;Le montant a déjà été viré.;The amount has already been transferred.
nom;B1;Einkaufen und Geld;die Kundennummer;numéro de client;customer number;Bitte geben Sie Ihre Kundennummer an.;Veuillez indiquer votre numéro de client.;Please provide your customer number.
nom;B1;Einkaufen und Geld;der Kundenservice;service client;customer service;Der Kundenservice ist rund um die Uhr erreichbar.;Le service client est joignable vingt-quatre heures sur vingt-quatre.;Customer service is reachable around the clock.
nom;B1;Einkaufen und Geld;die Lieferung;livraison;delivery;Die Lieferung kommt morgen Vormittag an.;La livraison arrive demain matin.;The delivery arrives tomorrow morning.
nom;B1;Einkaufen und Geld;das Bargeld;argent liquide;cash;Ich zahle lieber mit Bargeld als mit Karte.;Je préfère payer en liquide plutôt qu'avec une carte.;I prefer to pay with cash rather than card.
nom;B1;Einkaufen und Geld;der Dauerauftrag;virement automatique;standing order;Die Miete zahle ich per Dauerauftrag.;Je paie le loyer par virement automatique.;I pay the rent by standing order.
nom;B1;Einkaufen und Geld;die Eröffnung;ouverture (d'un compte);opening (of an account);Die Eröffnung eines Kontos dauert nur zehn Minuten.;L'ouverture d'un compte ne prend que dix minutes.;Opening an account only takes ten minutes.
nom;B1;Einkaufen und Geld;die Filiale;succursale, agence;branch;Die nächste Filiale der Bank ist im Stadtzentrum.;La prochaine agence de la banque est dans le centre-ville.;The nearest branch of the bank is in the city center.
nom;B1;Einkaufen und Geld;die IBAN;IBAN;IBAN;Für die Überweisung brauche ich deine IBAN.;Pour le virement, j'ai besoin de ton IBAN.;For the transfer, I need your IBAN.
nom;B1;Einkaufen und Geld;der Kredit;crédit, prêt;loan;Er hat einen Kredit für sein neues Auto aufgenommen.;Il a contracté un crédit pour sa nouvelle voiture.;He took out a loan for his new car.
nom;B1;Einkaufen und Geld;das Taschengeld;argent de poche;pocket money;Meine Tochter bekommt jede Woche Taschengeld.;Ma fille reçoit de l'argent de poche chaque semaine.;My daughter gets pocket money every week.
nom;B1;Einkaufen und Geld;die Überweisung;virement;bank transfer;Die Überweisung dauert normalerweise einen Tag.;Le virement prend normalement un jour.;The bank transfer usually takes one day.
nom;B1;Einkaufen und Geld;der Verbraucher;consommateur;consumer;Der Verbraucher hat das Recht auf eine Rückgabe.;Le consommateur a le droit de retourner l'article.;The consumer has the right to return the item.
nom;B1;Einkaufen und Geld;die Verbraucherin;consommatrice;consumer (female);Die Verbraucherin hat sich über den Preis beschwert.;La consommatrice s'est plainte du prix.;The consumer complained about the price.
nom;B1;Einkaufen und Geld;der Verlust;perte;loss;Die Firma hat im letzten Jahr einen Verlust gemacht.;L'entreprise a subi une perte l'année dernière.;The company made a loss last year.
nom;B1;Einkaufen und Geld;der Lieferant;fournisseur;supplier;Der Lieferant bringt die Ware jeden Montag.;Le fournisseur livre la marchandise chaque lundi.;The supplier delivers the goods every Monday.
nom;B1;Einkaufen und Geld;der Katalog;catalogue;catalog;Im Katalog findest du alle Sportartikel.;Tu trouves tous les articles de sport dans le catalogue.;You'll find all the sports equipment in the catalog.
nom;B1;Einkaufen und Geld;das Schaufenster;vitrine;shop window;Das Kleid im Schaufenster gefällt mir sehr.;La robe en vitrine me plaît beaucoup.;I really like the dress in the shop window.
nom;B1;Einkaufen und Geld;das Friseurgeschäft;salon de coiffure;hair salon;Sie hat einen Termin im Friseurgeschäft um vier Uhr.;Elle a un rendez-vous au salon de coiffure à seize heures.;She has an appointment at the hair salon at four.
nom;B1;Einkaufen und Geld;der Anbieter;fournisseur, prestataire;provider;Wir haben den Anbieter für Internet gewechselt.;Nous avons changé de fournisseur internet.;We switched internet providers.
nom;B1;Einkaufen und Geld;die Aktion;promotion, action;special offer, campaign;Diese Woche gibt es eine Aktion auf Kaffee.;Cette semaine, il y a une promotion sur le café.;This week there's a special offer on coffee.
nom;B1;Einkaufen und Geld;das Einkommen;revenu;income;Mit diesem Einkommen ist die Miete zu hoch.;Avec ce revenu, le loyer est trop élevé.;With this income the rent is too high.
nom;B1;Einkaufen und Geld;die Erhöhung;augmentation, hausse;increase;Eine Erhöhung der Miete ist angekündigt.;Une augmentation du loyer est annoncée.;A rent increase has been announced.
nom;B1;Einkaufen und Geld;die Gebühr;frais, taxe;fee;Für die Anmeldung fällt eine Gebühr an.;Des frais s'appliquent pour l'inscription.;There is a fee for registration.
nom;B1;Einkaufen und Geld;der Gewinn;"bénéfice ; gain";"profit; winnings";Die Firma macht dieses Jahr Gewinn.;L'entreprise fait des bénéfices cette année.;The company is making a profit this year.
nom;B1;Einkaufen und Geld;der Handel;commerce;trade;Sie arbeitet im Handel.;Elle travaille dans le commerce.;She works in trade.
nom;B1;Einkaufen und Geld;der Hersteller;fabricant;manufacturer;Der Hersteller gibt zwei Jahre Garantie.;Le fabricant donne deux ans de garantie.;The manufacturer gives a two-year guarantee.
nom;B1;Einkaufen und Geld;der Kauf;achat;purchase;Der Kauf war ein Fehler.;Cet achat était une erreur.;The purchase was a mistake.
nom;B1;Einkaufen und Geld;die Konkurrenz;concurrence;competition;Die Konkurrenz ist billiger.;La concurrence est moins chère.;The competition is cheaper.
nom;B1;Einkaufen und Geld;der Käufer;acheteur;buyer;Für das Auto hat sich ein Käufer gefunden.;Un acheteur s'est présenté pour la voiture.;A buyer has been found for the car.
nom;B1;Einkaufen und Geld;die Marke;marque;brand;Welche Marke kaufst du normalerweise?;Quelle marque achètes-tu d'habitude ?;Which brand do you usually buy?
nom;B1;Einkaufen und Geld;die Mehrwertsteuer;TVA;VAT;Der Preis ist ohne Mehrwertsteuer.;Le prix est hors TVA.;The price is without VAT.
nom;B1;Einkaufen und Geld;das Modell;modèle;model;Dieses Modell ist neu auf dem Markt.;Ce modèle est nouveau sur le marché.;This model is new on the market.
nom;B1;Einkaufen und Geld;die Münze;pièce de monnaie;coin;Der Automat nimmt nur Münzen.;Le distributeur n'accepte que les pièces.;The machine only takes coins.
nom;B1;Einkaufen und Geld;der Schein;billet (de banque);banknote;Haben Sie es kleiner? Ich habe nur einen großen Schein.;Vous avez de la monnaie ? Je n'ai qu'un gros billet.;Do you have change? I only have a large note.
nom;B1;Einkaufen und Geld;die Steuer;impôt, taxe;tax;Auf diesen Betrag zahlt man keine Steuer.;Ce montant n'est pas imposable.;You pay no tax on this amount.
nom;B1;Einkaufen und Geld;die Zahlung;paiement;payment;Die Zahlung ist bei uns eingegangen.;Le paiement nous est bien parvenu.;We have received your payment.
nom;B1;Einkaufen und Geld;die Bankleitzahl;code banque;bank sort code;Die Bankleitzahl steht auf der Karte.;Le code banque figure sur la carte.;The sort code is on the card.
nom;B1;Einkaufen und Geld;die EC-Karte;carte de débit;debit card;Kann ich mit EC-Karte zahlen?;Puis-je payer par carte de débit ?;Can I pay by debit card?
nom;B1;Einkaufen und Geld;der Bancomat;distributeur de billets;cash machine;Der Bancomat ist gleich um die Ecke.;Le distributeur est juste au coin.;The cash machine is just around the corner.
nom;B1;Einkaufen und Geld;der Bedarf;besoin, demande;need, demand;Bei Bedarf rufen Sie uns bitte an.;En cas de besoin, appelez-nous.;If needed, please call us.
nom;B1;Einkaufen und Geld;die Brieftasche;portefeuille;wallet;Meine Brieftasche ist weg.;Mon portefeuille a disparu.;My wallet is gone.
nom;B1;Einkaufen und Geld;die Einzahlung;versement, dépôt;deposit;Die Einzahlung dauert zwei Tage.;Le versement prend deux jours.;The deposit takes two days.
nom;B1;Einkaufen und Geld;der Import;importation;import;Der Import aus Asien ist gestiegen.;L'importation depuis l'Asie a augmenté.;Imports from Asia have risen.
nom;B1;Einkaufen und Geld;die Nachfrage;demande (marché);demand;Die Nachfrage nach Wohnungen ist groß.;La demande de logements est forte.;Demand for flats is high.
nom;B1;Einkaufen und Geld;das Portemonnaie;porte-monnaie;purse;Das Portemonnaie liegt in der Jackentasche.;Le porte-monnaie est dans la poche de la veste.;The purse is in the jacket pocket.
nom;B1;Einkaufen und Geld;die Schuld;"faute ; dette";"fault; debt";Das ist nicht deine Schuld.;Ce n'est pas de ta faute.;That's not your fault.
nom;B1;Einkaufen und Geld;der Beitrag;cotisation, contribution;contribution, fee;Der Beitrag für den Verein ist niedrig.;La cotisation pour l'association est faible.;The club fee is low.
nom;B1;Einkaufen und Geld;das Päckchen;petit paquet;small parcel;Ein Päckchen kostet weniger als ein Paket.;Un petit paquet coûte moins cher qu'un colis.;A small parcel costs less than a package.
nom;B1;Einkaufen und Geld;der Tarif;tarif;rate, tariff;Der neue Tarif ist günstiger.;Le nouveau tarif est plus avantageux.;The new tariff is cheaper.
nom;B1;Einkaufen und Geld;das Verfallsdatum;date de péremption;expiry date;Prüfe das Verfallsdatum auf der Packung.;Vérifie la date de péremption sur l'emballage.;Check the expiry date on the packet.
nom;B1;Einkaufen und Geld;die Bankomat-Karte;carte bancaire;bank card;Ich zahle mit der Bankomat-Karte.;Je paie avec la carte bancaire.;I pay with the bank card.
nom;B1;Einkaufen und Geld;der Zins;intérêt (bancaire);interest;Für den Kredit zahlt man Zinsen.;Pour le crédit, on paie des intérêts.;You pay interest on the loan.
nom;B2;Einkaufen und Geld;die Inflation;inflation;inflation;Die Inflation erhöht die Preise für alle Waren.;L'inflation fait augmenter les prix de tous les produits.;Inflation raises the prices of all goods.
nom;B2;Einkaufen und Geld;das Budget;budget;budget;Wir planen unser Budget sehr genau.;Nous planifions notre budget très précisément.;We plan our budget very precisely.
nom;B2;Einkaufen und Geld;die Ausgabe;dépense;expense;Diese Ausgabe war diesen Monat nicht eingeplant.;Cette dépense n'était pas prévue ce mois-ci.;This expense wasn't planned for this month.
nom;B2;Einkaufen und Geld;die Ersparnis;économie;savings;Meine Ersparnisse reichen für den Notfall.;Mes économies suffisent pour une urgence.;My savings are enough for an emergency.
nom;B2;Einkaufen und Geld;das Konsumverhalten;comportement de consommation;consumer behavior;Das Konsumverhalten der Jugend hat sich stark verändert.;Le comportement de consommation des jeunes a beaucoup changé.;Young people's consumer behavior has changed a lot.
nom;B2;Einkaufen und Geld;der Gutschein;bon d'achat;voucher;Der Gutschein gilt noch bis Ende Mai.;Le bon est valable jusqu'à fin mai.;The voucher is valid until the end of May.
nom;B2;Einkaufen und Geld;die Lastschrift;prélèvement automatique;direct debit;Die Miete geht per Lastschrift ab.;Le loyer part par prélèvement automatique.;The rent goes out by direct debit.
nom;B2;Einkaufen und Geld;der Kontoauszug;relevé de compte;bank statement;Auf dem Kontoauszug fehlt eine Buchung.;Il manque une écriture sur le relevé.;One entry is missing from the bank statement.
nom;B2;Einkaufen und Geld;das Sparbuch;livret d'épargne;savings book;Das Sparbuch bringt kaum noch Zinsen.;Le livret ne rapporte presque plus d'intérêts.;The savings book hardly earns any interest.
nom;B2;Einkaufen und Geld;das Wechselgeld;monnaie (rendue);change;Sie hat mir zu wenig Wechselgeld gegeben.;Elle m'a rendu trop peu de monnaie.;She gave me too little change.
nom;B2;Einkaufen und Geld;der Preisvergleich;comparaison de prix;price comparison;Ein Preisvergleich lohnt sich fast immer.;Une comparaison de prix vaut presque toujours la peine.;A price comparison is almost always worth it.
nom;B2;Einkaufen und Geld;das Schnäppchen;bonne affaire;bargain;Der Mantel war ein echtes Schnäppchen.;Le manteau était une vraie bonne affaire.;The coat was a real bargain.
nom;A1;Gefühle und Charakter;die Freude;joie;joy;Die Freude war groß.;La joie était grande.;The joy was great.
nom;A1;Gefühle und Charakter;die Angst;peur;fear;Ich habe Angst vor Spinnen.;J'ai peur des araignées.;I'm afraid of spiders.
nom;A1;Gefühle und Charakter;die Liebe;amour;love;Liebe macht glücklich.;L'amour rend heureux.;Love makes you happy.
nom;A1;Gefühle und Charakter;das Glück;bonheur;happiness;Ich wünsche dir viel Glück.;Je te souhaite beaucoup de bonheur.;I wish you a lot of happiness.
nom;A1;Gefühle und Charakter;der Ärger;colère;anger;Sein Ärger war verständlich.;Sa colère était compréhensible.;His anger was understandable.
nom;A1;Gefühle und Charakter;die Traurigkeit;tristesse;sadness;Ihre Traurigkeit war spürbar.;Sa tristesse était perceptible.;Her sadness was noticeable.
nom;A1;Gefühle und Charakter;die Wut;rage;rage;Seine Wut war groß.;Sa rage était grande.;His rage was great.
nom;A1;Gefühle und Charakter;die Sorge;souci;worry;Mach dir keine Sorgen.;Ne t'inquiète pas.;Don't worry.
nom;A1;Gefühle und Charakter;der Mut;courage;courage;Das hat viel Mut gebraucht.;Ça a demandé beaucoup de courage.;That took a lot of courage.
nom;A1;Gefühle und Charakter;die Ruhe;calme;calm;Ich brauche jetzt etwas Ruhe.;J'ai besoin d'un peu de calme maintenant.;I need some calm now.
nom;A1;Gefühle und Charakter;die Hilfe;l'aide;help;Danke für deine Hilfe!;Merci pour ton aide !;Thanks for your help!
nom;A1;Gefühle und Charakter;der Kuss;le baiser;kiss;Sie gab ihm einen Kuss auf die Wange.;Elle lui a fait un baiser sur la joue.;She gave him a kiss on the cheek.
nom;A1;Gefühle und Charakter;der Traum;le rêve;dream;Ich hatte einen seltsamen Traum.;J'ai fait un rêve étrange.;I had a strange dream.
nom;A2;Gefühle und Charakter;die Traurigkeit;tristesse;sadness;Ihre Traurigkeit war deutlich zu sehen.;Sa tristesse était clairement visible.;Her sadness was clearly visible.
nom;A2;Gefühle und Charakter;die Überraschung;surprise;surprise;Die Überraschung war wirklich gelungen.;La surprise était vraiment réussie.;The surprise was really well done.
nom;A2;Gefühle und Charakter;der Stolz;fierté;pride;Sein Stolz auf die Kinder war groß.;Sa fierté pour ses enfants était grande.;His pride in his children was great.
nom;A2;Gefühle und Charakter;die Geduld;patience;patience;Geduld ist bei diesem Spiel wichtig.;La patience est importante dans ce jeu.;Patience is important in this game.
nom;A2;Gefühle und Charakter;die Neugier;curiosité;curiosity;Ihre Neugier bringt sie überallhin.;Sa curiosité l'emmène partout.;Her curiosity takes her everywhere.
nom;A2;Gefühle und Charakter;die Zufriedenheit;satisfaction;satisfaction;Ich spüre eine große Zufriedenheit.;Je ressens une grande satisfaction.;I feel a great sense of satisfaction.
nom;A2;Gefühle und Charakter;die Langeweile;ennui;boredom;Die Langeweile macht mich müde.;L'ennui me fatigue.;Boredom makes me tired.
nom;A2;Gefühle und Charakter;die Nervosität;nervosité;nervousness;Seine Nervosität war spürbar.;Sa nervosité était perceptible.;His nervousness was noticeable.
nom;A2;Gefühle und Charakter;die Erleichterung;soulagement;relief;Die Erleichterung kam sofort.;Le soulagement est arrivé immédiatement.;The relief came immediately.
nom;A2;Gefühle und Charakter;die Verwirrung;confusion;confusion;Ihre Verwirrung war verständlich.;Sa confusion était compréhensible.;Her confusion was understandable.
nom;A2;Gefühle und Charakter;die Stimme;la voix;voice;Ich habe seine Stimme sofort erkannt.;J'ai reconnu sa voix tout de suite.;I recognised his voice straight away.
nom;A2;Gefühle und Charakter;die Lüge;le mensonge;lie;Das war eine kleine Lüge.;C'était un petit mensonge.;That was a little lie.
nom;A2;Gefühle und Charakter;die Träne;la larme;tear;Eine Träne lief ihr über die Wange.;Une larme coulait sur sa joue.;A tear ran down her cheek.
nom;A2;Gefühle und Charakter;der Abschied;l'adieu, le départ;farewell, parting;Der Abschied fiel ihr schwer.;Les adieux lui ont été difficiles.;The farewell was hard for her.
nom;A2;Gefühle und Charakter;die Lust;envie;desire, inclination;Hast du Lust auf einen Kaffee?;As-tu envie d'un café ?;Do you fancy a coffee?
nom;B1;Gefühle und Charakter;die Eifersucht;jalousie;jealousy;Seine Eifersucht macht die Beziehung schwierig.;Sa jalousie complique la relation.;His jealousy makes the relationship difficult.
nom;B1;Gefühle und Charakter;das Mitgefühl;compassion;compassion;Sie zeigte großes Mitgefühl für die Betroffenen.;Elle a montré une grande compassion pour les personnes touchées.;She showed great compassion for those affected.
nom;B1;Gefühle und Charakter;die Zuversicht;confiance/optimisme;confidence, optimism;Trotz allem behielt er seine Zuversicht.;Malgré tout, il a gardé confiance.;Despite everything, he kept his confidence.
nom;B1;Gefühle und Charakter;die Enttäuschung;déception;disappointment;Die Enttäuschung stand ihr ins Gesicht geschrieben.;La déception se lisait sur son visage.;Disappointment was written all over her face.
nom;B1;Gefühle und Charakter;das Selbstvertrauen;confiance en soi;self-confidence;Ihr Selbstvertrauen ist in letzter Zeit gewachsen.;Sa confiance en soi a grandi ces derniers temps.;Her self-confidence has grown recently.
nom;B1;Gefühle und Charakter;die Gelassenheit;calme/sérénité;calmness, serenity;Er reagiert auf Stress immer mit Gelassenheit.;Il réagit toujours au stress avec sérénité.;He always reacts to stress with calmness.
nom;B1;Gefühle und Charakter;die Furcht;la crainte, la peur;fear;Er sprach ohne Furcht.;Il a parlé sans crainte.;He spoke without fear.
nom;B1;Gefühle und Charakter;die Seele;l'âme;soul;Musik tut der Seele gut.;La musique fait du bien à l'âme.;Music is good for the soul.
nom;B1;Gefühle und Charakter;die Rücksicht;égards, considération;consideration;Bitte nimm Rücksicht auf die anderen Mieter.;S'il te plaît, aie des égards pour les autres locataires.;Please be considerate of the other tenants.
nom;B1;Gefühle und Charakter;der Eindruck;impression;impression;Sie hat einen guten Eindruck bei der Ernährungsberaterin hinterlassen.;Elle a fait bonne impression sur la conseillère en nutrition.;She made a good impression on the nutrition counselor.
nom;B1;Gefühle und Charakter;die Gewohnheit;habitude;habit;Frühes Aufstehen ist bei ihm eine Gewohnheit.;Se lever tôt est une habitude chez lui.;Getting up early is a habit for him.
nom;B1;Gefühle und Charakter;das Verhalten;comportement;behavior;Sein Verhalten in der Gruppe war sehr ruhig.;Son comportement dans le groupe était très calme.;His behavior in the group was very calm.
nom;B1;Gefühle und Charakter;die Laune;humeur;mood;Sie hat heute schlechte Laune.;Elle est de mauvaise humeur aujourd'hui.;She's in a bad mood today.
nom;B1;Gefühle und Charakter;das Missverständnis;malentendu;misunderstanding;Das war nur ein kleines Missverständnis.;Ce n'était qu'un petit malentendu.;That was just a small misunderstanding.
nom;B1;Gefühle und Charakter;die Panik;panique;panic;Bei dem Feueralarm brach Panik aus.;La panique a éclaté à l'alarme incendie.;Panic broke out at the fire alarm.
nom;B1;Gefühle und Charakter;der Respekt;respect;respect;Sie behandelt alle Kollegen mit Respekt.;Elle traite tous ses collègues avec respect.;She treats all colleagues with respect.
nom;B1;Gefühle und Charakter;der Zweifel;doute;doubt;Ich habe keinen Zweifel an ihrer Ehrlichkeit.;Je n'ai aucun doute sur son honnêteté.;I have no doubt about her honesty.
nom;B1;Gefühle und Charakter;die Begeisterung;enthousiasme;enthusiasm;Sie sprach mit großer Begeisterung von ihrer Reise.;Elle a parlé de son voyage avec beaucoup d'enthousiasme.;She spoke about her trip with great enthusiasm.
nom;B1;Gefühle und Charakter;die Schwäche;faiblesse;weakness;Jeder hat seine Stärken und Schwächen.;Chacun a ses forces et ses faiblesses.;Everyone has their strengths and weaknesses.
nom;B1;Gefühle und Charakter;die Stärke;force, point fort;strength;Teamarbeit ist ihre größte Stärke.;Le travail d'équipe est sa plus grande force.;Teamwork is her greatest strength.
nom;B1;Gefühle und Charakter;die Stimmung;ambiance, humeur;mood, atmosphere;Die Stimmung im Büro war heute sehr entspannt.;L'ambiance au bureau était très détendue aujourd'hui.;The atmosphere in the office was very relaxed today.
nom;B1;Gefühle und Charakter;der Wunsch;souhait;wish;Ihr größter Wunsch ist eine feste Stelle.;Son plus grand souhait est un poste fixe.;Her biggest wish is a permanent position.
nom;B1;Gefühle und Charakter;die Ausrede;excuse, prétexte;excuse;Er hat immer eine gute Ausrede parat.;Il a toujours une bonne excuse toute prête.;He always has a good excuse ready.
nom;B1;Gefühle und Charakter;das Gefühl;sentiment;feeling;Sie kann ihre Gefühle schwer zeigen.;Elle a du mal à montrer ses sentiments.;She has trouble showing her feelings.
nom;B1;Gefühle und Charakter;der Liebeskummer;chagrin d'amour;heartbreak;Nach der Trennung hatte er lange Liebeskummer.;Après la séparation, il a eu un chagrin d'amour pendant longtemps.;After the breakup he had heartbreak for a long time.
nom;B1;Gefühle und Charakter;die Schönheit;beauté;beauty;Die Schönheit der Landschaft hat mich beeindruckt.;La beauté du paysage m'a impressionné.;The beauty of the landscape impressed me.
nom;B1;Gefühle und Charakter;die Aufmerksamkeit;attention;attention;Die Aufmerksamkeit der Kinder lässt schnell nach.;L'attention des enfants baisse rapidement.;Children's attention span drops quickly.
nom;B1;Gefühle und Charakter;die Erinnerung;souvenir;memory;Ich habe schöne Erinnerungen an diese Zeit.;J'ai de beaux souvenirs de cette époque.;I have fond memories of that time.
nom;B1;Gefühle und Charakter;die Fantasie;imagination;imagination;Kinder haben viel Fantasie.;Les enfants ont beaucoup d'imagination.;Children have a lot of imagination.
nom;B1;Gefühle und Charakter;die Freundschaft;amitié;friendship;Unsere Freundschaft dauert schon zwanzig Jahre.;Notre amitié dure depuis vingt ans.;Our friendship has lasted twenty years.
nom;B1;Gefühle und Charakter;das Geheimnis;secret;secret;Das bleibt unser Geheimnis.;Cela reste notre secret.;That stays our secret.
nom;B1;Gefühle und Charakter;die Hoffnung;espoir;hope;Ich habe die Hoffnung noch nicht verloren.;Je n'ai pas encore perdu espoir.;I haven't lost hope yet.
nom;B1;Gefühle und Charakter;der Schreck;frayeur;fright;Das war ein großer Schreck!;Quelle frayeur !;That was a real fright!
nom;B1;Gefühle und Charakter;der Streit;dispute;argument, quarrel;Nach dem Streit haben sie sich wieder vertragen.;Après la dispute, ils se sont réconciliés.;After the argument they made up again.
nom;B1;Gefühle und Charakter;das Unglück;malheur, accident;misfortune, accident;Zum Glück ist bei dem Unglück niemand verletzt worden.;Heureusement, personne n'a été blessé dans cet accident.;Luckily nobody was hurt in the accident.
nom;B1;Gefühle und Charakter;das Verständnis;compréhension;understanding;Danke für Ihr Verständnis.;Merci de votre compréhension.;Thank you for your understanding.
nom;B1;Gefühle und Charakter;der Gedanke;pensée;thought;Ich mache mir Gedanken über die Prüfung.;Je me fais du souci pour l'examen.;I'm worried about the exam.
nom;B1;Gefühle und Charakter;die Mühe;peine, effort;effort, trouble;Danke für deine Mühe!;Merci pour ta peine !;Thank you for your trouble!
nom;B1;Gefühle und Charakter;das Pech;malchance;bad luck;Da hast du wirklich Pech gehabt.;Là, tu n'as vraiment pas eu de chance.;You really had bad luck there.
nom;B1;Gefühle und Charakter;das Talent;talent;talent;Sie hat großes Talent für Sprachen.;Elle a un grand talent pour les langues.;She has a great talent for languages.
nom;B1;Gefühle und Charakter;die Absicht;intention;intention;Das war keine Absicht, entschuldige.;Ce n'était pas intentionnel, excuse-moi.;That wasn't intentional, sorry.
nom;B1;Gefühle und Charakter;der Druck;pression;pressure;Bei der Arbeit habe ich viel Druck.;Au travail, je subis beaucoup de pression.;I'm under a lot of pressure at work.
nom;B1;Gefühle und Charakter;die Ehre;honneur;honour;Es ist mir eine Ehre, Sie kennenzulernen.;C'est un honneur de faire votre connaissance.;It's an honour to meet you.
nom;B1;Gefühle und Charakter;das Heimweh;mal du pays;homesickness;Am Anfang hatte ich großes Heimweh.;Au début, j'avais un grand mal du pays.;At first I was very homesick.
nom;B2;Gefühle und Charakter;die Gelassenheit;sérénité;serenity;Ihre Gelassenheit beeindruckt mich immer wieder.;Sa sérénité m'impressionne toujours.;Her serenity always impresses me.
nom;B2;Gefühle und Charakter;die Empathie;empathie;empathy;Empathie ist eine wichtige Eigenschaft für diesen Beruf.;L'empathie est une qualité importante pour ce métier.;Empathy is an important trait for this job.
nom;B2;Gefühle und Charakter;der Ehrgeiz;ambition;ambition;Sein Ehrgeiz treibt ihn jeden Tag an.;Son ambition le pousse chaque jour.;His ambition drives him every day.
nom;B2;Gefühle und Charakter;die Bescheidenheit;modestie;modesty;Trotz ihres Erfolgs bleibt sie voller Bescheidenheit.;Malgré son succès, elle reste pleine de modestie.;Despite her success, she remains full of modesty.
nom;B2;Gefühle und Charakter;die Selbstreflexion;introspection;self-reflection;Selbstreflexion hilft, aus Fehlern zu lernen.;L'introspection aide à apprendre de ses erreurs.;Self-reflection helps you learn from mistakes.
nom;B2;Gefühle und Charakter;das Schicksal;le destin;fate, destiny;Sie glaubt nicht an das Schicksal.;Elle ne croit pas au destin.;She doesn't believe in fate.
nom;B2;Gefühle und Charakter;die Gabe;le don;gift, talent;Sie hat die Gabe, gut zuzuhören.;Elle a le don de bien écouter.;She has a gift for listening well.
nom;B2;Gefühle und Charakter;das Geschwätz;le bavardage, les racontars;gossip, chatter;Hör nicht auf das Geschwätz der Leute.;N'écoute pas les racontars des gens.;Don't listen to people's gossip.
nom;B2;Gefühle und Charakter;die Verzweiflung;désespoir;despair;Aus Verzweiflung rief sie ihn doch an.;Par désespoir, elle a fini par l'appeler.;Out of despair she called him after all.
nom;B2;Gefühle und Charakter;der Neid;envie, jalousie;envy;Neid ist ein schlechter Ratgeber.;L'envie est mauvaise conseillère.;Envy is a poor adviser.
nom;B2;Gefühle und Charakter;die Scham;honte;shame;Aus Scham sagte er nichts.;Par honte, il n'a rien dit.;Out of shame he said nothing.
nom;B2;Gefühle und Charakter;die Ungeduld;impatience;impatience;Seine Ungeduld war deutlich zu spüren.;Son impatience était nettement perceptible.;His impatience was clearly noticeable.
nom;B2;Gefühle und Charakter;das Misstrauen;méfiance;distrust;Ihr Misstrauen war leider berechtigt.;Sa méfiance était malheureusement fondée.;Her distrust was unfortunately justified.
nom;B2;Gefühle und Charakter;das Vertrauen;confiance;trust;Vertrauen wächst langsam und bricht schnell.;La confiance pousse lentement et se brise vite.;Trust grows slowly and breaks quickly.
nom;A1;Feste und Feiertage;das Geschenk;cadeau;gift;Das Geschenk ist wunderschön.;Le cadeau est magnifique.;The gift is beautiful.
nom;A1;Feste und Feiertage;die Feier;célébration;celebration;Die Feier war ein großer Erfolg.;La célébration a été un grand succès.;The celebration was a great success.
nom;A1;Feste und Feiertage;das Weihnachten;Noël;Christmas;Wir feiern Weihnachten zu Hause.;Nous fêtons Noël à la maison.;We celebrate Christmas at home.
nom;A1;Feste und Feiertage;das Ostern;Pâques;Easter;Ostern ist im Frühling.;Pâques est au printemps.;Easter is in the spring.
nom;A1;Feste und Feiertage;das Neujahr;nouvel an;New Year;Wir feiern Neujahr mit Freunden.;Nous fêtons le nouvel an avec des amis.;We celebrate New Year with friends.
nom;A1;Feste und Feiertage;das Fest;fête;festival;Das Fest dauert drei Tage.;La fête dure trois jours.;The festival lasts three days.
nom;A1;Feste und Feiertage;die Kerze;bougie;candle;Die Kerze brennt auf dem Tisch.;La bougie brûle sur la table.;The candle is burning on the table.
nom;A1;Feste und Feiertage;das Feuerwerk;feu d'artifice;fireworks;Das Feuerwerk war beeindruckend.;Le feu d'artifice était impressionnant.;The fireworks were impressive.
nom;A2;Feste und Feiertage;das Weihnachten;Noël;Christmas;Wir feiern Weihnachten mit der ganzen Familie.;Nous fêtons Noël avec toute la famille.;We celebrate Christmas with the whole family.
nom;A2;Feste und Feiertage;das Ostern;Pâques;Easter;An Ostern suchen die Kinder Eier.;À Pâques, les enfants cherchent des œufs.;At Easter, the children search for eggs.
nom;A2;Feste und Feiertage;das Neujahr;nouvel an;New Year;Neujahr feiern wir mit Feuerwerk.;Nous fêtons le nouvel an avec un feu d'artifice.;We celebrate New Year with fireworks.
nom;A2;Feste und Feiertage;der Karneval;carnaval;carnival;Der Karneval dauert mehrere Tage.;Le carnaval dure plusieurs jours.;Carnival lasts several days.
nom;A2;Feste und Feiertage;der Muttertag;fête des mères;Mother's Day;Am Muttertag schenke ich meiner Mutter Blumen.;À la fête des mères, j'offre des fleurs à ma mère.;On Mother's Day, I give my mother flowers.
nom;A2;Feste und Feiertage;der Vatertag;fête des pères;Father's Day;Am Vatertag gehen die Väter oft aus.;À la fête des pères, les pères sortent souvent.;On Father's Day, fathers often go out.
nom;A2;Feste und Feiertage;das Silvester;réveillon du nouvel an;New Year's Eve;An Silvester bleiben wir bis Mitternacht wach.;Le soir du réveillon, nous restons éveillés jusqu'à minuit.;On New Year's Eve, we stay up until midnight.
nom;A2;Feste und Feiertage;die Hexe;la sorcière;witch;Das Kind ist als Hexe verkleidet.;L'enfant est déguisé en sorcière.;The child is dressed as a witch.
nom;A2;Feste und Feiertage;der Engel;l'ange;angel;Auf dem Baum sitzt ein kleiner Engel.;Un petit ange est posé sur l'arbre.;A little angel sits on the tree.
nom;A2;Feste und Feiertage;der Gast;invité;guest;Wir haben heute zehn Gäste.;Nous avons dix invités aujourd'hui.;We have ten guests today.
nom;B1;Feste und Feiertage;die Hochzeit;mariage;wedding;Ihre Hochzeit fand im Schlossgarten statt.;Leur mariage a eu lieu dans le jardin du château.;Their wedding took place in the castle garden.
nom;B1;Feste und Feiertage;die Einladung;invitation;invitation;Wir haben die Einladung schon verschickt.;Nous avons déjà envoyé l'invitation.;We already sent out the invitation.
nom;B1;Feste und Feiertage;die Tradition;tradition;tradition;Diese Tradition wird seit Generationen gepflegt.;Cette tradition est perpétuée depuis des générations.;This tradition has been maintained for generations.
nom;B1;Feste und Feiertage;der Brauch;coutume;custom;Dieser Brauch ist typisch für die Region.;Cette coutume est typique de la région.;This custom is typical of the region.
nom;B1;Feste und Feiertage;der Feiertagskalender;calendrier des fêtes;holiday calendar;Der Feiertagskalender hängt in der Küche.;Le calendrier des fêtes est accroché dans la cuisine.;The holiday calendar hangs in the kitchen.
nom;B1;Feste und Feiertage;der Teufel;le diable;devil;In der Geschichte kommt ein Teufel vor.;Dans l'histoire, il y a un diable.;There is a devil in the story.
nom;B1;Feste und Feiertage;der Geist;l'esprit, le fantôme;spirit, ghost;Er glaubt nicht an Geister.;Il ne croit pas aux fantômes.;He doesn't believe in ghosts.
nom;B1;Feste und Feiertage;das Kreuz;la croix;cross;Auf dem Berg steht ein Kreuz.;Il y a une croix sur la montagne.;There is a cross on the mountain.
nom;B1;Feste und Feiertage;das Gespenst;le fantôme;ghost;Die Kinder spielen Gespenst.;Les enfants jouent au fantôme.;The children are playing ghost.
nom;B1;Feste und Feiertage;der Narr;le fou (du carnaval);fool, jester;Im Karneval sind alle Narren.;Au carnaval, tout le monde est fou.;At carnival everyone is a fool.
nom;B1;Feste und Feiertage;das Festessen;repas de fête;feast, celebratory meal;Zu Weihnachten gibt es bei uns ein großes Festessen.;À Noël, nous avons un grand repas de fête.;At Christmas we have a big festive meal.
nom;B1;Feste und Feiertage;die Einweihungsparty;fête de crémaillère;housewarming party;Am Samstag feiern wir unsere Einweihungsparty.;Samedi, nous fêtons notre crémaillère.;On Saturday we're having our housewarming party.
nom;B1;Feste und Feiertage;der Fasching;carnaval;carnival;Im Fasching verkleiden sich die Kinder.;Au carnaval, les enfants se déguisent.;At carnival the children dress up.
nom;B1;Feste und Feiertage;der Glückwunsch;félicitations;congratulations;Herzlichen Glückwunsch zur Prüfung!;Toutes mes félicitations pour l'examen !;Congratulations on the exam!
nom;B1;Feste und Feiertage;die Gratulation;félicitation;congratulation;Meine Gratulation zum neuen Job!;Mes félicitations pour le nouveau travail !;My congratulations on the new job!
nom;B1;Feste und Feiertage;der Nationalfeiertag;fête nationale;national holiday;Am Nationalfeiertag sind die Geschäfte zu.;Le jour de la fête nationale, les magasins sont fermés.;On the national holiday the shops are closed.
nom;B1;Feste und Feiertage;das Pfingsten;Pentecôte;Whitsun;An Pfingsten haben wir vier Tage frei.;À la Pentecôte, nous avons quatre jours de congé.;At Whitsun we have four days off.
nom;B1;Feste und Feiertage;das Buffet;buffet;buffet;Zum Frühstück gibt es ein Buffet.;Au petit-déjeuner, il y a un buffet.;There's a buffet for breakfast.
nom;B1;Feste und Feiertage;die Fasnacht;carnaval;carnival;An der Fasnacht ziehen alle durch die Stadt.;Au carnaval, tout le monde défile en ville.;At carnival everyone parades through town.
nom;B1;Feste und Feiertage;die Trauung;cérémonie de mariage;wedding ceremony;Die Trauung ist um elf Uhr.;La cérémonie de mariage est à onze heures.;The wedding ceremony is at eleven.
nom;B2;Feste und Feiertage;das Jubiläum;jubilé/anniversaire important;anniversary, jubilee;Wir feiern nächste Woche unser fünfzigjähriges Jubiläum.;Nous fêtons la semaine prochaine notre cinquantième anniversaire.;We're celebrating our fiftieth anniversary next week.
nom;B2;Feste und Feiertage;die Zeremonie;cérémonie;ceremony;Die Zeremonie dauerte etwa eine Stunde.;La cérémonie a duré environ une heure.;The ceremony lasted about an hour.
nom;B2;Feste und Feiertage;das Ritual;rituel;ritual;Dieses Ritual wird seit Jahrhunderten praktiziert.;Ce rituel est pratiqué depuis des siècles.;This ritual has been practiced for centuries.
nom;B2;Feste und Feiertage;die Feierlichkeit;festivité;festivity;Die Feierlichkeit zog viele Gäste an.;La festivité a attiré de nombreux invités.;The festivity attracted many guests.
nom;B2;Feste und Feiertage;das Brauchtum;folklore/coutumes;customs, folklore;Dieses Brauchtum ist typisch für die Region.;Ce folklore est typique de la région.;This folklore is typical of the region.
nom;B2;Feste und Feiertage;die Torte;gâteau (à étages);cake, gateau;Die Torte hat drei Schichten.;Le gâteau a trois couches.;The cake has three layers.
nom;B2;Feste und Feiertage;die Taufe;baptême;christening;Die Taufe findet im Mai statt.;Le baptême a lieu en mai.;The christening takes place in May.
nom;B2;Feste und Feiertage;die Beerdigung;enterrement;funeral;Zur Beerdigung kamen über hundert Leute.;Plus de cent personnes sont venues à l'enterrement.;Over a hundred people came to the funeral.
nom;B2;Feste und Feiertage;die Geburtstagsfeier;fête d'anniversaire;birthday party;Die Geburtstagsfeier war im Garten.;La fête d'anniversaire était dans le jardin.;The birthday party was in the garden.
nom;B2;Feste und Feiertage;der Gastgeber;hôte (qui reçoit);host;Der Gastgeber kam kaum zum Essen.;L'hôte a à peine eu le temps de manger.;The host barely got round to eating.
nom;A1;Politik und Gesellschaft;das Land;pays;country;Deutschland ist ein schönes Land.;L'Allemagne est un beau pays.;Germany is a beautiful country.
nom;A1;Politik und Gesellschaft;die Regierung;gouvernement;government;Die Regierung trifft heute eine Entscheidung.;Le gouvernement prend une décision aujourd'hui.;The government is making a decision today.
nom;A1;Politik und Gesellschaft;der Präsident;président;president;Der Präsident hält eine Rede.;Le président prononce un discours.;The president is giving a speech.
nom;A1;Politik und Gesellschaft;das Gesetz;loi;law;Dieses Gesetz ist neu.;Cette loi est nouvelle.;This law is new.
nom;A1;Politik und Gesellschaft;der Staat;état;state;Der Staat hilft den Bürgern.;L'État aide les citoyens.;The state helps its citizens.
nom;A1;Politik und Gesellschaft;das Volk;peuple;people, nation;Das Volk wählt eine neue Regierung.;Le peuple élit un nouveau gouvernement.;The people are electing a new government.
nom;A1;Politik und Gesellschaft;der Bürger;citoyen;citizen;Jeder Bürger hat Rechte.;Chaque citoyen a des droits.;Every citizen has rights.
nom;A1;Politik und Gesellschaft;der Mensch;l'être humain, la personne;human, person;Auf dem Platz waren viele Menschen.;Il y avait beaucoup de gens sur la place.;There were many people in the square.
nom;A1;Politik und Gesellschaft;die Welt;le monde;world;Sie will die ganze Welt sehen.;Elle veut voir le monde entier.;She wants to see the whole world.
nom;A1;Politik und Gesellschaft;die Leute;les gens;people;Die Leute hier sind sehr freundlich.;Les gens ici sont très gentils.;The people here are very friendly.
nom;A2;Politik und Gesellschaft;die Wahl;élection;election;Die Wahl findet im September statt.;L'élection a lieu en septembre.;The election takes place in September.
nom;A2;Politik und Gesellschaft;die Partei;parti politique;political party;Diese Partei gewinnt viele Stimmen.;Ce parti gagne beaucoup de voix.;This party wins many votes.
nom;A2;Politik und Gesellschaft;der Bürger;citoyen;citizen;Jeder Bürger darf wählen.;Chaque citoyen a le droit de voter.;Every citizen may vote.
nom;A2;Politik und Gesellschaft;die Demokratie;démocratie;democracy;Deutschland ist eine Demokratie.;L'Allemagne est une démocratie.;Germany is a democracy.
nom;A2;Politik und Gesellschaft;der Minister;ministre;minister;Der Minister hält eine wichtige Rede.;Le ministre prononce un discours important.;The minister gives an important speech.
nom;A2;Politik und Gesellschaft;das Parlament;parlement;parliament;Das Parlament diskutiert das neue Gesetz.;Le parlement discute de la nouvelle loi.;Parliament is discussing the new law.
nom;A2;Politik und Gesellschaft;die Abstimmung;vote;vote;Die Abstimmung endet um achtzehn Uhr.;Le vote se termine à dix-huit heures.;The vote ends at six o'clock.
nom;A2;Politik und Gesellschaft;der Kandidat;candidat;candidate;Der Kandidat spricht mit den Bürgern.;Le candidat parle avec les citoyens.;The candidate talks with the citizens.
nom;A2;Politik und Gesellschaft;der Krieg;la guerre;war;Der Krieg dauerte vier Jahre.;La guerre a duré quatre ans.;The war lasted four years.
nom;A2;Politik und Gesellschaft;der König;le roi;king;Der König wohnte in diesem Schloss.;Le roi habitait dans ce château.;The king lived in this castle.
nom;A2;Politik und Gesellschaft;der Gott;le dieu;god;Sie glaubt an Gott.;Elle croit en Dieu.;She believes in God.
nom;A2;Politik und Gesellschaft;die Ordnung;l'ordre;order, tidiness;In seinem Zimmer herrscht Ordnung.;Dans sa chambre, tout est en ordre.;His room is tidy.
nom;A2;Politik und Gesellschaft;die Königin;la reine;queen;Die Königin hält eine Rede.;La reine prononce un discours.;The queen is giving a speech.
nom;A2;Politik und Gesellschaft;die Flagge;le drapeau;flag;Vor dem Rathaus weht eine Flagge.;Un drapeau flotte devant l'hôtel de ville.;A flag is flying in front of the town hall.
nom;A2;Politik und Gesellschaft;der Ausweis;carte d'identité;ID card;Bitte zeigen Sie mir Ihren Ausweis.;Montrez-moi votre carte d'identité, s'il vous plaît.;Please show me your ID card.
nom;A2;Politik und Gesellschaft;die Heimat;pays d'origine;homeland;Meine Heimat ist ein kleines Dorf.;Mon pays d'origine est un petit village.;My homeland is a small village.
nom;A2;Politik und Gesellschaft;die Polizei;police;police;Bei einem Unfall ruft man die Polizei.;En cas d'accident, on appelle la police.;In an accident you call the police.
nom;A2;Politik und Gesellschaft;die Unterschrift;signature;signature;Hier fehlt noch Ihre Unterschrift.;Il manque encore votre signature ici.;Your signature is still missing here.
nom;A2;Politik und Gesellschaft;der Deutsche;Allemand, Allemande;German (person);Viele Deutsche fahren im Sommer nach Italien.;Beaucoup d'Allemands vont en Italie l'été.;Many Germans go to Italy in the summer.
nom;A2;Politik und Gesellschaft;die Erlaubnis;autorisation, permission;permission;Ohne Erlaubnis darf man hier nicht parken.;Sans autorisation, on n'a pas le droit de se garer ici.;Without permission you may not park here.
nom;A2;Politik und Gesellschaft;die Schweiz;Suisse;Switzerland;Im Sommer fahren wir in die Schweiz.;Cet été, nous allons en Suisse.;In summer we're going to Switzerland.
nom;A2;Politik und Gesellschaft;der Österreicher;Autrichien;Austrian;Mein Kollege ist Österreicher.;Mon collègue est autrichien.;My colleague is Austrian.
nom;A2;Politik und Gesellschaft;der Europäer;Européen;European;Als Europäer brauche ich kein Visum.;En tant qu'Européen, je n'ai pas besoin de visa.;As a European I don't need a visa.
nom;A2;Politik und Gesellschaft;die Hauptstadt;capitale;capital city;Berlin ist die Hauptstadt von Deutschland.;Berlin est la capitale de l'Allemagne.;Berlin is the capital of Germany.
nom;A2;Politik und Gesellschaft;der Luxemburger;Luxembourgeois;Luxembourger;Viele Luxemburger sprechen drei Sprachen.;Beaucoup de Luxembourgeois parlent trois langues.;Many Luxembourgers speak three languages.
nom;A2;Politik und Gesellschaft;der Schweizer;Suisse (habitant);Swiss person;Mein Nachbar ist Schweizer.;Mon voisin est suisse.;My neighbour is Swiss.
nom;B1;Politik und Gesellschaft;die Verfassung;constitution;constitution;Die Verfassung garantiert die Meinungsfreiheit.;La constitution garantit la liberté d'expression.;The constitution guarantees freedom of speech.
nom;B1;Politik und Gesellschaft;der Abgeordnete;député;member of parliament;Der Abgeordnete stimmt gegen das neue Gesetz.;Le député vote contre la nouvelle loi.;The member of parliament votes against the new law.
nom;B1;Politik und Gesellschaft;die Opposition;opposition;opposition;Die Opposition kritisiert die Entscheidung scharf.;L'opposition critique vivement la décision.;The opposition sharply criticizes the decision.
nom;B1;Politik und Gesellschaft;die Koalition;coalition;coalition;Die Koalition einigt sich auf einen Kompromiss.;La coalition s'accorde sur un compromis.;The coalition agrees on a compromise.
nom;B1;Politik und Gesellschaft;die Gesellschaftsordnung;ordre social;social order;Diese Gesellschaftsordnung hat sich stark verändert.;Cet ordre social a beaucoup changé.;This social order has changed a lot.
nom;B1;Politik und Gesellschaft;der Kampf;le combat, la lutte;fight, struggle;Der Kampf gegen die Armut geht weiter.;La lutte contre la pauvreté continue.;The fight against poverty continues.
nom;B1;Politik und Gesellschaft;der Befehl;l'ordre (commandement);order, command;Er hat den Befehl verweigert.;Il a refusé d'obéir à l'ordre.;He refused to obey the order.
nom;B1;Politik und Gesellschaft;das Gefängnis;la prison;prison;Er saß zwei Jahre im Gefängnis.;Il a passé deux ans en prison.;He spent two years in prison.
nom;B1;Politik und Gesellschaft;das Geschlecht;le sexe, le genre;sex, gender;Das Formular fragt nach dem Geschlecht.;Le formulaire demande le sexe.;The form asks for your gender.
nom;B1;Politik und Gesellschaft;die Krone;la couronne;crown;Die Krone liegt im Museum.;La couronne se trouve au musée.;The crown is in the museum.
nom;B1;Politik und Gesellschaft;die Macht;le pouvoir;power;Sie hat viel Macht in der Firma.;Elle a beaucoup de pouvoir dans l'entreprise.;She has a lot of power in the company.
nom;B1;Politik und Gesellschaft;das Opfer;la victime, le sacrifice;victim, sacrifice;Bei dem Unfall gab es keine Opfer.;L'accident n'a pas fait de victimes.;There were no casualties in the accident.
nom;B1;Politik und Gesellschaft;das Gebiet;la région, le domaine;area, field;Auf diesem Gebiet ist er Experte.;Dans ce domaine, il est expert.;He is an expert in this field.
nom;B1;Politik und Gesellschaft;das Recht;droit;right;Jeder Mieter hat das Recht auf Ruhe in der Nacht.;Chaque locataire a le droit au calme pendant la nuit.;Every tenant has the right to quiet at night.
nom;B1;Politik und Gesellschaft;die Sicherheit;sécurité;safety, security;Die neue Haustür bietet mehr Sicherheit.;La nouvelle porte d'entrée offre plus de sécurité.;The new front door offers more security.
nom;B1;Politik und Gesellschaft;die Vorschrift;règlement, consigne;regulation;Man muss sich an die Vorschriften des Vermieters halten.;Il faut respecter les consignes du propriétaire.;One must follow the landlord's regulations.
nom;B1;Politik und Gesellschaft;die Wirtschaft;économie;economy;Die Wirtschaft des Landes wächst langsam.;L'économie du pays croît lentement.;The country's economy is growing slowly.
nom;B1;Politik und Gesellschaft;der Anspruch;droit, prétention;claim, entitlement;Sie hat Anspruch auf eine Rückerstattung.;Elle a droit à un remboursement.;She is entitled to a refund.
nom;B1;Politik und Gesellschaft;der Einbrecher;cambrioleur;burglar;Der Einbrecher wurde von der Polizei gefasst.;Le cambrioleur a été arrêté par la police.;The burglar was caught by the police.
nom;B1;Politik und Gesellschaft;der Einbruch;cambriolage;burglary;Nach dem Einbruch hat sie ein neues Schloss eingebaut.;Après le cambriolage, elle a fait installer une nouvelle serrure.;After the burglary, she had a new lock installed.
nom;B1;Politik und Gesellschaft;der Schaden;dommage, dégât;damage;Der Sturm hat großen Schaden am Dach angerichtet.;La tempête a causé de gros dégâts au toit.;The storm caused major damage to the roof.
nom;B1;Politik und Gesellschaft;der Schutz;protection;protection;Die Versicherung bietet Schutz gegen Diebstahl.;L'assurance offre une protection contre le vol.;The insurance offers protection against theft.
nom;B1;Politik und Gesellschaft;der Konflikt;conflit;conflict;Zwischen den beiden Kollegen gab es einen Konflikt.;Il y a eu un conflit entre les deux collègues.;There was a conflict between the two colleagues.
nom;B1;Politik und Gesellschaft;die Politik;politique;politics;Er interessiert sich sehr für Politik.;Il s'intéresse beaucoup à la politique.;He is very interested in politics.
nom;B1;Politik und Gesellschaft;die Religion;religion;religion;In der Schule lernen die Kinder etwas über verschiedene Religionen.;À l'école, les enfants apprennent des choses sur différentes religions.;At school, children learn about different religions.
nom;B1;Politik und Gesellschaft;der Antrag;demande (formulaire);application, request;Sie hat einen Antrag auf Elterngeld gestellt.;Elle a déposé une demande d'allocation parentale.;She submitted an application for parental allowance.
nom;B1;Politik und Gesellschaft;die Gleichberechtigung;égalité des droits;equal rights;Gleichberechtigung zwischen Mann und Frau ist ihr wichtig.;L'égalité des droits entre hommes et femmes est importante pour elle.;Equal rights between men and women matter to her.
nom;B1;Politik und Gesellschaft;die Krise;crise;crisis;Die Firma steckt seit Monaten in einer Krise.;L'entreprise traverse une crise depuis des mois.;The company has been in a crisis for months.
nom;B1;Politik und Gesellschaft;die Minderheit;minorité;minority;Die Rechte von Minderheiten müssen geschützt werden.;Les droits des minorités doivent être protégés.;The rights of minorities must be protected.
nom;B1;Politik und Gesellschaft;die Unterstützung;soutien;support;Sie hat viel Unterstützung von ihrer Familie bekommen.;Elle a reçu beaucoup de soutien de sa famille.;She received a lot of support from her family.
nom;B1;Politik und Gesellschaft;die Bescheinigung;attestation, certificat;certificate, confirmation;Ich brauche eine Bescheinigung über meinen Deutschkurs.;J'ai besoin d'une attestation pour mon cours d'allemand.;I need a certificate for my German course.
nom;B1;Politik und Gesellschaft;die Bürokratie;bureaucratie;bureaucracy;Die Bürokratie in manchen Ämtern ist sehr kompliziert.;La bureaucratie dans certains bureaux est très compliquée.;The bureaucracy in some offices is very complicated.
nom;B1;Politik und Gesellschaft;die Verwaltung;administration;administration;Die Verwaltung der Stadt hat viele neue Regeln eingeführt.;L'administration de la ville a introduit beaucoup de nouvelles règles.;The city administration introduced many new rules.
nom;B1;Politik und Gesellschaft;die Bevölkerung;population;population;Die Bevölkerung der Stadt wächst jedes Jahr.;La population de la ville augmente chaque année.;The city's population grows every year.
nom;B1;Politik und Gesellschaft;die Bürgerin;citoyenne;citizen (female);Die Bürgerin engagiert sich seit Jahren ehrenamtlich.;La citoyenne s'engage bénévolement depuis des années.;The citizen has volunteered for years.
nom;B1;Politik und Gesellschaft;das Engagement;engagement;commitment, involvement;Ihr Engagement für die Gemeinde wird sehr geschätzt.;Son engagement pour la communauté est très apprécié.;Her commitment to the community is highly valued.
nom;B1;Politik und Gesellschaft;die Gesellschaft;société;society;Ehrenamtliche Arbeit ist wichtig für unsere Gesellschaft.;Le travail bénévole est important pour notre société.;Volunteer work is important for our society.
nom;B1;Politik und Gesellschaft;der Bürgermeister;maire;mayor;Der Bürgermeister eröffnet heute das neue Rathaus.;Le maire inaugure aujourd'hui la nouvelle mairie.;The mayor is opening the new town hall today.
nom;B1;Politik und Gesellschaft;die Bürgermeisterin;mairesse;mayor (female);Die Bürgermeisterin wurde vor zwei Jahren gewählt.;La mairesse a été élue il y a deux ans.;The mayor was elected two years ago.
nom;B1;Politik und Gesellschaft;das Einverständnis;accord, consentement;consent, agreement;Ohne ihr Einverständnis darf nichts unternommen werden.;Rien ne peut être entrepris sans son accord.;Nothing can be undertaken without her consent.
nom;B1;Politik und Gesellschaft;die Integration;intégration;integration;Sprachkurse helfen bei der Integration.;Les cours de langue aident à l'intégration.;Language courses help with integration.
nom;B1;Politik und Gesellschaft;die Kandidatin;candidate (femme);candidate (female);Die Kandidatin stellt heute ihr Programm vor.;La candidate présente son programme aujourd'hui.;The candidate is presenting her program today.
nom;B1;Politik und Gesellschaft;der Prozess;processus, procès;process, trial;Der Prozess der Integration braucht Zeit.;Le processus d'intégration prend du temps.;The integration process takes time.
nom;B1;Politik und Gesellschaft;der Export;exportation;export;Der Export von Maschinen ist für das Land sehr wichtig.;L'exportation de machines est très importante pour le pays.;The export of machinery is very important for the country.
nom;B1;Politik und Gesellschaft;der Migrationshintergrund;origine migratoire;migration background;Viele Kinder in der Klasse haben einen Migrationshintergrund.;Beaucoup d'enfants de la classe ont une origine migratoire.;Many children in the class have a migration background.
nom;B1;Politik und Gesellschaft;die Staatsbürgerschaft;nationalité, citoyenneté;citizenship;Sie hat die deutsche Staatsbürgerschaft beantragt.;Elle a demandé la nationalité allemande.;She applied for German citizenship.
nom;B1;Politik und Gesellschaft;das Anliegen;demande, requête;request, concern;Ich habe ein wichtiges Anliegen an Sie.;J'ai une demande importante à vous adresser.;I have an important request for you.
nom;B1;Politik und Gesellschaft;die Ansprache;discours (allocution);speech, address;Der Präsident hielt eine kurze Ansprache.;Le président a prononcé un court discours.;The president gave a short speech.
nom;B1;Politik und Gesellschaft;das Antragsformular;formulaire de demande;application form;Bitte füllen Sie das Antragsformular vollständig aus.;Veuillez remplir entièrement le formulaire de demande.;Please fill out the application form completely.
nom;B1;Politik und Gesellschaft;der Ausländer;étranger;foreigner;Als Ausländer musste er sich erst an die Bürokratie gewöhnen.;En tant qu'étranger, il a dû d'abord s'habituer à la bureaucratie.;As a foreigner he first had to get used to the bureaucracy.
nom;B1;Politik und Gesellschaft;die Ausländerin;étrangère;foreigner (female);Die Ausländerin lebt seit fünf Jahren in Deutschland.;L'étrangère vit en Allemagne depuis cinq ans.;The foreigner has lived in Germany for five years.
nom;B1;Politik und Gesellschaft;die Auswanderung;émigration;emigration;Die Auswanderung nach Amerika war im 19. Jahrhundert sehr häufig.;L'émigration vers l'Amérique était très fréquente au 19e siècle.;Emigration to America was very common in the 19th century.
nom;B1;Politik und Gesellschaft;die Einbürgerungsurkunde;certificat de naturalisation;naturalization certificate;Sie hat gestern ihre Einbürgerungsurkunde erhalten.;Elle a reçu hier son certificat de naturalisation.;She received her naturalization certificate yesterday.
nom;B1;Politik und Gesellschaft;die Einwanderung;immigration;immigration;Die Einwanderung ist ein zentrales Thema der Politik.;L'immigration est un thème central de la politique.;Immigration is a central political topic.
nom;B1;Politik und Gesellschaft;der EU-Bürger;citoyen de l'UE;EU citizen;Als EU-Bürger darf er in jedem Mitgliedsland arbeiten.;En tant que citoyen de l'UE, il peut travailler dans chaque pays membre.;As an EU citizen he may work in any member state.
nom;B1;Politik und Gesellschaft;die EU-Bürgerin;citoyenne de l'UE;EU citizen (female);Die EU-Bürgerin braucht für die Reise keinen Visum.;La citoyenne de l'UE n'a pas besoin de visa pour le voyage.;The EU citizen doesn't need a visa for the trip.
nom;B1;Politik und Gesellschaft;die Freiheit;liberté;freedom;Die Freiheit der Presse ist ein wichtiges Grundrecht.;La liberté de la presse est un droit fondamental important.;Freedom of the press is an important fundamental right.
nom;B1;Politik und Gesellschaft;der Frieden;paix;peace;Die beiden Länder leben seit Jahrzehnten in Frieden.;Les deux pays vivent en paix depuis des décennies.;The two countries have lived in peace for decades.
nom;B1;Politik und Gesellschaft;die Geburtsurkunde;acte de naissance;birth certificate;Für den Antrag brauchen Sie Ihre Geburtsurkunde.;Pour la demande, vous avez besoin de votre acte de naissance.;You need your birth certificate for the application.
nom;B1;Politik und Gesellschaft;die Kriminalpolizei;police criminelle;criminal investigation department;Die Kriminalpolizei untersucht den Fall seit letzter Woche.;La police criminelle enquête sur l'affaire depuis la semaine dernière.;The criminal investigation department has been investigating the case since last week.
nom;B1;Politik und Gesellschaft;der Migrant;migrant;migrant;Viele Migranten suchen ein besseres Leben in Europa.;Beaucoup de migrants cherchent une vie meilleure en Europe.;Many migrants seek a better life in Europe.
nom;B1;Politik und Gesellschaft;die Migrantin;migrante;migrant (female);Die Migrantin arbeitet seit einem Jahr als Krankenpflegerin.;La migrante travaille comme infirmière depuis un an.;The migrant has worked as a nurse for a year.
nom;B1;Politik und Gesellschaft;die Nation;nation;nation;Viele Nationen arbeiten beim Klimaschutz zusammen.;De nombreuses nations collaborent pour la protection du climat.;Many nations work together on climate protection.
nom;B1;Politik und Gesellschaft;das Wahlrecht;droit de vote;right to vote;Mit achtzehn Jahren bekommt man das Wahlrecht.;On obtient le droit de vote à dix-huit ans.;You get the right to vote at eighteen.
nom;B1;Politik und Gesellschaft;das Amt;administration, bureau officiel;public office;Diesen Antrag stellen Sie beim Amt.;Cette demande se fait auprès de l'administration.;You submit this application at the public office.
nom;B1;Politik und Gesellschaft;das Asyl;asile;asylum;Die Familie hat in Deutschland Asyl bekommen.;La famille a obtenu l'asile en Allemagne.;The family was granted asylum in Germany.
nom;B1;Politik und Gesellschaft;die Aufforderung;injonction, mise en demeure;formal request;Ich habe eine Aufforderung vom Amt bekommen.;J'ai reçu une mise en demeure de l'administration.;I received a formal request from the authorities.
nom;B1;Politik und Gesellschaft;der Beweis;preuve;proof;Dafür haben wir keinen Beweis.;Nous n'avons aucune preuve de cela.;We have no proof of that.
nom;B1;Politik und Gesellschaft;die Diskussion;discussion, débat;discussion;Die Diskussion dauerte zwei Stunden.;La discussion a duré deux heures.;The discussion lasted two hours.
nom;B1;Politik und Gesellschaft;die Entwicklung;développement, évolution;development;Die Entwicklung der Stadt geht schnell.;Le développement de la ville va vite.;The development of the city is fast.
nom;B1;Politik und Gesellschaft;die Flucht;fuite, exil;flight, escape;Die Flucht dauerte drei Wochen.;La fuite a duré trois semaines.;The escape took three weeks.
nom;B1;Politik und Gesellschaft;die Forderung;revendication, exigence;demand;Die Forderungen der Arbeiter sind klar.;Les revendications des ouvriers sont claires.;The workers' demands are clear.
nom;B1;Politik und Gesellschaft;die Förderung;aide, subvention;funding, support;Die Schule bekommt eine Förderung vom Land.;L'école reçoit une subvention du Land.;The school receives funding from the state.
nom;B1;Politik und Gesellschaft;das Konsulat;consulat;consulate;Das Visum bekommen Sie im Konsulat.;Vous obtiendrez le visa au consulat.;You get the visa at the consulate.
nom;B1;Politik und Gesellschaft;die Kontrolle;contrôle;check, control;Im Zug gab es eine Kontrolle.;Il y a eu un contrôle dans le train.;There was a ticket check on the train.
nom;B1;Politik und Gesellschaft;die Meinung;opinion, avis;opinion;Meiner Meinung nach ist das falsch.;À mon avis, c'est faux.;In my opinion that's wrong.
nom;B1;Politik und Gesellschaft;die Migration;migration;migration;Migration ist ein Thema in ganz Europa.;La migration est un sujet dans toute l'Europe.;Migration is a topic across Europe.
nom;B1;Politik und Gesellschaft;das Mitglied;membre;member;Sie ist Mitglied im Sportverein.;Elle est membre du club de sport.;She is a member of the sports club.
nom;B1;Politik und Gesellschaft;die Organisation;organisation;organisation;Die Organisation hilft Familien in Not.;L'organisation aide les familles en difficulté.;The organisation helps families in need.
nom;B1;Politik und Gesellschaft;der Politiker;homme politique;politician;Die Politiker diskutieren über die Steuern.;Les hommes politiques débattent des impôts.;The politicians are debating taxes.
nom;B1;Politik und Gesellschaft;der Protest;protestation;protest;Gegen die Pläne gab es lauten Protest.;Les projets ont suscité de vives protestations.;There was loud protest against the plans.
nom;B1;Politik und Gesellschaft;die Reform;réforme;reform;Die Reform gilt ab Januar.;La réforme s'applique à partir de janvier.;The reform applies from January.
nom;B1;Politik und Gesellschaft;die Strafe;punition, amende;penalty, fine;Für Falschparken gibt es eine Strafe.;Le stationnement interdit entraîne une amende.;There's a fine for illegal parking.
nom;B1;Politik und Gesellschaft;die Tat;acte, action;deed, act;Nach Worten müssen Taten folgen.;Aux paroles doivent succéder les actes.;Words must be followed by deeds.
nom;B1;Politik und Gesellschaft;der Tote;mort, victime;dead person, casualty;Bei dem Unfall gab es zum Glück keine Toten.;Heureusement, l'accident n'a pas fait de morts.;Fortunately there were no fatalities in the accident.
nom;B1;Politik und Gesellschaft;der Täter;auteur (d'un délit), coupable;perpetrator;Der Täter wurde noch nicht gefunden.;Le coupable n'a pas encore été trouvé.;The perpetrator has not been found yet.
nom;B1;Politik und Gesellschaft;das Urteil;jugement, verdict;judgement, verdict;Das Urteil kommt nächste Woche.;Le jugement sera rendu la semaine prochaine.;The verdict comes next week.
nom;B1;Politik und Gesellschaft;die Aussage;déclaration, affirmation;statement;Seine Aussage war eindeutig.;Sa déclaration était sans équivoque.;His statement was unambiguous.
nom;B1;Politik und Gesellschaft;die Botschaft;"ambassade ; message";"embassy; message";Das Visum bekommen Sie bei der Botschaft.;Vous obtiendrez le visa à l'ambassade.;You get the visa at the embassy.
nom;B1;Politik und Gesellschaft;der Bundespräsident;président fédéral;federal president;Der Bundespräsident hält eine Rede.;Le président fédéral prononce un discours.;The federal president gives a speech.
nom;B1;Politik und Gesellschaft;die Gewalt;violence;violence;Gewalt löst kein Problem.;La violence ne résout aucun problème.;Violence solves no problem.
nom;B1;Politik und Gesellschaft;der Killer;tueur;killer;Im Krimi wird der Killer am Ende gefasst.;Dans le polar, le tueur est arrêté à la fin.;In the crime story the killer is caught at the end.
nom;B1;Politik und Gesellschaft;der Personenstand;état civil;marital status;Tragen Sie bitte Ihren Personenstand ein.;Indiquez votre état civil, s'il vous plaît.;Please enter your marital status.
nom;B1;Politik und Gesellschaft;die Pflicht;devoir, obligation;duty, obligation;Jeder hat Rechte und Pflichten.;Chacun a des droits et des devoirs.;Everyone has rights and duties.
nom;B1;Politik und Gesellschaft;der Türke;Turc;Turk;Mein Kollege ist Türke.;Mon collègue est turc.;My colleague is Turkish.
nom;B1;Politik und Gesellschaft;die Türkei;Turquie;Turkey;Im Sommer fahren wir in die Türkei.;Cet été, nous allons en Turquie.;In summer we're going to Turkey.
nom;B1;Politik und Gesellschaft;die Ukraine;Ukraine;Ukraine;Seine Familie kommt aus der Ukraine.;Sa famille vient d'Ukraine.;His family comes from Ukraine.
nom;B1;Politik und Gesellschaft;der Ukrainer;Ukrainien;Ukrainian;Viele Ukrainer lernen hier Deutsch.;Beaucoup d'Ukrainiens apprennent l'allemand ici.;Many Ukrainians learn German here.
nom;B1;Politik und Gesellschaft;die Umfrage;sondage, enquête;survey;Die Umfrage zeigt ein klares Ergebnis.;Le sondage donne un résultat clair.;The survey shows a clear result.
nom;B1;Politik und Gesellschaft;das Verbot;interdiction;ban;Das Verbot gilt ab Januar.;L'interdiction s'applique à partir de janvier.;The ban applies from January.
nom;B1;Politik und Gesellschaft;der Zeuge;témoin;witness;Der Zeuge hat alles gesehen.;Le témoin a tout vu.;The witness saw everything.
nom;B1;Politik und Gesellschaft;der Zivilstand;état civil;marital status;Bitte geben Sie Ihren Zivilstand an.;Veuillez indiquer votre état civil.;Please state your marital status.
nom;B1;Politik und Gesellschaft;der Einwohner;habitant;inhabitant;Die Stadt hat zweihunderttausend Einwohner.;La ville compte deux cent mille habitants.;The city has two hundred thousand inhabitants.
nom;B1;Politik und Gesellschaft;der Einfluss;influence;influence;Das Wetter hat großen Einfluss auf die Ernte.;Le temps a une grande influence sur la récolte.;The weather has a big influence on the harvest.
nom;B1;Politik und Gesellschaft;die Genehmigung;autorisation;permit, approval;Ohne Genehmigung darf man nicht bauen.;Sans autorisation, on ne peut pas construire.;You may not build without a permit.
nom;B1;Politik und Gesellschaft;das Herkunftsland;pays d'origine;country of origin;Tragen Sie bitte Ihr Herkunftsland ein.;Indiquez votre pays d'origine, s'il vous plaît.;Please enter your country of origin.
nom;B1;Politik und Gesellschaft;die Maßnahme;mesure (décision);measure;Die Stadt hat neue Maßnahmen beschlossen.;La ville a décidé de nouvelles mesures.;The city has decided on new measures.
nom;B1;Politik und Gesellschaft;die Not;détresse, misère;hardship, need;Der Verein hilft Familien in Not.;L'association aide les familles en détresse.;The association helps families in need.
nom;B1;Politik und Gesellschaft;die Rede;discours;speech;Seine Rede dauerte zwanzig Minuten.;Son discours a duré vingt minutes.;His speech lasted twenty minutes.
nom;B1;Politik und Gesellschaft;die Sozialhilfe;aide sociale;social welfare;Die Familie bekommt Sozialhilfe.;La famille reçoit une aide sociale.;The family receives social welfare.
nom;B1;Politik und Gesellschaft;das Standesamt;bureau de l'état civil;registry office;Geheiratet wird zuerst auf dem Standesamt.;On se marie d'abord au bureau de l'état civil.;You get married at the registry office first.
nom;B1;Politik und Gesellschaft;der Zuwanderer;immigrant;immigrant;Der Kurs richtet sich an Zuwanderer.;Le cours s'adresse aux immigrants.;The course is aimed at immigrants.
nom;B1;Politik und Gesellschaft;das Jugendamt;service de la jeunesse;youth welfare office;Das Jugendamt hilft der Familie.;Le service de la jeunesse aide la famille.;The youth welfare office helps the family.
nom;B1;Politik und Gesellschaft;die Personalien;état civil, identité;personal details;Die Polizei nimmt die Personalien auf.;La police relève l'identité.;The police take down the personal details.
nom;B1;Politik und Gesellschaft;das Sozialamt;service social;social welfare office;Den Antrag stellen Sie beim Sozialamt.;Vous déposez la demande au service social.;You submit the application at the social welfare office.
nom;B1;Politik und Gesellschaft;der Verbrecher;criminel;criminal;Der Verbrecher wurde schnell gefasst.;Le criminel a été arrêté rapidement.;The criminal was caught quickly.
nom;B2;Politik und Gesellschaft;die Gesetzgebung;législation;legislation;Die Gesetzgebung wurde in den letzten Jahren verschärft.;La législation a été durcie ces dernières années.;The legislation has been tightened in recent years.
nom;B2;Politik und Gesellschaft;die Gewaltenteilung;séparation des pouvoirs;separation of powers;Die Gewaltenteilung schützt die Demokratie.;La séparation des pouvoirs protège la démocratie.;The separation of powers protects democracy.
nom;B2;Politik und Gesellschaft;der Föderalismus;fédéralisme;federalism;Deutschland basiert auf dem Prinzip des Föderalismus.;L'Allemagne repose sur le principe du fédéralisme.;Germany is based on the principle of federalism.
nom;B2;Politik und Gesellschaft;die Bürgerbeteiligung;participation citoyenne;citizen participation;Bürgerbeteiligung stärkt das Vertrauen in die Politik.;La participation citoyenne renforce la confiance envers la politique.;Citizen participation strengthens trust in politics.
nom;B2;Politik und Gesellschaft;die Gesellschaftskritik;critique sociale;social criticism;Diese Gesellschaftskritik löste heftige Diskussionen aus.;Cette critique sociale a déclenché de vifs débats.;This social criticism sparked heated discussions.
nom;B2;Politik und Gesellschaft;der Bund;la fédération, l'alliance;federation, union;Der Bund zahlt einen Teil der Kosten.;La fédération paie une partie des coûts.;The federal government pays part of the cost.
nom;B2;Politik und Gesellschaft;der Orden;la décoration, l'ordre;medal, order;Er bekam einen Orden für seinen Mut.;Il a reçu une décoration pour son courage.;He received a medal for his courage.
nom;B2;Politik und Gesellschaft;der Führer;le guide;guide;Der Führer erklärt die Geschichte des Schlosses.;Le guide explique l'histoire du château.;The guide explains the history of the castle.
nom;B2;Politik und Gesellschaft;das Haupt;le chef, la tête (soutenu);head, chief;Er ist das Haupt der Familie.;Il est le chef de la famille.;He is the head of the family.
nom;B2;Politik und Gesellschaft;die Revision;la révision, l'appel;revision, appeal;Der Anwalt legte Revision ein.;L'avocat a formé un pourvoi.;The lawyer filed an appeal.
nom;B2;Politik und Gesellschaft;der Wahlkampf;campagne électorale;election campaign;Der Wahlkampf dauert sechs Wochen.;La campagne électorale dure six semaines.;The election campaign lasts six weeks.
nom;B2;Politik und Gesellschaft;der Wahlkreis;circonscription;constituency;In diesem Wahlkreis wurde es knapp.;Dans cette circonscription, cela s'est joué de peu.;It was close in this constituency.
nom;B2;Politik und Gesellschaft;das Ministerium;ministère;ministry;Das Ministerium prüft den Antrag.;Le ministère examine la demande.;The ministry is examining the application.
nom;B2;Politik und Gesellschaft;der Kanzler;chancelier;chancellor;Der Kanzler spricht heute Abend.;Le chancelier parle ce soir.;The chancellor speaks tonight.
nom;B2;Politik und Gesellschaft;die Fraktion;groupe parlementaire;parliamentary group;Die Fraktion stimmt geschlossen dagegen.;Le groupe vote unanimement contre.;The parliamentary group votes against as one.
nom;B2;Politik und Gesellschaft;die Volksabstimmung;référendum;referendum;Über die Frage gab es eine Volksabstimmung.;La question a fait l'objet d'un référendum.;There was a referendum on the question.
nom;B2;Politik und Gesellschaft;das Grundgesetz;Loi fondamentale;Basic Law, constitution;Das steht im ersten Artikel des Grundgesetzes.;C'est écrit au premier article de la Loi fondamentale.;That is in the first article of the Basic Law.
nom;B2;Politik und Gesellschaft;der Amtsträger;titulaire d'une charge publique;office holder;Amtsträger unterliegen besonderen Regeln.;Les titulaires de charges publiques ont des règles à part.;Office holders are subject to special rules.
nom;B2;Politik und Gesellschaft;die Behörde;administration, service public;authority, public body;Die Behörde antwortet nach acht Wochen.;L'administration répond au bout de huit semaines.;The authority replies after eight weeks.
nom;B2;Politik und Gesellschaft;der Verwaltungsakt;acte administratif;administrative act;Gegen einen Verwaltungsakt kann man klagen.;On peut contester un acte administratif en justice.;An administrative act can be challenged in court.
nom;A1;Umwelt;die Umwelt;environnement;environment;Wir müssen die Umwelt schützen.;Nous devons protéger l'environnement.;We must protect the environment.
nom;A1;Umwelt;der Abfall;déchet;waste;Bitte wirf den Abfall in den Mülleimer.;Jette les déchets à la poubelle, s'il te plaît.;Please throw the waste in the bin.
nom;A1;Umwelt;das Recycling;recyclage;recycling;Recycling ist wichtig für die Umwelt.;Le recyclage est important pour l'environnement.;Recycling is important for the environment.
nom;A1;Umwelt;die Luft;air;air;Die Luft hier ist sehr sauber.;L'air ici est très pur.;The air here is very clean.
nom;A1;Umwelt;die Natur;nature;nature;Ich liebe die Natur.;J'aime la nature.;I love nature.
nom;A1;Umwelt;der Müll;ordures;trash;Der Müll wird jeden Montag abgeholt.;Les ordures sont ramassées tous les lundis.;The trash is picked up every Monday.
nom;A2;Umwelt;die Verschmutzung;pollution;pollution;Die Verschmutzung des Flusses ist ein Problem.;La pollution de la rivière est un problème.;The pollution of the river is a problem.
nom;A2;Umwelt;der Naturschutz;protection de la nature;nature conservation;Der Naturschutz ist mir sehr wichtig.;La protection de la nature est très importante pour moi.;Nature conservation is very important to me.
nom;A2;Umwelt;die Energie;énergie;energy;Wir sparen jeden Tag Energie.;Nous économisons de l'énergie tous les jours.;We save energy every day.
nom;A2;Umwelt;die Sonnenenergie;énergie solaire;solar energy;Die Sonnenenergie wird immer beliebter.;L'énergie solaire devient de plus en plus populaire.;Solar energy is becoming more and more popular.
nom;A2;Umwelt;die Windenergie;énergie éolienne;wind energy;Die Windenergie wächst schnell in Deutschland.;L'énergie éolienne se développe rapidement en Allemagne.;Wind energy is growing fast in Germany.
nom;A2;Umwelt;die Mülltrennung;tri des déchets;waste separation;Die Mülltrennung ist bei uns Pflicht.;Le tri des déchets est obligatoire chez nous.;Waste separation is mandatory for us.
nom;A2;Umwelt;das Plastik;plastique;plastic;Zu viel Plastik landet im Meer.;Trop de plastique finit dans la mer.;Too much plastic ends up in the sea.
nom;A2;Umwelt;der Treibhauseffekt;effet de serre;greenhouse effect;Der Treibhauseffekt erwärmt die Erde.;L'effet de serre réchauffe la Terre.;The greenhouse effect warms the earth.
nom;A2;Umwelt;der Rauch;la fumée;smoke;Der Rauch zog über die Stadt.;La fumée passait au-dessus de la ville.;The smoke drifted over the city.
nom;A2;Umwelt;das Eisen;le fer;iron;Dieses Tor ist aus Eisen.;Ce portail est en fer.;This gate is made of iron.
nom;B1;Umwelt;die Nachhaltigkeit;durabilité;sustainability;Nachhaltigkeit ist für unsere Firma sehr wichtig.;La durabilité est très importante pour notre entreprise.;Sustainability is very important for our company.
nom;B1;Umwelt;der Klimaschutz;protection du climat;climate protection;Der Klimaschutz steht auf der politischen Agenda.;La protection du climat figure à l'agenda politique.;Climate protection is on the political agenda.
nom;B1;Umwelt;die Wiederverwertung;recyclage;recycling, reuse;Die Wiederverwertung von Plastik hilft der Umwelt.;Le recyclage du plastique aide l'environnement.;The recycling of plastic helps the environment.
nom;B1;Umwelt;die Ressource;ressource;resource;Wasser ist eine begrenzte Ressource.;L'eau est une ressource limitée.;Water is a limited resource.
nom;B1;Umwelt;das Umweltbewusstsein;conscience environnementale;environmental awareness;Das Umweltbewusstsein der Bevölkerung wächst stetig.;La conscience environnementale de la population augmente constamment.;The population's environmental awareness is steadily growing.
nom;B1;Umwelt;der Brand;l'incendie;fire, blaze;Der Brand zerstörte zwei Häuser.;L'incendie a détruit deux maisons.;The fire destroyed two houses.
nom;B1;Umwelt;die Flut;la marée haute, l'inondation;flood, high tide;Die Flut kommt gegen sechs Uhr.;La marée haute arrive vers six heures.;High tide comes around six o'clock.
nom;B1;Umwelt;der Strom;le courant, l'électricité;current, electricity;Der Strom ist gestern ausgefallen.;L'électricité a été coupée hier.;The power went out yesterday.
nom;B1;Umwelt;der Lärm;bruit;noise;Der Lärm von der Baustelle stört die ganze Nachbarschaft.;Le bruit du chantier dérange tout le voisinage.;The noise from the construction site bothers the whole neighborhood.
nom;B1;Umwelt;der Dreck;saleté, crasse;dirt, filth;Nach der Wanderung war der Hund voller Dreck.;Après la randonnée, le chien était couvert de saleté.;After the hike, the dog was covered in dirt.
nom;B1;Umwelt;das Gift;poison;poison;Manche Pflanzen enthalten ein starkes Gift.;Certaines plantes contiennent un poison puissant.;Some plants contain a strong poison.
nom;B1;Umwelt;der Umweltschutz;protection de l'environnement;environmental protection;Umweltschutz ist ein wichtiges Thema für junge Menschen.;La protection de l'environnement est un sujet important pour les jeunes.;Environmental protection is an important topic for young people.
nom;B1;Umwelt;die Umweltverschmutzung;pollution de l'environnement;environmental pollution;Die Umweltverschmutzung in der Stadt nimmt zu.;La pollution environnementale augmente en ville.;Environmental pollution in the city is increasing.
nom;B1;Umwelt;die Kohle;charbon;coal;Früher wurde das Haus mit Kohle geheizt.;Autrefois, la maison était chauffée au charbon.;In the past, the house was heated with coal.
nom;B1;Umwelt;der Smog;smog;smog;Über der Stadt liegt heute dichter Smog.;Un épais smog recouvre la ville aujourd'hui.;Thick smog hangs over the city today.
nom;B1;Umwelt;die Katastrophe;catastrophe;disaster;Das Hochwasser war eine Katastrophe.;L'inondation a été une catastrophe.;The flood was a disaster.
nom;B1;Umwelt;der Kunststoff;plastique, matière synthétique;plastic;Die Flasche ist aus Kunststoff.;La bouteille est en plastique.;The bottle is made of plastic.
nom;B1;Umwelt;die Müllabfuhr;ramassage des ordures;refuse collection;Die Müllabfuhr kommt am Dienstag.;Le ramassage des ordures a lieu le mardi.;Refuse collection is on Tuesday.
nom;B1;Umwelt;das Kraftwerk;centrale électrique;power station;Das alte Kraftwerk wird geschlossen.;L'ancienne centrale va fermer.;The old power station is being closed.
nom;B1;Umwelt;das Metall;métal;metal;Metall und Papier kommen getrennt in den Müll.;Le métal et le papier vont dans des poubelles séparées.;Metal and paper go in separate bins.
nom;B1;Umwelt;der Sperrmüll;encombrants;bulky waste;Den alten Schrank stellen wir zum Sperrmüll.;Nous mettons la vieille armoire aux encombrants.;We're putting the old wardrobe out with the bulky waste.
nom;B1;Umwelt;die Tonne;"poubelle ; tonne";"bin; tonne";Das Altpapier kommt in die blaue Tonne.;Le vieux papier va dans la poubelle bleue.;Waste paper goes in the blue bin.
nom;B1;Umwelt;das Abgas;gaz d'échappement;exhaust fumes;Die Abgase der Autos verschmutzen die Luft.;Les gaz d'échappement des voitures polluent l'air.;Car exhaust fumes pollute the air.
nom;B2;Umwelt;der CO2-Ausstoß;émission de CO2;CO2 emissions;Der CO2-Ausstoß muss dringend reduziert werden.;Les émissions de CO2 doivent être réduites d'urgence.;CO2 emissions urgently need to be reduced.
nom;B2;Umwelt;die Umweltpolitik;politique environnementale;environmental policy;Die Umweltpolitik steht im Zentrum der Debatte.;La politique environnementale est au cœur du débat.;Environmental policy is at the center of the debate.
nom;B2;Umwelt;die Klimaneutralität;neutralité climatique;climate neutrality;Klimaneutralität ist das erklärte Ziel vieler Länder.;La neutralité climatique est l'objectif déclaré de nombreux pays.;Climate neutrality is the declared goal of many countries.
nom;B2;Umwelt;der Umweltschaden;dommage environnemental;environmental damage;Der Umweltschaden lässt sich kaum rückgängig machen.;Le dommage environnemental peut difficilement être réparé.;The environmental damage can hardly be undone.
nom;B2;Umwelt;die Ökobilanz;bilan écologique;ecological footprint;Die Ökobilanz dieses Produkts ist erstaunlich gut.;Le bilan écologique de ce produit est étonnamment bon.;This product's ecological footprint is surprisingly good.
nom;B2;Umwelt;der Wasserstoff;l'hydrogène;hydrogen;Der Zug fährt mit Wasserstoff.;Le train roule à l'hydrogène.;The train runs on hydrogen.
nom;B2;Umwelt;das Blei;le plomb;lead;Blei ist giftig für den Körper.;Le plomb est toxique pour le corps.;Lead is poisonous to the body.
nom;B2;Umwelt;der Riss;la fissure;crack, tear;In der Wand ist ein tiefer Riss.;Il y a une fissure profonde dans le mur.;There is a deep crack in the wall.
nom;B2;Umwelt;die Verpackung;emballage;packaging;Die Verpackung wiegt mehr als der Inhalt.;L'emballage pèse plus que le contenu.;The packaging weighs more than the contents.
nom;B2;Umwelt;das Einwegplastik;plastique à usage unique;single-use plastic;Einwegplastik ist seit 2021 verboten.;Le plastique à usage unique est interdit depuis 2021.;Single-use plastic has been banned since 2021.
nom;B2;Umwelt;die Solaranlage;installation solaire;solar system;Die Solaranlage deckt den halben Verbrauch.;L'installation solaire couvre la moitié de la consommation.;The solar system covers half the consumption.
nom;B2;Umwelt;die Windkraft;énergie éolienne;wind power;Windkraft liefert hier ein Drittel des Stroms.;L'éolien fournit ici un tiers de l'électricité.;Wind power supplies a third of the electricity here.
nom;B2;Umwelt;die Energiewende;transition énergétique;energy transition;Die Energiewende dauert länger als geplant.;La transition énergétique dure plus longtemps que prévu.;The energy transition is taking longer than planned.
nom;B2;Umwelt;die Luftqualität;qualité de l'air;air quality;Die Luftqualität hat sich seit 2015 verbessert.;La qualité de l'air s'est améliorée depuis 2015.;Air quality has improved since 2015.
nom;B2;Umwelt;die Wasserverschmutzung;pollution de l'eau;water pollution;Die Wasserverschmutzung stammt aus der Landwirtschaft.;La pollution de l'eau vient de l'agriculture.;The water pollution comes from agriculture.
nom;A1;Farben und Formen;der Kreis;cercle;circle;Zeichne bitte einen Kreis.;Dessine un cercle, s'il te plaît.;Please draw a circle.
nom;A1;Farben und Formen;das Quadrat;carré;square;Das Quadrat hat vier gleiche Seiten.;Le carré a quatre côtés égaux.;The square has four equal sides.
nom;A1;Farben und Formen;das Dreieck;triangle;triangle;Das Dreieck hat drei Ecken.;Le triangle a trois coins.;The triangle has three corners.
nom;A1;Farben und Formen;der Stern;étoile;star;Am Himmel sieht man einen Stern.;On voit une étoile dans le ciel.;You can see a star in the sky.
nom;A1;Farben und Formen;die Linie;ligne;line;Zieh eine gerade Linie.;Trace une ligne droite.;Draw a straight line.
nom;A1;Farben und Formen;der Punkt;point;point, dot;Setz hier einen Punkt.;Mets un point ici.;Put a dot here.
nom;A1;Farben und Formen;das Herz;cœur (forme);heart;Sie malt ein rotes Herz.;Elle dessine un cœur rouge.;She's drawing a red heart.
nom;A1;Farben und Formen;das Grün;le vert;green;Das Grün dieser Wiese ist kräftig.;Le vert de ce pré est intense.;The green of this meadow is intense.
nom;A2;Farben und Formen;das Rechteck;rectangle;rectangle;Das Rechteck ist doppelt so lang wie breit.;Le rectangle est deux fois plus long que large.;The rectangle is twice as long as it is wide.
nom;A2;Farben und Formen;der Punkt;point;point, dot;Setz einen Punkt am Ende des Satzes.;Mets un point à la fin de la phrase.;Put a period at the end of the sentence.
nom;A2;Farben und Formen;die Linie;ligne;line;Zieh eine Linie zwischen den beiden Punkten.;Trace une ligne entre les deux points.;Draw a line between the two points.
nom;A2;Farben und Formen;das Oval;ovale;oval;Das Oval sieht aus wie ein Ei.;L'ovale ressemble à un œuf.;The oval looks like an egg.
nom;A2;Farben und Formen;der Zylinder;cylindre;cylinder;Der Zylinder rollt vom Tisch.;Le cylindre roule et tombe de la table.;The cylinder is rolling off the table.
nom;A2;Farben und Formen;die Kugel;sphère;sphere;Die Kugel ist perfekt rund.;La sphère est parfaitement ronde.;The sphere is perfectly round.
nom;A2;Farben und Formen;der Würfel;cube;cube;Der Würfel hat sechs Seiten.;Le cube a six faces.;The cube has six sides.
nom;A2;Farben und Formen;die Pyramide;pyramide;pyramid;Die Pyramide steht mitten in der Wüste.;La pyramide se dresse au milieu du désert.;The pyramid stands in the middle of the desert.
nom;A2;Farben und Formen;die Rückseite;le dos, le verso;back, reverse;Die Antwort steht auf der Rückseite.;La réponse est au verso.;The answer is on the back.
nom;B1;Farben und Formen;das Muster;motif;pattern;Dieses Muster wiederholt sich auf dem ganzen Stoff.;Ce motif se répète sur tout le tissu.;This pattern repeats across the whole fabric.
nom;B1;Farben und Formen;der Rahmen;cadre;frame;Das Bild hängt in einem goldenen Rahmen.;Le tableau est accroché dans un cadre doré.;The picture hangs in a golden frame.
nom;B1;Farben und Formen;die Symmetrie;symétrie;symmetry;Die Symmetrie dieses Gebäudes ist beeindruckend.;La symétrie de ce bâtiment est impressionnante.;The symmetry of this building is impressive.
nom;B1;Farben und Formen;der Winkel;angle;angle;Miss den Winkel mit dem Geodreieck.;Mesure l'angle avec le rapporteur.;Measure the angle with the protractor.
nom;B1;Farben und Formen;das Loch;trou;hole;In der Straße ist ein tiefes Loch.;Il y a un trou profond dans la rue.;There is a deep hole in the street.
nom;B2;Farben und Formen;die Perspektive;perspective;perspective;Die Perspektive dieses Gemäldes ist ungewöhnlich.;La perspective de ce tableau est inhabituelle.;The perspective of this painting is unusual.
nom;B2;Farben und Formen;der Kontrast;contraste;contrast;Der Kontrast zwischen den Farben ist sehr stark.;Le contraste entre les couleurs est très marqué.;The contrast between the colors is very strong.
nom;B2;Farben und Formen;die Textur;texture;texture;Die Textur dieses Stoffes fühlt sich rau an.;La texture de ce tissu est rugueuse au toucher.;The texture of this fabric feels rough.
nom;B2;Farben und Formen;die Proportion;proportion;proportion;Die Proportion der Räume wirkt sehr ausgewogen.;La proportion des pièces semble très équilibrée.;The proportion of the rooms seems very balanced.
nom;B2;Farben und Formen;der Umriss;contour;outline;Im Nebel sah man nur Umrisse.;Dans le brouillard on ne voyait que des contours.;In the fog only outlines were visible.
nom;B2;Farben und Formen;der Streifen;rayure;stripe;Das Hemd hat feine blaue Streifen.;La chemise a de fines rayures bleues.;The shirt has fine blue stripes.
nom;B2;Farben und Formen;das Karo;carreau;check;Ein Rock mit rotem Karo.;Une jupe à carreaux rouges.;A skirt with a red check.
nom;B2;Farben und Formen;die Schattierung;nuance, dégradé;shading, nuance;Zwischen beiden gibt es viele Schattierungen.;Entre les deux il y a bien des nuances.;There are many shades between the two.
nom;B2;Farben und Formen;der Farbverlauf;dégradé de couleurs;colour gradient;Der Farbverlauf geht von Blau nach Grau.;Le dégradé va du bleu au gris.;The gradient goes from blue to grey.
nom;A1;Zahlen und Mengen;die Zahl;nombre;number;Diese Zahl ist sehr groß.;Ce nombre est très grand.;This number is very big.
nom;A1;Zahlen und Mengen;die Menge;quantité;quantity;Wir brauchen eine kleine Menge Zucker.;Nous avons besoin d'une petite quantité de sucre.;We need a small amount of sugar.
nom;A1;Zahlen und Mengen;das Stück;morceau/pièce;piece;Ich hätte gern ein Stück Kuchen.;Je voudrais un morceau de gâteau.;I would like a piece of cake.
nom;A1;Zahlen und Mengen;das Paar;paire;pair;Ich kaufe ein Paar Schuhe.;J'achète une paire de chaussures.;I'm buying a pair of shoes.
nom;A1;Zahlen und Mengen;die Nummer;numéro;number;Wie ist deine Telefonnummer?;Quel est ton numéro de téléphone ?;What is your phone number?
nom;A1;Zahlen und Mengen;die Hälfte;moitié;half;Ich esse die Hälfte des Apfels.;Je mange la moitié de la pomme.;I'm eating half of the apple.
nom;A1;Zahlen und Mengen;die Liste;liste;list;Ich schreibe eine Einkaufsliste.;J'écris une liste de courses.;I'm writing a shopping list.
nom;A1;Zahlen und Mengen;die Gruppe;groupe;group;Die Gruppe besteht aus zehn Personen.;Le groupe est composé de dix personnes.;The group consists of ten people.
nom;A2;Zahlen und Mengen;das Dutzend;douzaine;dozen;Ich kaufe ein Dutzend Eier.;J'achète une douzaine d'œufs.;I'm buying a dozen eggs.
nom;A2;Zahlen und Mengen;die Hälfte;moitié;half;Ich esse die Hälfte des Kuchens.;Je mange la moitié du gâteau.;I'm eating half of the cake.
nom;A2;Zahlen und Mengen;das Drittel;tiers;third;Ein Drittel der Klasse fehlt heute.;Un tiers de la classe est absent aujourd'hui.;A third of the class is absent today.
nom;A2;Zahlen und Mengen;der Rest;reste;remainder, rest;Den Rest kannst du behalten.;Tu peux garder le reste.;You can keep the rest.
nom;A2;Zahlen und Mengen;das Viertel;quart;quarter;Ein Viertel der Torte ist noch übrig.;Un quart du gâteau reste encore.;A quarter of the cake is still left.
nom;A2;Zahlen und Mengen;das Prozent;pourcent;percent;Nur zehn Prozent haben geantwortet.;Seuls dix pour cent ont répondu.;Only ten percent responded.
nom;A2;Zahlen und Mengen;die Summe;somme;sum;Die Summe aller Zahlen ist hundert.;La somme de tous les nombres est cent.;The sum of all the numbers is one hundred.
nom;B1;Zahlen und Mengen;die Anzahl;nombre total;number, quantity;Die Anzahl der Teilnehmer hat sich verdoppelt.;Le nombre de participants a doublé.;The number of participants has doubled.
nom;B1;Zahlen und Mengen;der Durchschnitt;moyenne;average;Der Durchschnitt liegt bei siebzig Prozent.;La moyenne est de soixante-dix pour cent.;The average is seventy percent.
nom;B1;Zahlen und Mengen;das Vielfache;multiple;multiple;Das Vielfache von vier ist leicht zu berechnen.;Le multiple de quatre est facile à calculer.;The multiple of four is easy to calculate.
nom;B1;Zahlen und Mengen;der Prozentsatz;pourcentage;percentage;Der Prozentsatz der Fehler ist stark gesunken.;Le pourcentage d'erreurs a fortement diminué.;The error percentage has dropped significantly.
nom;B1;Zahlen und Mengen;das Gewicht;poids;weight;Das Gewicht des Pakets darf zwei Kilo nicht überschreiten.;Le poids du colis ne doit pas dépasser deux kilos.;The package's weight must not exceed two kilos.
nom;B1;Zahlen und Mengen;die Fläche;surface;area, surface;Das Grundstück hat eine Fläche von tausend Quadratmetern.;Le terrain a une surface de mille mètres carrés.;The property has an area of one thousand square meters.
nom;B1;Zahlen und Mengen;das Kilogramm;kilogramme;kilogram;Der Koffer wiegt zwanzig Kilogramm.;La valise pèse vingt kilogrammes.;The suitcase weighs twenty kilograms.
nom;B1;Zahlen und Mengen;die Mehrheit;majorité;majority;Die Mehrheit der Teilnehmer war zufrieden.;La majorité des participants était satisfaite.;The majority of participants were satisfied.
nom;B1;Zahlen und Mengen;das Einzelteil;pièce détachée;individual part, component;Der Schrank besteht aus vielen Einzelteilen.;L'armoire est composée de nombreuses pièces détachées.;The wardrobe consists of many individual parts.
nom;B1;Zahlen und Mengen;das Milligramm;milligramme;milligram;Die Tablette enthält fünfhundert Milligramm Wirkstoff.;Le comprimé contient cinq cents milligrammes de substance active.;The tablet contains five hundred milligrams of active ingredient.
nom (chapitre VHS);B1;Kapitel 1 (VHS);der Abstellraum;débarras;storage room;Im Keller gibt es einen Abstellraum für die Fahrräder.;Il y a un débarras pour les vélos à la cave.;There is a storage room for the bikes in the basement.
nom (chapitre VHS);B1;Kapitel 1 (VHS);der Bart;barbe;beard;Mein Nachbar hat sich einen Bart wachsen lassen.;Mon voisin s'est laissé pousser la barbe.;My neighbor grew a beard.
nom (chapitre VHS);B1;Kapitel 1 (VHS);der Briefkasten;boîte aux lettres;mailbox;Der Briefkasten im Hausflur ist beschädigt.;La boîte aux lettres dans le hall est abîmée.;The mailbox in the hallway is damaged.
nom (chapitre VHS);B1;Kapitel 1 (VHS);die Couch;canapé;couch;Wir haben eine neue Couch fürs Wohnzimmer gekauft.;Nous avons acheté un nouveau canapé pour le salon.;We bought a new couch for the living room.
nom (chapitre VHS);B1;Kapitel 1 (VHS);das Dach;toit;roof;Das Dach muss dringend repariert werden.;Le toit doit être réparé de toute urgence.;The roof urgently needs to be repaired.
nom (chapitre VHS);B1;Kapitel 1 (VHS);die Einrichtung;aménagement, mobilier;furnishing;Die Einrichtung der Wohnung ist sehr modern.;L'aménagement de l'appartement est très moderne.;The furnishing of the apartment is very modern.
nom (chapitre VHS);B1;Kapitel 1 (VHS);die Hausordnung;règlement intérieur;house rules;Laut Hausordnung ist Grillen auf dem Balkon verboten.;Selon le règlement intérieur, griller sur le balcon est interdit.;According to the house rules, grilling on the balcony is forbidden.
nom (chapitre VHS);B1;Kapitel 1 (VHS);die Gaststätte;restaurant, auberge;restaurant, inn;Am Wochenende essen wir gern in der Gaststätte um die Ecke.;Le week-end, nous aimons manger au restaurant du coin.;On weekends we like to eat at the restaurant around the corner.
nom (chapitre VHS);B1;Kapitel 1 (VHS);die Innenstadt;centre-ville;city center;Die Innenstadt ist an Samstagen sehr voll.;Le centre-ville est très fréquenté le samedi.;The city center is very crowded on Saturdays.
nom (chapitre VHS);B1;Kapitel 1 (VHS);der Lärm;bruit;noise;Der Lärm von der Baustelle stört die ganze Nachbarschaft.;Le bruit du chantier dérange tout le voisinage.;The noise from the construction site bothers the whole neighborhood.
nom (chapitre VHS);B1;Kapitel 1 (VHS);die Miete;loyer;rent;Die Miete für die Wohnung steigt jedes Jahr.;Le loyer de l'appartement augmente chaque année.;The rent for the apartment increases every year.
nom (chapitre VHS);B1;Kapitel 1 (VHS);die Mülltonne;poubelle;trash bin;Die Mülltonne steht direkt vor dem Haus.;La poubelle se trouve juste devant la maison.;The trash bin is right in front of the house.
nom (chapitre VHS);B1;Kapitel 1 (VHS);die Nähe;proximité;vicinity;Wir wohnen in der Nähe vom Bahnhof.;Nous habitons à proximité de la gare.;We live near the train station.
nom (chapitre VHS);B1;Kapitel 1 (VHS);die Neuigkeit;nouvelle;news, piece of news;Hast du schon die Neuigkeit von unseren Nachbarn gehört?;As-tu déjà entendu la nouvelle à propos de nos voisins ?;Have you already heard the news about our neighbors?
nom (chapitre VHS);B1;Kapitel 1 (VHS);der Rasen;pelouse, gazon;lawn;Er mäht jeden Samstag den Rasen.;Il tond la pelouse tous les samedis.;He mows the lawn every Saturday.
nom (chapitre VHS);B1;Kapitel 1 (VHS);das Recht;droit;right;Jeder Mieter hat das Recht auf Ruhe in der Nacht.;Chaque locataire a le droit au calme pendant la nuit.;Every tenant has the right to quiet at night.
nom (chapitre VHS);B1;Kapitel 1 (VHS);die Reinigung;nettoyage;cleaning;Die Reinigung des Treppenhauses ist Aufgabe aller Mieter.;Le nettoyage de la cage d'escalier est la tâche de tous les locataires.;Cleaning the stairwell is the responsibility of all tenants.
nom (chapitre VHS);B1;Kapitel 1 (VHS);die Rente;retraite (pension);pension;Meine Großmutter bekommt seit zehn Jahren Rente.;Ma grand-mère touche sa retraite depuis dix ans.;My grandmother has been receiving her pension for ten years.
nom (chapitre VHS);B1;Kapitel 1 (VHS);die Rücksicht;égards, considération;consideration;Bitte nimm Rücksicht auf die anderen Mieter.;S'il te plaît, aie des égards pour les autres locataires.;Please be considerate of the other tenants.
nom (chapitre VHS);B1;Kapitel 1 (VHS);der Schmutz;saleté;dirt;Der Schmutz auf der Treppe kommt von den Baustellenschuhen.;La saleté dans l'escalier vient des chaussures de chantier.;The dirt on the stairs comes from the construction shoes.
nom (chapitre VHS);B1;Kapitel 1 (VHS);die Sicherheit;sécurité;safety, security;Die neue Haustür bietet mehr Sicherheit.;La nouvelle porte d'entrée offre plus de sécurité.;The new front door offers more security.
nom (chapitre VHS);B1;Kapitel 1 (VHS);der Staub;poussière;dust;Auf dem Regal hat sich viel Staub gesammelt.;Beaucoup de poussière s'est accumulée sur l'étagère.;A lot of dust has gathered on the shelf.
nom (chapitre VHS);B1;Kapitel 1 (VHS);die Störung;dérangement, perturbation;disturbance;Entschuldigen Sie die Störung, ich habe nur eine kurze Frage.;Excusez le dérangement, j'ai juste une petite question.;Sorry for the disturbance, I just have a quick question.
nom (chapitre VHS);B1;Kapitel 1 (VHS);das Treppenhaus;cage d'escalier;stairwell;Im Treppenhaus riecht es nach frischer Farbe.;Ça sent la peinture fraîche dans la cage d'escalier.;The stairwell smells like fresh paint.
nom (chapitre VHS);B1;Kapitel 1 (VHS);die Vorschrift;règlement, consigne;regulation;Man muss sich an die Vorschriften des Vermieters halten.;Il faut respecter les consignes du propriétaire.;One must follow the landlord's regulations.
nom (chapitre VHS);B1;Kapitel 1 (VHS);die Wirtschaft;économie;economy;Die Wirtschaft des Landes wächst langsam.;L'économie du pays croît lentement.;The country's economy is growing slowly.
nom (chapitre VHS);B1;Kapitel 2 (VHS);die Mahnung;rappel (de paiement);reminder (payment notice);Ich habe schon die zweite Mahnung von der Firma bekommen.;J'ai déjà reçu le deuxième rappel de paiement de l'entreprise.;I've already received the second payment reminder from the company.
nom (chapitre VHS);B1;Kapitel 2 (VHS);das Material;matériau;material;Das Material der Jacke ist sehr robust.;Le matériau de la veste est très robuste.;The material of the jacket is very sturdy.
nom (chapitre VHS);B1;Kapitel 2 (VHS);das Mehl;farine;flour;Für den Kuchen brauchst du dreihundert Gramm Mehl.;Pour le gâteau, il te faut trois cents grammes de farine.;For the cake you need three hundred grams of flour.
nom (chapitre VHS);B1;Kapitel 2 (VHS);die Metzgerei;boucherie;butcher's shop;Ich kaufe das Fleisch immer in der Metzgerei um die Ecke.;J'achète toujours la viande à la boucherie du coin.;I always buy the meat at the butcher's shop around the corner.
nom (chapitre VHS);B1;Kapitel 2 (VHS);der Ozean;océan;ocean;Der Pazifik ist der größte Ozean der Welt.;Le Pacifique est le plus grand océan du monde.;The Pacific is the largest ocean in the world.
nom (chapitre VHS);B1;Kapitel 2 (VHS);die Reklamation;réclamation;complaint;Ich möchte eine Reklamation zu meiner letzten Bestellung machen.;Je voudrais faire une réclamation concernant ma dernière commande.;I would like to file a complaint about my last order.
nom (chapitre VHS);B1;Kapitel 2 (VHS);der Rest;reste;rest, remainder;Den Rest der Suppe stelle ich in den Kühlschrank.;Je mets le reste de la soupe au réfrigérateur.;I'm putting the rest of the soup in the fridge.
nom (chapitre VHS);B1;Kapitel 2 (VHS);die Saison;saison;season;Erdbeeren schmecken am besten in der Saison.;Les fraises sont meilleures en saison.;Strawberries taste best in season.
nom (chapitre VHS);B1;Kapitel 2 (VHS);das Sonderangebot;offre spéciale;special offer;Diese Woche gibt es ein Sonderangebot für Kaffee.;Cette semaine, il y a une offre spéciale sur le café.;This week there's a special offer on coffee.
nom (chapitre VHS);B1;Kapitel 2 (VHS);die Tankstelle;station-service;gas station;Wir müssen an der nächsten Tankstelle tanken.;Nous devons faire le plein à la prochaine station-service.;We need to refuel at the next gas station.
nom (chapitre VHS);B1;Kapitel 2 (VHS);der Transport;transport;transport;Der Transport der Möbel dauert zwei Tage.;Le transport des meubles dure deux jours.;The transport of the furniture takes two days.
nom (chapitre VHS);B1;Kapitel 2 (VHS);die Umwelt;environnement;environment;Wir sollten mehr für die Umwelt tun.;Nous devrions faire plus pour l'environnement.;We should do more for the environment.
nom (chapitre VHS);B1;Kapitel 2 (VHS);die Ursache;cause;cause;Die Ursache des Problems ist noch unklar.;La cause du problème est encore incertaine.;The cause of the problem is still unclear.
nom (chapitre VHS);B1;Kapitel 2 (VHS);die Ware;marchandise;goods, merchandise;Die Ware wird morgen geliefert.;La marchandise sera livrée demain.;The goods will be delivered tomorrow.
nom (chapitre VHS);B1;Kapitel 2 (VHS);der Wert;valeur;value;Der Wert des Hauses ist in den letzten Jahren gestiegen.;La valeur de la maison a augmenté ces dernières années.;The value of the house has increased in recent years.
nom (chapitre VHS);B1;Kapitel 2 (VHS);die Zutat;ingrédient;ingredient;Für dieses Rezept brauchst du nur fünf Zutaten.;Pour cette recette, il te faut seulement cinq ingrédients.;For this recipe you only need five ingredients.
nom (chapitre VHS);B1;Kapitel 2 (VHS);die Ausgabe;dépense;expense;Die Ausgaben für Lebensmittel sind gestiegen.;Les dépenses alimentaires ont augmenté.;Grocery expenses have increased.
nom (chapitre VHS);B1;Kapitel 2 (VHS);der Betrag;montant;amount;Der Betrag wurde bereits überwiesen.;Le montant a déjà été viré.;The amount has already been transferred.
nom (chapitre VHS);B1;Kapitel 2 (VHS);die Ecke;coin;corner;Der Laden ist gleich um die Ecke.;Le magasin est juste au coin de la rue.;The shop is just around the corner.
nom (chapitre VHS);B1;Kapitel 2 (VHS);der Empfang;réception (accueil);reception, front desk;Bitte melden Sie sich am Empfang.;Veuillez vous présenter à la réception.;Please check in at the front desk.
nom (chapitre VHS);B1;Kapitel 2 (VHS);die Entfernung;distance;distance;Die Entfernung zur Stadt beträgt zehn Kilometer.;La distance jusqu'à la ville est de dix kilomètres.;The distance to the city is ten kilometers.
nom (chapitre VHS);B1;Kapitel 2 (VHS);das Feld;champ;field;Auf dem Feld wächst Weizen.;Du blé pousse dans le champ.;Wheat grows in the field.
nom (chapitre VHS);B1;Kapitel 2 (VHS);die Freude;joie;joy;Es war mir eine große Freude, dich zu sehen.;Ça m'a fait une grande joie de te voir.;It was a great joy for me to see you.
nom (chapitre VHS);B1;Kapitel 2 (VHS);der Genuss;plaisir (savourer);enjoyment, pleasure;Der Kaffee am Morgen ist für sie ein echter Genuss.;Le café du matin est un vrai plaisir pour elle.;Morning coffee is a real pleasure for her.
nom (chapitre VHS);B1;Kapitel 2 (VHS);der Geschmack;goût;taste;Dieser Kuchen hat einen besonderen Geschmack.;Ce gâteau a un goût particulier.;This cake has a special taste.
nom (chapitre VHS);B1;Kapitel 2 (VHS);das Gewicht;poids;weight;Das Gewicht des Pakets darf zwei Kilo nicht überschreiten.;Le poids du colis ne doit pas dépasser deux kilos.;The package's weight must not exceed two kilos.
nom (chapitre VHS);B1;Kapitel 2 (VHS);der Händler;commerçant, marchand;dealer, merchant;Der Händler verkauft frisches Obst auf dem Markt.;Le commerçant vend des fruits frais au marché.;The merchant sells fresh fruit at the market.
nom (chapitre VHS);B1;Kapitel 2 (VHS);der Kunde;client;customer;Der Kunde möchte die Ware zurückgeben.;Le client souhaite retourner la marchandise.;The customer wants to return the goods.
nom (chapitre VHS);B1;Kapitel 2 (VHS);die Kundennummer;numéro de client;customer number;Bitte geben Sie Ihre Kundennummer an.;Veuillez indiquer votre numéro de client.;Please provide your customer number.
nom (chapitre VHS);B1;Kapitel 2 (VHS);der Kundenservice;service client;customer service;Der Kundenservice ist rund um die Uhr erreichbar.;Le service client est joignable vingt-quatre heures sur vingt-quatre.;Customer service is reachable around the clock.
nom (chapitre VHS);B1;Kapitel 2 (VHS);die Lieferung;livraison;delivery;Die Lieferung kommt morgen Vormittag an.;La livraison arrive demain matin.;The delivery arrives tomorrow morning.
nom (chapitre VHS);B1;Kapitel 2 (VHS);das Loch;trou;hole;In der Straße ist ein tiefes Loch.;Il y a un trou profond dans la rue.;There is a deep hole in the street.
nom (chapitre VHS);B1;Kapitel 3 (VHS);der Anspruch;droit, prétention;claim, entitlement;Sie hat Anspruch auf eine Rückerstattung.;Elle a droit à un remboursement.;She is entitled to a refund.
nom (chapitre VHS);B1;Kapitel 3 (VHS);das Bargeld;argent liquide;cash;Ich zahle lieber mit Bargeld als mit Karte.;Je préfère payer en liquide plutôt qu'avec une carte.;I prefer to pay with cash rather than card.
nom (chapitre VHS);B1;Kapitel 3 (VHS);die Broschüre;brochure;brochure;In der Bank liegen viele Broschüren über Kredite aus.;Il y a beaucoup de brochures sur les crédits à la banque.;There are many brochures about loans at the bank.
nom (chapitre VHS);B1;Kapitel 3 (VHS);der Dauerauftrag;virement automatique;standing order;Die Miete zahle ich per Dauerauftrag.;Je paie le loyer par virement automatique.;I pay the rent by standing order.
nom (chapitre VHS);B1;Kapitel 3 (VHS);der Einbrecher;cambrioleur;burglar;Der Einbrecher wurde von der Polizei gefasst.;Le cambrioleur a été arrêté par la police.;The burglar was caught by the police.
nom (chapitre VHS);B1;Kapitel 3 (VHS);der Einbruch;cambriolage;burglary;Nach dem Einbruch hat sie ein neues Schloss eingebaut.;Après le cambriolage, elle a fait installer une nouvelle serrure.;After the burglary, she had a new lock installed.
nom (chapitre VHS);B1;Kapitel 3 (VHS);die Empfehlung;recommandation;recommendation;Der Bankberater gab mir eine gute Empfehlung.;Le conseiller bancaire m'a donné une bonne recommandation.;The bank advisor gave me a good recommendation.
nom (chapitre VHS);B1;Kapitel 3 (VHS);die Eröffnung;ouverture (d'un compte);opening (of an account);Die Eröffnung eines Kontos dauert nur zehn Minuten.;L'ouverture d'un compte ne prend que dix minutes.;Opening an account only takes ten minutes.
nom (chapitre VHS);B1;Kapitel 3 (VHS);die Filiale;succursale, agence;branch;Die nächste Filiale der Bank ist im Stadtzentrum.;La prochaine agence de la banque est dans le centre-ville.;The nearest branch of the bank is in the city center.
nom (chapitre VHS);B1;Kapitel 3 (VHS);die Fläche;surface;area, surface;Das Grundstück hat eine Fläche von tausend Quadratmetern.;Le terrain a une surface de mille mètres carrés.;The property has an area of one thousand square meters.
nom (chapitre VHS);B1;Kapitel 3 (VHS);der Geldautomat;distributeur automatique;ATM;Ich hebe Geld immer am Geldautomaten ab.;Je retire toujours de l'argent au distributeur automatique.;I always withdraw money at the ATM.
nom (chapitre VHS);B1;Kapitel 3 (VHS);das Girokonto;compte courant;checking account;Mein Gehalt wird auf mein Girokonto überwiesen.;Mon salaire est viré sur mon compte courant.;My salary is transferred to my checking account.
nom (chapitre VHS);B1;Kapitel 3 (VHS);die IBAN;IBAN;IBAN;Für die Überweisung brauche ich deine IBAN.;Pour le virement, j'ai besoin de ton IBAN.;For the transfer, I need your IBAN.
nom (chapitre VHS);B1;Kapitel 3 (VHS);der Internetanschluss;connexion internet;internet connection;Ohne Internetanschluss kann ich nicht online bezahlen.;Sans connexion internet, je ne peux pas payer en ligne.;Without an internet connection, I can't pay online.
nom (chapitre VHS);B1;Kapitel 3 (VHS);der Kredit;crédit, prêt;loan;Er hat einen Kredit für sein neues Auto aufgenommen.;Il a contracté un crédit pour sa nouvelle voiture.;He took out a loan for his new car.
nom (chapitre VHS);B1;Kapitel 3 (VHS);die Kreditkarte;carte de crédit;credit card;Ich zahle die Reise mit meiner Kreditkarte.;Je paie le voyage avec ma carte de crédit.;I'm paying for the trip with my credit card.
nom (chapitre VHS);B1;Kapitel 3 (VHS);die Kündigung;résiliation, licenciement;termination, notice;Ich habe die Kündigung meines Vertrags per Post geschickt.;J'ai envoyé la résiliation de mon contrat par courrier.;I sent the termination of my contract by mail.
nom (chapitre VHS);B1;Kapitel 3 (VHS);die Mobilität;mobilité;mobility;Die Mobilität in der Stadt hat sich stark verbessert.;La mobilité en ville s'est fortement améliorée.;Mobility in the city has greatly improved.
nom (chapitre VHS);B1;Kapitel 3 (VHS);der Notruf;appel d'urgence;emergency call;Bei einem Unfall sollte man sofort den Notruf wählen.;En cas d'accident, il faut immédiatement composer le numéro d'urgence.;In case of an accident, you should immediately dial the emergency number.
nom (chapitre VHS);B1;Kapitel 3 (VHS);die Quittung;reçu, quittance;receipt;Bitte geben Sie mir eine Quittung für den Einkauf.;Donnez-moi un reçu pour l'achat, s'il vous plaît.;Please give me a receipt for the purchase.
nom (chapitre VHS);B1;Kapitel 3 (VHS);der Rechtsanwalt;avocat;lawyer;Mein Rechtsanwalt hat mir bei dem Vertrag geholfen.;Mon avocat m'a aidé avec le contrat.;My lawyer helped me with the contract.
nom (chapitre VHS);B1;Kapitel 3 (VHS);die Rechtsanwältin;avocate;lawyer (female);Die Rechtsanwältin vertritt meine Interessen vor Gericht.;L'avocate représente mes intérêts devant le tribunal.;The lawyer represents my interests in court.
nom (chapitre VHS);B1;Kapitel 3 (VHS);der Schaden;dommage, dégât;damage;Der Sturm hat großen Schaden am Dach angerichtet.;La tempête a causé de gros dégâts au toit.;The storm caused major damage to the roof.
nom (chapitre VHS);B1;Kapitel 3 (VHS);der Schutz;protection;protection;Die Versicherung bietet Schutz gegen Diebstahl.;L'assurance offre une protection contre le vol.;The insurance offers protection against theft.
nom (chapitre VHS);B1;Kapitel 3 (VHS);die Summe;somme;sum, amount;Er hat eine hohe Summe für das Auto bezahlt.;Il a payé une somme élevée pour la voiture.;He paid a large sum for the car.
nom (chapitre VHS);B1;Kapitel 3 (VHS);das Taschengeld;argent de poche;pocket money;Meine Tochter bekommt jede Woche Taschengeld.;Ma fille reçoit de l'argent de poche chaque semaine.;My daughter gets pocket money every week.
nom (chapitre VHS);B1;Kapitel 3 (VHS);die Überweisung;virement;bank transfer;Die Überweisung dauert normalerweise einen Tag.;Le virement prend normalement un jour.;The bank transfer usually takes one day.
nom (chapitre VHS);B1;Kapitel 3 (VHS);der Verbraucher;consommateur;consumer;Der Verbraucher hat das Recht auf eine Rückgabe.;Le consommateur a le droit de retourner l'article.;The consumer has the right to return the item.
nom (chapitre VHS);B1;Kapitel 3 (VHS);die Verbraucherin;consommatrice;consumer (female);Die Verbraucherin hat sich über den Preis beschwert.;La consommatrice s'est plainte du prix.;The consumer complained about the price.
nom (chapitre VHS);B1;Kapitel 3 (VHS);der Verlust;perte;loss;Die Firma hat im letzten Jahr einen Verlust gemacht.;L'entreprise a subi une perte l'année dernière.;The company made a loss last year.
nom (chapitre VHS);B1;Kapitel 3 (VHS);die Versicherung;assurance;insurance;Ich habe eine Versicherung für mein Fahrrad abgeschlossen.;J'ai souscrit une assurance pour mon vélo.;I took out insurance for my bike.
nom (chapitre VHS);B1;Kapitel 3 (VHS);der Zeitpunkt;moment, instant;point in time;Das ist genau der richtige Zeitpunkt für eine Pause.;C'est exactement le bon moment pour une pause.;This is exactly the right time for a break.
nom (chapitre VHS);B1;Kapitel 4 (VHS);die Arbeitswelt;monde du travail;working world;Die Arbeitswelt hat sich in den letzten Jahren stark verändert.;Le monde du travail a beaucoup changé ces dernières années.;The working world has changed a lot in recent years.
nom (chapitre VHS);B1;Kapitel 4 (VHS);die Bedeutung;signification;meaning;Die Bedeutung dieses Wortes kenne ich nicht.;Je ne connais pas la signification de ce mot.;I don't know the meaning of this word.
nom (chapitre VHS);B1;Kapitel 4 (VHS);der Chip;puce (électronique);chip;Die Kreditkarte hat einen kleinen Chip.;La carte de crédit a une petite puce.;The credit card has a small chip.
nom (chapitre VHS);B1;Kapitel 4 (VHS);das Drittel;tiers;third;Ein Drittel der Teilnehmer war unter dreißig.;Un tiers des participants avait moins de trente ans.;A third of the participants were under thirty.
nom (chapitre VHS);B1;Kapitel 4 (VHS);der Eindruck;impression;impression;Sie hat einen guten Eindruck bei der Ernährungsberaterin hinterlassen.;Elle a fait bonne impression sur la conseillère en nutrition.;She made a good impression on the nutrition counselor.
nom (chapitre VHS);B1;Kapitel 4 (VHS);die Ernährung;alimentation;nutrition;Eine gesunde Ernährung ist wichtig für den Körper.;Une alimentation saine est importante pour le corps.;A healthy diet is important for the body.
nom (chapitre VHS);B1;Kapitel 4 (VHS);der Ernährungsberater;conseiller en nutrition;nutrition counselor;Der Ernährungsberater hat mir einen neuen Speiseplan erstellt.;Le conseiller en nutrition m'a préparé un nouveau plan de repas.;The nutrition counselor created a new meal plan for me.
nom (chapitre VHS);B1;Kapitel 4 (VHS);die Ernährungsberaterin;conseillère en nutrition;nutrition counselor (female);Die Ernährungsberaterin empfiehlt mehr Gemüse.;La conseillère en nutrition recommande plus de légumes.;The nutrition counselor recommends more vegetables.
nom (chapitre VHS);B1;Kapitel 4 (VHS);die Essgewohnheit;habitude alimentaire;eating habit;Meine Essgewohnheiten haben sich seit dem Umzug verändert.;Mes habitudes alimentaires ont changé depuis le déménagement.;My eating habits have changed since the move.
nom (chapitre VHS);B1;Kapitel 4 (VHS);das Essverhalten;comportement alimentaire;eating behavior;Ihr Essverhalten hat sich nach der Diagnose verändert.;Son comportement alimentaire a changé après le diagnostic.;Her eating behavior changed after the diagnosis.
nom (chapitre VHS);B1;Kapitel 4 (VHS);das Feedback;retour, avis;feedback;Ich habe positives Feedback zu meinem Vortrag bekommen.;J'ai reçu un retour positif sur ma présentation.;I received positive feedback on my presentation.
nom (chapitre VHS);B1;Kapitel 4 (VHS);das Fertiggericht;plat préparé;ready meal;Fertiggerichte enthalten oft viel Salz.;Les plats préparés contiennent souvent beaucoup de sel.;Ready meals often contain a lot of salt.
nom (chapitre VHS);B1;Kapitel 4 (VHS);das Festessen;repas de fête;feast, celebratory meal;Zu Weihnachten gibt es bei uns ein großes Festessen.;À Noël, nous avons un grand repas de fête.;At Christmas we have a big festive meal.
nom (chapitre VHS);B1;Kapitel 4 (VHS);das Fotoalbum;album photo;photo album;Meine Oma zeigt gern ihr altes Fotoalbum.;Ma grand-mère aime montrer son vieil album photo.;My grandmother likes to show her old photo album.
nom (chapitre VHS);B1;Kapitel 4 (VHS);das Fett;graisse, matière grasse;fat;Zu viel Fett im Essen ist ungesund.;Trop de graisse dans la nourriture n'est pas sain.;Too much fat in food is unhealthy.
nom (chapitre VHS);B1;Kapitel 4 (VHS);die Gewohnheit;habitude;habit;Frühes Aufstehen ist bei ihm eine Gewohnheit.;Se lever tôt est une habitude chez lui.;Getting up early is a habit for him.
nom (chapitre VHS);B1;Kapitel 4 (VHS);das Gewürz;épice;spice;Dieses Gericht braucht noch ein paar Gewürze.;Ce plat a besoin de quelques épices en plus.;This dish needs a few more spices.
nom (chapitre VHS);B1;Kapitel 4 (VHS);die Hälfte;moitié;half;Ich esse nur die Hälfte des Kuchens.;Je ne mange que la moitié du gâteau.;I'm only eating half of the cake.
nom (chapitre VHS);B1;Kapitel 4 (VHS);das Kilogramm;kilogramme;kilogram;Der Koffer wiegt zwanzig Kilogramm.;La valise pèse vingt kilogrammes.;The suitcase weighs twenty kilograms.
nom (chapitre VHS);B1;Kapitel 4 (VHS);die Lieblingsspeise;plat préféré;favorite dish;Pizza ist meine Lieblingsspeise.;La pizza est mon plat préféré.;Pizza is my favorite dish.
nom (chapitre VHS);B1;Kapitel 4 (VHS);die Mahlzeit;repas;meal;Drei Mahlzeiten am Tag reichen mir völlig.;Trois repas par jour me suffisent amplement.;Three meals a day are quite enough for me.
nom (chapitre VHS);B1;Kapitel 4 (VHS);die Mehrheit;majorité;majority;Die Mehrheit der Teilnehmer war zufrieden.;La majorité des participants était satisfaite.;The majority of participants were satisfied.
nom (chapitre VHS);B1;Kapitel 4 (VHS);die Nuss;noix;nut;Ich bin allergisch gegen Nüsse.;Je suis allergique aux noix.;I'm allergic to nuts.
nom (chapitre VHS);B1;Kapitel 4 (VHS);die Pasta;pâtes;pasta;Am Sonntag kochen wir immer Pasta.;Le dimanche, on cuisine toujours des pâtes.;On Sundays we always cook pasta.
nom (chapitre VHS);B1;Kapitel 4 (VHS);das Rezept;recette;recipe;Kannst du mir dein Rezept für die Suppe geben?;Peux-tu me donner ta recette pour la soupe ?;Can you give me your recipe for the soup?
nom (chapitre VHS);B1;Kapitel 4 (VHS);das Sandwich;sandwich;sandwich;Ich nehme ein Sandwich mit ins Büro.;J'emporte un sandwich au bureau.;I'm taking a sandwich to the office.
nom (chapitre VHS);B1;Kapitel 4 (VHS);der Snack;collation, en-cas;snack;Zwischen den Mahlzeiten esse ich gern einen Snack.;Entre les repas, j'aime bien prendre une collation.;Between meals I like to have a snack.
nom (chapitre VHS);B1;Kapitel 4 (VHS);der Teilnehmer;participant;participant;Der Kurs hat zwölf Teilnehmer.;Le cours compte douze participants.;The course has twelve participants.
nom (chapitre VHS);B1;Kapitel 4 (VHS);die Teilnehmerin;participante;participant (female);Eine Teilnehmerin hat viele Fragen gestellt.;Une participante a posé beaucoup de questions.;One participant asked a lot of questions.
nom (chapitre VHS);B1;Kapitel 4 (VHS);das Tempo;rythme, vitesse;pace, tempo;Jeder lernt in seinem eigenen Tempo.;Chacun apprend à son propre rythme.;Everyone learns at their own pace.
nom (chapitre VHS);B1;Kapitel 4 (VHS);das Verhalten;comportement;behavior;Sein Verhalten in der Gruppe war sehr ruhig.;Son comportement dans le groupe était très calme.;His behavior in the group was very calm.
nom (chapitre VHS);B1;Kapitel 4 (VHS);der Zuhörer;auditeur;listener;Der Redner hatte viele aufmerksame Zuhörer.;L'orateur avait beaucoup d'auditeurs attentifs.;The speaker had many attentive listeners.
nom (chapitre VHS);B1;Kapitel 4 (VHS);die Zuhörerin;auditrice;listener (female);Eine Zuhörerin hat am Ende applaudiert.;Une auditrice a applaudi à la fin.;A listener applauded at the end.
nom (chapitre VHS);B1;Kapitel 4 (VHS);der Zusammenhang;rapport, lien;connection, context;Ich sehe keinen Zusammenhang zwischen den beiden Themen.;Je ne vois aucun lien entre les deux sujets.;I don't see any connection between the two topics.
nom (chapitre VHS);B1;Kapitel 5 (VHS);die Art;sorte, type;kind, type;Das ist eine ganz neue Art von Problem.;C'est un tout nouveau genre de problème.;This is a completely new kind of problem.
nom (chapitre VHS);B1;Kapitel 5 (VHS);das Büfett;buffet;buffet;Beim Fest gab es ein großes Büfett.;Il y avait un grand buffet pendant la fête.;There was a big buffet at the party.
nom (chapitre VHS);B1;Kapitel 5 (VHS);die Distanz;distance;distance;Er hält immer eine gewisse Distanz zu Kollegen.;Il garde toujours une certaine distance avec ses collègues.;He always keeps a certain distance from colleagues.
nom (chapitre VHS);B1;Kapitel 5 (VHS);das Gegenteil;contraire;opposite;Das Gegenteil von groß ist klein.;Le contraire de grand est petit.;The opposite of big is small.
nom (chapitre VHS);B1;Kapitel 5 (VHS);die Gelegenheit;occasion;opportunity;Das war die perfekte Gelegenheit, ihn kennenzulernen.;C'était l'occasion parfaite de faire sa connaissance.;That was the perfect opportunity to meet him.
nom (chapitre VHS);B1;Kapitel 5 (VHS);die Herausforderung;défi;challenge;Der neue Job ist eine große Herausforderung für mich.;Le nouveau travail est un grand défi pour moi.;The new job is a big challenge for me.
nom (chapitre VHS);B1;Kapitel 5 (VHS);der Konflikt;conflit;conflict;Zwischen den beiden Kollegen gab es einen Konflikt.;Il y a eu un conflit entre les deux collègues.;There was a conflict between the two colleagues.
nom (chapitre VHS);B1;Kapitel 5 (VHS);die Kultur;culture;culture;Ich interessiere mich sehr für fremde Kulturen.;Je m'intéresse beaucoup aux cultures étrangères.;I'm very interested in foreign cultures.
nom (chapitre VHS);B1;Kapitel 5 (VHS);die Laune;humeur;mood;Sie hat heute schlechte Laune.;Elle est de mauvaise humeur aujourd'hui.;She's in a bad mood today.
nom (chapitre VHS);B1;Kapitel 5 (VHS);das Missverständnis;malentendu;misunderstanding;Das war nur ein kleines Missverständnis.;Ce n'était qu'un petit malentendu.;That was just a small misunderstanding.
nom (chapitre VHS);B1;Kapitel 5 (VHS);die Panik;panique;panic;Bei dem Feueralarm brach Panik aus.;La panique a éclaté à l'alarme incendie.;Panic broke out at the fire alarm.
nom (chapitre VHS);B1;Kapitel 5 (VHS);die Politik;politique;politics;Er interessiert sich sehr für Politik.;Il s'intéresse beaucoup à la politique.;He is very interested in politics.
nom (chapitre VHS);B1;Kapitel 5 (VHS);die Religion;religion;religion;In der Schule lernen die Kinder etwas über verschiedene Religionen.;À l'école, les enfants apprennent des choses sur différentes religions.;At school, children learn about different religions.
nom (chapitre VHS);B1;Kapitel 5 (VHS);der Respekt;respect;respect;Sie behandelt alle Kollegen mit Respekt.;Elle traite tous ses collègues avec respect.;She treats all colleagues with respect.
nom (chapitre VHS);B1;Kapitel 5 (VHS);die Sorge;souci;worry;Mach dir keine Sorgen, alles wird gut.;Ne t'inquiète pas, tout ira bien.;Don't worry, everything will be fine.
nom (chapitre VHS);B1;Kapitel 5 (VHS);die Voraussetzung;condition préalable;prerequisite;Gute Deutschkenntnisse sind eine Voraussetzung für diese Stelle.;De bonnes connaissances en allemand sont une condition pour ce poste.;Good German skills are a prerequisite for this position.
nom (chapitre VHS);B1;Kapitel 5 (VHS);das Vorstellungsgespräch;entretien d'embauche;job interview;Morgen habe ich ein wichtiges Vorstellungsgespräch.;Demain, j'ai un entretien d'embauche important.;Tomorrow I have an important job interview.
nom (chapitre VHS);B1;Kapitel 5 (VHS);der Witz;blague;joke;Er erzählt gern Witze auf Partys.;Il aime raconter des blagues dans les fêtes.;He likes to tell jokes at parties.
nom (chapitre VHS);B1;Kapitel 6 (VHS);die Allergie;allergie;allergy;Sie hat eine Allergie gegen Pollen.;Elle a une allergie au pollen.;She has a pollen allergy.
nom (chapitre VHS);B1;Kapitel 6 (VHS);der Altenpfleger;soignant pour personnes âgées;elderly caregiver;Mein Onkel arbeitet als Altenpfleger.;Mon oncle travaille comme soignant pour personnes âgées.;My uncle works as an elderly caregiver.
nom (chapitre VHS);B1;Kapitel 6 (VHS);die Altenpflegerin;soignante pour personnes âgées;elderly caregiver (female);Die Altenpflegerin kümmert sich um zehn Bewohner.;La soignante s'occupe de dix résidents.;The caregiver looks after ten residents.
nom (chapitre VHS);B1;Kapitel 6 (VHS);das Altersheim;maison de retraite;nursing home;Meine Großmutter lebt seit einem Jahr im Altersheim.;Ma grand-mère vit en maison de retraite depuis un an.;My grandmother has lived in a nursing home for a year.
nom (chapitre VHS);B1;Kapitel 6 (VHS);der Appetit;appétit;appetite;Nach der Krankheit hat er wenig Appetit.;Après la maladie, il a peu d'appétit.;After the illness he has little appetite.
nom (chapitre VHS);B1;Kapitel 6 (VHS);der Arbeitgeber;employeur;employer;Mein Arbeitgeber zahlt einen Teil der Versicherung.;Mon employeur paie une partie de l'assurance.;My employer pays part of the insurance.
nom (chapitre VHS);B1;Kapitel 6 (VHS);die Arbeitgeberin;employeuse;employer (female);Die Arbeitgeberin bietet flexible Arbeitszeiten an.;L'employeuse propose des horaires flexibles.;The employer offers flexible working hours.
nom (chapitre VHS);B1;Kapitel 6 (VHS);der Arzthelfer;assistant médical;medical assistant;Der Arzthelfer misst zuerst den Blutdruck.;L'assistant médical mesure d'abord la tension.;The medical assistant measures blood pressure first.
nom (chapitre VHS);B1;Kapitel 6 (VHS);die Arzthelferin;assistante médicale;medical assistant (female);Die Arzthelferin ruft die Patienten auf.;L'assistante médicale appelle les patients.; The medical assistant calls the patients in.
nom (chapitre VHS);B1;Kapitel 6 (VHS);die Arztpraxis;cabinet médical;doctor's office;Die Arztpraxis ist bis achtzehn Uhr geöffnet.;Le cabinet médical est ouvert jusqu'à dix-huit heures.;The doctor's office is open until 6 pm.
nom (chapitre VHS);B1;Kapitel 6 (VHS);die Baustelle;chantier;construction site;Vor dem Haus ist seit Wochen eine Baustelle.;Il y a un chantier devant la maison depuis des semaines.;There has been a construction site in front of the house for weeks.
nom (chapitre VHS);B1;Kapitel 6 (VHS);die Diät;régime (alimentaire);diet;Der Arzt hat ihm eine strenge Diät verschrieben.;Le médecin lui a prescrit un régime strict.;The doctor prescribed him a strict diet.
nom (chapitre VHS);B1;Kapitel 6 (VHS);die Einnahme;prise (de médicaments);intake (of medication);Die Einnahme der Tabletten erfolgt zweimal täglich.;La prise des comprimés se fait deux fois par jour.;The tablets are to be taken twice a day.
nom (chapitre VHS);B1;Kapitel 6 (VHS);die Entbindungsstation;maternité (service);maternity ward;Das Baby wurde auf der Entbindungsstation geboren.;Le bébé est né au service de maternité.;The baby was born in the maternity ward.
nom (chapitre VHS);B1;Kapitel 6 (VHS);die Entzündung;inflammation;inflammation;Die Wunde hat sich zu einer Entzündung entwickelt.;La blessure s'est transformée en inflammation.;The wound developed into an inflammation.
nom (chapitre VHS);B1;Kapitel 6 (VHS);der Gips;plâtre;cast;Er trägt seit zwei Wochen einen Gips am Arm.;Il porte un plâtre au bras depuis deux semaines.;He has been wearing a cast on his arm for two weeks.
nom (chapitre VHS);B1;Kapitel 6 (VHS);der Impfpass;carnet de vaccination;vaccination record;Vergiss deinen Impfpass nicht beim Arztbesuch.;N'oublie pas ton carnet de vaccination pour la visite chez le médecin.;Don't forget your vaccination record for the doctor's visit.
nom (chapitre VHS);B1;Kapitel 6 (VHS);die Impfung;vaccination;vaccination;Die Impfung gegen Grippe ist im Herbst empfohlen.;La vaccination contre la grippe est recommandée en automne.;The flu vaccination is recommended in autumn.
nom (chapitre VHS);B1;Kapitel 6 (VHS);die Leiter;échelle;ladder;Er ist von der Leiter gefallen.;Il est tombé de l'échelle.;He fell off the ladder.
nom (chapitre VHS);B1;Kapitel 6 (VHS);der Magen;estomac;stomach;Mir tut der Magen weh.;J'ai mal à l'estomac.;My stomach hurts.
nom (chapitre VHS);B1;Kapitel 6 (VHS);die Medizin;médecine, médicament;medicine;Sie studiert Medizin an der Universität.;Elle étudie la médecine à l'université.;She is studying medicine at university.
nom (chapitre VHS);B1;Kapitel 6 (VHS);die Narkose;anesthésie;anesthesia;Die Operation erfolgt unter Vollnarkose.;L'opération se déroule sous anesthésie générale.;The operation is performed under general anesthesia.
nom (chapitre VHS);B1;Kapitel 6 (VHS);die Notaufnahme;urgences (service);emergency room;Er wurde sofort in die Notaufnahme gebracht.;Il a été immédiatement emmené aux urgences.;He was immediately taken to the emergency room.
nom (chapitre VHS);B1;Kapitel 6 (VHS);der Notfall;urgence;emergency;Rufen Sie bei einem Notfall sofort den Arzt.;Appelez immédiatement le médecin en cas d'urgence.;Call the doctor immediately in case of an emergency.
nom (chapitre VHS);B1;Kapitel 6 (VHS);der Patient;patient;patient;Der Arzt untersucht gerade einen Patienten.;Le médecin examine actuellement un patient.;The doctor is currently examining a patient.
nom (chapitre VHS);B1;Kapitel 6 (VHS);die Patientin;patiente;patient (female);Die Patientin wartet seit einer Stunde.;La patiente attend depuis une heure.;The patient has been waiting for an hour.
nom (chapitre VHS);B1;Kapitel 6 (VHS);der Physiotherapeut;physiothérapeute;physiotherapist;Der Physiotherapeut hilft ihr beim Gehen.;Le physiothérapeute l'aide à marcher.;The physiotherapist helps her walk.
nom (chapitre VHS);B1;Kapitel 6 (VHS);die Physiotherapeutin;physiothérapeute (femme);physiotherapist (female);Die Physiotherapeutin massiert seinen Rücken.;La physiothérapeute lui masse le dos.;The physiotherapist massages his back.
nom (chapitre VHS);B1;Kapitel 6 (VHS);der Rollstuhl;fauteuil roulant;wheelchair;Nach dem Unfall braucht er einen Rollstuhl.;Après l'accident, il a besoin d'un fauteuil roulant.;After the accident he needs a wheelchair.
nom (chapitre VHS);B1;Kapitel 6 (VHS);der Schichtdienst;travail posté, service par équipes;shift work;Als Krankenschwester arbeite ich im Schichtdienst.;En tant qu'infirmière, je travaille en horaires postés.;As a nurse I work shift duty.
nom (chapitre VHS);B1;Kapitel 6 (VHS);das Schlafmittel;somnifère;sleeping pill;Der Arzt hat ihr ein Schlafmittel verschrieben.;Le médecin lui a prescrit un somnifère.;The doctor prescribed her a sleeping pill.
nom (chapitre VHS);B1;Kapitel 6 (VHS);der Schmerz;douleur;pain;Sie hat starke Schmerzen im Rücken.;Elle a de fortes douleurs dans le dos.;She has severe pain in her back.
nom (chapitre VHS);B1;Kapitel 6 (VHS);die Schulter;épaule;shoulder;Er hat sich beim Sport die Schulter verletzt.;Il s'est blessé à l'épaule en faisant du sport.;He injured his shoulder while playing sports.
nom (chapitre VHS);B1;Kapitel 6 (VHS);die Spritze;piqûre, seringue;injection, syringe;Die Krankenschwester gibt ihm eine Spritze.;L'infirmière lui fait une piqûre.;The nurse gives him an injection.
nom (chapitre VHS);B1;Kapitel 6 (VHS);die Versichertenkarte;carte d'assurance maladie;health insurance card;Bringen Sie bitte Ihre Versichertenkarte mit.;Apportez votre carte d'assurance maladie, s'il vous plaît.;Please bring your health insurance card.
nom (chapitre VHS);B1;Kapitel 6 (VHS);die Wunde;blessure;wound;Die Wunde muss regelmäßig verbunden werden.;La blessure doit être pansée régulièrement.;The wound needs to be dressed regularly.
nom (chapitre VHS);B1;Kapitel 6 (VHS);der Zweck;but, objectif;purpose;Zu welchem Zweck brauchst du diese Information?;Dans quel but as-tu besoin de cette information ?;For what purpose do you need this information?
nom (chapitre VHS);B1;Kapitel 7 (VHS);der Abfall;déchet;waste;Wir sollten weniger Abfall produzieren.;Nous devrions produire moins de déchets.;We should produce less waste.
nom (chapitre VHS);B1;Kapitel 7 (VHS);die Alternative;alternative;alternative;Fahrrad fahren ist eine gute Alternative zum Auto.;Faire du vélo est une bonne alternative à la voiture.;Cycling is a good alternative to the car.
nom (chapitre VHS);B1;Kapitel 7 (VHS);der Bauer;agriculteur, paysan;farmer;Der Bauer erntet im Herbst den Weizen.;L'agriculteur récolte le blé en automne.;The farmer harvests the wheat in autumn.
nom (chapitre VHS);B1;Kapitel 7 (VHS);die Bäuerin;agricultrice;farmer (female);Die Bäuerin kümmert sich um die Kühe.;L'agricultrice s'occupe des vaches.;The farmer takes care of the cows.
nom (chapitre VHS);B1;Kapitel 7 (VHS);die Biene;abeille;bee;Die Biene fliegt von Blume zu Blume.;L'abeille vole de fleur en fleur.;The bee flies from flower to flower.
nom (chapitre VHS);B1;Kapitel 7 (VHS);der Dreck;saleté, crasse;dirt, filth;Nach der Wanderung war der Hund voller Dreck.;Après la randonnée, le chien était couvert de saleté.;After the hike, the dog was covered in dirt.
nom (chapitre VHS);B1;Kapitel 7 (VHS);die Einnahme;revenu, recette;income, revenue;Die Einnahmen des Bauernhofs sind dieses Jahr gestiegen.;Les revenus de la ferme ont augmenté cette année.;The farm's income has increased this year.
nom (chapitre VHS);B1;Kapitel 7 (VHS);die Erde;terre;earth, soil;Die Pflanze braucht gute Erde zum Wachsen.;La plante a besoin d'une bonne terre pour pousser.;The plant needs good soil to grow.
nom (chapitre VHS);B1;Kapitel 7 (VHS);der Experte;expert;expert;Ein Experte hat den Schaden am Dach untersucht.;Un expert a examiné les dégâts au toit.;An expert examined the damage to the roof.
nom (chapitre VHS);B1;Kapitel 7 (VHS);die Expertin;experte;expert (female);Die Expertin erklärte die Ursachen des Klimawandels.;L'experte a expliqué les causes du changement climatique.;The expert explained the causes of climate change.
nom (chapitre VHS);B1;Kapitel 7 (VHS);das Feuer;feu;fire;Im Garten haben wir am Abend ein Feuer gemacht.;Nous avons fait un feu dans le jardin le soir.;We made a fire in the garden in the evening.
nom (chapitre VHS);B1;Kapitel 7 (VHS);die Forschung;recherche;research;Die Forschung zu erneuerbaren Energien schreitet schnell voran.;La recherche sur les énergies renouvelables avance rapidement.;Research on renewable energy is progressing quickly.
nom (chapitre VHS);B1;Kapitel 7 (VHS);die Frucht;fruit;fruit;Diese Frucht schmeckt sehr süß.;Ce fruit a un goût très sucré.;This fruit tastes very sweet.
nom (chapitre VHS);B1;Kapitel 7 (VHS);das Gift;poison;poison;Manche Pflanzen enthalten ein starkes Gift.;Certaines plantes contiennent un poison puissant.;Some plants contain a strong poison.
nom (chapitre VHS);B1;Kapitel 7 (VHS);das Gras;herbe;grass;Das Gras im Garten muss geschnitten werden.;L'herbe du jardin doit être coupée.;The grass in the garden needs to be cut.
nom (chapitre VHS);B1;Kapitel 7 (VHS);die Großstadt;grande ville;big city;Berlin ist eine sehr lebendige Großstadt.;Berlin est une grande ville très animée.;Berlin is a very lively big city.
nom (chapitre VHS);B1;Kapitel 7 (VHS);der Hof;cour, ferme;farm, courtyard;Die Kinder spielen im Hof.;Les enfants jouent dans la cour.;The children are playing in the courtyard.
nom (chapitre VHS);B1;Kapitel 7 (VHS);das Insekt;insecte;insect;Im Sommer gibt es viele Insekten im Garten.;En été, il y a beaucoup d'insectes dans le jardin.;In summer there are many insects in the garden.
nom (chapitre VHS);B1;Kapitel 7 (VHS);das Klima;climat;climate;Das Klima hat sich in den letzten Jahrzehnten verändert.;Le climat a changé au cours des dernières décennies.;The climate has changed over the last decades.
nom (chapitre VHS);B1;Kapitel 7 (VHS);die Kuh;vache;cow;Auf der Weide stehen zwanzig Kühe.;Il y a vingt vaches dans le pré.;There are twenty cows in the pasture.
nom (chapitre VHS);B1;Kapitel 7 (VHS);das Labor;laboratoire;laboratory;Die Probe wird im Labor untersucht.;L'échantillon est analysé au laboratoire.;The sample is examined in the laboratory.
nom (chapitre VHS);B1;Kapitel 7 (VHS);die Mücke;moustique;mosquito;Im Sommer stechen mich die Mücken ständig.;En été, les moustiques me piquent tout le temps.;In summer the mosquitoes keep biting me.
nom (chapitre VHS);B1;Kapitel 7 (VHS);die Produktion;production;production;Die Produktion von Plastik belastet die Umwelt.;La production de plastique nuit à l'environnement.;Plastic production harms the environment.
nom (chapitre VHS);B1;Kapitel 7 (VHS);das Rind;bovin, bœuf;cattle, ox;Auf dem Hof gibt es fünfzig Rinder.;Il y a cinquante bovins à la ferme.;There are fifty cattle on the farm.
nom (chapitre VHS);B1;Kapitel 7 (VHS);die Steckdose;prise électrique (murale);electrical outlet;In diesem Zimmer gibt es nur eine Steckdose.;Il n'y a qu'une seule prise électrique dans cette pièce.;There is only one electrical outlet in this room.
nom (chapitre VHS);B1;Kapitel 7 (VHS);der Stecker;fiche, prise (mâle);plug;Zieh den Stecker aus der Steckdose.;Débranche la fiche de la prise murale.;Pull the plug out of the outlet.
nom (chapitre VHS);B1;Kapitel 7 (VHS);der Umweltschutz;protection de l'environnement;environmental protection;Umweltschutz ist ein wichtiges Thema für junge Menschen.;La protection de l'environnement est un sujet important pour les jeunes.;Environmental protection is an important topic for young people.
nom (chapitre VHS);B1;Kapitel 7 (VHS);die Umweltverschmutzung;pollution de l'environnement;environmental pollution;Die Umweltverschmutzung in der Stadt nimmt zu.;La pollution environnementale augmente en ville.;Environmental pollution in the city is increasing.
nom (chapitre VHS);B1;Kapitel 7 (VHS);der Vortrag;conférence, exposé;lecture, talk;Der Professor hält morgen einen Vortrag über Ökologie.;Le professeur donne une conférence sur l'écologie demain.;The professor is giving a lecture on ecology tomorrow.
nom (chapitre VHS);B1;Kapitel 7 (VHS);das Waschmittel;lessive, détergent;laundry detergent;Dieses Waschmittel ist umweltfreundlich.;Cette lessive est respectueuse de l'environnement.;This laundry detergent is environmentally friendly.
nom (chapitre VHS);B1;Kapitel 7 (VHS);die Wiese;prairie, pré;meadow;Die Kühe grasen auf der Wiese.;Les vaches paissent dans le pré.;The cows are grazing in the meadow.
nom (chapitre VHS);B1;Kapitel 7 (VHS);der Wissenschaftler;scientifique;scientist;Ein Wissenschaftler erklärte die Ergebnisse der Studie.;Un scientifique a expliqué les résultats de l'étude.;A scientist explained the results of the study.
nom (chapitre VHS);B1;Kapitel 7 (VHS);die Wissenschaftlerin;scientifique (femme);scientist (female);Die Wissenschaftlerin forscht seit zehn Jahren zum Klimawandel.;La scientifique fait des recherches sur le changement climatique depuis dix ans.;The scientist has been researching climate change for ten years.
nom (chapitre VHS);B1;Kapitel 7 (VHS);der Zweifel;doute;doubt;Ich habe keinen Zweifel an ihrer Ehrlichkeit.;Je n'ai aucun doute sur son honnêteté.;I have no doubt about her honesty.
nom (chapitre VHS);B1;Kapitel 8 (VHS);der Auftritt;apparition, prestation (scène);stage appearance;Der Auftritt der Band war ein großer Erfolg.;La prestation du groupe a été un grand succès.;The band's stage appearance was a big success.
nom (chapitre VHS);B1;Kapitel 8 (VHS);die Batterie;pile, batterie;battery;Die Batterie der Fernbedienung ist leer.;La pile de la télécommande est vide.;The remote control's battery is dead.
nom (chapitre VHS);B1;Kapitel 8 (VHS);die Begeisterung;enthousiasme;enthusiasm;Sie sprach mit großer Begeisterung von ihrer Reise.;Elle a parlé de son voyage avec beaucoup d'enthousiasme.;She spoke about her trip with great enthusiasm.
nom (chapitre VHS);B1;Kapitel 8 (VHS);die Briefmarke;timbre (poste);postage stamp;Er sammelt seit Jahren Briefmarken.;Il collectionne des timbres depuis des années.;He has been collecting stamps for years.
nom (chapitre VHS);B1;Kapitel 8 (VHS);der Cousin;cousin;cousin;Mein Cousin lebt in Hamburg.;Mon cousin vit à Hambourg.;My cousin lives in Hamburg.
nom (chapitre VHS);B1;Kapitel 8 (VHS);die Cousine;cousine;cousin (female);Meine Cousine besucht uns im Sommer.;Ma cousine nous rend visite en été.;My cousin is visiting us in the summer.
nom (chapitre VHS);B1;Kapitel 8 (VHS);der/die Einheimische;habitant local, autochtone;local (person);Die Einheimischen kennen die schönsten Strände.;Les habitants locaux connaissent les plus belles plages.;The locals know the most beautiful beaches.
nom (chapitre VHS);B1;Kapitel 8 (VHS);der Enkel;petit-fils;grandson;Ihr Enkel besucht sie jeden Sonntag.;Son petit-fils lui rend visite tous les dimanches.;Her grandson visits her every Sunday.
nom (chapitre VHS);B1;Kapitel 8 (VHS);die Enkelin;petite-fille;granddaughter;Die Enkelin hilft ihrer Oma im Garten.;La petite-fille aide sa grand-mère au jardin.;The granddaughter helps her grandmother in the garden.
nom (chapitre VHS);B1;Kapitel 8 (VHS);die Enttäuschung;déception;disappointment;Die Niederlage war eine große Enttäuschung für das Team.;La défaite a été une grande déception pour l'équipe.;The defeat was a big disappointment for the team.
nom (chapitre VHS);B1;Kapitel 8 (VHS);das Feuerzeug;briquet;lighter;Hast du ein Feuerzeug für die Kerzen?;As-tu un briquet pour les bougies ?;Do you have a lighter for the candles?
nom (chapitre VHS);B1;Kapitel 8 (VHS);das Industriegebäude;bâtiment industriel;industrial building;Das alte Industriegebäude wurde in Wohnungen umgebaut.;L'ancien bâtiment industriel a été transformé en appartements.;The old industrial building was converted into apartments.
nom (chapitre VHS);B1;Kapitel 8 (VHS);das Industriegebiet;zone industrielle;industrial area;Die Fabrik liegt im Industriegebiet am Stadtrand.;L'usine se trouve dans la zone industrielle en périphérie.;The factory is located in the industrial area on the outskirts.
nom (chapitre VHS);B1;Kapitel 8 (VHS);das Jahrzehnt;décennie;decade;In den letzten zwei Jahrzehnten hat sich viel verändert.;Beaucoup de choses ont changé au cours des deux dernières décennies.;A lot has changed in the last two decades.
nom (chapitre VHS);B1;Kapitel 8 (VHS);der Kaugummi;chewing-gum;chewing gum;Kaugummi kauen ist im Klassenzimmer nicht erlaubt.;Mâcher du chewing-gum n'est pas autorisé en classe.;Chewing gum is not allowed in the classroom.
nom (chapitre VHS);B1;Kapitel 8 (VHS);der/das Ketchup;ketchup;ketchup;Er isst seine Pommes immer mit Ketchup.;Il mange toujours ses frites avec du ketchup.;He always eats his fries with ketchup.
nom (chapitre VHS);B1;Kapitel 8 (VHS);die Kohle;charbon;coal;Früher wurde das Haus mit Kohle geheizt.;Autrefois, la maison était chauffée au charbon.;In the past, the house was heated with coal.
nom (chapitre VHS);B1;Kapitel 8 (VHS);das Kostüm;costume, tailleur;costume;Für die Party braucht sie noch ein Kostüm.;Pour la fête, il lui faut encore un costume.;She still needs a costume for the party.
nom (chapitre VHS);B1;Kapitel 8 (VHS);der Künstler;artiste;artist;Der Künstler stellt seine Bilder in der Galerie aus.;L'artiste expose ses tableaux dans la galerie.;The artist is exhibiting his paintings in the gallery.
nom (chapitre VHS);B1;Kapitel 8 (VHS);die Künstlerin;artiste (femme);artist (female);Die Künstlerin malt vor allem Landschaften.;L'artiste peint surtout des paysages.;The artist mainly paints landscapes.
nom (chapitre VHS);B1;Kapitel 8 (VHS);die Leistung;performance, prestation;performance;Seine Leistung in der Prüfung war ausgezeichnet.;Sa performance à l'examen a été excellente.;His performance in the exam was excellent.
nom (chapitre VHS);B1;Kapitel 8 (VHS);die Lieblingsbeschäftigung;occupation préférée;favorite pastime;Lesen ist meine Lieblingsbeschäftigung am Wochenende.;La lecture est mon occupation préférée le week-end.;Reading is my favorite pastime on the weekend.
nom (chapitre VHS);B1;Kapitel 8 (VHS);der Lieblingsverein;club préféré;favorite club;Der FC Bayern ist sein Lieblingsverein.;Le FC Bayern est son club préféré.;FC Bayern is his favorite club.
nom (chapitre VHS);B1;Kapitel 8 (VHS);die Mayonnaise;mayonnaise;mayonnaise;Sie macht die Mayonnaise immer selbst.;Elle fait toujours sa mayonnaise elle-même.;She always makes her own mayonnaise.
nom (chapitre VHS);B1;Kapitel 8 (VHS);die Nachbarschaft;voisinage;neighborhood;In unserer Nachbarschaft kennt sich jeder.;Dans notre voisinage, tout le monde se connaît.;In our neighborhood everyone knows each other.
nom (chapitre VHS);B1;Kapitel 8 (VHS);die Region;région;region;Diese Region ist bekannt für ihren Wein.;Cette région est connue pour son vin.;This region is known for its wine.
nom (chapitre VHS);B1;Kapitel 8 (VHS);der Schauspieler;acteur;actor;Der Schauspieler spielt die Hauptrolle im neuen Film.;L'acteur joue le rôle principal du nouveau film.;The actor plays the lead role in the new movie.
nom (chapitre VHS);B1;Kapitel 8 (VHS);die Schauspielerin;actrice;actress;Die Schauspielerin wurde für ihre Rolle ausgezeichnet.;L'actrice a été récompensée pour son rôle.;The actress was awarded for her role.
nom (chapitre VHS);B1;Kapitel 8 (VHS);das Schulheft;cahier d'école;school notebook;Er hat sein Schulheft zu Hause vergessen.;Il a oublié son cahier d'école à la maison.;He forgot his school notebook at home.
nom (chapitre VHS);B1;Kapitel 8 (VHS);die Seife;savon;soap;Bitte wasch dir die Hände mit Seife.;Lave-toi les mains avec du savon, s'il te plaît.;Please wash your hands with soap.
nom (chapitre VHS);B1;Kapitel 8 (VHS);der Star;star, vedette;star, celebrity;Sie ist ein echter Star im Kino.;C'est une vraie star du cinéma.;She's a real star in the movies.
nom (chapitre VHS);B1;Kapitel 8 (VHS);das Streichholz;allumette;match (fire);Er zündet die Kerze mit einem Streichholz an.;Il allume la bougie avec une allumette.;He lights the candle with a match.
nom (chapitre VHS);B1;Kapitel 8 (VHS);die Süßigkeit;sucrerie, bonbon;sweet, candy;Die Kinder lieben Süßigkeiten.;Les enfants adorent les sucreries.;Children love sweets.
nom (chapitre VHS);B1;Kapitel 8 (VHS);die Zigarette;cigarette;cigarette;Er hat vor fünf Jahren aufgehört, Zigaretten zu rauchen.;Il a arrêté de fumer des cigarettes il y a cinq ans.;He quit smoking cigarettes five years ago.
nom (chapitre VHS);B1;Kapitel 9 (VHS);die Annonce;annonce;ad, announcement;In der Zeitung habe ich eine interessante Annonce gefunden.;J'ai trouvé une annonce intéressante dans le journal.;I found an interesting ad in the newspaper.
nom (chapitre VHS);B1;Kapitel 9 (VHS);das Anschreiben;lettre de motivation;cover letter;Das Anschreiben sollte nicht länger als eine Seite sein.;La lettre de motivation ne devrait pas dépasser une page.;The cover letter should not be longer than one page.
nom (chapitre VHS);B1;Kapitel 9 (VHS);die Anzeige;petite annonce;advertisement;Ich habe die Wohnung über eine Anzeige gefunden.;J'ai trouvé l'appartement grâce à une petite annonce.;I found the apartment through an advertisement.
nom (chapitre VHS);B1;Kapitel 9 (VHS);die (Pl.) Arbeitsbedingungen;conditions de travail;working conditions;Die Arbeitsbedingungen in der Firma sind sehr gut.;Les conditions de travail dans l'entreprise sont très bonnes.;The working conditions at the company are very good.
nom (chapitre VHS);B1;Kapitel 9 (VHS);der Bereich;domaine, secteur;field, area;Sie arbeitet im Bereich Marketing.;Elle travaille dans le domaine du marketing.;She works in the marketing field.
nom (chapitre VHS);B1;Kapitel 9 (VHS);das Computerprogramm;logiciel;computer program;Für die Arbeit braucht er ein spezielles Computerprogramm.;Il a besoin d'un logiciel spécial pour son travail.;He needs a special computer program for work.
nom (chapitre VHS);B1;Kapitel 9 (VHS);die (Pl.) EDV-Kenntnisse;connaissances en informatique;IT skills;Gute EDV-Kenntnisse sind für diese Stelle nötig.;De bonnes connaissances en informatique sont nécessaires pour ce poste.;Good IT skills are needed for this position.
nom (chapitre VHS);B1;Kapitel 9 (VHS);das Gehalt;salaire;salary;Ihr Gehalt wurde dieses Jahr erhöht.;Son salaire a été augmenté cette année.;Her salary was raised this year.
nom (chapitre VHS);B1;Kapitel 9 (VHS);der Griff;poignée;handle, grip;Der Griff der Tasche ist kaputt.;La poignée du sac est cassée.;The handle of the bag is broken.
nom (chapitre VHS);B1;Kapitel 9 (VHS);die Karrierechance;opportunité de carrière;career opportunity;Dieser Job bietet gute Karrierechancen.;Cet emploi offre de bonnes opportunités de carrière.;This job offers good career opportunities.
nom (chapitre VHS);B1;Kapitel 9 (VHS);der Koch;cuisinier;cook, chef;Der Koch bereitet das Menü für heute Abend vor.;Le cuisinier prépare le menu de ce soir.;The chef is preparing tonight's menu.
nom (chapitre VHS);B1;Kapitel 9 (VHS);die Köchin;cuisinière;cook (female);Die Köchin hat ein neues Rezept ausprobiert.;La cuisinière a essayé une nouvelle recette.;The cook tried out a new recipe.
nom (chapitre VHS);B1;Kapitel 9 (VHS);der Kontakt;contact;contact;Ich habe noch guten Kontakt zu meinen alten Kollegen.;J'ai encore un bon contact avec mes anciens collègues.;I still have good contact with my old colleagues.
nom (chapitre VHS);B1;Kapitel 9 (VHS);der Lebenslauf;CV, curriculum vitae;résumé, CV;Bitte schicken Sie mir Ihren Lebenslauf.;Envoyez-moi votre CV, s'il vous plaît.;Please send me your résumé.
nom (chapitre VHS);B1;Kapitel 9 (VHS);die Leitung;direction, gestion;management, leadership;Sie übernimmt die Leitung des neuen Projekts.;Elle prend la direction du nouveau projet.;She is taking over the management of the new project.
nom (chapitre VHS);B1;Kapitel 9 (VHS);der Lieferant;fournisseur;supplier;Der Lieferant bringt die Ware jeden Montag.;Le fournisseur livre la marchandise chaque lundi.;The supplier delivers the goods every Monday.
nom (chapitre VHS);B1;Kapitel 9 (VHS);der Mietpreis;prix du loyer;rental price;Die Mietpreise in der Stadt sind stark gestiegen.;Les prix des loyers en ville ont fortement augmenté.;Rental prices in the city have risen sharply.
nom (chapitre VHS);B1;Kapitel 9 (VHS);das Praktikum;stage;internship;Sie macht ein Praktikum bei einer Werbeagentur.;Elle fait un stage dans une agence de publicité.;She is doing an internship at an advertising agency.
nom (chapitre VHS);B1;Kapitel 9 (VHS);das Projekt;projet;project;Das neue Projekt beginnt nächste Woche.;Le nouveau projet commence la semaine prochaine.;The new project starts next week.
nom (chapitre VHS);B1;Kapitel 9 (VHS);die Realität;réalité;reality;Die Realität sieht leider anders aus als geplant.;La réalité est malheureusement différente de ce qui était prévu.;The reality unfortunately looks different than planned.
nom (chapitre VHS);B1;Kapitel 9 (VHS);die Schwäche;faiblesse;weakness;Jeder hat seine Stärken und Schwächen.;Chacun a ses forces et ses faiblesses.;Everyone has their strengths and weaknesses.
nom (chapitre VHS);B1;Kapitel 9 (VHS);der Schwerpunkt;point fort, priorité;main focus;Der Schwerpunkt des Kurses liegt auf der Grammatik.;Le cours met l'accent sur la grammaire.;The course's main focus is on grammar.
nom (chapitre VHS);B1;Kapitel 9 (VHS);die Stärke;force, point fort;strength;Teamarbeit ist ihre größte Stärke.;Le travail d'équipe est sa plus grande force.;Teamwork is her greatest strength.
nom (chapitre VHS);B1;Kapitel 9 (VHS);die Stelle;poste (emploi);position, job;Er hat sich auf eine neue Stelle beworben.;Il a postulé pour un nouveau poste.;He applied for a new position.
nom (chapitre VHS);B1;Kapitel 9 (VHS);die Stimmung;ambiance, humeur;mood, atmosphere;Die Stimmung im Büro war heute sehr entspannt.;L'ambiance au bureau était très détendue aujourd'hui.;The atmosphere in the office was very relaxed today.
nom (chapitre VHS);B1;Kapitel 9 (VHS);die Tätigkeit;activité;activity, occupation;Ihre Tätigkeit umfasst viele verschiedene Aufgaben.;Son activité comprend de nombreuses tâches différentes.;Her occupation involves many different tasks.
nom (chapitre VHS);B1;Kapitel 9 (VHS);das Team;équipe;team;Unser Team besteht aus acht Personen.;Notre équipe est composée de huit personnes.;Our team consists of eight people.
nom (chapitre VHS);B1;Kapitel 9 (VHS);die Teilzeit;temps partiel;part-time;Sie arbeitet seit der Geburt ihres Kindes in Teilzeit.;Elle travaille à temps partiel depuis la naissance de son enfant.;She has worked part-time since the birth of her child.
nom (chapitre VHS);B1;Kapitel 9 (VHS);die Überstunde;heure supplémentaire;overtime;Diese Woche musste ich viele Überstunden machen.;Cette semaine, j'ai dû faire beaucoup d'heures supplémentaires.;This week I had to work a lot of overtime.
nom (chapitre VHS);B1;Kapitel 9 (VHS);das Unternehmen;entreprise;company;Das Unternehmen beschäftigt über zweihundert Mitarbeiter.;L'entreprise emploie plus de deux cents salariés.;The company employs over two hundred employees.
nom (chapitre VHS);B1;Kapitel 9 (VHS);der Verlag;maison d'édition;publishing house;Das Buch wurde von einem kleinen Verlag veröffentlicht.;Le livre a été publié par une petite maison d'édition.;The book was published by a small publishing house.
nom (chapitre VHS);B1;Kapitel 9 (VHS);die Werbeagentur;agence de publicité;advertising agency;Sie hat bei einer großen Werbeagentur gearbeitet.;Elle a travaillé dans une grande agence de publicité.;She worked at a large advertising agency.
nom (chapitre VHS);B1;Kapitel 9 (VHS);die Wirklichkeit;réalité;reality;In Wirklichkeit ist die Situation komplizierter.;En réalité, la situation est plus compliquée.;In reality, the situation is more complicated.
nom (chapitre VHS);B1;Kapitel 9 (VHS);der Wunsch;souhait;wish;Ihr größter Wunsch ist eine feste Stelle.;Son plus grand souhait est un poste fixe.;Her biggest wish is a permanent position.
nom (chapitre VHS);B1;Kapitel 10 (VHS);die Abbildung;illustration, image;illustration, figure;Die Abbildung zeigt den genauen Ablauf des Spiels.;L'illustration montre le déroulement précis du match.;The illustration shows the exact course of the game.
nom (chapitre VHS);B1;Kapitel 10 (VHS);die Ausrede;excuse, prétexte;excuse;Er hat immer eine gute Ausrede parat.;Il a toujours une bonne excuse toute prête.;He always has a good excuse ready.
nom (chapitre VHS);B1;Kapitel 10 (VHS);die Erholung;détente, récupération;recovery, relaxation;Nach dem Wettkampf braucht der Läufer Erholung.;Après la compétition, le coureur a besoin de récupération.;After the race the runner needs to recover.
nom (chapitre VHS);B1;Kapitel 10 (VHS);der Fan;fan, supporter;fan;Die Fans jubeln nach dem Tor.;Les fans applaudissent après le but.;The fans cheer after the goal.
nom (chapitre VHS);B1;Kapitel 10 (VHS);der Fitnesstrainer;entraîneur sportif;fitness trainer;Der Fitnesstrainer erstellt ihr einen neuen Trainingsplan.;L'entraîneur sportif lui prépare un nouveau programme d'entraînement.;The fitness trainer creates a new training plan for her.
nom (chapitre VHS);B1;Kapitel 10 (VHS);die Fitnesstrainerin;entraîneuse sportive;fitness trainer (female);Die Fitnesstrainerin motiviert die Gruppe jeden Morgen.;L'entraîneuse motive le groupe chaque matin.;The fitness trainer motivates the group every morning.
nom (chapitre VHS);B1;Kapitel 10 (VHS);die Fußballmannschaft;équipe de football;soccer team;Unsere Fußballmannschaft hat das Finale erreicht.;Notre équipe de football a atteint la finale.;Our soccer team reached the final.
nom (chapitre VHS);B1;Kapitel 10 (VHS);das Hallenbad;piscine couverte;indoor pool;Im Winter schwimmen wir im Hallenbad.;En hiver, nous nageons à la piscine couverte.;In winter we swim at the indoor pool.
nom (chapitre VHS);B1;Kapitel 10 (VHS);der Handball;handball;handball;Er spielt seit seiner Kindheit Handball.;Il joue au handball depuis son enfance.;He has played handball since childhood.
nom (chapitre VHS);B1;Kapitel 10 (VHS);das Inserat;petite annonce;classified ad;Ich habe das Fahrrad über ein Inserat verkauft.;J'ai vendu le vélo grâce à une petite annonce.;I sold the bike through a classified ad.
nom (chapitre VHS);B1;Kapitel 10 (VHS);die Jogginghose;pantalon de jogging;sweatpants;Zum Laufen trägt sie eine bequeme Jogginghose.;Pour courir, elle porte un pantalon de jogging confortable.;She wears comfortable sweatpants for running.
nom (chapitre VHS);B1;Kapitel 10 (VHS);die Jury;jury;jury;Die Jury bewertet die Leistung jedes Teilnehmers.;Le jury évalue la performance de chaque participant.;The jury evaluates each participant's performance.
nom (chapitre VHS);B1;Kapitel 10 (VHS);der Katalog;catalogue;catalog;Im Katalog findest du alle Sportartikel.;Tu trouves tous les articles de sport dans le catalogue.;You'll find all the sports equipment in the catalog.
nom (chapitre VHS);B1;Kapitel 10 (VHS);der Läufer;coureur;runner;Der Läufer erreicht als Erster das Ziel.;Le coureur atteint la ligne d'arrivée en premier.;The runner reaches the finish line first.
nom (chapitre VHS);B1;Kapitel 10 (VHS);die Läuferin;coureuse;runner (female);Die Läuferin trainiert jeden Tag zwei Stunden.;La coureuse s'entraîne deux heures par jour.;The runner trains two hours every day.
nom (chapitre VHS);B1;Kapitel 10 (VHS);die Leichtathletik;athlétisme;track and field;Leichtathletik ist eine der ältesten Sportarten.;L'athlétisme est l'un des plus anciens sports.;Track and field is one of the oldest sports.
nom (chapitre VHS);B1;Kapitel 10 (VHS);der Motorsport;sport automobile;motorsport;Er interessiert sich sehr für Motorsport.;Il s'intéresse beaucoup au sport automobile.;He is very interested in motorsport.
nom (chapitre VHS);B1;Kapitel 10 (VHS);der Profi;professionnel;professional;Sie spielt seit einem Jahr als Profi.;Elle joue en professionnelle depuis un an.;She has been playing as a professional for a year.
nom (chapitre VHS);B1;Kapitel 10 (VHS);der Rekord;record;record;Er hat den Rekord über hundert Meter gebrochen.;Il a battu le record du cent mètres.;He broke the record for the hundred meters.
nom (chapitre VHS);B1;Kapitel 10 (VHS);das Rennen;course;race;Das Rennen beginnt um zehn Uhr.;La course commence à dix heures.;The race starts at ten o'clock.
nom (chapitre VHS);B1;Kapitel 10 (VHS);der Reporter;journaliste, reporter;reporter;Ein Reporter interviewt den Sieger nach dem Spiel.;Un journaliste interviewe le vainqueur après le match.;A reporter interviews the winner after the game.
nom (chapitre VHS);B1;Kapitel 10 (VHS);die Reporterin;journaliste (femme);reporter (female);Die Reporterin berichtet live vom Stadion.;La journaliste fait un reportage en direct du stade.;The reporter is reporting live from the stadium.
nom (chapitre VHS);B1;Kapitel 10 (VHS);das Resultat;résultat;result;Das Resultat des Spiels war eine Überraschung.;Le résultat du match a été une surprise.;The result of the game was a surprise.
nom (chapitre VHS);B1;Kapitel 10 (VHS);die Runde;tour, manche;round, lap;Der Läufer hat noch zwei Runden vor sich.;Il reste encore deux tours au coureur.;The runner still has two laps to go.
nom (chapitre VHS);B1;Kapitel 10 (VHS);der Sieger;vainqueur;winner;Der Sieger bekommt einen großen Pokal.;Le vainqueur reçoit une grande coupe.;The winner receives a big trophy.
nom (chapitre VHS);B1;Kapitel 10 (VHS);die Siegerin;gagnante;winner (female);Die Siegerin freut sich über ihre Medaille.;La gagnante est ravie de sa médaille.;The winner is happy about her medal.
nom (chapitre VHS);B1;Kapitel 10 (VHS);die Sportart;type de sport;sport, discipline;Schwimmen ist meine Lieblingssportart.;La natation est mon sport préféré.;Swimming is my favorite sport.
nom (chapitre VHS);B1;Kapitel 10 (VHS);die Sporttasche;sac de sport;sports bag;Ich habe meine Sporttasche im Auto vergessen.;J'ai oublié mon sac de sport dans la voiture.;I forgot my sports bag in the car.
nom (chapitre VHS);B1;Kapitel 10 (VHS);die Tageskarte;billet journalier;day pass;Für das Turnier gibt es auch Tageskarten.;Il y a aussi des billets journaliers pour le tournoi.;There are also day passes for the tournament.
nom (chapitre VHS);B1;Kapitel 10 (VHS);der Tennisschläger;raquette de tennis;tennis racket;Ihr Tennisschläger ist schon sehr alt.;Sa raquette de tennis est déjà très vieille.;Her tennis racket is already very old.
nom (chapitre VHS);B1;Kapitel 10 (VHS);der Tormann;gardien de but;goalkeeper;Der Tormann hält den letzten Ball.;Le gardien de but arrête le dernier ballon.;The goalkeeper saves the last ball.
nom (chapitre VHS);B1;Kapitel 10 (VHS);die Torfrau;gardienne de but;goalkeeper (female);Die Torfrau spielt seit fünf Jahren im Nationalteam.;La gardienne de but joue dans l'équipe nationale depuis cinq ans.;The goalkeeper has played on the national team for five years.
nom (chapitre VHS);B1;Kapitel 10 (VHS);das Trikot;maillot (sportif);jersey;Er trägt stolz das Trikot seines Vereins.;Il porte fièrement le maillot de son club.;He proudly wears his club's jersey.
nom (chapitre VHS);B1;Kapitel 10 (VHS);die Turnhalle;gymnase;gymnasium;Das Training findet in der Turnhalle statt.;L'entraînement a lieu dans le gymnase.;The training takes place in the gymnasium.
nom (chapitre VHS);B1;Kapitel 10 (VHS);die Urkunde;diplôme, certificat;certificate;Jeder Teilnehmer bekommt am Ende eine Urkunde.;Chaque participant reçoit un certificat à la fin.;Every participant receives a certificate at the end.
nom (chapitre VHS);B1;Kapitel 10 (VHS);der Veranstalter;organisateur;organizer;Der Veranstalter des Turniers erwartet tausend Zuschauer.;L'organisateur du tournoi attend mille spectateurs.;The tournament organizer expects a thousand spectators.
nom (chapitre VHS);B1;Kapitel 10 (VHS);die Veranstalterin;organisatrice;organizer (female);Die Veranstalterin kümmert sich um alle Details.;L'organisatrice s'occupe de tous les détails.;The organizer takes care of all the details.
nom (chapitre VHS);B1;Kapitel 10 (VHS);die Weltmeisterschaft;championnat du monde;world championship;Die Weltmeisterschaft findet dieses Jahr in Asien statt.;Le championnat du monde a lieu en Asie cette année.;The world championship takes place in Asia this year.
nom (chapitre VHS);B1;Kapitel 10 (VHS);der Wettbewerb;compétition, concours;competition;Der Wettbewerb zieht viele junge Sportler an.;La compétition attire beaucoup de jeunes sportifs.;The competition attracts many young athletes.
nom (chapitre VHS);B1;Kapitel 11 (VHS);der Antrag;demande (formulaire);application, request;Sie hat einen Antrag auf Elterngeld gestellt.;Elle a déposé une demande d'allocation parentale.;She submitted an application for parental allowance.
nom (chapitre VHS);B1;Kapitel 11 (VHS);die Beziehung;relation;relationship;Die beiden führen seit drei Jahren eine Beziehung.;Ils sont en couple depuis trois ans.;The two have been in a relationship for three years.
nom (chapitre VHS);B1;Kapitel 11 (VHS);das Elterngeld;allocation parentale;parental allowance;Während der Elternzeit bekommt man Elterngeld.;Pendant le congé parental, on reçoit une allocation parentale.;During parental leave you receive parental allowance.
nom (chapitre VHS);B1;Kapitel 11 (VHS);die Elternzeit;congé parental;parental leave;Er nimmt sechs Monate Elternzeit.;Il prend six mois de congé parental.;He is taking six months of parental leave.
nom (chapitre VHS);B1;Kapitel 11 (VHS);die Erfindung;invention;invention;Das Telefon war eine wichtige Erfindung.;Le téléphone a été une invention importante.;The telephone was an important invention.
nom (chapitre VHS);B1;Kapitel 11 (VHS);das Gefühl;sentiment;feeling;Sie kann ihre Gefühle schwer zeigen.;Elle a du mal à montrer ses sentiments.;She has trouble showing her feelings.
nom (chapitre VHS);B1;Kapitel 11 (VHS);der Gegensatz;contraste, opposé;contrast, opposite;Im Gegensatz zu ihrer Schwester ist sie sehr ruhig.;Contrairement à sa sœur, elle est très calme.;Unlike her sister, she is very calm.
nom (chapitre VHS);B1;Kapitel 11 (VHS);die Gemeinde;commune, municipalité;municipality;Die Gemeinde organisiert jedes Jahr ein Sommerfest.;La commune organise une fête d'été chaque année.;The municipality organizes a summer festival every year.
nom (chapitre VHS);B1;Kapitel 11 (VHS);die Gleichberechtigung;égalité des droits;equal rights;Gleichberechtigung zwischen Mann und Frau ist ihr wichtig.;L'égalité des droits entre hommes et femmes est importante pour elle.;Equal rights between men and women matter to her.
nom (chapitre VHS);B1;Kapitel 11 (VHS);der Hit;tube, succès (musique);hit (song);Dieser Song war letzten Sommer ein echter Hit.;Cette chanson a été un vrai tube l'été dernier.;This song was a real hit last summer.
nom (chapitre VHS);B1;Kapitel 11 (VHS);die Karriere;carrière;career;Sie hat eine erfolgreiche Karriere im Marketing gemacht.;Elle a fait une carrière réussie dans le marketing.;She has had a successful career in marketing.
nom (chapitre VHS);B1;Kapitel 11 (VHS);die Kinderbetreuung;garde d'enfants;childcare;Gute Kinderbetreuung ist für berufstätige Eltern wichtig.;Une bonne garde d'enfants est importante pour les parents qui travaillent.;Good childcare is important for working parents.
nom (chapitre VHS);B1;Kapitel 11 (VHS);die Kindertagesstätte;crèche, garderie;daycare center;Unser Sohn geht seit einem Jahr in die Kindertagesstätte.;Notre fils va à la crèche depuis un an.;Our son has been going to daycare for a year.
nom (chapitre VHS);B1;Kapitel 11 (VHS);die Krise;crise;crisis;Die Firma steckt seit Monaten in einer Krise.;L'entreprise traverse une crise depuis des mois.;The company has been in a crisis for months.
nom (chapitre VHS);B1;Kapitel 11 (VHS);der Lebensgefährte;compagnon (de vie);life partner;Ihr Lebensgefährte arbeitet als Architekt.;Son compagnon travaille comme architecte.;Her life partner works as an architect.
nom (chapitre VHS);B1;Kapitel 11 (VHS);die Lebensgefährtin;compagne (de vie);life partner (female);Seine Lebensgefährtin kommt aus Italien.;Sa compagne vient d'Italie.;His life partner is from Italy.
nom (chapitre VHS);B1;Kapitel 11 (VHS);der Mangel;manque, pénurie;shortage, lack;Es herrscht ein Mangel an Fachkräften.;Il y a une pénurie de personnel qualifié.;There is a shortage of skilled workers.
nom (chapitre VHS);B1;Kapitel 11 (VHS);die Metropole;métropole;metropolis;Tokio ist eine der größten Metropolen der Welt.;Tokyo est l'une des plus grandes métropoles du monde.;Tokyo is one of the largest metropolises in the world.
nom (chapitre VHS);B1;Kapitel 11 (VHS);die Minderheit;minorité;minority;Die Rechte von Minderheiten müssen geschützt werden.;Les droits des minorités doivent être protégés.;The rights of minorities must be protected.
nom (chapitre VHS);B1;Kapitel 11 (VHS);der Mutterschutz;congé de maternité (protection);maternity protection;Sie ist seit Beginn ihrer Schwangerschaft im Mutterschutz.;Elle est en congé de maternité depuis le début de sa grossesse.;She has been on maternity leave since the start of her pregnancy.
nom (chapitre VHS);B1;Kapitel 11 (VHS);das Risiko;risque;risk;Diese Investition ist mit einem hohen Risiko verbunden.;Cet investissement comporte un risque élevé.;This investment carries a high risk.
nom (chapitre VHS);B1;Kapitel 11 (VHS);die Rolle;rôle;role;Sie spielt eine wichtige Rolle im Team.;Elle joue un rôle important dans l'équipe.;She plays an important role in the team.
nom (chapitre VHS);B1;Kapitel 11 (VHS);das Schaufenster;vitrine;shop window;Das Kleid im Schaufenster gefällt mir sehr.;La robe en vitrine me plaît beaucoup.;I really like the dress in the shop window.
nom (chapitre VHS);B1;Kapitel 11 (VHS);der Titel;titre;title;Der Titel des Buches klingt sehr interessant.;Le titre du livre semble très intéressant.;The title of the book sounds very interesting.
nom (chapitre VHS);B1;Kapitel 11 (VHS);die Trennung;séparation;separation;Nach der Trennung zog er in eine neue Wohnung.;Après la séparation, il a déménagé dans un nouvel appartement.;After the separation he moved into a new apartment.
nom (chapitre VHS);B1;Kapitel 11 (VHS);die Unterstützung;soutien;support;Sie hat viel Unterstützung von ihrer Familie bekommen.;Elle a reçu beaucoup de soutien de sa famille.;She received a lot of support from her family.
nom (chapitre VHS);B1;Kapitel 11 (VHS);die Verantwortung;responsabilité;responsibility;Er trägt die Verantwortung für das ganze Projekt.;Il porte la responsabilité de tout le projet.;He bears responsibility for the whole project.
nom (chapitre VHS);B1;Kapitel 11 (VHS);das Vergnügen;plaisir;pleasure, enjoyment;Es war mir ein großes Vergnügen, Sie kennenzulernen.;Ce fut un grand plaisir de faire votre connaissance.;It was a great pleasure to meet you.
nom (chapitre VHS);B1;Kapitel 12 (VHS);der Ablauf;déroulement, procédure;process, procedure;Der Ablauf der Prüfung wurde uns genau erklärt.;Le déroulement de l'examen nous a été expliqué en détail.;The procedure of the exam was explained to us in detail.
nom (chapitre VHS);B1;Kapitel 12 (VHS);die Altenpflege;soins aux personnes âgées;elderly care;Sie hat sich auf Altenpflege spezialisiert.;Elle s'est spécialisée dans les soins aux personnes âgées.;She specialized in elderly care.
nom (chapitre VHS);B1;Kapitel 12 (VHS);das Arbeitszeugnis;certificat de travail;work reference;Mein alter Arbeitgeber hat mir ein gutes Arbeitszeugnis geschrieben.;Mon ancien employeur m'a rédigé un bon certificat de travail.;My former employer wrote me a good work reference.
nom (chapitre VHS);B1;Kapitel 12 (VHS);die Berufswahl;choix professionnel;career choice;Die Berufswahl fällt vielen Jugendlichen schwer.;Le choix professionnel est difficile pour beaucoup de jeunes.;Choosing a career is difficult for many young people.
nom (chapitre VHS);B1;Kapitel 12 (VHS);die Bescheinigung;attestation, certificat;certificate, confirmation;Ich brauche eine Bescheinigung über meinen Deutschkurs.;J'ai besoin d'une attestation pour mon cours d'allemand.;I need a certificate for my German course.
nom (chapitre VHS);B1;Kapitel 12 (VHS);die Bildung;éducation, formation;education;Gute Bildung öffnet viele Türen.;Une bonne éducation ouvre beaucoup de portes.;A good education opens many doors.
nom (chapitre VHS);B1;Kapitel 12 (VHS);die Bürokratie;bureaucratie;bureaucracy;Die Bürokratie in manchen Ämtern ist sehr kompliziert.;La bureaucratie dans certains bureaux est très compliquée.;The bureaucracy in some offices is very complicated.
nom (chapitre VHS);B1;Kapitel 12 (VHS);die Definition;définition;definition;Die Definition dieses Begriffs ist nicht ganz eindeutig.;La définition de ce terme n'est pas tout à fait claire.;The definition of this term is not entirely clear.
nom (chapitre VHS);B1;Kapitel 12 (VHS);das Einzelteil;pièce détachée;individual part, component;Der Schrank besteht aus vielen Einzelteilen.;L'armoire est composée de nombreuses pièces détachées.;The wardrobe consists of many individual parts.
nom (chapitre VHS);B1;Kapitel 12 (VHS);die Fähigkeit;capacité, compétence;ability, skill;Er hat die Fähigkeit, komplexe Probleme schnell zu lösen.;Il a la capacité de résoudre rapidement des problèmes complexes.;He has the ability to solve complex problems quickly.
nom (chapitre VHS);B1;Kapitel 12 (VHS);die Flüssigkeit;liquide;liquid;Diese Flüssigkeit darf man nicht trinken.;On ne doit pas boire ce liquide.;This liquid must not be drunk.
nom (chapitre VHS);B1;Kapitel 12 (VHS);das Friseurgeschäft;salon de coiffure;hair salon;Sie hat einen Termin im Friseurgeschäft um vier Uhr.;Elle a un rendez-vous au salon de coiffure à seize heures.;She has an appointment at the hair salon at four.
nom (chapitre VHS);B1;Kapitel 12 (VHS);die Gastronomie;restauration (secteur);catering, hospitality industry;Er arbeitet seit zehn Jahren in der Gastronomie.;Il travaille dans la restauration depuis dix ans.;He has worked in the hospitality industry for ten years.
nom (chapitre VHS);B1;Kapitel 12 (VHS);der Geschäftsbrief;lettre commerciale;business letter;Im Kurs lernen wir, einen Geschäftsbrief zu schreiben.;Dans le cours, nous apprenons à rédiger une lettre commerciale.;In the course we learn to write a business letter.
nom (chapitre VHS);B1;Kapitel 12 (VHS);das Handwerk;artisanat, métier manuel;craft, trade;Sie hat ein traditionelles Handwerk gelernt.;Elle a appris un artisanat traditionnel.;She learned a traditional craft.
nom (chapitre VHS);B1;Kapitel 12 (VHS);der Kellner;serveur;waiter;Der Kellner bringt uns die Speisekarte.;Le serveur nous apporte la carte.;The waiter brings us the menu.
nom (chapitre VHS);B1;Kapitel 12 (VHS);die Kellnerin;serveuse;waitress;Die Kellnerin empfiehlt uns das Tagesgericht.;La serveuse nous recommande le plat du jour.;The waitress recommends the daily special to us.
nom (chapitre VHS);B1;Kapitel 12 (VHS);die Kontaktlinse;lentille de contact;contact lens;Sie trägt seit letztem Jahr Kontaktlinsen.;Elle porte des lentilles de contact depuis l'année dernière.;She has worn contact lenses since last year.
nom (chapitre VHS);B1;Kapitel 12 (VHS);die Krankenpflege;soins infirmiers;nursing care;Sie hat eine Ausbildung in der Krankenpflege gemacht.;Elle a suivi une formation en soins infirmiers.;She trained in nursing care.
nom (chapitre VHS);B1;Kapitel 12 (VHS);der Liebeskummer;chagrin d'amour;heartbreak;Nach der Trennung hatte er lange Liebeskummer.;Après la séparation, il a eu un chagrin d'amour pendant longtemps.;After the breakup he had heartbreak for a long time.
nom (chapitre VHS);B1;Kapitel 12 (VHS);das Merkblatt;fiche d'information;information sheet;Auf dem Merkblatt stehen alle wichtigen Regeln.;La fiche d'information contient toutes les règles importantes.;The information sheet contains all the important rules.
nom (chapitre VHS);B1;Kapitel 12 (VHS);das Mittel;moyen;means;Es gibt kein besseres Mittel gegen Kopfschmerzen.;Il n'y a pas de meilleur moyen contre les maux de tête.;There is no better remedy for headaches.
nom (chapitre VHS);B1;Kapitel 12 (VHS);der Oberbegriff;terme générique;umbrella term;«Möbel» ist ein Oberbegriff für Tisch, Stuhl und Schrank.;«Meuble» est un terme générique pour table, chaise et armoire.;'Furniture' is an umbrella term for table, chair, and wardrobe.
nom (chapitre VHS);B1;Kapitel 12 (VHS);die Primarschule;école primaire;primary school;Meine Tochter geht seit August in die Primarschule.;Ma fille va à l'école primaire depuis août.;My daughter has been going to primary school since August.
nom (chapitre VHS);B1;Kapitel 12 (VHS);die Schönheit;beauté;beauty;Die Schönheit der Landschaft hat mich beeindruckt.;La beauté du paysage m'a impressionné.;The beauty of the landscape impressed me.
nom (chapitre VHS);B1;Kapitel 12 (VHS);die Schulbildung;scolarité, instruction;schooling, education;Er hat eine sehr gute Schulbildung genossen.;Il a bénéficié d'une très bonne scolarité.;He received a very good schooling.
nom (chapitre VHS);B1;Kapitel 12 (VHS);die Sekundarschule;école secondaire;secondary school;Nach der Primarschule kommt die Sekundarschule.;Après l'école primaire vient l'école secondaire.;After primary school comes secondary school.
nom (chapitre VHS);B1;Kapitel 12 (VHS);die (Pl.) Sprachkenntnisse;connaissances linguistiques;language skills;Für diese Stelle sind gute Sprachkenntnisse erforderlich.;De bonnes connaissances linguistiques sont requises pour ce poste.;Good language skills are required for this position.
nom (chapitre VHS);B1;Kapitel 12 (VHS);der Stern;étoile;star;Heute Nacht sieht man viele Sterne am Himmel.;Ce soir, on voit beaucoup d'étoiles dans le ciel.;Tonight you can see many stars in the sky.
nom (chapitre VHS);B1;Kapitel 12 (VHS);das Telefonat;appel téléphonique;phone call;Ich hatte gerade ein wichtiges Telefonat mit meinem Chef.;Je viens d'avoir un appel téléphonique important avec mon patron.;I just had an important phone call with my boss.
nom (chapitre VHS);B1;Kapitel 12 (VHS);die Übersetzung;traduction;translation;Die Übersetzung des Textes dauert noch zwei Tage.;La traduction du texte prendra encore deux jours.;The translation of the text will take two more days.
nom (chapitre VHS);B1;Kapitel 12 (VHS);die Verwaltung;administration;administration;Die Verwaltung der Stadt hat viele neue Regeln eingeführt.;L'administration de la ville a introduit beaucoup de nouvelles règles.;The city administration introduced many new rules.
nom (chapitre VHS);B1;Kapitel 12 (VHS);die Weiterbildung;formation continue;further education, training;Er macht eine Weiterbildung im Bereich IT.;Il suit une formation continue en informatique.;He is taking further training in IT.
nom (chapitre VHS);B1;Kapitel 12 (VHS);der Zeitraum;période;period (of time);In diesem Zeitraum war ich im Ausland.;J'étais à l'étranger pendant cette période.;During this period I was abroad.
nom (chapitre VHS);B1;Kapitel 13 (VHS);die Belohnung;récompense;reward;Als Belohnung bekommt der Hund einen Keks.;En récompense, le chien reçoit un biscuit.;As a reward, the dog gets a treat.
nom (chapitre VHS);B1;Kapitel 13 (VHS);der Betreuer;encadrant, animateur;supervisor, caregiver;Der Betreuer begleitet die Kinder auf dem Ausflug.;L'animateur accompagne les enfants pendant l'excursion.;The supervisor accompanies the children on the trip.
nom (chapitre VHS);B1;Kapitel 13 (VHS);die Betreuerin;encadrante, animatrice;supervisor, caregiver (female);Die Betreuerin kümmert sich um zehn Jugendliche.;L'animatrice s'occupe de dix adolescents.;The supervisor looks after ten teenagers.
nom (chapitre VHS);B1;Kapitel 13 (VHS);die Bevölkerung;population;population;Die Bevölkerung der Stadt wächst jedes Jahr.;La population de la ville augmente chaque année.;The city's population grows every year.
nom (chapitre VHS);B1;Kapitel 13 (VHS);der Bürger;citoyen;citizen;Jeder Bürger hat das Recht zu wählen.;Chaque citoyen a le droit de voter.;Every citizen has the right to vote.
nom (chapitre VHS);B1;Kapitel 13 (VHS);die Bürgerin;citoyenne;citizen (female);Die Bürgerin engagiert sich seit Jahren ehrenamtlich.;La citoyenne s'engage bénévolement depuis des années.;The citizen has volunteered for years.
nom (chapitre VHS);B1;Kapitel 13 (VHS);das Ehrenamt;fonction bénévole;volunteer position;Sie übt ihr Ehrenamt bei der Feuerwehr mit Freude aus.;Elle exerce sa fonction bénévole aux pompiers avec plaisir.;She enjoys her volunteer position with the fire department.
nom (chapitre VHS);B1;Kapitel 13 (VHS);das Engagement;engagement;commitment, involvement;Ihr Engagement für die Gemeinde wird sehr geschätzt.;Son engagement pour la communauté est très apprécié.;Her commitment to the community is highly valued.
nom (chapitre VHS);B1;Kapitel 13 (VHS);das Ersatzteil;pièce de rechange;spare part;Für dieses alte Fahrrad findet man kaum Ersatzteile.;On trouve difficilement des pièces de rechange pour ce vieux vélo.;It's hard to find spare parts for this old bike.
nom (chapitre VHS);B1;Kapitel 13 (VHS);die Feuerwehr;pompiers;fire department;Die Feuerwehr war innerhalb von fünf Minuten da.;Les pompiers sont arrivés en cinq minutes.;The fire department arrived within five minutes.
nom (chapitre VHS);B1;Kapitel 13 (VHS);die Gesellschaft;société;society;Ehrenamtliche Arbeit ist wichtig für unsere Gesellschaft.;Le travail bénévole est important pour notre société.;Volunteer work is important for our society.
nom (chapitre VHS);B1;Kapitel 13 (VHS);das Heim;foyer, résidence;home, residence;Das Heim für ältere Menschen liegt am Stadtrand.;La résidence pour personnes âgées se trouve en périphérie.;The home for elderly people is on the outskirts.
nom (chapitre VHS);B1;Kapitel 13 (VHS);die Klingel;sonnette;doorbell, bell;Die Klingel an der Tür funktioniert nicht mehr.;La sonnette de la porte ne fonctionne plus.;The doorbell no longer works.
nom (chapitre VHS);B1;Kapitel 13 (VHS);die Kraft;force;strength, power;Nach der Krankheit fehlt ihm noch die Kraft.;Après la maladie, il lui manque encore de la force.;After the illness he still lacks strength.
nom (chapitre VHS);B1;Kapitel 13 (VHS);die Lampe;lampe;lamp;Die Lampe am Fahrrad ist kaputt.;La lampe du vélo est cassée.;The bike lamp is broken.
nom (chapitre VHS);B1;Kapitel 13 (VHS);der Lenker;guidon;handlebar;Er hält sich fest am Lenker des Fahrrads.;Il se tient fermement au guidon du vélo.;He holds tightly onto the bike's handlebar.
nom (chapitre VHS);B1;Kapitel 13 (VHS);die Luftpumpe;pompe à vélo;bike pump;Hast du eine Luftpumpe für meinen Reifen?;As-tu une pompe pour mon pneu ?;Do you have a pump for my tire?
nom (chapitre VHS);B1;Kapitel 13 (VHS);das Milligramm;milligramme;milligram;Die Tablette enthält fünfhundert Milligramm Wirkstoff.;Le comprimé contient cinq cents milligrammes de substance active.;The tablet contains five hundred milligrams of active ingredient.
nom (chapitre VHS);B1;Kapitel 13 (VHS);die Mitarbeit;collaboration, participation;cooperation, participation;Die Mitarbeit der Freiwilligen war entscheidend für das Projekt.;La collaboration des bénévoles a été décisive pour le projet.;The volunteers' cooperation was crucial for the project.
nom (chapitre VHS);B1;Kapitel 13 (VHS);der Reifen;pneu;tire;Der Reifen meines Fahrrads ist platt.;Le pneu de mon vélo est crevé.;My bike's tire is flat.
nom (chapitre VHS);B1;Kapitel 13 (VHS);das Rücklicht;feu arrière;rear light;Ohne Rücklicht darfst du nachts nicht fahren.;Tu ne peux pas rouler la nuit sans feu arrière.;You can't ride at night without a rear light.
nom (chapitre VHS);B1;Kapitel 13 (VHS);das Semester;semestre;semester;Das nächste Semester beginnt im Oktober.;Le prochain semestre commence en octobre.;The next semester starts in October.
nom (chapitre VHS);B1;Kapitel 13 (VHS);die Studie;étude (recherche);study (research);Eine neue Studie zeigt interessante Ergebnisse.;Une nouvelle étude montre des résultats intéressants.;A new study shows interesting results.
nom (chapitre VHS);B1;Kapitel 13 (VHS);der Übersetzer;traducteur;translator;Der Übersetzer arbeitet an einem neuen Roman.;Le traducteur travaille sur un nouveau roman.;The translator is working on a new novel.
nom (chapitre VHS);B1;Kapitel 13 (VHS);die Übersetzerin;traductrice;translator (female);Die Übersetzerin beherrscht vier Sprachen.;La traductrice maîtrise quatre langues.;The translator is fluent in four languages.
nom (chapitre VHS);B1;Kapitel 13 (VHS);die Vertretung;remplacement, représentation;substitute, representation;Für die kranke Kollegin brauchen wir eine Vertretung.;Nous avons besoin d'un remplaçant pour la collègue malade.;We need a substitute for the sick colleague.
nom (chapitre VHS);B1;Kapitel 14 (VHS);der Anbieter;fournisseur, prestataire;provider;Wir haben den Anbieter für Internet gewechselt.;Nous avons changé de fournisseur internet.;We switched internet providers.
nom (chapitre VHS);B1;Kapitel 14 (VHS);die Aufmerksamkeit;attention;attention;Die Aufmerksamkeit der Kinder lässt schnell nach.;L'attention des enfants baisse rapidement.;Children's attention span drops quickly.
nom (chapitre VHS);B1;Kapitel 14 (VHS);die Aussicht;vue, perspective;view, prospect;Von hier oben hat man eine tolle Aussicht.;D'ici, on a une vue magnifique.;From up here you have a great view.
nom (chapitre VHS);B1;Kapitel 14 (VHS);der Bürgermeister;maire;mayor;Der Bürgermeister eröffnet heute das neue Rathaus.;Le maire inaugure aujourd'hui la nouvelle mairie.;The mayor is opening the new town hall today.
nom (chapitre VHS);B1;Kapitel 14 (VHS);die Bürgermeisterin;mairesse;mayor (female);Die Bürgermeisterin wurde vor zwei Jahren gewählt.;La mairesse a été élue il y a deux ans.;The mayor was elected two years ago.
nom (chapitre VHS);B1;Kapitel 14 (VHS);das Car-Sharing;autopartage;car-sharing;Car-Sharing ist in der Stadt sehr beliebt.;L'autopartage est très populaire en ville.;Car-sharing is very popular in the city.
nom (chapitre VHS);B1;Kapitel 14 (VHS);das Einverständnis;accord, consentement;consent, agreement;Ohne ihr Einverständnis darf nichts unternommen werden.;Rien ne peut être entrepris sans son accord.;Nothing can be undertaken without her consent.
nom (chapitre VHS);B1;Kapitel 14 (VHS);die Einweihungsparty;fête de crémaillère;housewarming party;Am Samstag feiern wir unsere Einweihungsparty.;Samedi, nous fêtons notre crémaillère.;On Saturday we're having our housewarming party.
nom (chapitre VHS);B1;Kapitel 14 (VHS);die Etappe;étape;stage, leg (of a journey);Die erste Etappe der Reise war die längste.;La première étape du voyage a été la plus longue.;The first stage of the trip was the longest.
nom (chapitre VHS);B1;Kapitel 14 (VHS);das Fahrzeug;véhicule;vehicle;Das Fahrzeug wurde letzte Woche repariert.;Le véhicule a été réparé la semaine dernière.;The vehicle was repaired last week.
nom (chapitre VHS);B1;Kapitel 14 (VHS);die Folie;film plastique, feuille;film, foil;Deck den Salat mit Folie ab.;Couvre la salade avec du film plastique.;Cover the salad with plastic film.
nom (chapitre VHS);B1;Kapitel 14 (VHS);die Fortsetzung;suite (continuation);continuation, sequel;Die Fortsetzung des Films kommt nächstes Jahr.;La suite du film sort l'année prochaine.;The sequel to the movie comes out next year.
nom (chapitre VHS);B1;Kapitel 14 (VHS);die Gemeinde;commune, municipalité;municipality;Die Gemeinde plant einen neuen Spielplatz.;La commune prévoit un nouveau terrain de jeux.;The municipality is planning a new playground.
nom (chapitre VHS);B1;Kapitel 14 (VHS);das Instrument;instrument (musique);instrument;Welches Instrument spielst du?;Quel instrument joues-tu ?;Which instrument do you play?
nom (chapitre VHS);B1;Kapitel 14 (VHS);die Integration;intégration;integration;Sprachkurse helfen bei der Integration.;Les cours de langue aident à l'intégration.;Language courses help with integration.
nom (chapitre VHS);B1;Kapitel 14 (VHS);der Kandidat;candidat;candidate;Der Kandidat hat die Wahl klar gewonnen.;Le candidat a clairement remporté l'élection.;The candidate clearly won the election.
nom (chapitre VHS);B1;Kapitel 14 (VHS);die Kandidatin;candidate (femme);candidate (female);Die Kandidatin stellt heute ihr Programm vor.;La candidate présente son programme aujourd'hui.;The candidate is presenting her program today.
nom (chapitre VHS);B1;Kapitel 14 (VHS);das Klavier;piano;piano;Sie übt jeden Tag eine Stunde Klavier.;Elle s'exerce au piano une heure par jour.;She practices piano for an hour every day.
nom (chapitre VHS);B1;Kapitel 14 (VHS);der Komponist;compositeur;composer;Beethoven ist ein berühmter Komponist.;Beethoven est un compositeur célèbre.;Beethoven is a famous composer.
nom (chapitre VHS);B1;Kapitel 14 (VHS);die Komponistin;compositrice;composer (female);Die Komponistin schreibt Musik für den neuen Film.;La compositrice écrit la musique du nouveau film.;The composer is writing music for the new film.
nom (chapitre VHS);B1;Kapitel 14 (VHS);die Krippe;crèche (pour bébés);nursery, crèche;Unser Baby geht seit Januar in die Krippe.;Notre bébé va à la crèche depuis janvier.;Our baby has been going to nursery since January.
nom (chapitre VHS);B1;Kapitel 14 (VHS);die Musikschule;école de musique;music school;Er unterrichtet Gitarre an der Musikschule.;Il enseigne la guitare à l'école de musique.;He teaches guitar at the music school.
nom (chapitre VHS);B1;Kapitel 14 (VHS);der Polizist;policier;police officer;Der Polizist regelt den Verkehr an der Kreuzung.;Le policier règle la circulation au carrefour.;The police officer directs traffic at the intersection.
nom (chapitre VHS);B1;Kapitel 14 (VHS);die Polizistin;policière;police officer (female);Die Polizistin nimmt den Unfall auf.;La policière constate l'accident.;The police officer records the accident.
nom (chapitre VHS);B1;Kapitel 14 (VHS);der Praktikant;stagiaire;intern;Der Praktikant hilft bei der Organisation der Veranstaltung.;Le stagiaire aide à organiser l'événement.;The intern helps organize the event.
nom (chapitre VHS);B1;Kapitel 14 (VHS);die Praktikantin;stagiaire (femme);intern (female);Die Praktikantin arbeitet seit einem Monat in der Redaktion.;La stagiaire travaille à la rédaction depuis un mois.;The intern has worked at the editorial office for a month.
nom (chapitre VHS);B1;Kapitel 14 (VHS);der Prozess;processus, procès;process, trial;Der Prozess der Integration braucht Zeit.;Le processus d'intégration prend du temps.;The integration process takes time.
nom (chapitre VHS);B1;Kapitel 14 (VHS);die Reportage;reportage;report, news feature;Die Reportage über den Bürgermeister war sehr interessant.;Le reportage sur le maire était très intéressant.;The report about the mayor was very interesting.
nom (chapitre VHS);B1;Kapitel 14 (VHS);die Rückmeldung;retour, réponse;feedback, response;Ich warte noch auf eine Rückmeldung vom Amt.;J'attends encore une réponse de l'administration.;I'm still waiting for a response from the office.
nom (chapitre VHS);B1;Kapitel 14 (VHS);der Smog;smog;smog;Über der Stadt liegt heute dichter Smog.;Un épais smog recouvre la ville aujourd'hui.;Thick smog hangs over the city today.
nom (chapitre VHS);B1;Kapitel 14 (VHS);die Sprachförderung;soutien linguistique;language support;Die Schule bietet zusätzliche Sprachförderung an.;L'école propose un soutien linguistique supplémentaire.;The school offers additional language support.
nom (chapitre VHS);B1;Kapitel 14 (VHS);die Trompete;trompette;trumpet;Er lernt seit zwei Jahren Trompete.;Il apprend la trompette depuis deux ans.;He has been learning trumpet for two years.
nom (chapitre VHS);B1;Kapitel 14 (VHS);die Wiese;prairie, pré;meadow;Die Kinder spielen auf der Wiese vor dem Rathaus.;Les enfants jouent dans le pré devant la mairie.;The children play in the meadow in front of the town hall.
nom (chapitre VHS);B1;Kapitel 14 (VHS);das Zuhause;chez-soi, foyer;home;Nach der langen Reise war sie froh, wieder zu Hause zu sein.;Après le long voyage, elle était contente d'être de retour chez elle.;After the long trip she was glad to be back home.
nom (chapitre VHS);B1;Kapitel 15 (VHS);der Bahnsteig;quai (de gare);train platform;Der Zug fährt in fünf Minuten von Bahnsteig drei ab.;Le train part du quai trois dans cinq minutes.;The train departs from platform three in five minutes.
nom (chapitre VHS);B1;Kapitel 15 (VHS);das Denkmal;monument;monument;Vor dem Rathaus steht ein altes Denkmal.;Il y a un vieux monument devant la mairie.;There is an old monument in front of the town hall.
nom (chapitre VHS);B1;Kapitel 15 (VHS);der Dialekt;dialecte;dialect;In dieser Region sprechen viele Leute einen starken Dialekt.;Dans cette région, beaucoup de gens parlent un dialecte prononcé.;In this region many people speak a strong dialect.
nom (chapitre VHS);B1;Kapitel 15 (VHS);der Export;exportation;export;Der Export von Maschinen ist für das Land sehr wichtig.;L'exportation de machines est très importante pour le pays.;The export of machinery is very important for the country.
nom (chapitre VHS);B1;Kapitel 15 (VHS);der Fachmann;spécialiste, expert;expert, specialist;Für diese Reparatur brauchen wir einen Fachmann.;Pour cette réparation, nous avons besoin d'un spécialiste.;We need an expert for this repair.
nom (chapitre VHS);B1;Kapitel 15 (VHS);die Fachfrau;spécialiste (femme);expert, specialist (female);Sie ist eine anerkannte Fachfrau auf ihrem Gebiet.;Elle est une spécialiste reconnue dans son domaine.;She is a recognized expert in her field.
nom (chapitre VHS);B1;Kapitel 15 (VHS);die Hauptschule;école secondaire (filière générale);secondary school (general track);Er hat die Hauptschule mit guten Noten abgeschlossen.;Il a terminé l'école secondaire avec de bonnes notes.;He finished secondary school with good grades.
nom (chapitre VHS);B1;Kapitel 15 (VHS);das Kaffeehaus;café (viennois);coffee house;In Wien gibt es viele traditionelle Kaffeehäuser.;Il y a beaucoup de cafés traditionnels à Vienne.;There are many traditional coffee houses in Vienna.
nom (chapitre VHS);B1;Kapitel 15 (VHS);das Kunstwerk;œuvre d'art;work of art;Dieses Kunstwerk hängt seit hundert Jahren im Museum.;Cette œuvre d'art est exposée au musée depuis cent ans.;This work of art has been in the museum for a hundred years.
nom (chapitre VHS);B1;Kapitel 15 (VHS);das Lebensmittel;denrée alimentaire;food, groceries;Wir kaufen unsere Lebensmittel auf dem Wochenmarkt.;Nous achetons nos denrées alimentaires au marché hebdomadaire.;We buy our groceries at the weekly market.
nom (chapitre VHS);B1;Kapitel 15 (VHS);die Literatur;littérature;literature;Sie interessiert sich sehr für klassische Literatur.;Elle s'intéresse beaucoup à la littérature classique.;She is very interested in classical literature.
nom (chapitre VHS);B1;Kapitel 15 (VHS);der Migrationshintergrund;origine migratoire;migration background;Viele Kinder in der Klasse haben einen Migrationshintergrund.;Beaucoup d'enfants de la classe ont une origine migratoire.;Many children in the class have a migration background.
nom (chapitre VHS);B1;Kapitel 15 (VHS);die Moschee;mosquée;mosque;Die neue Moschee wurde letztes Jahr eröffnet.;La nouvelle mosquée a été inaugurée l'année dernière.;The new mosque opened last year.
nom (chapitre VHS);B1;Kapitel 15 (VHS);der Mittelpunkt;centre, point central;center, focal point;Der Marktplatz ist der Mittelpunkt der Altstadt.;La place du marché est le centre de la vieille ville.;The market square is the center of the old town.
nom (chapitre VHS);B1;Kapitel 15 (VHS);der Nachwuchs;relève, jeunes talents;offspring, young talent;Der Verein sucht sportlichen Nachwuchs.;Le club recherche de jeunes talents sportifs.;The club is looking for young sporting talent.
nom (chapitre VHS);B1;Kapitel 15 (VHS);die Oper;opéra;opera;Am Samstag gehen wir in die Oper.;Samedi, nous allons à l'opéra.;On Saturday we're going to the opera.
nom (chapitre VHS);B1;Kapitel 15 (VHS);der Pfannkuchen;crêpe, beignet;pancake;Zum Frühstück gibt es heute Pfannkuchen.;Aujourd'hui, il y a des crêpes au petit-déjeuner.;There are pancakes for breakfast today.
nom (chapitre VHS);B1;Kapitel 15 (VHS);der Saal;salle (grande);hall;Die Konferenz findet im großen Saal statt.;La conférence a lieu dans la grande salle.;The conference takes place in the large hall.
nom (chapitre VHS);B1;Kapitel 15 (VHS);das Schlagobers;crème fouettée (autrichien);whipped cream (Austrian);Der Kaffee wird mit Schlagobers serviert.;Le café est servi avec de la crème fouettée.;The coffee is served with whipped cream.
nom (chapitre VHS);B1;Kapitel 15 (VHS);die Schlagsahne;crème fouettée;whipped cream;Zum Kuchen gibt es Schlagsahne.;Il y a de la crème fouettée avec le gâteau.;There's whipped cream with the cake.
nom (chapitre VHS);B1;Kapitel 15 (VHS);die Staatsbürgerschaft;nationalité, citoyenneté;citizenship;Sie hat die deutsche Staatsbürgerschaft beantragt.;Elle a demandé la nationalité allemande.;She applied for German citizenship.
nom (chapitre VHS);B1;Kapitel 15 (VHS);der Stadtführer;guide touristique (personne ou livre);city guide (person or book);Der Stadtführer zeigt uns die wichtigsten Sehenswürdigkeiten.;Le guide touristique nous montre les principaux sites.;The city guide shows us the main sights.
nom (chapitre VHS);B1;Kapitel 15 (VHS);die Stadtführerin;guide touristique (femme);city guide (female);Die Stadtführerin erzählt viele interessante Geschichten.;La guide touristique raconte beaucoup d'histoires intéressantes.;The city guide tells many interesting stories.
nom (chapitre VHS);B1;Kapitel 15 (VHS);der Tierpark;parc animalier;zoo, animal park;Am Sonntag besuchen wir den Tierpark mit den Kindern.;Dimanche, nous visitons le parc animalier avec les enfants.;On Sunday we're visiting the zoo with the children.
nom (chapitre VHS);B1;Kapitel 15 (VHS);die Tram;tramway;tram;Die Tram hält direkt vor dem Museum.;Le tramway s'arrête juste devant le musée.;The tram stops right in front of the museum.
nom (chapitre VHS);B1;Kapitel 15 (VHS);die Vorführung;démonstration, représentation;demonstration, screening;Die nächste Vorführung beginnt um achtzehn Uhr.;La prochaine représentation commence à dix-huit heures.;The next screening starts at six pm.
nom (chapitre VHS);B1;Kapitel 15 (VHS);das Wahrzeichen;symbole, emblème (d'une ville);landmark;Der Stephansdom ist das Wahrzeichen von Wien.;La cathédrale Saint-Étienne est le symbole de Vienne.;St. Stephen's Cathedral is the landmark of Vienna.
nom (chapitre VHS);B1;Kapitel 15 (VHS);die Weltstadt;métropole mondiale;global city;Paris gilt als eine echte Weltstadt.;Paris est considérée comme une véritable métropole mondiale.;Paris is considered a true global city.
nom (chapitre VHS);B1;Kapitel 16 (VHS);das Anliegen;demande, requête;request, concern;Ich habe ein wichtiges Anliegen an Sie.;J'ai une demande importante à vous adresser.;I have an important request for you.
nom (chapitre VHS);B1;Kapitel 16 (VHS);die Ansprache;discours (allocution);speech, address;Der Präsident hielt eine kurze Ansprache.;Le président a prononcé un court discours.;The president gave a short speech.
nom (chapitre VHS);B1;Kapitel 16 (VHS);das Antragsformular;formulaire de demande;application form;Bitte füllen Sie das Antragsformular vollständig aus.;Veuillez remplir entièrement le formulaire de demande.;Please fill out the application form completely.
nom (chapitre VHS);B1;Kapitel 16 (VHS);der Ausländer;étranger;foreigner;Als Ausländer musste er sich erst an die Bürokratie gewöhnen.;En tant qu'étranger, il a dû d'abord s'habituer à la bureaucratie.;As a foreigner he first had to get used to the bureaucracy.
nom (chapitre VHS);B1;Kapitel 16 (VHS);die Ausländerin;étrangère;foreigner (female);Die Ausländerin lebt seit fünf Jahren in Deutschland.;L'étrangère vit en Allemagne depuis cinq ans.;The foreigner has lived in Germany for five years.
nom (chapitre VHS);B1;Kapitel 16 (VHS);die Ausnahme;exception;exception;In diesem Fall machen wir eine Ausnahme.;Dans ce cas, nous faisons une exception.;In this case we're making an exception.
nom (chapitre VHS);B1;Kapitel 16 (VHS);die Auswanderung;émigration;emigration;Die Auswanderung nach Amerika war im 19. Jahrhundert sehr häufig.;L'émigration vers l'Amérique était très fréquente au 19e siècle.;Emigration to America was very common in the 19th century.
nom (chapitre VHS);B1;Kapitel 16 (VHS);die Demokratie;démocratie;democracy;Wahlen sind ein wichtiger Teil der Demokratie.;Les élections sont une partie importante de la démocratie.;Elections are an important part of democracy.
nom (chapitre VHS);B1;Kapitel 16 (VHS);die Einbürgerungsurkunde;certificat de naturalisation;naturalization certificate;Sie hat gestern ihre Einbürgerungsurkunde erhalten.;Elle a reçu hier son certificat de naturalisation.;She received her naturalization certificate yesterday.
nom (chapitre VHS);B1;Kapitel 16 (VHS);die Einwanderung;immigration;immigration;Die Einwanderung ist ein zentrales Thema der Politik.;L'immigration est un thème central de la politique.;Immigration is a central political topic.
nom (chapitre VHS);B1;Kapitel 16 (VHS);der EU-Bürger;citoyen de l'UE;EU citizen;Als EU-Bürger darf er in jedem Mitgliedsland arbeiten.;En tant que citoyen de l'UE, il peut travailler dans chaque pays membre.;As an EU citizen he may work in any member state.
nom (chapitre VHS);B1;Kapitel 16 (VHS);die EU-Bürgerin;citoyenne de l'UE;EU citizen (female);Die EU-Bürgerin braucht für die Reise keinen Visum.;La citoyenne de l'UE n'a pas besoin de visa pour le voyage.;The EU citizen doesn't need a visa for the trip.
nom (chapitre VHS);B1;Kapitel 16 (VHS);die Freiheit;liberté;freedom;Die Freiheit der Presse ist ein wichtiges Grundrecht.;La liberté de la presse est un droit fondamental important.;Freedom of the press is an important fundamental right.
nom (chapitre VHS);B1;Kapitel 16 (VHS);der Frieden;paix;peace;Die beiden Länder leben seit Jahrzehnten in Frieden.;Les deux pays vivent en paix depuis des décennies.;The two countries have lived in peace for decades.
nom (chapitre VHS);B1;Kapitel 16 (VHS);die Geburtsurkunde;acte de naissance;birth certificate;Für den Antrag brauchen Sie Ihre Geburtsurkunde.;Pour la demande, vous avez besoin de votre acte de naissance.;You need your birth certificate for the application.
nom (chapitre VHS);B1;Kapitel 16 (VHS);das Gesetz;loi;law;Das neue Gesetz tritt im Januar in Kraft.;La nouvelle loi entre en vigueur en janvier.;The new law takes effect in January.
nom (chapitre VHS);B1;Kapitel 16 (VHS);das Gesicht;visage;face;Ihr Gesicht wirkte sehr müde nach der Reise.;Son visage paraissait très fatigué après le voyage.;Her face looked very tired after the trip.
nom (chapitre VHS);B1;Kapitel 16 (VHS);die Kopie;copie;copy;Bitte bringen Sie eine Kopie Ihres Passes mit.;Apportez une copie de votre passeport, s'il vous plaît.;Please bring a copy of your passport.
nom (chapitre VHS);B1;Kapitel 16 (VHS);der Kopierer;photocopieuse;photocopier;Der Kopierer im Büro ist schon wieder kaputt.;La photocopieuse du bureau est encore en panne.;The office photocopier is broken again.
nom (chapitre VHS);B1;Kapitel 16 (VHS);die Kriminalpolizei;police criminelle;criminal investigation department;Die Kriminalpolizei untersucht den Fall seit letzter Woche.;La police criminelle enquête sur l'affaire depuis la semaine dernière.;The criminal investigation department has been investigating the case since last week.
nom (chapitre VHS);B1;Kapitel 16 (VHS);der Migrant;migrant;migrant;Viele Migranten suchen ein besseres Leben in Europa.;Beaucoup de migrants cherchent une vie meilleure en Europe.;Many migrants seek a better life in Europe.
nom (chapitre VHS);B1;Kapitel 16 (VHS);die Migrantin;migrante;migrant (female);Die Migrantin arbeitet seit einem Jahr als Krankenpflegerin.;La migrante travaille comme infirmière depuis un an.;The migrant has worked as a nurse for a year.
nom (chapitre VHS);B1;Kapitel 16 (VHS);die Nation;nation;nation;Viele Nationen arbeiten beim Klimaschutz zusammen.;De nombreuses nations collaborent pour la protection du climat.;Many nations work together on climate protection.
nom (chapitre VHS);B1;Kapitel 16 (VHS);die Nordsee;mer du Nord;North Sea;Im Sommer fahren wir gern an die Nordsee.;En été, nous aimons aller à la mer du Nord.;In summer we like to go to the North Sea.
nom (chapitre VHS);B1;Kapitel 16 (VHS);die Probezeit;période d'essai;probationary period;Die Probezeit dauert bei uns sechs Monate.;La période d'essai dure six mois chez nous.;Our probationary period lasts six months.
nom (chapitre VHS);B1;Kapitel 16 (VHS);die Rückmeldung;retour, réponse;feedback, response;Ich habe noch keine Rückmeldung von der Behörde bekommen.;Je n'ai pas encore reçu de réponse de l'administration.;I haven't received a response from the authority yet.
nom (chapitre VHS);B1;Kapitel 16 (VHS);der Staat;État (pays);state (country);Die Europäische Union besteht aus siebenundzwanzig Staaten.;L'Union européenne compte vingt-sept États.;The European Union consists of twenty-seven states.
nom (chapitre VHS);B1;Kapitel 16 (VHS);der Stift;stylo, crayon;pen, pencil;Hast du einen Stift für mich?;As-tu un stylo pour moi ?;Do you have a pen for me?
nom (chapitre VHS);B1;Kapitel 16 (VHS);das Wahlrecht;droit de vote;right to vote;Mit achtzehn Jahren bekommt man das Wahlrecht.;On obtient le droit de vote à dix-huit ans.;You get the right to vote at eighteen.
nom (chapitre VHS);B1;Kapitel 16 (VHS);das Zeichen;signe, symbole;sign, symbol;Das Victory-Zeichen kennt man auf der ganzen Welt.;Le signe de la victoire est connu dans le monde entier.;The victory sign is known all over the world.
nom;B2;Zahlen und Mengen;die Schätzung;estimation;estimate;Diese Schätzung basiert auf alten Daten.;Cette estimation repose sur des données anciennes.;This estimate is based on old data.
nom;B2;Zahlen und Mengen;die Statistik;statistique;statistic, statistics;Die Statistik zeigt einen klaren Trend.;La statistique montre une tendance claire.;The statistic shows a clear trend.
nom;B2;Zahlen und Mengen;die Berechnung;calcul;calculation;Die Berechnung ergab ein überraschendes Ergebnis.;Le calcul a donné un résultat surprenant.;The calculation gave a surprising result.
nom;B2;Zahlen und Mengen;die Quote;quota/taux;quota, rate;Die Quote der Absolventen steigt jedes Jahr.;Le taux de diplômés augmente chaque année.;The graduation rate rises every year.
nom;B2;Zahlen und Mengen;die Differenz;différence, écart;difference;Die Differenz beträgt genau zwölf Euro.;L'écart est exactement de douze euros.;The difference is exactly twelve euros.
nom;B2;Zahlen und Mengen;der Bruch;"fraction ; fracture";"fraction; break";Ein Drittel ist ein Bruch.;Un tiers est une fraction.;A third is a fraction.
nom;B2;Zahlen und Mengen;die Länge;longueur;length;Die Länge des Raums beträgt sechs Meter.;La longueur de la pièce est de six mètres.;The length of the room is six metres.
nom;B2;Zahlen und Mengen;die Breite;largeur;width;Bei dieser Breite passt der Schrank nicht.;À cette largeur, l'armoire ne passe pas.;At this width the wardrobe will not fit.
nom;A1;Grundwortschatz;der Name;le nom;name;Wie ist Ihr Name, bitte?;Quel est votre nom, s'il vous plaît ?;What is your name, please?
nom;A1;Grundwortschatz;die Sache;la chose, l'affaire;thing, matter;Nimm deine Sachen mit.;Prends tes affaires avec toi.;Take your things with you.
nom;A1;Grundwortschatz;der Teil;la partie;part;Ein Teil der Gruppe wartet draußen.;Une partie du groupe attend dehors.;Part of the group is waiting outside.
nom;A1;Grundwortschatz;die Seite;le côté, la page;side, page;Die Antwort steht auf Seite zwölf.;La réponse est à la page douze.;The answer is on page twelve.
nom;A1;Grundwortschatz;die Idee;l'idée;idea;Das ist eine gute Idee!;C'est une bonne idée !;That's a good idea!
nom;A1;Grundwortschatz;der Fehler;l'erreur, la faute;mistake, error;Jeder macht mal einen Fehler.;Tout le monde fait des erreurs.;Everyone makes a mistake sometimes.
nom;A1;Grundwortschatz;das Ding;la chose;thing;Solche Dinge passieren nun mal.;Ce genre de choses arrive.;Such things do happen.
nom;A1;Grundwortschatz;das Mal;la fois;time (occasion);Das ist das erste Mal für mich.;C'est la première fois pour moi.;This is the first time for me.
nom;A1;Grundwortschatz;der Plan;le plan, le projet;plan;Hast du schon einen Plan für morgen?;As-tu déjà un plan pour demain ?;Do you already have a plan for tomorrow?
nom;A1;Grundwortschatz;der Moment;le moment, l'instant;moment;Einen Moment, bitte!;Un instant, s'il vous plaît !;One moment, please!
nom;A1;Grundwortschatz;die Antwort;la réponse;answer;Auf diese Frage habe ich keine Antwort.;Je n'ai pas de réponse à cette question.;I have no answer to this question.
nom;A1;Grundwortschatz;die Null;le zéro;zero;Das Ergebnis ist null zu null.;Le résultat est zéro à zéro.;The score is nil-nil.
nom;A2;Grundwortschatz;der Grund;la raison;reason;Es gibt keinen Grund zur Sorge.;Il n'y a aucune raison de s'inquiéter.;There is no reason to worry.
nom;A2;Grundwortschatz;der Fall;le cas;case;In diesem Fall hast du recht.;Dans ce cas, tu as raison.;In this case you are right.
nom;A2;Grundwortschatz;die Zeile;la ligne (de texte);line;Lies bitte die dritte Zeile vor.;Lis la troisième ligne à voix haute, s'il te plaît.;Please read out the third line.
nom;A2;Grundwortschatz;die Form;la forme;shape, form;Der Kuchen hat eine runde Form.;Le gâteau a une forme ronde.;The cake has a round shape.
nom;A2;Grundwortschatz;der Grad;le degré;degree;Heute sind es zwanzig Grad.;Il fait vingt degrés aujourd'hui.;It is twenty degrees today.
nom;A2;Grundwortschatz;die Regel;la règle;rule;Diese Regel gilt für alle.;Cette règle vaut pour tout le monde.;This rule applies to everyone.
nom;A2;Grundwortschatz;die Chance;la chance, l'occasion;chance, opportunity;Du bekommst noch eine Chance.;Tu as encore une chance.;You get one more chance.
nom;A2;Grundwortschatz;der Gruß;salutation;greeting;Viele Grüße an deine Familie!;Bien des salutations à ta famille !;Best wishes to your family!
nom;A2;Grundwortschatz;der Herr;monsieur;gentleman, Mr;Guten Tag, Herr Meier!;Bonjour, monsieur Meier !;Good morning, Mr Meier!
nom;A2;Grundwortschatz;die Situation;situation;situation;In dieser Situation weiß ich nicht weiter.;Dans cette situation, je ne sais plus quoi faire.;In this situation I don't know what to do.
nom;A2;Grundwortschatz;die Achtung;attention;attention, caution;Achtung, der Boden ist nass!;Attention, le sol est mouillé !;Careful, the floor is wet!
nom;A2;Grundwortschatz;die Ahnung;idée, notion;idea, clue;Ich habe keine Ahnung, wo er ist.;Je n'ai aucune idée d'où il est.;I have no idea where he is.
nom;A2;Grundwortschatz;der Dank;remerciement;thanks;Vielen Dank für Ihre Hilfe!;Merci beaucoup pour votre aide !;Many thanks for your help!
nom;A2;Grundwortschatz;die Reihe;rangée, file;row;Wir sitzen in der ersten Reihe.;Nous sommes assis au premier rang.;We're sitting in the first row.
nom;A2;Grundwortschatz;das Ziel;but, objectif;goal, destination;Mein Ziel ist die Prüfung im Juni.;Mon objectif, c'est l'examen de juin.;My goal is the exam in June.
nom;A2;Grundwortschatz;der Tipp;astuce, conseil;tip;Danke für den guten Tipp!;Merci pour ce bon conseil !;Thanks for the good tip!
nom;B1;Grundwortschatz;der Sinn;le sens;sense, meaning;Das ergibt für mich keinen Sinn.;Ça n'a aucun sens pour moi.;That makes no sense to me.
nom;B1;Grundwortschatz;die Basis;la base;basis, base;Vertrauen ist die Basis jeder Freundschaft.;La confiance est la base de toute amitié.;Trust is the basis of every friendship.
nom;B1;Grundwortschatz;der Schluss;la fin, la conclusion;end, conclusion;Am Schluss haben alle applaudiert.;À la fin, tout le monde a applaudi.;At the end everyone applauded.
nom;B1;Grundwortschatz;der Wechsel;le changement;change, switch;Der Wechsel der Jahreszeiten gefällt mir.;Le changement des saisons me plaît.;I like the change of seasons.
nom;B1;Grundwortschatz;die Verbindung;la liaison, la connexion;connection;Die Verbindung nach Berlin ist gut.;La liaison vers Berlin est bonne.;The connection to Berlin is good.
nom;B1;Grundwortschatz;die Veränderung;le changement, la transformation;change;Diese Veränderung tut ihm gut.;Ce changement lui fait du bien.;This change is doing him good.
nom;B1;Grundwortschatz;die Lage;la situation, l'emplacement;situation, location;Die Wohnung hat eine ruhige Lage.;L'appartement est situé au calme.;The flat is in a quiet location.
nom;B1;Grundwortschatz;der Zustand;l'état;state, condition;Das Auto ist in gutem Zustand.;La voiture est en bon état.;The car is in good condition.
nom;B1;Grundwortschatz;die Reihenfolge;l'ordre, la succession;order, sequence;Die Reihenfolge der Schritte ist wichtig.;L'ordre des étapes est important.;The order of the steps matters.
nom;B1;Grundwortschatz;das Maß;la mesure;measure, extent;Er hat das richtige Maß gefunden.;Il a trouvé la juste mesure.;He found the right balance.
nom;B1;Grundwortschatz;die Vorstellung;l'idée, la représentation;idea, notion;Davon habe ich keine genaue Vorstellung.;Je n'en ai pas d'idée précise.;I have no clear idea of that.
nom;B1;Grundwortschatz;das Material;matériau;material;Das Material der Jacke ist sehr robust.;Le matériau de la veste est très robuste.;The material of the jacket is very sturdy.
nom;B1;Grundwortschatz;die Ursache;cause;cause;Die Ursache des Problems ist noch unklar.;La cause du problème est encore incertaine.;The cause of the problem is still unclear.
nom;B1;Grundwortschatz;die Empfehlung;recommandation;recommendation;Der Bankberater gab mir eine gute Empfehlung.;Le conseiller bancaire m'a donné une bonne recommandation.;The bank advisor gave me a good recommendation.
nom;B1;Grundwortschatz;die Bedeutung;signification;meaning;Die Bedeutung dieses Wortes kenne ich nicht.;Je ne connais pas la signification de ce mot.;I don't know the meaning of this word.
nom;B1;Grundwortschatz;der Zusammenhang;rapport, lien;connection, context;Ich sehe keinen Zusammenhang zwischen den beiden Themen.;Je ne vois aucun lien entre les deux sujets.;I don't see any connection between the two topics.
nom;B1;Grundwortschatz;die Art;sorte, type;kind, type;Das ist eine ganz neue Art von Problem.;C'est un tout nouveau genre de problème.;This is a completely new kind of problem.
nom;B1;Grundwortschatz;das Gegenteil;contraire;opposite;Das Gegenteil von groß ist klein.;Le contraire de grand est petit.;The opposite of big is small.
nom;B1;Grundwortschatz;die Gelegenheit;occasion;opportunity;Das war die perfekte Gelegenheit, ihn kennenzulernen.;C'était l'occasion parfaite de faire sa connaissance.;That was the perfect opportunity to meet him.
nom;B1;Grundwortschatz;der Zweck;but, objectif;purpose;Zu welchem Zweck brauchst du diese Information?;Dans quel but as-tu besoin de cette information ?;For what purpose do you need this information?
nom;B1;Grundwortschatz;die Alternative;alternative;alternative;Fahrrad fahren ist eine gute Alternative zum Auto.;Faire du vélo est une bonne alternative à la voiture.;Cycling is a good alternative to the car.
nom;B1;Grundwortschatz;die Realität;réalité;reality;Die Realität sieht leider anders aus als geplant.;La réalité est malheureusement différente de ce qui était prévu.;The reality unfortunately looks different than planned.
nom;B1;Grundwortschatz;die Wirklichkeit;réalité;reality;In Wirklichkeit ist die Situation komplizierter.;En réalité, la situation est plus compliquée.;In reality, the situation is more complicated.
nom;B1;Grundwortschatz;der Gegensatz;contraste, opposé;contrast, opposite;Im Gegensatz zu ihrer Schwester ist sie sehr ruhig.;Contrairement à sa sœur, elle est très calme.;Unlike her sister, she is very calm.
nom;B1;Grundwortschatz;der Mangel;manque, pénurie;shortage, lack;Es herrscht ein Mangel an Fachkräften.;Il y a une pénurie de personnel qualifié.;There is a shortage of skilled workers.
nom;B1;Grundwortschatz;das Risiko;risque;risk;Diese Investition ist mit einem hohen Risiko verbunden.;Cet investissement comporte un risque élevé.;This investment carries a high risk.
nom;B1;Grundwortschatz;das Mittel;moyen;means;Es gibt kein besseres Mittel gegen Kopfschmerzen.;Il n'y a pas de meilleur moyen contre les maux de tête.;There is no better remedy for headaches.
nom;B1;Grundwortschatz;die Ausnahme;exception;exception;In diesem Fall machen wir eine Ausnahme.;Dans ce cas, nous faisons une exception.;In this case we're making an exception.
nom;B1;Grundwortschatz;das Zeichen;signe, symbole;sign, symbol;Das Victory-Zeichen kennt man auf der ganzen Welt.;Le signe de la victoire est connu dans le monde entier.;The victory sign is known all over the world.
nom;B1;Grundwortschatz;der Einfall;idée (soudaine);idea;Das ist ein guter Einfall!;C'est une bonne idée !;That's a good idea!
nom;B1;Grundwortschatz;die Entscheidung;décision;decision;Das war keine leichte Entscheidung.;Ce n'était pas une décision facile.;That wasn't an easy decision.
nom;B1;Grundwortschatz;der Ersatz;remplacement;replacement;Für die kaputte Lampe suche ich Ersatz.;Je cherche un remplacement pour la lampe cassée.;I'm looking for a replacement for the broken lamp.
nom;B1;Grundwortschatz;der Familienname;nom de famille;surname;Schreiben Sie bitte Ihren Familiennamen groß.;Écrivez votre nom de famille en majuscules, s'il vous plaît.;Please write your surname in capitals.
nom;B1;Grundwortschatz;die Folge;"conséquence ; épisode";"consequence; episode";Das hatte schlimme Folgen.;Cela a eu de graves conséquences.;That had serious consequences.
nom;B1;Grundwortschatz;die Gefahr;danger;danger;Hier besteht keine Gefahr.;Ici, il n'y a aucun danger.;There is no danger here.
nom;B1;Grundwortschatz;der Gegenstand;objet;object;Lassen Sie keine Gegenstände im Auto.;Ne laissez aucun objet dans la voiture.;Don't leave any objects in the car.
nom;B1;Grundwortschatz;die Möglichkeit;possibilité;possibility;Es gibt noch eine andere Möglichkeit.;Il y a encore une autre possibilité.;There is another possibility.
nom;B1;Grundwortschatz;die Postleitzahl;code postal;postcode;Die Postleitzahl steht vor dem Ortsnamen.;Le code postal se place avant le nom de la ville.;The postcode goes before the town name.
nom;B1;Grundwortschatz;das Problem;problème;problem;Wir haben ein kleines Problem.;Nous avons un petit problème.;We have a small problem.
nom;B1;Grundwortschatz;der Rand;bord, marge;edge, margin;Schreib deinen Namen an den Rand.;Écris ton nom dans la marge.;Write your name in the margin.
nom;B1;Grundwortschatz;die Reaktion;réaction;reaction;Seine Reaktion hat mich überrascht.;Sa réaction m'a surpris.;His reaction surprised me.
nom;B1;Grundwortschatz;die Schwierigkeit;difficulté;difficulty;Er hat Schwierigkeiten mit der Grammatik.;Il a des difficultés avec la grammaire.;He has difficulties with the grammar.
nom;B1;Grundwortschatz;der Typ;type, genre;type;Das ist nicht mein Typ von Musik.;Ce n'est pas mon genre de musique.;That's not my type of music.
nom;B1;Grundwortschatz;die Verzeihung;pardon;pardon;Verzeihung, ist dieser Platz frei?;Pardon, cette place est-elle libre ?;Excuse me, is this seat free?
nom;B1;Grundwortschatz;der Vorschlag;proposition, suggestion;suggestion;Ich habe einen besseren Vorschlag.;J'ai une meilleure proposition.;I have a better suggestion.
nom;B1;Grundwortschatz;die Vorsicht;prudence;caution;Vorsicht, die Stufe ist rutschig!;Prudence, la marche est glissante !;Careful, the step is slippery!
nom;B1;Grundwortschatz;der Zufall;hasard, coïncidence;coincidence, chance;Wir haben uns durch Zufall getroffen.;Nous nous sommes rencontrés par hasard.;We met by chance.
nom;B1;Grundwortschatz;das Detail;détail;detail;Erzähl mir bitte jedes Detail.;Raconte-moi chaque détail.;Please tell me every detail.
nom;B1;Grundwortschatz;das Ereignis;événement;event;Das war das Ereignis des Jahres.;Ce fut l'événement de l'année.;That was the event of the year.
nom;B1;Grundwortschatz;der Faktor;facteur (élément);factor;Der Preis ist ein wichtiger Faktor.;Le prix est un facteur important.;Price is an important factor.
nom;B1;Grundwortschatz;der Rat;conseil (avis);advice;Ich brauche deinen Rat.;J'ai besoin de ton conseil.;I need your advice.
nom;B1;Grundwortschatz;der Ratschlag;conseil;piece of advice;Das war ein guter Ratschlag.;C'était un bon conseil.;That was good advice.
nom;B1;Grundwortschatz;die Struktur;structure;structure;Der Text hat eine klare Struktur.;Le texte a une structure claire.;The text has a clear structure.
nom;B1;Grundwortschatz;das System;système;system;Das System funktioniert seit Jahren.;Le système fonctionne depuis des années.;The system has worked for years.
nom;B1;Grundwortschatz;die Tatsache;fait;fact;Das ist eine Tatsache, keine Meinung.;C'est un fait, pas une opinion.;That's a fact, not an opinion.
nom;B1;Grundwortschatz;die Einzelheit;détail;detail;Die Einzelheiten besprechen wir morgen.;Nous discuterons des détails demain.;We'll discuss the details tomorrow.
nom;B1;Grundwortschatz;der Mädchenname;nom de jeune fille;maiden name;Schreiben Sie auch Ihren Mädchennamen auf.;Indiquez aussi votre nom de jeune fille.;Please also write your maiden name.
nom;B1;Grundwortschatz;der Vergleich;comparaison;comparison;Im Vergleich zu früher ist es billiger.;Par comparaison avec avant, c'est moins cher.;Compared to before it's cheaper.
nom;B1;Grundwortschatz;die Wahrheit;vérité;truth;Sag mir bitte die Wahrheit.;Dis-moi la vérité, s'il te plaît.;Please tell me the truth.
nom;B1;Grundwortschatz;das Zeug;affaires, trucs;stuff;Räum dein Zeug vom Tisch!;Enlève tes affaires de la table !;Get your stuff off the table!
nom;B2;Grundwortschatz;das Element;l'élément;element;Wasser besteht aus zwei Elementen.;L'eau est composée de deux éléments.;Water is made of two elements.
nom;B2;Grundwortschatz;der Anteil;la part;share, portion;Ihr Anteil an der Firma ist klein.;Sa part dans l'entreprise est petite.;Her share in the company is small.
nom;B2;Grundwortschatz;der Abschnitt;la section, le passage;section, passage;Lies bitte den zweiten Abschnitt.;Lis le deuxième passage, s'il te plaît.;Please read the second section.
nom;B2;Grundwortschatz;die Ebene;le niveau, la plaine;level, plain;Auf politischer Ebene ändert sich wenig.;Au niveau politique, peu de choses changent.;At the political level little changes.
nom;B2;Grundwortschatz;der Stand;l'état, le stand;state, stall;Wie ist der Stand der Dinge?;Où en sont les choses ?;What is the state of play?
nom;B2;Grundwortschatz;der Einsatz;l'engagement, l'intervention;commitment, deployment;Ihr Einsatz für das Projekt war groß.;Son engagement pour le projet a été grand.;Her commitment to the project was great.
nom;B2;Grundwortschatz;der Antrieb;la motivation, la propulsion;drive, propulsion;Ihm fehlt im Moment der Antrieb.;Il manque de motivation en ce moment.;He lacks drive at the moment.
nom;B2;Grundwortschatz;die Bedingung;condition;condition;Unter dieser Bedingung stimme ich zu.;À cette condition, j'accepte.;On that condition I agree.
nom;B2;Grundwortschatz;das Ergebnis;résultat;result;Das Ergebnis liegt morgen vor.;Le résultat sera disponible demain.;The result will be available tomorrow.
nom;B2;Grundwortschatz;der Erfolg;succès;success;Der Erfolg kam später als erhofft.;Le succès est venu plus tard qu'espéré.;Success came later than hoped.
nom;B2;Grundwortschatz;der Misserfolg;échec;failure;Aus einem Misserfolg lernt man mehr.;On apprend davantage d'un échec.;You learn more from a failure.
nom;B2;Grundwortschatz;der Vorteil;avantage;advantage;Der Vorteil liegt in der Zeitersparnis.;L'avantage réside dans le gain de temps.;The advantage lies in the time saved.
nom;B2;Grundwortschatz;der Nachteil;inconvénient;disadvantage;Der einzige Nachteil ist der Preis.;Le seul inconvénient, c'est le prix.;The only disadvantage is the price.
nom;B2;Grundwortschatz;der Unterschied;différence;difference;Der Unterschied fällt kaum ins Gewicht.;La différence pèse à peine.;The difference hardly matters.
nom;C1;Argumentation und Meinung;die Behauptung;affirmation;claim, assertion;Seine Behauptung ließ sich mit keiner Quelle belegen.;Son affirmation n'a pu être étayée par aucune source.;His claim could not be backed up by any source.
nom;C1;Argumentation und Meinung;der Einwand;objection;objection;Gegen diesen Vorschlag gibt es einen ernsten Einwand.;Il y a une objection sérieuse à cette proposition.;There is a serious objection to this proposal.
nom;C1;Argumentation und Meinung;die Überzeugung;conviction;conviction;Sie vertritt ihre Überzeugung ruhig und ohne Lautstärke.;Elle défend sa conviction calmement et sans hausser le ton.;She defends her conviction calmly and without raising her voice.
nom;C1;Argumentation und Meinung;der Widerspruch;contradiction;contradiction;Seine Aussage steht im Widerspruch zu den Zahlen.;Sa déclaration est en contradiction avec les chiffres.;His statement contradicts the figures.
nom;C1;Argumentation und Meinung;die Begründung;justification;justification, reasoning;Die Absage kam ohne jede Begründung.;Le refus est arrivé sans la moindre justification.;The rejection came without any justification.
nom;C1;Argumentation und Meinung;der Nachweis;preuve, attestation;proof, evidence;Für diese These fehlt bis heute der Nachweis.;À ce jour, la preuve de cette thèse fait défaut.;To this day there is no proof of this thesis.
nom;C1;Argumentation und Meinung;die Stellungnahme;prise de position;statement, official position;Das Ministerium gab eine knappe Stellungnahme ab.;Le ministère a publié une brève prise de position.;The ministry issued a brief statement.
nom;C1;Argumentation und Meinung;die Schlussfolgerung;conclusion;conclusion, inference;Aus diesen Daten lässt sich nur eine Schlussfolgerung ziehen.;De ces données on ne peut tirer qu'une seule conclusion.;Only one conclusion can be drawn from this data.
nom;C1;Argumentation und Meinung;der Vorbehalt;réserve;reservation, proviso;Er stimmte dem Plan nur unter Vorbehalt zu.;Il n'a approuvé le plan que sous réserve.;He agreed to the plan only with reservations.
nom;C1;Argumentation und Meinung;die Zustimmung;approbation, accord;approval, consent;Der Antrag fand im Ausschuss breite Zustimmung.;La demande a reçu une large approbation en commission.;The motion found broad approval in the committee.
nom;C1;Argumentation und Meinung;die Ablehnung;refus, rejet;rejection, refusal;Die Ablehnung des Vorschlags war einstimmig.;Le rejet de la proposition a été unanime.;The rejection of the proposal was unanimous.
nom;C1;Argumentation und Meinung;der Standpunkt;point de vue;point of view, standpoint;Ich kann seinen Standpunkt gut nachvollziehen.;Je comprends bien son point de vue.;I can readily understand his point of view.
nom;C1;Argumentation und Meinung;die Abwägung;pesée du pour et du contre;weighing up, deliberation;Nach sorgfältiger Abwägung haben wir uns dagegen entschieden.;Après avoir soigneusement pesé le pour et le contre, nous avons renoncé.;After carefully weighing it up, we decided against it.
nom;C1;Argumentation und Meinung;der Sachverhalt;état de fait, situation;facts of the matter;Der Sachverhalt ist komplizierter, als er zunächst wirkt.;L'état de fait est plus compliqué qu'il n'y paraît d'abord.;The facts of the matter are more complicated than they first appear.
nom;C1;Argumentation und Meinung;die Tragweite;portée;significance, implications;Die Tragweite dieser Entscheidung war damals niemandem klar.;La portée de cette décision n'était claire pour personne à l'époque.;Nobody grasped the significance of this decision at the time.
nom;C1;Argumentation und Meinung;der Vorwurf;reproche, accusation;accusation, reproach;Er wies den Vorwurf entschieden zurück.;Il a rejeté l'accusation avec fermeté.;He firmly rejected the accusation.
nom;C1;Argumentation und Meinung;die Auseinandersetzung;confrontation, examen approfondi;debate, engagement;Die Auseinandersetzung mit dem Thema dauerte Jahre.;L'examen approfondi de ce sujet a duré des années.;Engaging with the subject took years.
nom;C1;Argumentation und Meinung;die Erkenntnis;constat, connaissance acquise;insight, finding;Diese Erkenntnis kam für viele zu spät.;Ce constat est arrivé trop tard pour beaucoup.;This insight came too late for many.
nom;C1;Argumentation und Meinung;die Unterstellung;insinuation, procès d'intention;insinuation, imputation;Das ist eine Unterstellung, für die es keinen Beleg gibt.;C'est une insinuation pour laquelle il n'existe aucune preuve.;That is an insinuation for which there is no evidence.
nom;C1;Argumentation und Meinung;die Relativierung;relativisation;relativization, qualification;Seine ständigen Relativierungen schwächten das Argument.;Ses relativisations constantes affaiblissaient l'argument.;His constant qualifications weakened the argument.
nom;C1;Argumentation und Meinung;die Prämisse;prémisse;premise;Die ganze Rechnung beruht auf einer falschen Prämisse.;Tout le calcul repose sur une prémisse fausse.;The entire calculation rests on a false premise.
nom;C1;Argumentation und Meinung;die Gewichtung;pondération;weighting;Die Gewichtung der Kriterien wurde vorher offengelegt.;La pondération des critères a été rendue publique à l'avance.;The weighting of the criteria was disclosed in advance.
nom;C1;Argumentation und Meinung;der Konsens;consensus;consensus;Nach langer Debatte fand die Gruppe einen Konsens.;Après un long débat, le groupe a trouvé un consensus.;After a long debate the group reached a consensus.
nom;C1;Argumentation und Meinung;die Nuance;nuance;nuance;Diese Nuance geht in der Übersetzung verloren.;Cette nuance se perd dans la traduction.;This nuance is lost in translation.
nom;C1;Ursache und Wirkung;die Auswirkung;répercussion, effet;impact, effect;Die Reform hatte spürbare Auswirkungen auf die Löhne.;La réforme a eu des répercussions sensibles sur les salaires.;The reform had a noticeable impact on wages.
nom;C1;Ursache und Wirkung;die Wechselwirkung;interaction réciproque;interaction, interplay;Zwischen beiden Faktoren besteht eine enge Wechselwirkung.;Il existe une étroite interaction entre les deux facteurs.;There is a close interaction between the two factors.
nom;C1;Ursache und Wirkung;die Beeinträchtigung;altération, gêne;impairment, adverse effect;Der Lärm führte zu einer erheblichen Beeinträchtigung des Schlafs.;Le bruit a entraîné une altération considérable du sommeil.;The noise led to a considerable impairment of sleep.
nom;C1;Ursache und Wirkung;die Verschärfung;aggravation, durcissement;tightening, worsening;Die Verschärfung der Regeln kam für viele überraschend.;Le durcissement des règles en a surpris beaucoup.;The tightening of the rules took many by surprise.
nom;C1;Ursache und Wirkung;der Umschwung;revirement;turnaround, swing;Nach der Rede kam es zu einem plötzlichen Umschwung in der Stimmung.;Après le discours, un revirement soudain s'est produit dans l'ambiance.;After the speech there was a sudden swing in the mood.
nom;C1;Ursache und Wirkung;das Zusammenspiel;interaction, jeu combiné;interplay, combination;Der Erfolg beruht auf dem Zusammenspiel vieler Faktoren.;Le succès repose sur l'interaction de nombreux facteurs.;The success rests on the interplay of many factors.
nom;C1;Ursache und Wirkung;die Triebkraft;force motrice;driving force;Neugier war die eigentliche Triebkraft seiner Arbeit.;La curiosité était la véritable force motrice de son travail.;Curiosity was the real driving force behind his work.
nom;C1;Ursache und Wirkung;der Missstand;dysfonctionnement, abus;abuse, deplorable state;Der Bericht deckte gravierende Missstände auf.;Le rapport a mis au jour de graves dysfonctionnements.;The report uncovered serious abuses.
nom;C1;Ursache und Wirkung;die Gegebenheit;donnée, circonstance;given circumstance, condition;Man muss mit den örtlichen Gegebenheiten rechnen.;Il faut compter avec les circonstances locales.;One has to reckon with local conditions.
nom;C1;Ursache und Wirkung;die Verkettung;enchaînement;chain, concatenation;Eine unglückliche Verkettung von Umständen führte zum Unfall.;Un malheureux enchaînement de circonstances a mené à l'accident.;An unfortunate chain of circumstances led to the accident.
nom;C1;Ursache und Wirkung;die Häufung;multiplication, accumulation;cluster, accumulation;Die Häufung solcher Fälle gibt Anlass zur Sorge.;La multiplication de tels cas donne matière à inquiétude.;The accumulation of such cases is cause for concern.
nom;C1;Ursache und Wirkung;das Gefälle;écart, dénivelé;gap, gradient;Zwischen Stadt und Land besteht ein deutliches Gefälle.;Il existe un écart marqué entre la ville et la campagne.;There is a marked gap between town and countryside.
nom;C1;Ursache und Wirkung;der Auslöser;déclencheur;trigger;Der eigentliche Auslöser des Streits war eine Nebensache.;Le véritable déclencheur de la dispute était un détail.;The actual trigger of the argument was a side issue.
nom;C1;Ursache und Wirkung;die Nebenwirkung;effet secondaire;side effect;Das Medikament hat kaum Nebenwirkungen.;Le médicament n'a presque pas d'effets secondaires.;The medication has hardly any side effects.
nom;C1;Ursache und Wirkung;das Ausmaß;ampleur;extent, scale;Das Ausmaß des Schadens war erst Wochen später klar.;L'ampleur des dégâts n'est apparue que des semaines plus tard.;The extent of the damage became clear only weeks later.
nom;C1;Ursache und Wirkung;die Begleiterscheinung;phénomène concomitant;accompanying phenomenon;Lärm ist eine unvermeidliche Begleiterscheinung des Baus.;Le bruit est un phénomène concomitant inévitable du chantier.;Noise is an unavoidable side phenomenon of construction.
nom;C1;Ursache und Wirkung;die Rückkopplung;rétroaction;feedback loop;Zwischen Preisen und Löhnen entsteht eine gefährliche Rückkopplung.;Une rétroaction dangereuse s'installe entre les prix et les salaires.;A dangerous feedback loop develops between prices and wages.
nom;C1;Ursache und Wirkung;die Beschleunigung;accélération;acceleration;Die Beschleunigung des Verfahrens war dringend nötig.;L'accélération de la procédure était urgente.;Speeding up the procedure was urgently needed.
nom;C1;Ursache und Wirkung;die Abschwächung;atténuation;weakening, easing;Eine Abschwächung des Wachstums zeichnet sich ab.;Un ralentissement de la croissance se dessine.;A weakening of growth is emerging.
nom;C1;Ursache und Wirkung;die Kehrseite;revers, envers;downside, flip side;Die Kehrseite des Erfolgs ist ein hoher Erwartungsdruck.;Le revers du succès est une forte pression des attentes.;The downside of success is high pressure of expectation.
nom;C1;Ursache und Wirkung;der Aufschwung;essor, reprise;upturn, boom;Die Region erlebte nach 2010 einen kräftigen Aufschwung.;La région a connu un fort essor après 2010.;The region experienced a strong upturn after 2010.
nom;C1;Ursache und Wirkung;die Stagnation;stagnation;stagnation;Auf den Aufschwung folgte eine lange Stagnation.;L'essor a été suivi d'une longue stagnation.;The upturn was followed by a long stagnation.
nom;C1;Ursache und Wirkung;die Zuspitzung;exacerbation;escalation, sharpening;Die Zuspitzung der Lage war absehbar.;L'exacerbation de la situation était prévisible.;The escalation of the situation was foreseeable.
nom;C1;Ursache und Wirkung;die Tragfähigkeit;viabilité, solidité;viability, load-bearing capacity;Die Tragfähigkeit des Konzepts wurde nie geprüft.;La viabilité du concept n'a jamais été vérifiée.;The viability of the concept was never examined.
nom;C1;Denken und Wahrnehmung;die Wahrnehmung;perception;perception;Unsere Wahrnehmung täuscht uns häufiger, als wir glauben.;Notre perception nous trompe plus souvent qu'on ne le croit.;Our perception deceives us more often than we think.
nom;C1;Denken und Wahrnehmung;die Einschätzung;appréciation, estimation;assessment, estimation;Nach meiner Einschätzung dauert das noch Monate.;D'après mon appréciation, cela prendra encore des mois.;In my assessment this will take months yet.
nom;C1;Denken und Wahrnehmung;die Auffassung;conception, opinion;view, understanding;Ich bin der Auffassung, dass wir zu früh aufgegeben haben.;Je suis d'avis que nous avons abandonné trop tôt.;I take the view that we gave up too early.
nom;C1;Denken und Wahrnehmung;die Betrachtung;examen, considération;consideration, examination;Bei genauerer Betrachtung fällt der Widerspruch sofort auf.;À y regarder de plus près, la contradiction saute aux yeux.;On closer examination the contradiction is immediately obvious.
nom;C1;Denken und Wahrnehmung;die Denkweise;mode de pensée;way of thinking;Ihre Denkweise unterscheidet sich stark von meiner.;Son mode de pensée diffère beaucoup du mien.;Her way of thinking differs greatly from mine.
nom;C1;Denken und Wahrnehmung;die Annahme;hypothèse, supposition;assumption;Die ganze Planung beruht auf einer einzigen Annahme.;Toute la planification repose sur une seule hypothèse.;The entire plan rests on a single assumption.
nom;C1;Denken und Wahrnehmung;das Selbstverständnis;conception de soi, image de son rôle;self-conception, sense of identity;Das gehört zum Selbstverständnis dieses Berufs.;Cela fait partie de la conception que ce métier a de lui-même.;That is part of how this profession sees itself.
nom;C1;Denken und Wahrnehmung;das Wunschdenken;vœu pieux, pensée illusoire;wishful thinking;Diese Prognose ist reines Wunschdenken.;Cette prévision est un pur vœu pieux.;This forecast is pure wishful thinking.
nom;C1;Denken und Wahrnehmung;die Einbildung;imagination, illusion;imagination, delusion;Der Schmerz war keine Einbildung.;La douleur n'était pas une illusion.;The pain was not imaginary.
nom;C1;Denken und Wahrnehmung;die Einsicht;discernement, prise de conscience;insight, realization;Ihm fehlt jede Einsicht in die eigenen Fehler.;Il manque totalement de discernement sur ses propres erreurs.;He has no insight at all into his own mistakes.
nom;C1;Denken und Wahrnehmung;der Gedankengang;cheminement de pensée;train of thought;Ich konnte seinem Gedankengang nicht ganz folgen.;Je n'ai pas tout à fait pu suivre son cheminement de pensée.;I could not quite follow his train of thought.
nom;C1;Denken und Wahrnehmung;die Vorstellungskraft;faculté d'imagination;imaginative power;Dafür braucht man mehr Vorstellungskraft als Wissen.;Cela demande plus d'imagination que de savoir.;That takes more imagination than knowledge.
nom;C1;Denken und Wahrnehmung;die Achtsamkeit;attention, pleine conscience;mindfulness;Achtsamkeit lässt sich üben wie eine Sprache.;La pleine conscience s'exerce comme une langue.;Mindfulness can be practised like a language.
nom;C1;Denken und Wahrnehmung;die Voreingenommenheit;parti pris;bias, prejudice;Seine Voreingenommenheit war im ganzen Text zu spüren.;Son parti pris se sentait dans tout le texte.;His bias was noticeable throughout the text.
nom;C1;Denken und Wahrnehmung;die Skepsis;scepticisme;scepticism;Die Ankündigung stieß auf große Skepsis.;L'annonce s'est heurtée à un grand scepticisme.;The announcement met with great scepticism.
nom;C1;Denken und Wahrnehmung;die Verdrängung;refoulement;repression, denial;Verdrängung hilft nur kurze Zeit.;Le refoulement n'aide que peu de temps.;Denial only helps for a short while.
nom;C1;Denken und Wahrnehmung;die Wachsamkeit;vigilance;vigilance, alertness;Der Beruf verlangt ständige Wachsamkeit.;Le métier exige une vigilance constante.;The job demands constant vigilance.
nom;C1;Denken und Wahrnehmung;die Verblendung;aveuglement;delusion, blindness;Erst später erkannte er seine eigene Verblendung.;Ce n'est que plus tard qu'il a reconnu son propre aveuglement.;Only later did he recognize his own delusion.
nom;C1;Denken und Wahrnehmung;der Denkanstoß;élément de réflexion;food for thought;Ihr Vortrag gab mir mehrere Denkanstöße.;Sa conférence m'a donné plusieurs éléments de réflexion.;Her talk gave me plenty of food for thought.
nom;C1;Denken und Wahrnehmung;die Erwartungshaltung;attitude d'attente;sense of entitlement, expectation;Die Erwartungshaltung des Publikums war enorm.;L'attente du public était énorme.;The audience's expectations were enormous.
nom;C1;Denken und Wahrnehmung;der Wesenszug;trait de caractère;character trait;Großzügigkeit war sein auffälligster Wesenszug.;La générosité était son trait de caractère le plus frappant.;Generosity was his most striking character trait.
nom;C1;Denken und Wahrnehmung;die Zerstreutheit;distraction, étourderie;absent-mindedness;Seine Zerstreutheit ist bei Kollegen sprichwörtlich.;Sa distraction est proverbiale chez ses collègues.;His absent-mindedness is proverbial among colleagues.
nom;C1;Denken und Wahrnehmung;die Beharrlichkeit;persévérance, ténacité;persistence, tenacity;Mit Beharrlichkeit erreichte sie schließlich ihr Ziel.;À force de persévérance, elle a fini par atteindre son but.;Through persistence she eventually reached her goal.
nom;C1;Denken und Wahrnehmung;die Nachdenklichkeit;gravité pensive;pensiveness;Der Film hinterließ eine leise Nachdenklichkeit.;Le film a laissé une discrète gravité pensive.;The film left a quiet pensiveness behind.
nom;C1;Wirtschaft und Verwaltung;die Auflage;condition imposée, obligation;condition, requirement;Die Genehmigung wurde nur unter strengen Auflagen erteilt.;L'autorisation n'a été accordée que sous conditions strictes.;The permit was granted only under strict conditions.
nom;C1;Wirtschaft und Verwaltung;der Bescheid;décision administrative, notification;official decision, notice;Der Bescheid kam per Post, drei Wochen später.;La décision est arrivée par la poste, trois semaines plus tard.;The official decision arrived by post three weeks later.
nom;C1;Wirtschaft und Verwaltung;der Zuschuss;subvention, aide financière;subsidy, grant;Für den Umbau gab es einen staatlichen Zuschuss.;Une subvention publique a été accordée pour les travaux.;There was a state subsidy for the conversion work.
nom;C1;Wirtschaft und Verwaltung;die Rendite;rendement;yield, return;Die Rendite fiel deutlich niedriger aus als erwartet.;Le rendement s'est révélé nettement plus faible que prévu.;The return turned out to be much lower than expected.
nom;C1;Wirtschaft und Verwaltung;die Verschuldung;endettement;indebtedness, debt levels;Die Verschuldung der Kommunen wächst seit Jahren.;L'endettement des communes croît depuis des années.;Municipal indebtedness has been growing for years.
nom;C1;Wirtschaft und Verwaltung;die Konjunktur;conjoncture;economic climate;Die Konjunktur hat sich zuletzt merklich abgekühlt.;La conjoncture s'est nettement refroidie ces derniers temps.;The economic climate has cooled noticeably of late.
nom;C1;Wirtschaft und Verwaltung;die Übernahme;rachat, reprise;takeover, assumption;Die Übernahme des Konkurrenten wurde genehmigt.;Le rachat du concurrent a été autorisé.;The takeover of the competitor was approved.
nom;C1;Wirtschaft und Verwaltung;die Rücklage;réserve, provision;reserve, provision;Ohne Rücklagen übersteht kein Betrieb ein schlechtes Jahr.;Sans réserves, aucune entreprise ne survit à une mauvaise année.;Without reserves no business survives a bad year.
nom;C1;Wirtschaft und Verwaltung;die Abschreibung;amortissement;depreciation, write-off;Die Maschine ist über zehn Jahre in der Abschreibung.;La machine s'amortit sur dix ans.;The machine is depreciated over ten years.
nom;C1;Wirtschaft und Verwaltung;die Bilanz;bilan;balance sheet, record;Die Bilanz des vergangenen Jahres fällt gemischt aus.;Le bilan de l'année écoulée est mitigé.;The record of the past year is mixed.
nom;C1;Wirtschaft und Verwaltung;die Vergabe;attribution (d'un marché);award, allocation;Die Vergabe des Auftrags wird derzeit geprüft.;L'attribution du marché est actuellement examinée.;The award of the contract is currently under review.
nom;C1;Wirtschaft und Verwaltung;die Ausschreibung;appel d'offres;tender, call for bids;Die Stelle wird über eine öffentliche Ausschreibung besetzt.;Le poste sera pourvu par un appel d'offres public.;The position will be filled through a public tender.
nom;C1;Wirtschaft und Verwaltung;die Wertschöpfung;création de valeur;value creation;Ein großer Teil der Wertschöpfung bleibt in der Region.;Une grande partie de la création de valeur reste dans la région.;A large share of the value creation stays in the region.
nom;C1;Wirtschaft und Verwaltung;der Engpass;goulot d'étranglement, pénurie;bottleneck, shortage;Bei den Fachkräften gibt es einen echten Engpass.;Il y a une véritable pénurie de main-d'œuvre qualifiée.;There is a real shortage of skilled workers.
nom;C1;Wirtschaft und Verwaltung;der Zuständigkeitsbereich;domaine de compétence;area of responsibility;Das fällt nicht in meinen Zuständigkeitsbereich.;Cela ne relève pas de mon domaine de compétence.;That does not fall within my area of responsibility.
nom;C1;Wirtschaft und Verwaltung;die Vorgehensweise;manière de procéder;approach, procedure;Über die Vorgehensweise waren sich alle einig.;Tous étaient d'accord sur la manière de procéder.;Everyone agreed on the approach.
nom;C1;Wirtschaft und Verwaltung;die Umsetzung;mise en œuvre;implementation;Zwischen Beschluss und Umsetzung lagen zwei Jahre.;Deux ans se sont écoulés entre la décision et la mise en œuvre.;Two years passed between the decision and its implementation.
nom;C1;Wirtschaft und Verwaltung;die Durchführung;exécution, réalisation;execution, carrying out;Die Durchführung der Studie dauerte sechs Monate.;La réalisation de l'étude a duré six mois.;Carrying out the study took six months.
nom;C1;Wirtschaft und Verwaltung;die Zielsetzung;objectif fixé;objective, aim;Die Zielsetzung des Projekts wurde mehrfach geändert.;L'objectif du projet a été modifié à plusieurs reprises.;The project's objective was changed several times.
nom;C1;Wirtschaft und Verwaltung;der Maßstab;critère, étalon;standard, yardstick;Damit setzt das Unternehmen neue Maßstäbe.;L'entreprise établit ainsi de nouveaux critères de référence.;With this the company sets new standards.
nom;C1;Wirtschaft und Verwaltung;die Grundlage;base, fondement;basis, foundation;Auf dieser Grundlage lässt sich weiterarbeiten.;Sur cette base, on peut continuer à travailler.;On this basis one can continue working.
nom;C1;Wirtschaft und Verwaltung;das Merkmal;caractéristique, trait distinctif;feature, characteristic;Das wichtigste Merkmal dieser Bauweise ist ihre Leichtigkeit.;La caractéristique principale de cette construction est sa légèreté.;The most important feature of this design is its lightness.
nom;C1;Wirtschaft und Verwaltung;der Bestandteil;composante, élément constitutif;component, constituent;Der Anhang ist ein fester Bestandteil des Vertrags.;L'annexe fait partie intégrante du contrat.;The appendix is an integral part of the contract.
nom;C1;Wirtschaft und Verwaltung;die Gliederung;plan, structuration;structure, outline;Die Gliederung des Berichts ist klar und nachvollziehbar.;Le plan du rapport est clair et compréhensible.;The structure of the report is clear and easy to follow.
nom;C1;Recht und Justiz;die Verordnung;règlement, arrêté;regulation, decree;Die neue Verordnung tritt im Januar in Kraft.;Le nouveau règlement entre en vigueur en janvier.;The new regulation comes into force in January.
nom;C1;Recht und Justiz;die Haftung;responsabilité juridique;liability;Die Haftung des Herstellers ist vertraglich begrenzt.;La responsabilité du fabricant est limitée par contrat.;The manufacturer's liability is limited by contract.
nom;C1;Recht und Justiz;die Berufung;appel (recours);appeal;Gegen das Urteil wurde Berufung eingelegt.;Un appel a été interjeté contre le jugement.;An appeal was lodged against the ruling.
nom;C1;Recht und Justiz;die Ermittlung;enquête (judiciaire);investigation;Die Ermittlungen dauern noch an.;L'enquête est toujours en cours.;The investigation is still ongoing.
nom;C1;Recht und Justiz;der Verdacht;soupçon;suspicion;Der Verdacht bestätigte sich nicht.;Le soupçon ne s'est pas confirmé.;The suspicion was not confirmed.
nom;C1;Recht und Justiz;die Zeugenaussage;témoignage;witness statement;Die Zeugenaussage widersprach den Akten.;Le témoignage contredisait le dossier.;The witness statement contradicted the files.
nom;C1;Recht und Justiz;die Beweislast;charge de la preuve;burden of proof;Die Beweislast liegt beim Kläger.;La charge de la preuve incombe au demandeur.;The burden of proof lies with the claimant.
nom;C1;Recht und Justiz;die Rechtsprechung;jurisprudence;case law, jurisprudence;Die Rechtsprechung hat sich hier deutlich gewandelt.;La jurisprudence a nettement évolué sur ce point.;Case law has changed considerably here.
nom;C1;Recht und Justiz;das Vergehen;délit;offence;Es handelt sich um ein geringfügiges Vergehen.;Il s'agit d'un délit mineur.;This is a minor offence.
nom;C1;Recht und Justiz;die Bewährung;sursis (avec mise à l'épreuve);probation;Die Strafe wurde zur Bewährung ausgesetzt.;La peine a été assortie du sursis.;The sentence was suspended on probation.
nom;C1;Recht und Justiz;die Zustimmungspflicht;obligation d'accord préalable;requirement of consent;Für diesen Schritt besteht eine Zustimmungspflicht des Betriebsrats.;Cette démarche exige l'accord préalable du comité d'entreprise.;This step requires the works council's consent.
nom;C1;Recht und Justiz;der Widerruf;rétractation, révocation;withdrawal, revocation;Der Widerruf muss schriftlich erfolgen.;La rétractation doit se faire par écrit.;The withdrawal must be made in writing.
nom;C1;Recht und Justiz;der Einspruch;opposition, recours;objection, formal appeal;Gegen den Bescheid kann man Einspruch erheben.;On peut former un recours contre cette décision.;An objection can be lodged against the decision.
nom;C1;Recht und Justiz;die Verjährung;prescription;statute of limitations;Die Verjährung tritt nach drei Jahren ein.;La prescription intervient après trois ans.;The limitation period expires after three years.
nom;C1;Recht und Justiz;die Auflösung;dissolution, résiliation;dissolution, termination;Die Auflösung des Vertrags erfolgte einvernehmlich.;La résiliation du contrat s'est faite d'un commun accord.;The contract was terminated by mutual agreement.
nom;C1;Recht und Justiz;die Verpflichtung;obligation, engagement;obligation, commitment;Aus dem Vertrag ergeben sich klare Verpflichtungen.;Le contrat entraîne des obligations claires.;Clear obligations arise from the contract.
nom;C1;Recht und Justiz;die Zuwiderhandlung;infraction, contravention;contravention, violation;Zuwiderhandlungen werden mit einem Bußgeld geahndet.;Les infractions sont sanctionnées par une amende.;Violations are punished with a fine.
nom;C1;Recht und Justiz;das Bußgeld;amende administrative;fine, penalty;Für Falschparken droht ein empfindliches Bußgeld.;Le stationnement interdit expose à une amende salée.;Illegal parking risks a hefty fine.
nom;C1;Recht und Justiz;die Vollmacht;procuration;power of attorney;Ohne schriftliche Vollmacht darf sie nichts unterschreiben.;Sans procuration écrite, elle n'a pas le droit de signer.;Without written power of attorney she may not sign anything.
nom;C1;Recht und Justiz;das Gutachten;expertise, rapport d'expert;expert opinion, report;Das Gericht ließ ein unabhängiges Gutachten erstellen.;Le tribunal a fait établir une expertise indépendante.;The court commissioned an independent expert report.
nom;C1;Recht und Justiz;die Entschädigung;indemnisation, dédommagement;compensation;Die Betroffenen erhielten eine finanzielle Entschädigung.;Les personnes concernées ont reçu une indemnisation financière.;Those affected received financial compensation.
nom;C1;Recht und Justiz;der Nachlass;succession, héritage;estate, inheritance;Der Nachlass wurde unter drei Erben aufgeteilt.;La succession a été partagée entre trois héritiers.;The estate was divided among three heirs.
nom;C1;Recht und Justiz;die Anordnung;injonction, ordonnance;order, directive;Die Räumung erfolgte auf richterliche Anordnung.;L'évacuation a eu lieu sur ordonnance du juge.;The eviction took place by court order.
nom;C1;Recht und Justiz;das Rechtsmittel;voie de recours;legal remedy;Gegen diese Entscheidung stehen keine Rechtsmittel offen.;Aucune voie de recours n'est ouverte contre cette décision.;No legal remedy is available against this decision.
nom;C1;Gesellschaft und Wandel;der Wandel;mutation, transformation;change, transformation;Die Arbeitswelt befindet sich in einem tiefgreifenden Wandel.;Le monde du travail connaît une mutation profonde.;The world of work is undergoing profound change.
nom;C1;Gesellschaft und Wandel;der Umbruch;bouleversement;upheaval;Die Region erlebte einen politischen Umbruch.;La région a connu un bouleversement politique.;The region went through a political upheaval.
nom;C1;Gesellschaft und Wandel;die Spaltung;division, clivage;division, split;Die Debatte hat die Spaltung der Gesellschaft vertieft.;Le débat a creusé la division de la société.;The debate has deepened the division in society.
nom;C1;Gesellschaft und Wandel;der Zusammenhalt;cohésion;cohesion, solidarity;In der Krise zeigte sich ein erstaunlicher Zusammenhalt.;Dans la crise, une cohésion étonnante s'est manifestée.;In the crisis a remarkable cohesion emerged.
nom;C1;Gesellschaft und Wandel;die Ausgrenzung;exclusion, mise à l'écart;exclusion, marginalization;Armut führt oft zu sozialer Ausgrenzung.;La pauvreté mène souvent à l'exclusion sociale.;Poverty often leads to social exclusion.
nom;C1;Gesellschaft und Wandel;die Teilhabe;participation (à la vie sociale);participation, inclusion;Bildung ist die Grundlage gesellschaftlicher Teilhabe.;L'éducation est le fondement de la participation à la vie sociale.;Education is the basis of social participation.
nom;C1;Gesellschaft und Wandel;die Vielfalt;diversité;diversity, variety;Die kulturelle Vielfalt der Stadt ist ihr größtes Kapital.;La diversité culturelle de la ville est son plus grand atout.;The city's cultural diversity is its greatest asset.
nom;C1;Gesellschaft und Wandel;die Schicht;couche sociale;social stratum, layer;Der Zugang zur Universität hängt noch immer von der sozialen Schicht ab.;L'accès à l'université dépend encore de la couche sociale.;Access to university still depends on social stratum.
nom;C1;Gesellschaft und Wandel;die Herkunft;origine;origin, background;Die soziale Herkunft prägt den Bildungsweg stärker als das Talent.;L'origine sociale marque le parcours scolaire plus que le talent.;Social background shapes educational paths more than talent does.
nom;C1;Gesellschaft und Wandel;die Zugehörigkeit;appartenance;belonging, affiliation;Das Gefühl der Zugehörigkeit entsteht langsam.;Le sentiment d'appartenance naît lentement.;A sense of belonging develops slowly.
nom;C1;Gesellschaft und Wandel;die Solidarität;solidarité;solidarity;Die Nachbarn zeigten eine bemerkenswerte Solidarität.;Les voisins ont fait preuve d'une solidarité remarquable.;The neighbours showed remarkable solidarity.
nom;C1;Gesellschaft und Wandel;die Bevormundung;mise sous tutelle, paternalisme;patronizing, paternalism;Viele empfanden die Regelung als reine Bevormundung.;Beaucoup ont ressenti cette règle comme du pur paternalisme.;Many felt the rule was sheer paternalism.
nom;C1;Gesellschaft und Wandel;die Abwanderung;exode, départ (d'une région);outflow, exodus;Die Abwanderung junger Menschen leert ganze Dörfer.;L'exode des jeunes vide des villages entiers.;The exodus of young people is emptying whole villages.
nom;C1;Gesellschaft und Wandel;die Zuwanderung;immigration;immigration, inward migration;Ohne Zuwanderung würde die Bevölkerung schrumpfen.;Sans immigration, la population diminuerait.;Without immigration the population would shrink.
nom;C1;Gesellschaft und Wandel;die Überalterung;vieillissement (de la population);population ageing;Die Überalterung belastet die Rentenkassen.;Le vieillissement pèse sur les caisses de retraite.;Population ageing is straining the pension funds.
nom;C1;Gesellschaft und Wandel;der Wohlstand;prospérité;prosperity, affluence;Der Wohlstand ist sehr ungleich verteilt.;La prospérité est très inégalement répartie.;Prosperity is very unevenly distributed.
nom;C1;Gesellschaft und Wandel;die Ungleichheit;inégalité;inequality;Die Ungleichheit zwischen den Regionen nimmt zu.;L'inégalité entre les régions s'accroît.;Inequality between the regions is increasing.
nom;C1;Gesellschaft und Wandel;die Aufstiegschance;chance de promotion sociale;chance of advancement;Ohne Abschluss sind die Aufstiegschancen gering.;Sans diplôme, les chances de promotion sont faibles.;Without a qualification the chances of advancement are slim.
nom;C1;Gesellschaft und Wandel;die Prägung;empreinte, marque formatrice;formative influence;Seine ländliche Prägung ist bis heute zu spüren.;Son empreinte rurale se sent encore aujourd'hui.;His rural upbringing is still noticeable today.
nom;C1;Gesellschaft und Wandel;die Sitte;coutume, mœurs;custom, convention;In manchen Regionen halten sich alte Sitten hartnäckig.;Dans certaines régions, de vieilles coutumes persistent.;In some regions old customs persist stubbornly.
nom;C1;Gesellschaft und Wandel;das Leitbild;modèle directeur, idéal affiché;guiding principle, model;Das Leitbild der Schule steht auf jeder Wand, gelebt wird es selten.;L'idéal affiché de l'école est sur chaque mur, rarement vécu.;The school's guiding principle is on every wall but seldom lived.
nom;C1;Gesellschaft und Wandel;das Tabu;tabou;taboo;Über Gehälter zu sprechen ist hier noch immer ein Tabu.;Parler des salaires reste ici un tabou.;Talking about salaries is still a taboo here.
nom;C1;Gesellschaft und Wandel;die Randgruppe;groupe marginalisé;marginalized group;Das Programm richtet sich ausdrücklich an Randgruppen.;Le programme s'adresse expressément aux groupes marginalisés.;The programme is aimed explicitly at marginalized groups.
nom;C1;Gesellschaft und Wandel;die Fürsorge;sollicitude, assistance;care, welfare;Zwischen Fürsorge und Bevormundung ist der Grat schmal.;Entre sollicitude et paternalisme, la ligne est mince.;The line between care and paternalism is thin.
nom;C1;Sprache und Kommunikation;die Äußerung;propos, déclaration;utterance, remark;Diese Äußerung wurde später zurückgenommen.;Ces propos ont été retirés par la suite.;This remark was later withdrawn.
nom;C1;Sprache und Kommunikation;die Andeutung;allusion, sous-entendu;hint, intimation;Er machte nur eine vage Andeutung und schwieg dann.;Il n'a fait qu'une vague allusion, puis s'est tu.;He only made a vague hint and then fell silent.
nom;C1;Sprache und Kommunikation;die Anspielung;allusion (souvent moqueuse);allusion, dig;Die Anspielung auf seinen Vorgänger war unüberhörbar.;L'allusion à son prédécesseur était impossible à manquer.;The dig at his predecessor was impossible to miss.
nom;C1;Sprache und Kommunikation;die Wortwahl;choix des mots;choice of words;Bei diesem Thema kommt es auf die Wortwahl an.;Sur ce sujet, tout dépend du choix des mots.;With this topic everything depends on the choice of words.
nom;C1;Sprache und Kommunikation;die Formulierung;formulation;wording, phrasing;Die Formulierung lässt zu viel Spielraum.;La formulation laisse trop de marge d'interprétation.;The wording leaves too much room for interpretation.
nom;C1;Sprache und Kommunikation;der Tonfall;ton, intonation;tone of voice;Nicht der Inhalt störte mich, sondern der Tonfall.;Ce n'est pas le contenu qui m'a gêné, mais le ton.;It wasn't the content that bothered me but the tone.
nom;C1;Sprache und Kommunikation;der Nachdruck;insistance, fermeté;emphasis, insistence;Sie wies mit Nachdruck auf die Frist hin.;Elle a rappelé le délai avec insistance.;She pointed out the deadline emphatically.
nom;C1;Sprache und Kommunikation;die Verständigung;entente, compréhension mutuelle;communication, understanding;Ohne gemeinsame Sprache ist die Verständigung mühsam.;Sans langue commune, l'entente est laborieuse.;Without a common language, understanding is laborious.
nom;C1;Sprache und Kommunikation;die Auslegung;interprétation (d'un texte);interpretation, reading;Dieser Satz lässt mehrere Auslegungen zu.;Cette phrase se prête à plusieurs interprétations.;This sentence allows several readings.
nom;C1;Sprache und Kommunikation;die Deutung;interprétation, lecture;interpretation;Seine Deutung des Gedichts überzeugte mich nicht.;Son interprétation du poème ne m'a pas convaincu.;His interpretation of the poem did not convince me.
nom;C1;Sprache und Kommunikation;die Übertreibung;exagération;exaggeration;Ohne Übertreibung: das war der beste Abend des Jahres.;Sans exagération : c'était la meilleure soirée de l'année.;Without exaggeration: that was the best evening of the year.
nom;C1;Sprache und Kommunikation;die Untertreibung;litote, euphémisme;understatement;Zu sagen, es sei kühl gewesen, ist eine Untertreibung.;Dire qu'il faisait frais est un euphémisme.;Saying it was chilly is an understatement.
nom;C1;Sprache und Kommunikation;die Ironie;ironie;irony;Am Telefon geht Ironie fast immer verloren.;Au téléphone, l'ironie se perd presque toujours.;On the phone, irony is almost always lost.
nom;C1;Sprache und Kommunikation;der Wortlaut;teneur exacte, texte littéral;exact wording;Im Wortlaut steht davon nichts.;Rien de tel ne figure dans le texte exact.;The exact wording says nothing of the sort.
nom;C1;Sprache und Kommunikation;das Schlagwort;slogan, mot-clé;buzzword, slogan;Das Wort ist zum leeren Schlagwort geworden.;Le mot est devenu un slogan vide.;The word has become an empty buzzword.
nom;C1;Sprache und Kommunikation;die Floskel;formule creuse;empty phrase, platitude;Seine Rede bestand fast nur aus Floskeln.;Son discours n'était presque que formules creuses.;His speech consisted almost entirely of platitudes.
nom;C1;Sprache und Kommunikation;der Zwischenton;nuance, sous-entendu;nuance, undertone;In der Debatte gingen alle Zwischentöne verloren.;Dans le débat, toutes les nuances se sont perdues.;In the debate all the nuances were lost.
nom;C1;Sprache und Kommunikation;die Redseligkeit;loquacité;talkativeness;Seine Redseligkeit ermüdete alle am Tisch.;Sa loquacité a fatigué toute la tablée.;His talkativeness wore out everyone at the table.
nom;C1;Sprache und Kommunikation;das Schweigen;silence;silence;Sein Schweigen sagte mehr als jede Antwort.;Son silence en disait plus que n'importe quelle réponse.;His silence said more than any answer.
nom;C1;Sprache und Kommunikation;die Beiläufigkeit;désinvolture, ton anodin;casualness, offhandedness;Er erwähnte die Kündigung mit gespielter Beiläufigkeit.;Il a mentionné le licenciement avec une désinvolture feinte.;He mentioned the dismissal with feigned casualness.
nom;C1;Sprache und Kommunikation;die Redewendung;expression idiomatique;idiom, set phrase;Diese Redewendung lässt sich nicht wörtlich übersetzen.;Cette expression ne se traduit pas mot à mot.;This idiom cannot be translated literally.
nom;C1;Sprache und Kommunikation;der Fachbegriff;terme technique;technical term;Der Text ist voller Fachbegriffe, die niemand erklärt.;Le texte est plein de termes techniques que personne n'explique.;The text is full of technical terms that nobody explains.
nom;C1;Sprache und Kommunikation;die Genauigkeit;précision, exactitude;accuracy, precision;In dieser Frage lohnt sich sprachliche Genauigkeit.;Sur cette question, la précision de la langue est payante.;On this question, linguistic accuracy pays off.
nom;C1;Sprache und Kommunikation;die Verallgemeinerung;généralisation;generalization;Vor solchen Verallgemeinerungen sollte man sich hüten.;Il faut se garder de telles généralisations.;One should beware of such generalizations.
nom;C1;Konflikt und Verhandlung;das Zugeständnis;concession;concession;Ohne Zugeständnisse auf beiden Seiten gibt es keine Einigung.;Sans concessions des deux côtés, il n'y a pas d'accord.;Without concessions on both sides there is no agreement.
nom;C1;Konflikt und Verhandlung;der Kompromiss;compromis;compromise;Am Ende stand ein Kompromiss, mit dem niemand ganz zufrieden war.;Au bout du compte, un compromis dont personne n'était tout à fait satisfait.;In the end there was a compromise that satisfied nobody completely.
nom;C1;Konflikt und Verhandlung;die Eskalation;escalade;escalation;Beide Seiten wollten eine weitere Eskalation vermeiden.;Les deux camps voulaient éviter une nouvelle escalade.;Both sides wanted to avoid further escalation.
nom;C1;Konflikt und Verhandlung;die Entspannung;détente, apaisement;easing, détente;Nach dem Treffen kam es zu einer spürbaren Entspannung.;Après la rencontre, une détente sensible s'est installée.;After the meeting there was a noticeable easing of tension.
nom;C1;Konflikt und Verhandlung;die Vermittlung;médiation;mediation;Erst die Vermittlung eines Dritten brachte Bewegung.;Seule la médiation d'un tiers a débloqué la situation.;Only the mediation of a third party got things moving.
nom;C1;Konflikt und Verhandlung;die Schlichtung;conciliation, arbitrage;arbitration, conciliation;Der Streit endete in einer Schlichtung.;Le litige s'est terminé par une conciliation.;The dispute ended in arbitration.
nom;C1;Konflikt und Verhandlung;die Reibung;friction, frottement;friction;Zwischen den Abteilungen gibt es ständige Reibungen.;Il y a des frictions constantes entre les services.;There is constant friction between the departments.
nom;C1;Konflikt und Verhandlung;das Beharren;obstination, refus de céder;insistence, persisting;Sein Beharren auf dem Termin machte alles schwieriger.;Son obstination sur la date a tout compliqué.;His insistence on the date made everything harder.
nom;C1;Konflikt und Verhandlung;das Nachgeben;fait de céder;giving in, yielding;Nachgeben ist hier keine Schwäche, sondern Strategie.;Céder n'est pas ici une faiblesse, mais une stratégie.;Giving in here is not weakness but strategy.
nom;C1;Konflikt und Verhandlung;das Druckmittel;moyen de pression;leverage, means of pressure;Der Streik war ihr einziges Druckmittel.;La grève était leur seul moyen de pression.;The strike was their only means of pressure.
nom;C1;Konflikt und Verhandlung;die Gegenleistung;contrepartie;quid pro quo, return favour;Er half ohne jede Gegenleistung.;Il a aidé sans aucune contrepartie.;He helped without expecting anything in return.
nom;C1;Konflikt und Verhandlung;die Absprache;arrangement, entente préalable;arrangement, agreement;Das geschah ohne vorherige Absprache mit dem Team.;Cela s'est fait sans entente préalable avec l'équipe.;That happened without prior agreement with the team.
nom;C1;Konflikt und Verhandlung;die Einigung;accord, entente;agreement, settlement;Nach zwölf Stunden kam eine Einigung zustande.;Au bout de douze heures, un accord a été trouvé.;After twelve hours an agreement was reached.
nom;C1;Konflikt und Verhandlung;der Streitpunkt;point de désaccord;point of contention;Der eigentliche Streitpunkt war das Geld, nicht die Zeit.;Le véritable point de désaccord était l'argent, pas le temps.;The real point of contention was money, not time.
nom;C1;Konflikt und Verhandlung;das Machtgefälle;rapport de force inégal;power imbalance;Zwischen Auftraggeber und Zulieferer besteht ein klares Machtgefälle.;Entre donneur d'ordre et fournisseur, le rapport de force est inégal.;There is a clear power imbalance between client and supplier.
nom;C1;Konflikt und Verhandlung;der Rückzug;retrait, repli;withdrawal, retreat;Sein Rückzug aus dem Projekt kam überraschend.;Son retrait du projet a surpris.;His withdrawal from the project came as a surprise.
nom;C1;Konflikt und Verhandlung;die Provokation;provocation;provocation;Die Bemerkung war eine bewusste Provokation.;La remarque était une provocation délibérée.;The remark was a deliberate provocation.
nom;C1;Konflikt und Verhandlung;der Vorwand;prétexte;pretext, excuse;Die Verspätung war nur ein Vorwand.;Le retard n'était qu'un prétexte.;The delay was only a pretext.
nom;C1;Konflikt und Verhandlung;das Ultimatum;ultimatum;ultimatum;Sie stellte ein Ultimatum: bis Freitag oder gar nicht.;Elle a posé un ultimatum : vendredi ou jamais.;She issued an ultimatum: by Friday or not at all.
nom;C1;Konflikt und Verhandlung;die Spannung;tension;tension;Die Spannungen im Team waren mit Händen zu greifen.;Les tensions dans l'équipe étaient palpables.;The tensions in the team were palpable.
nom;C1;Konflikt und Verhandlung;der Beleg;pièce justificative, preuve;piece of evidence, receipt;Für diese Zahl gibt es keinen einzigen Beleg.;Il n'existe pas la moindre preuve de ce chiffre.;There is not a single piece of evidence for this figure.
nom;C1;Konflikt und Verhandlung;die Hypothese;hypothèse;hypothesis;Die Hypothese ließ sich im Versuch nicht bestätigen.;L'hypothèse n'a pas pu être confirmée par l'expérience.;The hypothesis could not be confirmed in the experiment.
nom;C1;Konflikt und Verhandlung;die Objektivität;objectivité;objectivity;Vollständige Objektivität ist ein Ideal, kein Zustand.;L'objectivité complète est un idéal, pas un état.;Complete objectivity is an ideal, not a state.
nom;C1;Konflikt und Verhandlung;die Fehlerquelle;source d'erreur;source of error;Die größte Fehlerquelle war die Handeingabe.;La principale source d'erreur était la saisie manuelle.;The biggest source of error was manual entry.
nom;C1;Universität und Studium;die Erhebung;enquête, collecte de données;survey, data collection;Die Erhebung umfasste zweitausend Haushalte.;L'enquête portait sur deux mille ménages.;The survey covered two thousand households.
nom;C1;Universität und Studium;die Stichprobe;échantillon;sample;Die Stichprobe war zu klein für belastbare Aussagen.;L'échantillon était trop petit pour des conclusions solides.;The sample was too small for reliable conclusions.
nom;C1;Universität und Studium;die Auswertung;analyse, dépouillement;analysis, evaluation;Die Auswertung der Daten dauerte länger als die Erhebung.;L'analyse des données a pris plus de temps que la collecte.;Analysing the data took longer than collecting it.
nom;C1;Universität und Studium;die Nachprüfung;vérification, contrôle;re-examination, verification;Bei der Nachprüfung fiel der Fehler sofort auf.;À la vérification, l'erreur a sauté aux yeux.;On re-examination the error was immediately obvious.
nom;C1;Universität und Studium;die Vergleichbarkeit;comparabilité;comparability;Ohne gleiche Kriterien fehlt jede Vergleichbarkeit.;Sans critères identiques, toute comparabilité disparaît.;Without identical criteria there is no comparability.
nom;C1;Universität und Studium;die Reproduzierbarkeit;reproductibilité;reproducibility;Die Reproduzierbarkeit des Versuchs wurde nie geprüft.;La reproductibilité de l'expérience n'a jamais été vérifiée.;The reproducibility of the experiment was never tested.
nom;C1;Universität und Studium;der Fortschritt;progrès;progress;In diesem Bereich gab es zuletzt kaum Fortschritte.;Dans ce domaine, il n'y a eu presque aucun progrès récemment.;There has been hardly any progress in this area recently.
nom;C1;Universität und Studium;der Durchbruch;percée;breakthrough;Der Durchbruch kam von einer sehr kleinen Arbeitsgruppe.;La percée est venue d'une toute petite équipe.;The breakthrough came from a very small research team.
nom;C1;Universität und Studium;der Erkenntnisgewinn;gain de connaissance;gain in knowledge;Der Erkenntnisgewinn rechtfertigt den Aufwand kaum.;Le gain de connaissance justifie à peine l'effort.;The gain in knowledge hardly justifies the effort.
nom;C1;Universität und Studium;die Grundlagenforschung;recherche fondamentale;basic research;Grundlagenforschung zahlt sich erst nach Jahrzehnten aus.;La recherche fondamentale ne rapporte qu'après des décennies.;Basic research only pays off after decades.
nom;C1;Universität und Studium;die Fachwelt;milieu spécialisé, les spécialistes;experts, the field;Die Studie wurde in der Fachwelt kontrovers aufgenommen.;L'étude a été reçue de façon controversée par les spécialistes.;The study was received controversially by the field.
nom;C1;Universität und Studium;die Messgenauigkeit;précision de mesure;measurement accuracy;Die Messgenauigkeit liegt bei einem halben Millimeter.;La précision de mesure est d'un demi-millimètre.;The measurement accuracy is half a millimetre.
nom;C1;Universität und Studium;die Näherung;approximation;approximation;Das Ergebnis ist nur eine grobe Näherung.;Le résultat n'est qu'une approximation grossière.;The result is only a rough approximation.
nom;C1;Universität und Studium;die Vorsorge;prévention, prévoyance;prevention, precaution;Vorsorge ist billiger als jede Behandlung.;La prévention coûte moins cher que n'importe quel traitement.;Prevention is cheaper than any treatment.
nom;C1;Universität und Studium;die Aufklärung;information, éclaircissement;clarification, informing;Vor dem Eingriff ist eine ausführliche Aufklärung Pflicht.;Avant l'intervention, une information détaillée est obligatoire.;Detailed information is mandatory before the procedure.
nom;C1;Universität und Studium;die Einwilligung;consentement;consent;Ohne schriftliche Einwilligung darf nichts gespeichert werden.;Sans consentement écrit, rien ne peut être enregistré.;Nothing may be stored without written consent.
nom;C1;Universität und Studium;der Erreger;agent pathogène;pathogen;Der Erreger wurde erst Wochen später identifiziert.;L'agent pathogène n'a été identifié que des semaines plus tard.;The pathogen was identified only weeks later.
nom;C1;Universität und Studium;die Ansteckung;contagion;infection, contagion;Das Risiko einer Ansteckung bleibt gering.;Le risque de contagion reste faible.;The risk of infection remains low.
nom;C1;Universität und Studium;der Rückfall;rechute;relapse;Nach zwei Jahren kam es zu einem Rückfall.;Au bout de deux ans, il y a eu une rechute.;After two years there was a relapse.
nom;C1;Universität und Studium;die Lebenserwartung;espérance de vie;life expectancy;Die Lebenserwartung steigt seit Jahrzehnten langsam an.;L'espérance de vie augmente lentement depuis des décennies.;Life expectancy has been rising slowly for decades.
nom;C1;Universität und Studium;die Pflegebedürftigkeit;dépendance (besoin de soins);need for long-term care;Pflegebedürftigkeit trifft Familien meist unvorbereitet.;La dépendance surprend les familles le plus souvent démunies.;The need for care usually catches families unprepared.
nom;C1;Universität und Studium;die Beschwerde;"plainte ; troubles (santé)";"complaint; symptoms";Die Beschwerden verschwanden nach einer Woche.;Les troubles ont disparu au bout d'une semaine.;The symptoms disappeared after a week.
nom;C1;Universität und Studium;der Behandlungsfehler;erreur médicale;medical error;Ein Behandlungsfehler ließ sich nicht nachweisen.;Aucune erreur médicale n'a pu être prouvée.;No medical error could be proven.
nom;C1;Universität und Studium;der Nebenbefund;découverte fortuite (examen);incidental finding;Der Tumor war ein reiner Nebenbefund.;La tumeur était une pure découverte fortuite.;The tumour was purely an incidental finding.
nom;C1;Arbeit und Büro;die Laufbahn;carrière, parcours professionnel;career path;Ihre Laufbahn begann in einem kleinen Labor.;Sa carrière a commencé dans un petit laboratoire.;Her career began in a small laboratory.
nom;C1;Arbeit und Büro;der Werdegang;parcours, itinéraire;background, career history;Sein Werdegang ist alles andere als geradlinig.;Son parcours est tout sauf linéaire.;His career history is anything but straightforward.
nom;C1;Arbeit und Büro;die Belastbarkeit;résistance au stress;resilience, ability to cope;In der Anzeige stand: hohe Belastbarkeit erwünscht.;L'annonce disait : forte résistance au stress souhaitée.;The advert said: high resilience desirable.
nom;C1;Arbeit und Büro;das Betriebsklima;ambiance de travail;working atmosphere;Das Betriebsklima hat sich seit dem Wechsel gebessert.;L'ambiance de travail s'est améliorée depuis le changement.;The working atmosphere has improved since the change.
nom;C1;Arbeit und Büro;die Einarbeitung;période de formation initiale;onboarding, induction;Die Einarbeitung dauert etwa drei Monate.;La formation initiale dure environ trois mois.;The induction takes about three months.
nom;C1;Arbeit und Büro;die Fluktuation;rotation du personnel;staff turnover;Die hohe Fluktuation kostet mehr als jede Gehaltserhöhung.;La forte rotation du personnel coûte plus cher que toute augmentation.;High staff turnover costs more than any pay rise.
nom;C1;Arbeit und Büro;die Führungskraft;cadre dirigeant;manager, executive;Von einer Führungskraft erwartet man mehr als Fachwissen.;D'un cadre on attend plus que des compétences techniques.;More than technical knowledge is expected of a manager.
nom;C1;Arbeit und Büro;der Leistungsdruck;pression de la performance;pressure to perform;Der Leistungsdruck beginnt heute schon in der Schule.;La pression de la performance commence aujourd'hui dès l'école.;The pressure to perform starts at school nowadays.
nom;C1;Arbeit und Büro;die Vereinbarkeit;conciliation (vie pro / vie privée);work-life balance;Die Vereinbarkeit von Familie und Beruf bleibt schwierig.;La conciliation entre famille et travail reste difficile.;Balancing family and work remains difficult.
nom;C1;Arbeit und Büro;die Kündigungsfrist;délai de préavis;notice period;Die Kündigungsfrist beträgt drei Monate zum Quartalsende.;Le délai de préavis est de trois mois à la fin du trimestre.;The notice period is three months to the end of the quarter.
nom;C1;Arbeit und Büro;die Auslastung;taux de charge, occupation;capacity utilization, workload;Die Auslastung der Werkstatt liegt bei neunzig Prozent.;Le taux de charge de l'atelier est de quatre-vingt-dix pour cent.;The workshop is running at ninety per cent capacity.
nom;C1;Arbeit und Büro;der Arbeitsalltag;quotidien professionnel;everyday working life;Im Arbeitsalltag bleibt für solche Fragen keine Zeit.;Dans le quotidien professionnel, il ne reste pas de temps pour ces questions.;In everyday working life there is no time for such questions.
nom;C1;Arbeit und Büro;die Wertschätzung;reconnaissance, estime;appreciation, esteem;Wertschätzung kostet nichts und hält Leute länger im Betrieb.;La reconnaissance ne coûte rien et retient les gens plus longtemps.;Appreciation costs nothing and keeps people longer.
nom;C1;Arbeit und Büro;der Verbrauch;consommation;consumption;Der Verbrauch ist im letzten Jahr deutlich gesunken.;La consommation a nettement baissé l'an dernier.;Consumption fell markedly last year.
nom;C1;Arbeit und Büro;der Kreislauf;cycle, circuit;cycle, circulation;Das Material bleibt im Kreislauf und wird nie Abfall.;Le matériau reste dans le cycle et ne devient jamais un déchet.;The material stays in the cycle and never becomes waste.
nom;C1;Arbeit und Büro;die Belastung;charge, contrainte;burden, strain;Die Belastung für die Anwohner ist erheblich.;La contrainte pour les riverains est considérable.;The burden on local residents is considerable.
nom;C1;Arbeit und Büro;die Emission;émission (polluante);emission;Die Emissionen sollen bis 2030 halbiert werden.;Les émissions doivent être réduites de moitié d'ici 2030.;Emissions are to be halved by 2030.
nom;C1;Arbeit und Büro;die Erneuerung;renouvellement, rénovation;renewal;Die Erneuerung des Netzes dauert Jahre.;Le renouvellement du réseau prend des années.;Renewing the network takes years.
nom;C1;Arbeit und Büro;die Endlichkeit;caractère fini, finitude;finiteness;Die Endlichkeit der Vorräte war lange kein Thema.;La finitude des réserves n'a longtemps préoccupé personne.;The finiteness of reserves was long ignored.
nom;C1;Arbeit und Büro;die Einsparung;économie (réalisée);saving, reduction;Die Einsparungen beim Strom waren sofort messbar.;Les économies d'électricité ont été mesurables tout de suite.;The savings in electricity were immediately measurable.
nom;C1;Arbeit und Büro;die Anpassung;adaptation, ajustement;adaptation, adjustment;Ohne Anpassung an das neue Klima geht es nicht.;Sans adaptation au nouveau climat, rien n'est possible.;Without adaptation to the new climate it will not work.
nom;C1;Arbeit und Büro;die Zuwendung;"attention affectueuse ; subvention";"affection; grant";Kinder brauchen Zeit und Zuwendung, nicht Geschenke.;Les enfants ont besoin de temps et d'attention, pas de cadeaux.;Children need time and affection, not presents.
nom;C1;Arbeit und Büro;die Gepflogenheit;usage, habitude établie;custom, established practice;Das entspricht nicht den Gepflogenheiten des Hauses.;Cela ne correspond pas aux usages de la maison.;That does not match the customs of the house.
nom;C1;Arbeit und Büro;die Zumutung;exigence excessive, affront;unreasonable demand;Diese Frist ist eine echte Zumutung.;Ce délai est une exigence proprement inacceptable.;This deadline is a genuinely unreasonable demand.
nom;C1;Bildung, Wissen und Medien;der Bildungsweg;parcours scolaire;educational path;Sein Bildungsweg verlief über den zweiten Bildungsweg.;Son parcours scolaire est passé par la formation pour adultes.;His educational path went through adult education.
nom;C1;Bildung, Wissen und Medien;der Lehrplan;programme scolaire;curriculum;Der Lehrplan lässt kaum Raum für eigene Fragen.;Le programme laisse peu de place aux questions personnelles.;The curriculum leaves little room for one's own questions.
nom;C1;Bildung, Wissen und Medien;die Prüfungsordnung;règlement des examens;examination regulations;Die Prüfungsordnung sieht nur zwei Wiederholungen vor.;Le règlement des examens ne prévoit que deux redoublements.;The examination regulations allow only two retakes.
nom;C1;Bildung, Wissen und Medien;die Fachrichtung;spécialité, filière;field of study;Sie hat nach zwei Semestern die Fachrichtung gewechselt.;Elle a changé de filière après deux semestres.;She changed her field of study after two semesters.
nom;C1;Bildung, Wissen und Medien;die Nachhilfe;cours particuliers, soutien scolaire;tutoring;Ohne Nachhilfe hätte er das Jahr nicht geschafft.;Sans soutien scolaire, il n'aurait pas réussi son année.;Without tutoring he would not have passed the year.
nom;C1;Bildung, Wissen und Medien;die Wissenslücke;lacune;gap in one's knowledge;Die Prüfung legte erhebliche Wissenslücken offen.;L'examen a mis au jour des lacunes considérables.;The exam exposed considerable gaps in knowledge.
nom;C1;Bildung, Wissen und Medien;die Auffassungsgabe;faculté de compréhension;quickness of grasp;Man lobte vor allem ihre rasche Auffassungsgabe.;On a surtout loué sa rapidité de compréhension.;Her quick grasp was praised above all.
nom;C1;Bildung, Wissen und Medien;der Lernfortschritt;progrès d'apprentissage;learning progress;Der Lernfortschritt lässt sich schwer in Noten fassen.;Le progrès d'apprentissage se laisse difficilement traduire en notes.;Learning progress is hard to capture in grades.
nom;C1;Bildung, Wissen und Medien;die Fortbildung;perfectionnement professionnel;professional training;Die Fortbildung dauert drei Tage und ist verpflichtend.;La formation continue dure trois jours et est obligatoire.;The training lasts three days and is compulsory.
nom;C1;Bildung, Wissen und Medien;die Fachkenntnis;compétence technique;specialist knowledge;Für diese Stelle sind vertiefte Fachkenntnisse nötig.;Ce poste exige des compétences techniques approfondies.;This position requires in-depth specialist knowledge.
nom;C1;Bildung, Wissen und Medien;die Allgemeinbildung;culture générale;general knowledge;Allgemeinbildung ist mehr als Quizwissen.;La culture générale est plus qu'un savoir de quiz.;General knowledge is more than quiz trivia.
nom;C1;Bildung, Wissen und Medien;das Halbwissen;demi-savoir, connaissances superficielles;half-knowledge, superficial knowledge;Halbwissen ist gefährlicher als offenes Nichtwissen.;Le demi-savoir est plus dangereux que l'ignorance avouée.;Half-knowledge is more dangerous than admitted ignorance.
nom;C1;Bildung, Wissen und Medien;der Denkfehler;erreur de raisonnement;flaw in reasoning;Der Denkfehler steckt schon im ersten Satz.;L'erreur de raisonnement est déjà dans la première phrase.;The flaw in reasoning is already in the first sentence.
nom;C1;Bildung, Wissen und Medien;die Merkfähigkeit;capacité de mémorisation;ability to retain;Schlafmangel senkt die Merkfähigkeit deutlich.;Le manque de sommeil abaisse nettement la capacité de mémorisation.;Lack of sleep markedly reduces the ability to retain information.
nom;C1;Bildung, Wissen und Medien;die Öffentlichkeit;opinion publique, sphère publique;the public;Der Bericht wurde nie der Öffentlichkeit vorgelegt.;Le rapport n'a jamais été présenté au public.;The report was never presented to the public.
nom;C1;Bildung, Wissen und Medien;die Berichterstattung;couverture médiatique;reporting, coverage;Die Berichterstattung war einseitig und laut.;La couverture médiatique a été partiale et bruyante.;The reporting was one-sided and loud.
nom;C1;Bildung, Wissen und Medien;die Schlagzeile;gros titre;headline;Die Schlagzeile sagte das Gegenteil des Artikels.;Le gros titre disait le contraire de l'article.;The headline said the opposite of the article.
nom;C1;Bildung, Wissen und Medien;die Recherche;enquête journalistique;research, investigation;Die Recherche dauerte länger als die Veröffentlichung erlaubte.;L'enquête a duré plus longtemps que la publication ne le permettait.;The investigation took longer than publication allowed.
nom;C1;Bildung, Wissen und Medien;die Falschmeldung;fausse nouvelle;false report, fake news;Die Falschmeldung war schneller als die Richtigstellung.;La fausse nouvelle a été plus rapide que le démenti.;The false report travelled faster than the correction.
nom;C1;Bildung, Wissen und Medien;die Richtigstellung;rectificatif, démenti;correction, clarification;Die Richtigstellung stand auf Seite zwölf.;Le rectificatif figurait en page douze.;The correction appeared on page twelve.
nom;C1;Bildung, Wissen und Medien;die Reichweite;portée, audience;reach, audience;Der Beitrag hatte eine erstaunliche Reichweite.;Le message a eu une audience étonnante.;The post had an astonishing reach.
nom;C1;Bildung, Wissen und Medien;die Glaubwürdigkeit;crédibilité;credibility;Ein einziger Fehler kostete ihn seine Glaubwürdigkeit.;Une seule erreur lui a coûté sa crédibilité.;A single mistake cost him his credibility.
nom;C1;Bildung, Wissen und Medien;die Pressefreiheit;liberté de la presse;freedom of the press;Die Pressefreiheit steht in der Verfassung.;La liberté de la presse figure dans la constitution.;Freedom of the press is in the constitution.
nom;C1;Bildung, Wissen und Medien;die Empörung;indignation;outrage, indignation;Die Empörung hielt genau drei Tage an.;L'indignation a duré exactement trois jours.;The outrage lasted exactly three days.
nom;C1;Gefühle und Charakter;die Nachsicht;indulgence;leniency, forbearance;Er bat um Nachsicht für seinen späten Anruf.;Il a demandé de l'indulgence pour son appel tardif.;He asked for forbearance for calling so late.
nom;C1;Gefühle und Charakter;die Rücksichtnahme;égards, considération;consideration for others;Das Zusammenleben verlangt gegenseitige Rücksichtnahme.;La vie commune exige des égards réciproques.;Living together demands mutual consideration.
nom;C1;Gefühle und Charakter;der Eigensinn;entêtement, caractère buté;stubbornness, wilfulness;Sein Eigensinn hat ihn oft gerettet und oft geschadet.;Son entêtement l'a souvent sauvé et souvent desservi.;His wilfulness often saved him and often hurt him.
nom;C1;Gefühle und Charakter;die Willensstärke;force de volonté;willpower;Dazu braucht es mehr Willensstärke als Talent.;Cela demande plus de volonté que de talent.;That takes more willpower than talent.
nom;C1;Gefühle und Charakter;die Selbstbeherrschung;maîtrise de soi;self-control;Es kostete ihn einige Selbstbeherrschung, ruhig zu bleiben.;Il lui a fallu une certaine maîtrise de soi pour rester calme.;It took him some self-control to stay calm.
nom;C1;Gefühle und Charakter;die Hartnäckigkeit;ténacité, opiniâtreté;tenacity, persistence;Mit einer gewissen Hartnäckigkeit kommt man weiter.;Avec une certaine ténacité, on avance.;With a certain tenacity one gets further.
nom;C1;Gefühle und Charakter;der Leichtsinn;légèreté, imprudence;carelessness, recklessness;Das war reiner Leichtsinn, nicht Pech.;C'était de la pure imprudence, pas de la malchance.;That was sheer recklessness, not bad luck.
nom;C1;Gefühle und Charakter;der Übermut;témérité, exubérance;high spirits, overconfidence;Im Übermut hat er das Angebot ausgeschlagen.;Par excès de confiance, il a refusé l'offre.;In his overconfidence he turned the offer down.
nom;C1;Gefühle und Charakter;die Anmaßung;présomption, arrogance;presumption, arrogance;Es wäre eine Anmaßung, darüber zu urteilen.;Ce serait de la présomption que d'en juger.;It would be presumptuous to judge that.
nom;C1;Gefühle und Charakter;die Aufrichtigkeit;sincérité;sincerity;Ihre Aufrichtigkeit war unbequem, aber wertvoll.;Sa sincérité était gênante, mais précieuse.;Her sincerity was uncomfortable but valuable.
nom;C1;Gefühle und Charakter;die Verlässlichkeit;fiabilité;reliability;Verlässlichkeit zählt hier mehr als Begeisterung.;La fiabilité compte ici plus que l'enthousiasme.;Reliability counts more here than enthusiasm.
nom;C1;Gefühle und Charakter;der Übergang;transition, passage;transition;Der Übergang von der Schule ins Studium fällt vielen schwer.;La transition de l'école aux études est difficile pour beaucoup.;The transition from school to university is hard for many.
nom;C1;Gefühle und Charakter;die Abfolge;succession, enchaînement;sequence;Die Abfolge der Ereignisse ist bis heute unklar.;L'enchaînement des événements reste flou à ce jour.;The sequence of events is unclear to this day.
nom;C1;Gefühle und Charakter;die Verzögerung;retard, délai;delay;Mit Verzögerungen ist bei diesem Wetter zu rechnen.;Il faut s'attendre à des retards par ce temps.;Delays are to be expected in this weather.
nom;C1;Gefühle und Charakter;der Aufschub;sursis, report;postponement, reprieve;Die Sache duldet keinen Aufschub.;L'affaire ne souffre aucun report.;The matter brooks no delay.
nom;C1;Gefühle und Charakter;die Dringlichkeit;urgence;urgency;Die Dringlichkeit wurde erst spät erkannt.;L'urgence n'a été reconnue que tardivement.;The urgency was recognized only late.
nom;C1;Gefühle und Charakter;die Gleichzeitigkeit;simultanéité;simultaneity;Die Gleichzeitigkeit beider Krisen machte alles schwerer.;La simultanéité des deux crises a tout compliqué.;The simultaneity of both crises made everything harder.
nom;C1;Gefühle und Charakter;die Wiederkehr;retour, récurrence;recurrence, return;Die Wiederkehr derselben Fehler ist das eigentliche Problem.;La récurrence des mêmes erreurs est le vrai problème.;The recurrence of the same mistakes is the real problem.
nom;C1;Gefühle und Charakter;die Beständigkeit;constance, durabilité;constancy, durability;Beständigkeit ist seltener als Begabung.;La constance est plus rare que le don.;Constancy is rarer than talent.
nom;C1;Gefühle und Charakter;die Vergänglichkeit;caractère éphémère;transience;Das Bild handelt von der Vergänglichkeit aller Dinge.;Le tableau parle du caractère éphémère de toute chose.;The painting is about the transience of all things.
nom;C1;Gefühle und Charakter;die Gestaltung;conception, mise en forme;design, shaping;Die Gestaltung des Umschlags entschied über den Verkauf.;La conception de la couverture a décidé des ventes.;The design of the cover decided the sales.
nom;C1;Gefühle und Charakter;die Ausdruckskraft;force expressive;expressiveness;Der Text gewinnt an Ausdruckskraft, wenn man ihn kürzt.;Le texte gagne en force expressive quand on le raccourcit.;The text gains expressiveness when shortened.
nom;C1;Gefühle und Charakter;die Handschrift;"écriture ; patte, style personnel";"handwriting; signature style";Das Gebäude trägt die Handschrift eines einzigen Architekten.;Le bâtiment porte la patte d'un seul architecte.;The building bears the signature of a single architect.
nom;C1;Gefühle und Charakter;das Sinnbild;symbole, emblème;symbol, emblem;Die Brücke wurde zum Sinnbild der Versöhnung.;Le pont est devenu le symbole de la réconciliation.;The bridge became a symbol of reconciliation.
nom;C1;Technik, Form und Gestaltung;die Schnittstelle;interface;interface;Die Schnittstelle zwischen beiden Systemen ist fehleranfällig.;L'interface entre les deux systèmes est sujette aux erreurs.;The interface between the two systems is error-prone.
nom;C1;Technik, Form und Gestaltung;der Anwendungsfall;cas d'usage;use case;Für diesen Anwendungsfall ist das Werkzeug zu schwerfällig.;Pour ce cas d'usage, l'outil est trop lourd.;For this use case the tool is too cumbersome.
nom;C1;Technik, Form und Gestaltung;die Störanfälligkeit;vulnérabilité aux pannes;susceptibility to failure;Die Störanfälligkeit hat sich seit dem Update halbiert.;La vulnérabilité aux pannes a été divisée par deux depuis la mise à jour.;Susceptibility to failure has halved since the update.
nom;C1;Technik, Form und Gestaltung;die Bedienbarkeit;facilité d'utilisation;usability;An der Bedienbarkeit scheitern die meisten guten Ideen.;C'est sur la facilité d'utilisation qu'échouent la plupart des bonnes idées.;Most good ideas fail on usability.
nom;C1;Technik, Form und Gestaltung;die Verschlüsselung;chiffrement;encryption;Ohne Verschlüsselung liegt alles offen.;Sans chiffrement, tout est à découvert.;Without encryption everything lies open.
nom;C1;Technik, Form und Gestaltung;die Rechenleistung;puissance de calcul;computing power;Die Rechenleistung reicht für diese Aufgabe nicht aus.;La puissance de calcul ne suffit pas pour cette tâche.;The computing power is not sufficient for this task.
nom;C1;Technik, Form und Gestaltung;die Speicherung;stockage, enregistrement;storage;Die Speicherung der Daten ist auf zwei Jahre begrenzt.;Le stockage des données est limité à deux ans.;Storage of the data is limited to two years.
nom;C1;Technik, Form und Gestaltung;die Automatisierung;automatisation;automation;Die Automatisierung hat drei Stellen überflüssig gemacht.;L'automatisation a rendu trois postes superflus.;Automation made three positions redundant.
nom;C1;Technik, Form und Gestaltung;die Überwachung;surveillance;surveillance, monitoring;Die Überwachung des Netzes läuft rund um die Uhr.;La surveillance du réseau fonctionne jour et nuit.;Monitoring of the network runs around the clock.
nom;C1;Technik, Form und Gestaltung;die Vernetzung;mise en réseau;networking, interconnection;Die Vernetzung der Geräte bringt neue Risiken.;La mise en réseau des appareils apporte de nouveaux risques.;The interconnection of devices brings new risks.
nom;C1;Technik, Form und Gestaltung;der Ausfall;panne, défaillance;outage, failure;Der Ausfall dauerte knapp vier Stunden.;La panne a duré près de quatre heures.;The outage lasted almost four hours.
nom;C1;Technik, Form und Gestaltung;die Wartung;maintenance, entretien;maintenance;Die Wartung ist für Sonntagnacht geplant.;La maintenance est prévue pour dimanche nuit.;Maintenance is scheduled for Sunday night.
nom;C1;Technik, Form und Gestaltung;die Wirkungsweise;mode d'action, fonctionnement;mode of operation;Die Wirkungsweise des Verfahrens ist erstaunlich einfach.;Le mode d'action du procédé est étonnamment simple.;The mode of operation of the process is astonishingly simple.
nom;C1;Technik, Form und Gestaltung;die Machart;facture, manière dont c'est fait;make, construction;An der Machart erkennt man sofort das Alter des Möbels.;À la facture, on reconnaît tout de suite l'âge du meuble.;You can tell the age of the furniture at once from its make.
nom;C1;Technik, Form und Gestaltung;die Wiedergabe;restitution, reproduction;reproduction, playback;Die Wiedergabe der Farben ist erstaunlich treu.;La restitution des couleurs est étonnamment fidèle.;The colour reproduction is remarkably faithful.
nom;C1;Technik, Form und Gestaltung;die Nachahmung;imitation;imitation;Die Nachahmung ist besser gearbeitet als das Original.;L'imitation est mieux réalisée que l'original.;The imitation is better made than the original.
nom;C1;Technik, Form und Gestaltung;das Vorbild;modèle, exemple à suivre;role model, example;Sie war für viele ein Vorbild, ohne es zu wollen.;Elle a été un modèle pour beaucoup, sans le vouloir.;She was a role model for many without wanting to be.
nom;C1;Technik, Form und Gestaltung;das Meisterwerk;chef-d'œuvre;masterpiece;Das Buch gilt heute als Meisterwerk.;Le livre est aujourd'hui tenu pour un chef-d'œuvre.;The book is regarded today as a masterpiece.
nom;C1;Technik, Form und Gestaltung;der Stilbruch;rupture de style;stylistic break, clash;Der Anbau ist ein glatter Stilbruch.;L'extension est une franche rupture de style.;The extension is a blatant stylistic clash.
nom;C1;Technik, Form und Gestaltung;der Zeitgeist;esprit du temps;zeitgeist, spirit of the age;Der Film trifft den Zeitgeist genau.;Le film saisit exactement l'esprit du temps.;The film captures the spirit of the age exactly.
nom;C1;Umwelt;der Bodenschatz;ressource du sous-sol;mineral resource;Das Land lebt von seinen Bodenschätzen.;Le pays vit de ses ressources du sous-sol.;The country lives off its mineral resources.
nom;C1;Umwelt;die Rohstoffknappheit;pénurie de matières premières;shortage of raw materials;Die Rohstoffknappheit treibt die Preise seit Monaten.;La pénurie de matières premières fait monter les prix depuis des mois.;The shortage of raw materials has been driving prices for months.
nom;C1;Umwelt;die Abholzung;déboisement;deforestation;Die Abholzung hat sich in fünf Jahren verdoppelt.;Le déboisement a doublé en cinq ans.;Deforestation has doubled in five years.
nom;C1;Umwelt;die Aufforstung;reboisement;reforestation;Die Aufforstung braucht Jahrzehnte, die Abholzung einen Nachmittag.;Le reboisement demande des décennies, le déboisement un après-midi.;Reforestation takes decades, deforestation an afternoon.
nom;C1;Umwelt;die Trinkwasserversorgung;approvisionnement en eau potable;drinking water supply;Die Trinkwasserversorgung ist im Sommer angespannt.;L'approvisionnement en eau potable est tendu en été.;The drinking water supply is under strain in summer.
nom;C1;Umwelt;das Treibhausgas;gaz à effet de serre;greenhouse gas;Methan ist ein weit wirksameres Treibhausgas als CO2.;Le méthane est un gaz à effet de serre bien plus puissant que le CO2.;Methane is a far more potent greenhouse gas than CO2.
nom;C1;Umwelt;die Erderwärmung;réchauffement de la planète;global warming;Die Erderwärmung lässt sich nicht mehr aufhalten, nur bremsen.;Le réchauffement de la planète ne peut plus être arrêté, seulement freiné.;Global warming can no longer be stopped, only slowed.
nom;C1;Umwelt;die Überschwemmung;inondation;flood;Nach der Überschwemmung war der Keller wochenlang feucht.;Après l'inondation, la cave est restée humide des semaines.;After the flood the cellar stayed damp for weeks.
nom;C1;Umwelt;die Naturgewalt;force de la nature;force of nature;Gegen solche Naturgewalten hilft keine Mauer.;Contre de telles forces de la nature, aucun mur ne sert.;No wall helps against such forces of nature.
nom;C1;Umwelt;das Artensterben;extinction des espèces;species extinction;Das Artensterben verläuft schneller als je zuvor.;L'extinction des espèces se déroule plus vite que jamais.;Species extinction is proceeding faster than ever.
nom;C1;Umwelt;der Schadstoff;polluant;pollutant;Die Schadstoffe lagern sich im Boden ab.;Les polluants se déposent dans le sol.;The pollutants settle in the soil.
nom;C1;Umwelt;die Entsorgung;élimination (des déchets);disposal;Die Entsorgung alter Farben kostet extra.;L'élimination des vieilles peintures coûte un supplément.;Disposing of old paint costs extra.
nom;C1;Umwelt;die Kreislaufwirtschaft;économie circulaire;circular economy;Die Kreislaufwirtschaft ist mehr als Recycling.;L'économie circulaire est plus que du recyclage.;The circular economy is more than recycling.
nom;C1;Umwelt;die Umweltauflage;contrainte environnementale;environmental requirement;Der Neubau musste strenge Umweltauflagen erfüllen.;La construction a dû remplir de strictes contraintes environnementales.;The new building had to meet strict environmental requirements.
nom;C1;Umwelt;die Bodenerosion;érosion des sols;soil erosion;Ohne Hecken nimmt die Bodenerosion rasch zu.;Sans haies, l'érosion des sols augmente rapidement.;Without hedges soil erosion increases rapidly.
nom;C1;Umwelt;der Feinstaub;particules fines;particulate matter;An dieser Kreuzung liegt der Feinstaub dauerhaft über dem Grenzwert.;À ce carrefour, les particules fines dépassent durablement la limite.;At this junction particulate matter is permanently above the limit.
nom;C1;Umwelt;die Lärmbelastung;nuisance sonore;noise pollution;Die Lärmbelastung durch den Flughafen wurde nie gemessen.;La nuisance sonore de l'aéroport n'a jamais été mesurée.;Noise pollution from the airport was never measured.
nom;C1;Umwelt;die Renaturierung;renaturation;renaturation, rewilding;Die Renaturierung des Flusses dauert zehn Jahre.;La renaturation de la rivière prendra dix ans.;The renaturation of the river will take ten years.
nom;C1;Umwelt;die Umweltverträglichkeit;compatibilité environnementale;environmental compatibility;Die Umweltverträglichkeit wird vor dem Bau geprüft.;La compatibilité environnementale est examinée avant les travaux.;Environmental compatibility is assessed before construction.
nom;C1;Umwelt;die Ressourcenschonung;préservation des ressources;conservation of resources;Ressourcenschonung fängt beim Einkauf an.;La préservation des ressources commence à l'achat.;Conserving resources starts with what you buy.
nom;C1;Gesundheit;die Vorerkrankung;antécédent médical;pre-existing condition;Bei Vorerkrankungen ist besondere Vorsicht geboten.;En cas d'antécédents médicaux, une prudence particulière s'impose.;With pre-existing conditions particular caution is required.
nom;C1;Gesundheit;der Krankheitsverlauf;évolution de la maladie;course of the illness;Der Krankheitsverlauf war milder als befürchtet.;L'évolution de la maladie a été plus douce que redouté.;The course of the illness was milder than feared.
nom;C1;Gesundheit;das Krankheitsbild;tableau clinique;clinical picture;Das Krankheitsbild passt zu keiner bekannten Diagnose.;Le tableau clinique ne correspond à aucun diagnostic connu.;The clinical picture matches no known diagnosis.
nom;C1;Gesundheit;die Heilungschance;chance de guérison;chance of recovery;Früh erkannt sind die Heilungschancen sehr gut.;Détectées tôt, les chances de guérison sont très bonnes.;Detected early, the chances of recovery are very good.
nom;C1;Gesundheit;der Impfschutz;protection vaccinale;vaccine protection;Der Impfschutz lässt nach einigen Jahren nach.;La protection vaccinale diminue après quelques années.;Vaccine protection wanes after a few years.
nom;C1;Gesundheit;die Rehabilitation;rééducation;rehabilitation;Nach der Operation folgte eine lange Rehabilitation.;L'opération a été suivie d'une longue rééducation.;The operation was followed by a long rehabilitation.
nom;C1;Gesundheit;die Schmerzgrenze;seuil de douleur;pain threshold;Jeder hat eine andere Schmerzgrenze.;Chacun a un seuil de douleur différent.;Everyone has a different pain threshold.
nom;C1;Gesundheit;die Belastungsgrenze;limite de résistance;limit of endurance;Das Personal arbeitet seit Monaten an der Belastungsgrenze.;Le personnel travaille depuis des mois à la limite de sa résistance.;Staff have been working at their limit for months.
nom;C1;Gesundheit;die Erschöpfung;épuisement;exhaustion;Die Erschöpfung kam erst nach dem Urlaub.;L'épuisement n'est venu qu'après les vacances.;The exhaustion only came after the holiday.
nom;C1;Gesundheit;die Schlafstörung;trouble du sommeil;sleep disorder;Schlafstörungen sind oft das erste Zeichen.;Les troubles du sommeil sont souvent le premier signe.;Sleep disorders are often the first sign.
nom;C1;Gesundheit;das Suchtverhalten;conduite addictive;addictive behaviour;Suchtverhalten beginnt selten mit dem Stoff selbst.;La conduite addictive commence rarement par la substance elle-même.;Addictive behaviour rarely starts with the substance itself.
nom;C1;Gesundheit;die Abhängigkeit;dépendance;dependency, addiction;Die Abhängigkeit entwickelte sich über Jahre.;La dépendance s'est développée sur des années.;The dependency developed over years.
nom;C1;Gesundheit;der Genesungsprozess;processus de guérison;recovery process;Der Genesungsprozess verlief ohne Rückschläge.;Le processus de guérison s'est déroulé sans rechute.;The recovery process went without setbacks.
nom;C1;Gesundheit;die Selbstheilungskräfte;capacités d'auto-guérison;self-healing powers;Man sollte die Selbstheilungskräfte nicht unterschätzen.;Il ne faut pas sous-estimer les capacités d'auto-guérison.;One should not underestimate the body's self-healing powers.
nom;C1;Gesundheit;die Widerstandskraft;résistance, robustesse;resilience;Schlaf stärkt die Widerstandskraft mehr als jedes Präparat.;Le sommeil renforce la résistance plus que n'importe quel remède.;Sleep strengthens resilience more than any supplement.
nom;C1;Gesundheit;der Beipackzettel;notice (de médicament);package insert;Auf dem Beipackzettel steht alles und nichts.;La notice dit tout et rien.;The package insert says everything and nothing.
nom;C1;Gesundheit;die Bettruhe;repos au lit;bed rest;Der Arzt verordnete drei Tage Bettruhe.;Le médecin a prescrit trois jours de repos au lit.;The doctor prescribed three days of bed rest.
nom;C1;Gesundheit;die Nachsorge;suivi post-thérapeutique;aftercare;Die Nachsorge ist so wichtig wie die Behandlung.;Le suivi est aussi important que le traitement.;Aftercare is as important as the treatment.
nom;C1;Gesundheit;die Beschwerdefreiheit;absence de symptômes;freedom from symptoms;Beschwerdefreiheit bedeutet nicht Heilung.;L'absence de symptômes ne signifie pas la guérison.;Freedom from symptoms does not mean cure.
nom;C1;Gesundheit;das Nebenwirkungsprofil;profil d'effets secondaires;side-effect profile;Das Nebenwirkungsprofil ist für ältere Menschen ungünstig.;Le profil d'effets secondaires est défavorable aux personnes âgées.;The side-effect profile is unfavourable for older people.
nom;C1;Wohnen;die Wohnungsnot;crise du logement;housing shortage;In der Stadt herrscht seit Jahren Wohnungsnot.;La ville connaît une crise du logement depuis des années.;The city has had a housing shortage for years.
nom;C1;Wohnen;der Wohnraum;espace habitable, logements;living space, housing;Bezahlbarer Wohnraum wird immer knapper.;Le logement abordable se fait de plus en plus rare.;Affordable housing is becoming ever scarcer.
nom;C1;Wohnen;die Bausubstanz;structure du bâti;building fabric;Die Bausubstanz ist besser als der erste Eindruck.;La structure du bâti est meilleure que la première impression.;The building fabric is better than first impressions suggest.
nom;C1;Wohnen;die Sanierung;réhabilitation, rénovation lourde;renovation, refurbishment;Die Sanierung des Dachs dauert bis zum Herbst.;La rénovation du toit dure jusqu'à l'automne.;The roof refurbishment runs until autumn.
nom;C1;Wohnen;die Dämmung;isolation;insulation;Ohne Dämmung heizt man für die Straße.;Sans isolation, on chauffe pour la rue.;Without insulation you are heating the street.
nom;C1;Wohnen;die Erschließung;viabilisation (d'un terrain);development, servicing;Die Erschließung des Geländes kostet mehr als der Bau.;La viabilisation du terrain coûte plus cher que la construction.;Servicing the site costs more than the building.
nom;C1;Wohnen;der Bebauungsplan;plan local d'urbanisme;local development plan;Der Bebauungsplan lässt hier nur drei Stockwerke zu.;Le plan d'urbanisme n'autorise ici que trois étages.;The development plan allows only three storeys here.
nom;C1;Wohnen;der Leerstand;vacance (de logements);vacancy;Der Leerstand liegt bei acht Prozent.;Le taux de vacance est de huit pour cent.;The vacancy rate is eight per cent.
nom;C1;Wohnen;die Verdichtung;densification;densification;Die Verdichtung spart Fläche und schafft Streit.;La densification économise de l'espace et crée des conflits.;Densification saves land and creates disputes.
nom;C1;Wohnen;die Zwischennutzung;occupation temporaire;interim use;Bis zum Abriss gibt es eine Zwischennutzung als Atelier.;Jusqu'à la démolition, une occupation temporaire comme atelier est prévue.;Until demolition there is interim use as a studio.
nom;C1;Wohnen;die Instandhaltung;entretien courant;upkeep, maintenance;An der Instandhaltung wurde jahrelang gespart.;On a économisé sur l'entretien pendant des années.;Upkeep was skimped on for years.
nom;C1;Wohnen;die Modernisierung;modernisation;modernization;Nach der Modernisierung stieg die Miete deutlich.;Après la modernisation, le loyer a nettement augmenté.;After modernization the rent rose sharply.
nom;C1;Wohnen;der Denkmalschutz;protection du patrimoine;heritage protection;Das Haus steht unter Denkmalschutz.;La maison est classée au patrimoine.;The house is a listed building.
nom;C1;Wohnen;der Mietspiegel;barème des loyers;rent index;Der Mietspiegel wird alle zwei Jahre erneuert.;Le barème des loyers est renouvelé tous les deux ans.;The rent index is updated every two years.
nom;C1;Wohnen;die Untermiete;sous-location;sublet;Er wohnt zur Untermiete bei einer Kollegin.;Il est en sous-location chez une collègue.;He is subletting from a colleague.
nom;C1;Einkaufen und Geld;das Vermögen;patrimoine, fortune;assets, wealth;Das Vermögen war schneller weg als aufgebaut.;Le patrimoine a disparu plus vite qu'il ne s'est constitué.;The wealth was gone faster than it was built.
nom;C1;Einkaufen und Geld;der Zinssatz;taux d'intérêt;interest rate;Der Zinssatz ist an den Leitzins gekoppelt.;Le taux d'intérêt est indexé sur le taux directeur.;The interest rate is tied to the base rate.
nom;C1;Einkaufen und Geld;die Tilgung;amortissement (d'une dette);repayment;Die Tilgung beginnt erst im zweiten Jahr.;L'amortissement ne commence qu'à la deuxième année.;Repayment only starts in the second year.
nom;C1;Einkaufen und Geld;die Kreditwürdigkeit;solvabilité;creditworthiness;Die Bank prüft zuerst die Kreditwürdigkeit.;La banque vérifie d'abord la solvabilité.;The bank first checks creditworthiness.
nom;C1;Einkaufen und Geld;die Bürgschaft;caution, garantie;guarantee, surety;Ohne Bürgschaft der Eltern bekam sie die Wohnung nicht.;Sans la caution de ses parents, elle n'a pas obtenu l'appartement.;Without her parents' guarantee she did not get the flat.
nom;C1;Einkaufen und Geld;das Pfand;"consigne ; gage";"deposit; pledge";Auf jede Flasche kommt ein Pfand von 25 Cent.;Chaque bouteille porte une consigne de 25 centimes.;There is a 25-cent deposit on every bottle.
nom;C1;Einkaufen und Geld;die Steuererklärung;déclaration d'impôts;tax return;Die Steuererklärung ist bis Ende Juli fällig.;La déclaration d'impôts est due fin juillet.;The tax return is due by the end of July.
nom;C1;Einkaufen und Geld;die Abgabe;prélèvement, taxe;levy, duty;Auf den Lohn kommen noch die Abgaben.;Au salaire s'ajoutent encore les prélèvements.;On top of the wage come the levies.
nom;C1;Einkaufen und Geld;der Freibetrag;abattement fiscal;tax-free allowance;Bis zum Freibetrag bleibt alles steuerfrei.;Jusqu'à l'abattement, tout reste exonéré.;Up to the allowance everything remains tax-free.
nom;C1;Einkaufen und Geld;der Beitragssatz;taux de cotisation;contribution rate;Der Beitragssatz steigt zum Jahreswechsel.;Le taux de cotisation augmente au changement d'année.;The contribution rate rises at the turn of the year.
nom;C1;Einkaufen und Geld;die Altersvorsorge;prévoyance vieillesse;retirement provision;Mit der Altersvorsorge fängt man zu spät an.;On commence toujours trop tard sa prévoyance vieillesse.;People always start retirement provision too late.
nom;C1;Einkaufen und Geld;die Kapitalanlage;placement financier;investment;Die Wohnung war als Kapitalanlage gedacht.;L'appartement était pensé comme un placement.;The flat was intended as an investment.
nom;C1;Einkaufen und Geld;die Streuung;diversification, dispersion;diversification, spread;Eine breite Streuung senkt das Risiko.;Une large diversification abaisse le risque.;Broad diversification lowers the risk.
nom;C1;Einkaufen und Geld;der Wertverlust;perte de valeur;loss of value;Der Wertverlust im ersten Jahr ist am größten.;La perte de valeur est la plus forte la première année.;The loss of value is greatest in the first year.
nom;C1;Einkaufen und Geld;die Kaufkraft;pouvoir d'achat;purchasing power;Die Kaufkraft ist trotz höherer Löhne gesunken.;Le pouvoir d'achat a baissé malgré des salaires plus élevés.;Purchasing power fell despite higher wages.
nom;C1;Einkaufen und Geld;der Zahlungsverzug;retard de paiement;default, arrears;Bei Zahlungsverzug fallen Mahngebühren an.;En cas de retard de paiement, des frais de rappel s'appliquent.;In case of arrears, reminder fees apply.
nom;C1;Einkaufen und Geld;die Überziehung;découvert;overdraft;Die Überziehung des Kontos ist teuer.;Le découvert du compte coûte cher.;Overdrawing the account is expensive.
nom;C1;Einkaufen und Geld;die Rücklagenbildung;constitution de réserves;building up reserves;Ohne Rücklagenbildung übersteht kein Verein eine Flaute.;Sans constitution de réserves, aucune association ne survit à un creux.;Without building reserves no association survives a lean spell.
nom;C1;Einkaufen und Geld;die Rücklastschrift;rejet de prélèvement;returned direct debit;Jede Rücklastschrift kostet zusätzlich Gebühren.;Chaque rejet de prélèvement entraîne des frais supplémentaires.;Every returned direct debit incurs extra fees.
nom;C1;Verkehr;das Verkehrsaufkommen;trafic, volume de circulation;traffic volume;Das Verkehrsaufkommen hat sich seit 2019 kaum erholt.;Le volume de circulation ne s'est guère rétabli depuis 2019.;Traffic volume has barely recovered since 2019.
nom;C1;Verkehr;die Umleitung;déviation;diversion, detour;Die Umleitung führt durch drei Dörfer.;La déviation passe par trois villages.;The diversion goes through three villages.
nom;C1;Verkehr;die Anbindung;desserte, raccordement;connection, transport links;Die Anbindung an die Autobahn fehlt bis heute.;La desserte de l'autoroute manque encore aujourd'hui.;The link to the motorway is still missing.
nom;C1;Verkehr;die Taktung;cadencement;frequency of service;Eine dichtere Taktung würde mehr bringen als neue Züge.;Un cadencement plus serré apporterait plus que de nouveaux trains.;A tighter service frequency would help more than new trains.
nom;C1;Verkehr;die Fahrgastzahl;nombre de voyageurs;passenger numbers;Die Fahrgastzahlen steigen wieder langsam.;Le nombre de voyageurs remonte lentement.;Passenger numbers are slowly rising again.
nom;C1;Verkehr;das Streckennetz;réseau de lignes;route network;Das Streckennetz ist älter als die Fahrzeuge.;Le réseau de lignes est plus vieux que les véhicules.;The route network is older than the vehicles.
nom;C1;Verkehr;der Nahverkehr;transport de proximité;local public transport;Der Nahverkehr wird von den Städten bezahlt.;Le transport de proximité est payé par les villes.;Local transport is paid for by the cities.
nom;C1;Verkehr;der Fernverkehr;transport longue distance;long-distance transport;Im Fernverkehr gelten andere Tarife.;Le transport longue distance applique d'autres tarifs.;Different fares apply in long-distance transport.
nom;C1;Verkehr;die Ausbaustufe;phase d'aménagement;expansion stage;Die zweite Ausbaustufe ist noch nicht finanziert.;La deuxième phase d'aménagement n'est pas encore financée.;The second expansion stage is not yet funded.
nom;C1;Verkehr;die Engstelle;goulet, passage étroit;bottleneck, narrow point;An der Engstelle staut es sich jeden Morgen.;Au goulet, ça bouchonne chaque matin.;There is a jam at the bottleneck every morning.
nom;C1;Verkehr;der Umstieg;"correspondance ; passage à";change, switch;Der Umstieg in Hannover dauert nur vier Minuten.;La correspondance à Hanovre ne dure que quatre minutes.;The change in Hanover takes only four minutes.
nom;C1;Verkehr;die Verkehrswende;transition des mobilités;transport transition;Die Verkehrswende scheitert selten am Geld.;La transition des mobilités échoue rarement faute d'argent.;The transport transition rarely fails for lack of money.
nom;C1;Verkehr;das Fahrverbot;interdiction de circuler;driving ban;Für alte Diesel gilt ein Fahrverbot.;Une interdiction de circuler s'applique aux vieux diesels.;A driving ban applies to old diesel vehicles.
nom;C1;Verkehr;die Ladeinfrastruktur;infrastructure de recharge;charging infrastructure;Ohne Ladeinfrastruktur nützt das beste Auto nichts.;Sans infrastructure de recharge, la meilleure voiture ne sert à rien.;Without charging infrastructure the best car is useless.
nom;C1;Verkehr;die Verkehrssicherheit;sécurité routière;road safety;Die Verkehrssicherheit hat sich seit den Achtzigern stark verbessert.;La sécurité routière s'est fortement améliorée depuis les années quatre-vingt.;Road safety has improved greatly since the eighties.
nom;C1;Verkehr;die Vorfahrt;priorité;right of way;Von rechts hat man Vorfahrt, auch ohne Schild.;La priorité vient de droite, même sans panneau.;Traffic from the right has right of way, even without a sign.
nom;C1;Verkehr;die Ausweichroute;itinéraire de contournement;alternative route;Die Ausweichroute ist länger, aber verlässlicher.;L'itinéraire de contournement est plus long, mais plus fiable.;The alternative route is longer but more reliable.
nom;C1;Verkehr;das Pendeln;fait de faire la navette;commuting;Das tägliche Pendeln kostet ihn zwei Stunden.;La navette quotidienne lui coûte deux heures.;The daily commute costs him two hours.
nom;C1;Politik und Gesellschaft;die Amtszeit;mandat, durée de fonction;term of office;Seine zweite Amtszeit endet im Frühjahr.;Son second mandat s'achève au printemps.;His second term of office ends in spring.
nom;C1;Politik und Gesellschaft;der Machtwechsel;alternance;change of power;Der Machtwechsel verlief erstaunlich ruhig.;L'alternance s'est déroulée étonnamment calmement.;The change of power went remarkably calmly.
nom;C1;Politik und Gesellschaft;das Mehrheitsverhältnis;rapport de majorité;balance of power;Die Mehrheitsverhältnisse haben sich um zwei Sitze verschoben.;Le rapport de majorité s'est déplacé de deux sièges.;The balance shifted by two seats.
nom;C1;Politik und Gesellschaft;die Wahlbeteiligung;taux de participation;voter turnout;Die Wahlbeteiligung lag unter fünfzig Prozent.;Le taux de participation était sous les cinquante pour cent.;Voter turnout was below fifty per cent.
nom;C1;Politik und Gesellschaft;der Stimmzettel;bulletin de vote;ballot paper;Auf dem Stimmzettel standen elf Namen.;Onze noms figuraient sur le bulletin de vote.;There were eleven names on the ballot paper.
nom;C1;Politik und Gesellschaft;der Gesetzentwurf;projet de loi;draft bill;Der Gesetzentwurf wurde in erster Lesung beraten.;Le projet de loi a été débattu en première lecture.;The draft bill was debated in its first reading.
nom;C1;Politik und Gesellschaft;die Amtsführung;exercice des fonctions;conduct in office;Seine Amtsführung wird bis heute kontrovers beurteilt.;Son exercice des fonctions est encore jugé de façon controversée.;His conduct in office is still judged controversially.
nom;C1;Politik und Gesellschaft;der Rücktritt;démission;resignation;Der Rücktritt kam am selben Abend.;La démission est arrivée le soir même.;The resignation came the same evening.
nom;C1;Politik und Gesellschaft;die Vertrauensfrage;question de confiance;vote of confidence;Er stellte die Vertrauensfrage und verlor.;Il a posé la question de confiance et l'a perdue.;He called a vote of confidence and lost.
nom;C1;Politik und Gesellschaft;der Lobbyismus;lobbying;lobbying;Lobbyismus ist erlaubt, aber selten sichtbar.;Le lobbying est permis, mais rarement visible.;Lobbying is permitted but rarely visible.
nom;C1;Politik und Gesellschaft;der Machtanspruch;prétention au pouvoir;claim to power;Sein Machtanspruch war nie verborgen.;Sa prétention au pouvoir n'a jamais été dissimulée.;His claim to power was never hidden.
nom;C1;Politik und Gesellschaft;die Souveränität;souveraineté;sovereignty;Über die Souveränität wurde jahrzehntelang gestritten.;On s'est disputé des décennies sur la souveraineté.;Sovereignty was disputed for decades.
nom;C1;Politik und Gesellschaft;die Staatsangehörigkeit;nationalité;citizenship;Sie besitzt zwei Staatsangehörigkeiten.;Elle possède deux nationalités.;She holds two citizenships.
nom;C1;Politik und Gesellschaft;das Bündnis;alliance;alliance;Das Bündnis hielt genau ein Jahr.;L'alliance a tenu exactement un an.;The alliance lasted exactly one year.
nom;C1;Politik und Gesellschaft;die Sanktion;sanction;sanction;Die Sanktionen treffen selten die Verantwortlichen.;Les sanctions touchent rarement les responsables.;Sanctions rarely hit those responsible.
nom;C1;Politik und Gesellschaft;die Diplomatie;diplomatie;diplomacy;Diplomatie ist langsam und meistens unspektakulär.;La diplomatie est lente et le plus souvent sans éclat.;Diplomacy is slow and usually unspectacular.
nom;C1;Politik und Gesellschaft;die Haushaltsdebatte;débat budgétaire;budget debate;Die Haushaltsdebatte zog sich über drei Tage.;Le débat budgétaire s'est étiré sur trois jours.;The budget debate dragged on for three days.
nom;C1;Geschichte und Erinnerung;der Zeitzeuge;témoin de l'époque;contemporary witness;Die letzten Zeitzeugen sind über neunzig.;Les derniers témoins de l'époque ont plus de quatre-vingt-dix ans.;The last contemporary witnesses are over ninety.
nom;C1;Geschichte und Erinnerung;die Nachkriegszeit;après-guerre;post-war period;In der Nachkriegszeit fehlte alles außer Arbeit.;Dans l'après-guerre, tout manquait sauf le travail.;In the post-war period everything was missing except work.
nom;C1;Geschichte und Erinnerung;der Wiederaufbau;reconstruction;reconstruction;Der Wiederaufbau dauerte länger als der Krieg.;La reconstruction a duré plus longtemps que la guerre.;Reconstruction took longer than the war.
nom;C1;Geschichte und Erinnerung;die Besatzung;occupation (militaire);occupation;Die Besatzung endete offiziell 1955.;L'occupation s'est officiellement terminée en 1955.;The occupation officially ended in 1955.
nom;C1;Geschichte und Erinnerung;die Vertreibung;expulsion, déplacement forcé;expulsion;Die Vertreibung betraf Millionen Menschen.;L'expulsion a touché des millions de personnes.;The expulsion affected millions of people.
nom;C1;Geschichte und Erinnerung;die Aufarbeitung;travail de mémoire;coming to terms with the past;Die Aufarbeitung begann erst eine Generation später.;Le travail de mémoire n'a commencé qu'une génération plus tard.;Coming to terms with it only began a generation later.
nom;C1;Geschichte und Erinnerung;das Gedenken;commémoration;remembrance;Das Gedenken findet jedes Jahr im November statt.;La commémoration a lieu chaque année en novembre.;The remembrance takes place every November.
nom;C1;Geschichte und Erinnerung;das Mahnmal;mémorial (d'avertissement);memorial;Das Mahnmal steht mitten in der Stadt.;Le mémorial se dresse au centre de la ville.;The memorial stands in the middle of the city.
nom;C1;Geschichte und Erinnerung;die Überlieferung;tradition transmise;tradition, handed-down account;Die Überlieferung widerspricht den Quellen.;La tradition transmise contredit les sources.;The handed-down account contradicts the sources.
nom;C1;Geschichte und Erinnerung;die Chronik;chronique;chronicle;Die Chronik des Dorfes reicht bis 1400 zurück.;La chronique du village remonte à 1400.;The village chronicle goes back to 1400.
nom;C1;Geschichte und Erinnerung;das Zeitalter;ère, âge;era, age;Wir leben im Zeitalter der Ablenkung.;Nous vivons à l'ère de la distraction.;We live in the age of distraction.
nom;C1;Geschichte und Erinnerung;der Wendepunkt;tournant;turning point;Rückblickend war das der Wendepunkt.;Rétrospectivement, c'était le tournant.;In hindsight that was the turning point.
nom;C1;Geschichte und Erinnerung;das Vermächtnis;héritage, legs;legacy;Sein Vermächtnis ist ein Archiv, kein Denkmal.;Son legs est une archive, pas un monument.;His legacy is an archive, not a monument.
nom;C1;Geschichte und Erinnerung;die Erblast;fardeau hérité;inherited burden;Die Schulden sind eine Erblast der neunziger Jahre.;Les dettes sont un fardeau hérité des années quatre-vingt-dix.;The debts are an inherited burden from the nineties.
nom;C1;Geschichte und Erinnerung;die Zäsur;césure, rupture;caesura, watershed;Das Jahr 1989 war eine Zäsur.;L'année 1989 fut une césure.;The year 1989 was a watershed.
nom;C1;Geschichte und Erinnerung;die Wiedervereinigung;réunification;reunification;Die Wiedervereinigung veränderte beide Seiten.;La réunification a changé les deux camps.;Reunification changed both sides.
nom;C1;Geschichte und Erinnerung;die Zwangsarbeit;travail forcé;forced labour;Über die Zwangsarbeit wurde lange geschwiegen.;On a longtemps tu le travail forcé.;Forced labour was passed over in silence for a long time.
nom;C1;Ethik und Werte;das Gewissen;conscience (morale);conscience;Sein Gewissen ließ ihn nicht schlafen.;Sa conscience ne le laissait pas dormir.;His conscience would not let him sleep.
nom;C1;Ethik und Werte;das Verantwortungsbewusstsein;sens des responsabilités;sense of responsibility;Man erwartet von ihr mehr Verantwortungsbewusstsein.;On attend d'elle un plus grand sens des responsabilités.;More sense of responsibility is expected of her.
nom;C1;Ethik und Werte;die Zumutbarkeit;caractère raisonnablement exigible;reasonableness;Über die Zumutbarkeit entscheidet am Ende ein Gericht.;C'est un tribunal qui tranche en fin de compte ce qui est exigible.;In the end a court decides what is reasonable.
nom;C1;Ethik und Werte;die Menschenwürde;dignité humaine;human dignity;Die Menschenwürde steht im ersten Artikel.;La dignité humaine figure au premier article.;Human dignity is in the first article.
nom;C1;Ethik und Werte;der Gerechtigkeitssinn;sens de la justice;sense of justice;Kinder haben einen erstaunlich scharfen Gerechtigkeitssinn.;Les enfants ont un sens de la justice étonnamment aiguisé.;Children have a remarkably sharp sense of justice.
nom;C1;Ethik und Werte;die Doppelmoral;deux poids deux mesures;double standard;Das ist Doppelmoral, nichts anderes.;C'est deux poids deux mesures, rien d'autre.;That is a double standard, nothing else.
nom;C1;Ethik und Werte;die Heuchelei;hypocrisie;hypocrisy;Die Empörung war reine Heuchelei.;L'indignation n'était que pure hypocrisie.;The outrage was pure hypocrisy.
nom;C1;Ethik und Werte;die Rechtschaffenheit;probité;uprightness, integrity;Seine Rechtschaffenheit war unbestritten.;Sa probité était incontestée.;His integrity was undisputed.
nom;C1;Ethik und Werte;die Barmherzigkeit;miséricorde;mercy, compassion;Barmherzigkeit ist mehr als Mitleid.;La miséricorde est plus que la pitié.;Mercy is more than pity.
nom;C1;Ethik und Werte;die Selbstlosigkeit;désintéressement;selflessness;Ihre Selbstlosigkeit ging bis zur Erschöpfung.;Son désintéressement allait jusqu'à l'épuisement.;Her selflessness went as far as exhaustion.
nom;C1;Ethik und Werte;das Pflichtgefühl;sens du devoir;sense of duty;Aus reinem Pflichtgefühl blieb er bis zum Schluss.;Par pur sens du devoir, il est resté jusqu'au bout.;Out of sheer sense of duty he stayed to the end.
nom;C1;Ethik und Werte;das Schuldgefühl;sentiment de culpabilité;feeling of guilt;Das Schuldgefühl blieb, obwohl niemand ihm etwas vorwarf.;Le sentiment de culpabilité est resté, bien que personne ne lui reprochât rien.;The guilt remained although nobody blamed him.
nom;C1;Ethik und Werte;die Reue;remords, repentir;remorse;Von Reue war in seinem Brief nichts zu lesen.;Sa lettre ne laissait lire aucun remords.;There was no remorse to be read in his letter.
nom;C1;Ethik und Werte;die Vergebung;pardon;forgiveness;Vergebung ist kein Vergessen.;Le pardon n'est pas l'oubli.;Forgiveness is not forgetting.
nom;C1;Ethik und Werte;die Toleranz;tolérance;tolerance;Toleranz endet dort, wo sie sich selbst abschafft.;La tolérance s'arrête là où elle se supprime elle-même.;Tolerance ends where it abolishes itself.
nom;C1;Ethik und Werte;die Gleichbehandlung;égalité de traitement;equal treatment;Das Gesetz verlangt Gleichbehandlung, nicht Gleichheit.;La loi exige l'égalité de traitement, pas l'égalité.;The law demands equal treatment, not equality.
nom;C1;Ethik und Werte;die Willkür;arbitraire;arbitrariness;Ohne feste Regeln herrscht Willkür.;Sans règles fermes règne l'arbitraire.;Without firm rules, arbitrariness prevails.
nom;C1;Ethik und Werte;die Vorbehaltlosigkeit;absence de réserve;unreservedness;Er half mit einer Vorbehaltlosigkeit, die alle überraschte.;Il a aidé avec une absence de réserve qui a surpris tout le monde.;He helped with an unreservedness that surprised everyone.
nom;C1;Familie;die Zuneigung;affection;affection, fondness;Ihre Zuneigung war echt, aber leise.;Son affection était sincère, mais discrète.;Her affection was genuine but quiet.
nom;C1;Familie;die Vertrautheit;familiarité, intimité;familiarity, closeness;Nach zwanzig Jahren entsteht eine eigene Vertrautheit.;Après vingt ans naît une familiarité particulière.;After twenty years a particular closeness develops.
nom;C1;Familie;die Verbundenheit;attachement;attachment, bond;Er spricht mit großer Verbundenheit von seiner Heimat.;Il parle de sa région d'origine avec un grand attachement.;He speaks of his homeland with great attachment.
nom;C1;Familie;die Entfremdung;éloignement, aliénation;estrangement, alienation;Die Entfremdung geschah langsam und unbemerkt.;L'éloignement s'est produit lentement et sans qu'on le remarque.;The estrangement happened slowly and unnoticed.
nom;C1;Familie;die Versöhnung;réconciliation;reconciliation;Zur Versöhnung kam es erst nach dem Tod des Vaters.;La réconciliation n'a eu lieu qu'après la mort du père.;Reconciliation only came after the father's death.
nom;C1;Familie;die Fürsorglichkeit;attention bienveillante;caring nature;Seine Fürsorglichkeit wirkte manchmal erdrückend.;Sa sollicitude paraissait parfois étouffante.;His caring nature sometimes felt suffocating.
nom;C1;Familie;die Missgunst;envie, malveillance;resentment, begrudging;Hinter dem Lob steckte pure Missgunst.;Derrière l'éloge se cachait une pure malveillance.;Behind the praise lay pure resentment.
nom;C1;Familie;die Geborgenheit;sentiment de sécurité affective;sense of security;Kinder brauchen Geborgenheit mehr als Spielzeug.;Les enfants ont besoin de sécurité affective plus que de jouets.;Children need a sense of security more than toys.
nom;C1;Familie;die Bindung;lien, attachement;bond, tie;Die Bindung zwischen beiden hielt über Jahrzehnte.;Le lien entre les deux a tenu des décennies.;The bond between them lasted decades.
nom;C1;Familie;das Zerwürfnis;brouille profonde;falling-out, rift;Das Zerwürfnis dauert nun schon fünf Jahre.;La brouille dure maintenant depuis cinq ans.;The rift has now lasted five years.
nom;C1;Familie;die Wiederannäherung;rapprochement;rapprochement;Eine vorsichtige Wiederannäherung zeichnet sich ab.;Un rapprochement prudent se dessine.;A cautious rapprochement is emerging.
nom;C1;Familie;die Loyalität;loyauté;loyalty;Loyalität ist etwas anderes als Gehorsam.;La loyauté est autre chose que l'obéissance.;Loyalty is something other than obedience.
nom;C1;Familie;die Verschwiegenheit;discrétion;discretion;Auf ihre Verschwiegenheit konnte man sich verlassen.;On pouvait compter sur sa discrétion.;Her discretion could be relied upon.
nom;C1;Natur;das Landschaftsbild;paysage (aspect général);landscape appearance;Die Windräder verändern das Landschaftsbild.;Les éoliennes changent le paysage.;The wind turbines change the appearance of the landscape.
nom;C1;Natur;der Steilhang;pente raide;steep slope;Am Steilhang wächst noch alter Wein.;Sur la pente raide pousse encore de la vigne ancienne.;Old vines still grow on the steep slope.
nom;C1;Natur;die Mündung;embouchure, confluent;mouth, estuary;An der Mündung wird der Fluss plötzlich breit.;À l'embouchure, la rivière devient soudain large.;At the mouth the river suddenly becomes wide.
nom;C1;Natur;die Uferzone;zone riveraine;riparian zone;Die Uferzone steht unter Schutz.;La zone riveraine est protégée.;The riparian zone is protected.
nom;C1;Natur;der Waldrand;lisière de forêt;edge of the wood;Am Waldrand stehen die ältesten Bäume.;À la lisière de la forêt se dressent les arbres les plus vieux.;The oldest trees stand at the edge of the wood.
nom;C1;Natur;die Lichtung;clairière;clearing;Auf der Lichtung war es plötzlich still.;Dans la clairière, le silence s'est fait d'un coup.;In the clearing it suddenly became quiet.
nom;C1;Natur;die Gezeiten;marées;tides;Die Gezeiten bestimmen hier den ganzen Tagesablauf.;Les marées règlent ici toute la journée.;The tides govern the whole day here.
nom;C1;Natur;die Windrichtung;direction du vent;wind direction;Mit der Windrichtung dreht auch der Geruch.;Avec la direction du vent tourne aussi l'odeur.;The smell turns with the wind direction.
nom;C1;Natur;die Trockenheit;sécheresse;drought, dryness;Die Trockenheit hält seit April an.;La sécheresse dure depuis avril.;The drought has lasted since April.
nom;C1;Natur;die Bodenbeschaffenheit;nature du sol;soil condition;Die Bodenbeschaffenheit entscheidet über die Sorte.;La nature du sol décide du cépage.;Soil condition determines the variety.
nom;C1;Natur;die Höhenlage;altitude;altitude, elevation;In dieser Höhenlage reift der Weizen später.;À cette altitude, le blé mûrit plus tard.;At this altitude the wheat ripens later.
nom;C1;Natur;die Baumgrenze;limite des arbres;tree line;Oberhalb der Baumgrenze wächst nur noch Gras.;Au-dessus de la limite des arbres ne pousse plus que de l'herbe.;Above the tree line only grass grows.
nom;C1;Natur;die Schneeschmelze;fonte des neiges;snowmelt;Nach der Schneeschmelze führt der Bach Hochwasser.;Après la fonte des neiges, le ruisseau est en crue.;After the snowmelt the stream is in flood.
nom;C1;Natur;das Geröll;éboulis;scree, rubble;Der Weg führt über loses Geröll.;Le chemin passe sur des éboulis instables.;The path leads over loose scree.
nom;C1;Natur;das Moor;tourbière, marais;bog, moor;Das Moor speichert mehr Kohlenstoff als der Wald.;La tourbière stocke plus de carbone que la forêt.;The bog stores more carbon than the forest.
nom;C1;Natur;die Heide;lande;heath;Im August blüht die Heide violett.;En août, la lande fleurit en violet.;In August the heath blooms purple.
nom;C1;Sicherheit und Krisen;die Bedrohung;menace;threat;Die Bedrohung wurde lange unterschätzt.;La menace a longtemps été sous-estimée.;The threat was long underestimated.
nom;C1;Sicherheit und Krisen;die Abschreckung;dissuasion;deterrence;Abschreckung funktioniert nur, solange man ihr glaubt.;La dissuasion ne fonctionne que tant qu'on y croit.;Deterrence works only as long as it is believed.
nom;C1;Sicherheit und Krisen;die Aufrüstung;réarmement;arms build-up;Die Aufrüstung begann Jahre vor dem Konflikt.;Le réarmement a commencé des années avant le conflit.;The arms build-up began years before the conflict.
nom;C1;Sicherheit und Krisen;die Abrüstung;désarmement;disarmament;Über Abrüstung wird geredet, seit es Waffen gibt.;On parle de désarmement depuis qu'il existe des armes.;Disarmament has been discussed since weapons existed.
nom;C1;Sicherheit und Krisen;der Waffenstillstand;cessez-le-feu;ceasefire;Der Waffenstillstand hielt keine drei Tage.;Le cessez-le-feu n'a pas tenu trois jours.;The ceasefire did not last three days.
nom;C1;Sicherheit und Krisen;der Friedensvertrag;traité de paix;peace treaty;Ein Friedensvertrag wurde nie unterzeichnet.;Aucun traité de paix n'a jamais été signé.;A peace treaty was never signed.
nom;C1;Sicherheit und Krisen;der Zufluchtsort;lieu de refuge;place of refuge;Die Schule diente wochenlang als Zufluchtsort.;L'école a servi de refuge pendant des semaines.;The school served as a place of refuge for weeks.
nom;C1;Sicherheit und Krisen;der Krisenherd;foyer de crise;trouble spot;Die Region gilt seit Jahren als Krisenherd.;La région passe depuis des années pour un foyer de crise.;The region has been seen as a trouble spot for years.
nom;C1;Sicherheit und Krisen;die Konfliktpartei;partie au conflit;party to the conflict;Beide Konfliktparteien beanspruchen dasselbe Tal.;Les deux parties au conflit revendiquent la même vallée.;Both parties to the conflict claim the same valley.
nom;C1;Sicherheit und Krisen;die Zivilbevölkerung;population civile;civilian population;Die Zivilbevölkerung trägt die Hauptlast.;La population civile porte le fardeau principal.;The civilian population bears the main burden.
nom;C1;Sicherheit und Krisen;die Einsatzkräfte;forces d'intervention;emergency services;Die Einsatzkräfte waren nach zwölf Minuten vor Ort.;Les forces d'intervention étaient sur place en douze minutes.;The emergency services were on site in twelve minutes.
nom;C1;Sicherheit und Krisen;der Katastrophenschutz;protection civile;civil protection;Der Katastrophenschutz wurde nach der Flut neu geordnet.;La protection civile a été réorganisée après l'inondation.;Civil protection was reorganized after the flood.
nom;C1;Sicherheit und Krisen;die Vorsorgemaßnahme;mesure de précaution;precautionary measure;Die Vorsorgemaßnahmen kosteten weniger als ein einziger Schaden.;Les mesures de précaution ont coûté moins qu'un seul sinistre.;The precautions cost less than a single loss.
nom;C1;Sicherheit und Krisen;die Alarmbereitschaft;état d'alerte;state of alert;Die Feuerwehr blieb die ganze Nacht in Alarmbereitschaft.;Les pompiers sont restés en état d'alerte toute la nuit.;The fire brigade stayed on alert all night.
nom;C1;Sicherheit und Krisen;die Räumung;évacuation;evacuation, clearance;Die Räumung des Gebäudes dauerte vierzig Minuten.;L'évacuation du bâtiment a duré quarante minutes.;Clearing the building took forty minutes.
nom;C1;Sicherheit und Krisen;die Sicherheitslücke;faille de sécurité;security flaw;Die Sicherheitslücke war zwei Jahre lang bekannt.;La faille de sécurité était connue depuis deux ans.;The security flaw had been known for two years.
nom;C1;Sicherheit und Krisen;die Wiederaufbauhilfe;aide à la reconstruction;reconstruction aid;Die Wiederaufbauhilfe kam spät und in Raten.;L'aide à la reconstruction est venue tard et par tranches.;Reconstruction aid came late and in instalments.
nom;C1;Sicherheit und Krisen;die Schutzsuchende;personnes en quête de protection;people seeking protection;Die Schutzsuchenden wurden auf drei Gemeinden verteilt.;Les personnes en quête de protection ont été réparties sur trois communes.;Those seeking protection were distributed among three municipalities.
nom;C1;Konsum und Handel;das Kaufverhalten;comportement d'achat;buying behaviour;Das Kaufverhalten hat sich seit der Krise verändert.;Le comportement d'achat a changé depuis la crise.;Buying behaviour has changed since the crisis.
nom;C1;Konsum und Handel;der Verbraucherschutz;protection du consommateur;consumer protection;Der Verbraucherschutz greift erst nach dem Kauf.;La protection du consommateur n'intervient qu'après l'achat.;Consumer protection only takes effect after the purchase.
nom;C1;Konsum und Handel;das Gütesiegel;label de qualité;quality seal;Das Gütesiegel sagt weniger, als man denkt.;Le label de qualité dit moins qu'on ne croit.;The quality seal says less than you would think.
nom;C1;Konsum und Handel;die Haltbarkeit;durée de conservation;shelf life, durability;Die Haltbarkeit ist mit dem Datum nicht zu Ende.;La conservation ne s'arrête pas à la date.;Shelf life does not end with the date.
nom;C1;Konsum und Handel;die Herkunftsangabe;indication d'origine;indication of origin;Die Herkunftsangabe steht klein auf der Rückseite.;L'indication d'origine est écrite petit au dos.;The indication of origin is in small print on the back.
nom;C1;Konsum und Handel;die Massenware;produit de masse;mass-produced goods;Zwischen Massenware und Handwerk liegt der Preis.;Entre produit de masse et artisanat, il y a le prix.;Between mass goods and craft lies the price.
nom;C1;Konsum und Handel;die Wegwerfware;produit jetable;throwaway goods;Aus einem Werkzeug ist Wegwerfware geworden.;D'un outil on a fait un produit jetable.;A tool has become throwaway goods.
nom;C1;Konsum und Handel;die Preisgestaltung;politique de prix;pricing;Die Preisgestaltung ist für Kunden kaum nachvollziehbar.;La politique de prix est difficilement compréhensible pour les clients.;The pricing is barely comprehensible to customers.
nom;C1;Konsum und Handel;die Kundenbindung;fidélisation de la clientèle;customer retention;Kundenbindung kostet weniger als Neukundengewinnung.;Fidéliser coûte moins cher que conquérir.;Retaining customers costs less than winning new ones.
nom;C1;Konsum und Handel;die Werbewirkung;impact publicitaire;advertising impact;Die Werbewirkung lässt sich schwer messen.;L'impact publicitaire se mesure difficilement.;Advertising impact is hard to measure.
nom;C1;Konsum und Handel;das Markenbewusstsein;conscience de marque;brand awareness;Das Markenbewusstsein beginnt im Kindergarten.;La conscience de marque commence à la maternelle.;Brand awareness starts in kindergarten.
nom;C1;Konsum und Handel;die Gewährleistung;garantie légale;statutory warranty;Die Gewährleistung gilt zwei Jahre.;La garantie légale vaut deux ans.;The statutory warranty lasts two years.
nom;C1;Konsum und Handel;der Verpackungsmüll;déchets d'emballage;packaging waste;Der Verpackungsmüll wiegt mehr als der Inhalt.;Les déchets d'emballage pèsent plus que le contenu.;The packaging waste weighs more than the contents.
nom;C1;Konsum und Handel;die Regionalität;caractère régional;regional sourcing;Regionalität ist zum Verkaufsargument geworden.;Le caractère régional est devenu un argument de vente.;Regional sourcing has become a selling point.
nom;C1;Konsum und Handel;die Lieferkette;chaîne d'approvisionnement;supply chain;Eine einzige Fabrik hielt die ganze Lieferkette auf.;Une seule usine a bloqué toute la chaîne d'approvisionnement.;A single factory held up the whole supply chain.
nom;C1;Bühne, Text und Klang;die Inszenierung;mise en scène;staging, production;Die Inszenierung war umstrittener als das Stück.;La mise en scène a fait plus débat que la pièce.;The production was more controversial than the play.
nom;C1;Bühne, Text und Klang;die Uraufführung;création (première mondiale);world premiere;Die Uraufführung fand in einem Hinterhof statt.;La création a eu lieu dans une arrière-cour.;The world premiere took place in a backyard.
nom;C1;Bühne, Text und Klang;der Spielplan;programmation (théâtre);programme, repertoire;Der Spielplan der neuen Saison ist mutiger.;La programmation de la nouvelle saison est plus audacieuse.;The new season's programme is bolder.
nom;C1;Bühne, Text und Klang;das Bühnenbild;décor de scène;stage set;Das Bühnenbild bestand aus zwei Stühlen.;Le décor se composait de deux chaises.;The stage set consisted of two chairs.
nom;C1;Bühne, Text und Klang;die Regieanweisung;didascalie;stage direction;Die Regieanweisungen sind länger als die Dialoge.;Les didascalies sont plus longues que les dialogues.;The stage directions are longer than the dialogue.
nom;C1;Bühne, Text und Klang;die Publikumsreaktion;réaction du public;audience reaction;Die Publikumsreaktion war geteilt.;La réaction du public était partagée.;The audience reaction was divided.
nom;C1;Bühne, Text und Klang;die Rezension;critique (compte rendu);review;Die Rezension erschien drei Tage nach der Premiere.;La critique est parue trois jours après la première.;The review appeared three days after the premiere.
nom;C1;Bühne, Text und Klang;die Lesart;lecture, interprétation;reading, interpretation;Es gibt mindestens zwei Lesarten dieses Schlusses.;Il y a au moins deux lectures de cette fin.;There are at least two readings of this ending.
nom;C1;Bühne, Text und Klang;die Erzählperspektive;point de vue narratif;narrative perspective;Die Erzählperspektive wechselt mitten im Kapitel.;Le point de vue narratif change au milieu du chapitre.;The narrative perspective shifts mid-chapter.
nom;C1;Bühne, Text und Klang;der Handlungsstrang;fil narratif;plot strand;Der zweite Handlungsstrang bleibt unaufgelöst.;Le second fil narratif reste sans résolution.;The second plot strand remains unresolved.
nom;C1;Bühne, Text und Klang;die Figurenzeichnung;caractérisation des personnages;characterization;Die Figurenzeichnung ist genauer als die Handlung.;La caractérisation des personnages est plus fine que l'intrigue.;The characterization is more precise than the plot.
nom;C1;Bühne, Text und Klang;das Sprachbild;image, figure de style;figure of speech, imagery;Das Sprachbild hinkt, aber es bleibt haften.;L'image cloche, mais elle marque.;The image is imperfect but it sticks.
nom;C1;Bühne, Text und Klang;das Versmaß;mètre (poésie);metre;Das Versmaß bricht genau an dieser Stelle.;Le mètre se rompt précisément à cet endroit.;The metre breaks at exactly this point.
nom;C1;Bühne, Text und Klang;die Klangfarbe;timbre;timbre, tone colour;Die Klangfarbe des Instruments ändert alles.;Le timbre de l'instrument change tout.;The timbre of the instrument changes everything.
nom;C1;Bühne, Text und Klang;die Tonlage;registre (voix), ton;pitch, register;Er wechselte plötzlich die Tonlage.;Il a soudain changé de registre.;He suddenly changed his tone.
nom;C1;Bühne, Text und Klang;die Improvisation;improvisation;improvisation;Die beste Improvisation ist gut vorbereitet.;La meilleure improvisation est bien préparée.;The best improvisation is well prepared.
nom;C1;Bühne, Text und Klang;das Aufführungsrecht;droit de représentation;performance rights;Das Aufführungsrecht liegt beim Verlag.;Le droit de représentation appartient à l'éditeur.;The performance rights lie with the publisher.
nom;C1;Bühne, Text und Klang;das Nachspiel;suite, conséquences;aftermath, sequel;Der Abend hatte ein juristisches Nachspiel.;La soirée a eu des suites judiciaires.;The evening had a legal aftermath.
nom;C1;Erziehung und Kindheit;der Erziehungsstil;style éducatif;parenting style;Die beiden haben einen sehr unterschiedlichen Erziehungsstil.;Les deux ont un style éducatif très différent.;The two have very different parenting styles.
nom;C1;Erziehung und Kindheit;die Bezugsperson;figure de référence;attachment figure;Ein Kind braucht wenige, aber verlässliche Bezugspersonen.;Un enfant a besoin de peu de figures de référence, mais fiables.;A child needs few but reliable attachment figures.
nom;C1;Erziehung und Kindheit;die Trotzphase;période d'opposition;defiant phase;Die Trotzphase geht vorbei, versprochen.;La période d'opposition passe, promis.;The defiant phase passes, I promise.
nom;C1;Erziehung und Kindheit;die Grenzsetzung;pose de limites;setting boundaries;Grenzsetzung ist kein Gegenteil von Zuwendung.;Poser des limites n'est pas le contraire de l'attention.;Setting boundaries is not the opposite of affection.
nom;C1;Erziehung und Kindheit;der Förderbedarf;besoin de soutien scolaire;special educational need;Bei ihm wurde ein besonderer Förderbedarf festgestellt.;Un besoin de soutien particulier a été constaté chez lui.;A special educational need was identified in his case.
nom;C1;Erziehung und Kindheit;der Betreuungsschlüssel;taux d'encadrement;staff-to-child ratio;Der Betreuungsschlüssel liegt bei eins zu zwölf.;Le taux d'encadrement est de un pour douze.;The staff-to-child ratio is one to twelve.
nom;C1;Erziehung und Kindheit;der Elternabend;réunion de parents;parents' evening;Auf dem Elternabend sprach nur eine Handvoll Leute.;À la réunion de parents, seule une poignée de gens a parlé.;At the parents' evening only a handful of people spoke.
nom;C1;Erziehung und Kindheit;die Schulpflicht;obligation scolaire;compulsory schooling;Die Schulpflicht endet mit dem sechzehnten Geburtstag.;L'obligation scolaire prend fin au seizième anniversaire.;Compulsory schooling ends on the sixteenth birthday.
nom;C1;Erziehung und Kindheit;der Klassenverband;groupe classe;class group;Der Klassenverband bleibt bis zur zehnten Klasse zusammen.;Le groupe classe reste ensemble jusqu'à la dixième année.;The class group stays together until year ten.
nom;C1;Erziehung und Kindheit;die Lernumgebung;environnement d'apprentissage;learning environment;Eine ruhige Lernumgebung wirkt mehr als jede Methode.;Un environnement d'apprentissage calme agit plus que toute méthode.;A quiet learning environment does more than any method.
nom;C1;Erziehung und Kindheit;die Hausaufgabenbetreuung;aide aux devoirs;homework supervision;Die Hausaufgabenbetreuung läuft bis sechzehn Uhr.;L'aide aux devoirs fonctionne jusqu'à seize heures.;Homework supervision runs until four o'clock.
nom;C1;Erziehung und Kindheit;der Entwicklungsschritt;étape de développement;developmental step;Jeder Entwicklungsschritt kommt zu seiner eigenen Zeit.;Chaque étape de développement vient à son propre rythme.;Every developmental step comes in its own time.
nom;C1;Erziehung und Kindheit;die Selbstständigkeit;autonomie;independence;Selbstständigkeit lernt man nur, indem man sie darf.;L'autonomie ne s'apprend qu'en ayant le droit de l'exercer.;Independence is learnt only by being allowed it.
nom;C1;Erziehung und Kindheit;die Vorbildfunktion;fonction d'exemple;role-model function;Lehrkräfte haben eine Vorbildfunktion, ob sie wollen oder nicht.;Les enseignants ont une fonction d'exemple, qu'ils le veuillent ou non.;Teachers have a role-model function whether they want it or not.
nom;C1;Erziehung und Kindheit;die Aufsichtspflicht;obligation de surveillance;duty of supervision;Die Aufsichtspflicht endet am Schultor.;L'obligation de surveillance s'arrête au portail de l'école.;The duty of supervision ends at the school gate.
nom;C1;Landwirtschaft und Boden;der Ernteertrag;rendement de la récolte;crop yield;Der Ernteertrag lag ein Drittel unter dem Schnitt.;Le rendement était d'un tiers sous la moyenne.;The yield was a third below average.
nom;C1;Landwirtschaft und Boden;die Anbaufläche;surface cultivée;area under cultivation;Die Anbaufläche für Weizen ist geschrumpft.;La surface cultivée en blé a diminué.;The area under wheat has shrunk.
nom;C1;Landwirtschaft und Boden;der Fruchtwechsel;rotation des cultures;crop rotation;Ohne Fruchtwechsel laugt der Boden aus.;Sans rotation des cultures, le sol s'épuise.;Without crop rotation the soil becomes exhausted.
nom;C1;Landwirtschaft und Boden;die Viehhaltung;élevage;livestock farming;Die Viehhaltung ist der größte Posten der Emissionen.;L'élevage est le plus gros poste des émissions.;Livestock farming is the largest source of emissions.
nom;C1;Landwirtschaft und Boden;die Weidewirtschaft;économie pastorale;pasture farming;Weidewirtschaft hält die Landschaft offen.;L'économie pastorale maintient le paysage ouvert.;Pasture farming keeps the landscape open.
nom;C1;Landwirtschaft und Boden;das Düngemittel;engrais;fertilizer;Düngemittel sind seit dem Krieg doppelt so teuer.;Les engrais coûtent deux fois plus cher depuis la guerre.;Fertilizer has cost twice as much since the war.
nom;C1;Landwirtschaft und Boden;der Schädling;nuisible, ravageur;pest;Der Schädling überwintert im Boden.;Le ravageur hiverne dans le sol.;The pest overwinters in the soil.
nom;C1;Landwirtschaft und Boden;die Bewässerung;irrigation;irrigation;Ohne Bewässerung wächst hier nichts mehr.;Sans irrigation, plus rien ne pousse ici.;Without irrigation nothing grows here any more.
nom;C1;Landwirtschaft und Boden;das Saatgut;semences;seed, seed stock;Das Saatgut stammt von drei Konzernen.;Les semences proviennent de trois groupes.;The seed comes from three corporations.
nom;C1;Landwirtschaft und Boden;die Bodenfruchtbarkeit;fertilité du sol;soil fertility;Die Bodenfruchtbarkeit braucht Jahrzehnte, um sich zu erholen.;La fertilité du sol met des décennies à se rétablir.;Soil fertility takes decades to recover.
nom;C1;Landwirtschaft und Boden;der Erntehelfer;saisonnier agricole;harvest worker;Ohne Erntehelfer bleibt das Feld stehen.;Sans saisonniers, le champ reste sur pied.;Without harvest workers the field stays unpicked.
nom;C1;Landwirtschaft und Boden;die Direktvermarktung;vente directe;direct marketing, farm-gate sales;Die Direktvermarktung bringt mehr als der Großhandel.;La vente directe rapporte plus que le commerce de gros.;Direct sales bring in more than wholesale.
nom;C1;Landwirtschaft und Boden;die Hofnachfolge;reprise de la ferme;farm succession;Die Hofnachfolge ist ungeklärt.;La reprise de la ferme n'est pas réglée.;The farm succession is unresolved.
nom;C1;Landwirtschaft und Boden;die Milchleistung;production laitière;milk yield;Die Milchleistung pro Kuh hat sich verdoppelt.;La production laitière par vache a doublé.;Milk yield per cow has doubled.
nom;C1;Landwirtschaft und Boden;das Tierwohl;bien-être animal;animal welfare;Tierwohl kostet Geld, und jemand muss es zahlen.;Le bien-être animal coûte de l'argent, et quelqu'un doit le payer.;Animal welfare costs money and somebody has to pay it.
nom;C1;Landwirtschaft und Boden;der Bodenpreis;prix du foncier;land price;Die Bodenpreise haben sich in zehn Jahren verdreifacht.;Les prix du foncier ont triplé en dix ans.;Land prices have tripled in ten years.
nom;C1;Körperteile;die Beweglichkeit;souplesse, mobilité;flexibility, mobility;Mit dem Alter geht zuerst die Beweglichkeit.;Avec l'âge, c'est la souplesse qui part en premier.;With age it is flexibility that goes first.
nom;C1;Körperteile;die Ausdauer;endurance;stamina, endurance;Ausdauer baut man langsamer auf als Kraft.;L'endurance se construit plus lentement que la force.;Stamina is built more slowly than strength.
nom;C1;Körperteile;der Muskelkater;courbatures;muscle soreness;Der Muskelkater kam erst am übernächsten Tag.;Les courbatures ne sont venues que le surlendemain.;The soreness only came two days later.
nom;C1;Körperteile;die Verspannung;contracture, tension musculaire;tension, tightness;Die Verspannung im Nacken kommt vom Schreibtisch.;La contracture de la nuque vient du bureau.;The tightness in the neck comes from the desk.
nom;C1;Körperteile;die Fehlhaltung;mauvaise posture;poor posture;Jahrelange Fehlhaltung lässt sich nicht in einer Woche beheben.;Des années de mauvaise posture ne se corrigent pas en une semaine.;Years of poor posture cannot be fixed in a week.
nom;C1;Körperteile;der Gleichgewichtssinn;sens de l'équilibre;sense of balance;Der Gleichgewichtssinn lässt sich trainieren wie ein Muskel.;Le sens de l'équilibre s'entraîne comme un muscle.;The sense of balance can be trained like a muscle.
nom;C1;Körperteile;das Reaktionsvermögen;capacité de réaction;reaction time, reflexes;Müdigkeit senkt das Reaktionsvermögen stärker als ein Bier.;La fatigue diminue la capacité de réaction plus qu'une bière.;Tiredness lowers reflexes more than a beer does.
nom;C1;Körperteile;die Feinmotorik;motricité fine;fine motor skills;Die Feinmotorik entwickelt sich bis ins Schulalter.;La motricité fine se développe jusqu'à l'âge scolaire.;Fine motor skills develop up to school age.
nom;C1;Körperteile;die Körperspannung;gainage, tonus corporel;core tension, body tension;Ohne Körperspannung hilft die beste Technik nichts.;Sans gainage, la meilleure technique ne sert à rien.;Without core tension the best technique is useless.
nom;C1;Körperteile;die Atemtechnik;technique respiratoire;breathing technique;Die richtige Atemtechnik spart überraschend viel Kraft.;La bonne technique respiratoire économise étonnamment de la force.;The right breathing technique saves a surprising amount of energy.
nom;C1;Körperteile;die Dehnung;étirement;stretching;Die Dehnung gehört ans Ende, nicht an den Anfang.;L'étirement va à la fin, pas au début.;Stretching belongs at the end, not the beginning.
nom;C1;Körperteile;das Aufwärmen;échauffement;warm-up;Zehn Minuten Aufwärmen ersparen Wochen Pause.;Dix minutes d'échauffement épargnent des semaines d'arrêt.;Ten minutes of warm-up saves weeks of rest.
nom;C1;Körperteile;die Überlastung;surmenage, surcharge;overload, strain;Die Verletzung war eine klassische Überlastung.;La blessure était une surcharge classique.;The injury was a classic overload.
nom;C1;Körperteile;der Sehnenriss;rupture de tendon;torn tendon;Ein Sehnenriss bedeutet ein halbes Jahr Pause.;Une rupture de tendon signifie six mois d'arrêt.;A torn tendon means six months off.
nom;C1;Körperteile;der Bänderriss;rupture ligamentaire;torn ligament;Der Bänderriss passierte beim Landen.;La rupture ligamentaire s'est produite à la réception.;The ligament tore on landing.
nom;C1;Körperteile;die Regeneration;récupération;recovery;Regeneration ist Teil des Trainings, nicht seine Pause.;La récupération fait partie de l'entraînement, ce n'en est pas la pause.;Recovery is part of training, not a break from it.
nom;C1;Körperteile;der Trainingsplan;plan d'entraînement;training plan;Der beste Trainingsplan ist der, den man durchhält.;Le meilleur plan d'entraînement est celui qu'on tient.;The best training plan is the one you stick to.
nom;C1;Körperteile;der Wettkampfdruck;pression de la compétition;competitive pressure;Unter Wettkampfdruck verändert sich alles.;Sous la pression de la compétition, tout change.;Under competitive pressure everything changes.
nom;C1;Körperteile;die Höchstleistung;performance maximale;peak performance;Höchstleistung ist selten wiederholbar.;La performance maximale est rarement reproductible.;Peak performance is rarely repeatable.
nom;C1;Wetter;das Hochdruckgebiet;anticyclone;high-pressure system;Ein Hochdruckgebiet bringt zwei ruhige Wochen.;Un anticyclone apporte deux semaines calmes.;A high-pressure system brings two calm weeks.
nom;C1;Wetter;das Tiefdruckgebiet;dépression;low-pressure system;Das Tiefdruckgebiet zieht über die Nordsee.;La dépression passe au-dessus de la mer du Nord.;The low-pressure system moves across the North Sea.
nom;C1;Wetter;die Windstärke;force du vent;wind force;Bei Windstärke acht bleibt die Fähre im Hafen.;À force huit, le ferry reste au port.;At wind force eight the ferry stays in port.
nom;C1;Wetter;die Bewölkung;nébulosité;cloud cover;Die Bewölkung nimmt gegen Abend zu.;La nébulosité augmente vers le soir.;Cloud cover increases towards evening.
nom;C1;Wetter;die Aufheiterung;éclaircie;bright spell;Am Nachmittag gibt es kurze Aufheiterungen.;L'après-midi apporte de brèves éclaircies.;There will be brief bright spells in the afternoon.
nom;C1;Wetter;die Nebelbank;banc de brouillard;fog bank;Im Tal hält sich eine dichte Nebelbank.;Un banc de brouillard dense persiste dans la vallée.;A dense fog bank persists in the valley.
nom;C1;Wetter;die Frostgrenze;limite de gel;frost line;Die Frostgrenze sinkt auf achthundert Meter.;La limite de gel descend à huit cents mètres.;The frost line drops to eight hundred metres.
nom;C1;Wetter;der Hagelschauer;averse de grêle;hail shower;Ein kurzer Hagelschauer zerstörte die halbe Ernte.;Une brève averse de grêle a détruit la moitié de la récolte.;A brief hail shower destroyed half the harvest.
nom;C1;Wetter;die Gewitterfront;front orageux;storm front;Die Gewitterfront erreicht uns gegen Mitternacht.;Le front orageux nous atteint vers minuit.;The storm front reaches us around midnight.
nom;C1;Wetter;die Luftfeuchtigkeit;humidité de l'air;humidity;Bei dieser Luftfeuchtigkeit trocknet nichts.;Avec cette humidité, rien ne sèche.;Nothing dries in this humidity.
nom;C1;Wetter;die Temperaturschwankung;variation de température;temperature fluctuation;Die Temperaturschwankungen setzen den Reben zu.;Les variations de température éprouvent les vignes.;The temperature fluctuations take their toll on the vines.
nom;C1;Wetter;die Unwetterwarnung;alerte météo;severe weather warning;Für den Süden gilt eine Unwetterwarnung.;Une alerte météo est en vigueur pour le sud.;A severe weather warning is in force for the south.
nom;C1;Wetter;das Tauwetter;dégel;thaw;Mit dem Tauwetter steigen die Pegel.;Avec le dégel, les niveaux montent.;With the thaw the water levels rise.
nom;C1;Wetter;die Windböe;rafale;gust;Einzelne Windböen erreichen hundert Kilometer pro Stunde.;Certaines rafales atteignent cent kilomètres à l'heure.;Individual gusts reach a hundred kilometres an hour.
nom;C1;Wetter;die Schwüle;lourdeur, air moite;muggy heat;Die Schwüle entlädt sich meist am Abend.;La lourdeur se décharge le plus souvent le soir.;The muggy heat usually breaks in the evening.
nom;C1;Handwerk und Material;der Werkstoff;matériau;material;Der Werkstoff entscheidet über die Lebensdauer.;Le matériau décide de la durée de vie.;The material determines the service life.
nom;C1;Handwerk und Material;die Verarbeitung;façonnage, finition;workmanship, processing;An der Verarbeitung erkennt man den Preis.;À la finition, on reconnaît le prix.;You can tell the price from the workmanship.
nom;C1;Handwerk und Material;die Maßarbeit;travail sur mesure;custom work, precision work;Das war Maßarbeit, keine Serie.;C'était du sur-mesure, pas de la série.;That was custom work, not mass production.
nom;C1;Handwerk und Material;der Feinschliff;finition, dernière main;final polish, finishing touch;Dem Text fehlt nur noch der Feinschliff.;Il ne manque au texte que la dernière main.;The text only lacks the final polish.
nom;C1;Handwerk und Material;die Passgenauigkeit;précision d'ajustement;precision of fit;Die Passgenauigkeit liegt unter einem Zehntelmillimeter.;La précision d'ajustement est sous le dixième de millimètre.;The precision of fit is under a tenth of a millimetre.
nom;C1;Handwerk und Material;die Werkbank;établi;workbench;Auf der Werkbank liegt seit Wochen dasselbe Stück.;Sur l'établi traîne la même pièce depuis des semaines.;The same piece has been on the workbench for weeks.
nom;C1;Handwerk und Material;die Vorrichtung;dispositif, montage;device, jig;Er baute sich eine Vorrichtung, um allein zu arbeiten.;Il s'est fabriqué un dispositif pour travailler seul.;He built himself a jig so he could work alone.
nom;C1;Handwerk und Material;der Rohling;ébauche, pièce brute;blank, unfinished piece;Aus dem Rohling wird in drei Stunden ein Griff.;De l'ébauche naît une poignée en trois heures.;The blank becomes a handle in three hours.
nom;C1;Handwerk und Material;die Fertigung;fabrication;manufacturing;Die Fertigung läuft in zwei Schichten.;La fabrication tourne en deux équipes.;Manufacturing runs in two shifts.
nom;C1;Handwerk und Material;die Nachbearbeitung;reprise, retouche;post-processing, finishing;Ohne Nachbearbeitung bleibt die Kante scharf.;Sans retouche, l'arête reste coupante.;Without finishing the edge stays sharp.
nom;C1;Handwerk und Material;der Verschleiß;usure;wear;Der Verschleiß ist an der Innenseite am größten.;L'usure est la plus forte à l'intérieur.;Wear is greatest on the inside.
nom;C1;Handwerk und Material;das Bauteil;composant, pièce;component, part;Ein einziges Bauteil hält die ganze Fertigung auf.;Une seule pièce bloque toute la fabrication.;A single component holds up the whole production.
nom;C1;Handwerk und Material;die Legierung;alliage;alloy;Die Legierung ist leichter und teurer.;L'alliage est plus léger et plus cher.;The alloy is lighter and more expensive.
nom;C1;Handwerk und Material;die Beschichtung;revêtement;coating;Die Beschichtung hält zehn Jahre, das Blech dreißig.;Le revêtement tient dix ans, la tôle trente.;The coating lasts ten years, the sheet metal thirty.
nom;C1;Handwerk und Material;das Gewinde;filetage;thread;Das Gewinde ist ausgerissen.;Le filetage est arraché.;The thread is stripped.
nom;C1;Handwerk und Material;die Halterung;fixation, support;bracket, mount;Die Halterung trägt zwanzig Kilo.;La fixation supporte vingt kilos.;The bracket holds twenty kilos.
nom;C1;Meer und Küste;die Küstenlinie;littoral, trait de côte;coastline;Die Küstenlinie hat sich seit 1900 verschoben.;Le trait de côte s'est déplacé depuis 1900.;The coastline has shifted since 1900.
nom;C1;Meer und Küste;die Ebbe;marée basse;low tide;Bei Ebbe kann man bis zur Insel gehen.;À marée basse, on peut marcher jusqu'à l'île.;At low tide you can walk to the island.
nom;C1;Meer und Küste;die Brandung;ressac, brisants;surf, breakers;Die Brandung war lauter als der Wind.;Le ressac était plus bruyant que le vent.;The surf was louder than the wind.
nom;C1;Meer und Küste;die Strömung;courant;current;Die Strömung ist hier stärker, als sie aussieht.;Le courant est ici plus fort qu'il n'en a l'air.;The current here is stronger than it looks.
nom;C1;Meer und Küste;die Untiefe;haut-fond;shallows, shoal;Die Untiefen sind auf keiner alten Karte verzeichnet.;Les hauts-fonds ne figurent sur aucune vieille carte.;The shoals appear on no old chart.
nom;C1;Meer und Küste;der Seegang;état de la mer, houle;swell, sea state;Bei diesem Seegang fährt kein Boot aus.;Par cette houle, aucun bateau ne sort.;No boat goes out in this swell.
nom;C1;Meer und Küste;die Anlegestelle;embarcadère;landing stage, jetty;Die Anlegestelle wurde nach dem Sturm erneuert.;L'embarcadère a été refait après la tempête.;The landing stage was rebuilt after the storm.
nom;C1;Meer und Küste;die Reling;bastingage;railing (of a ship);Er stand die ganze Überfahrt an der Reling.;Il est resté au bastingage toute la traversée.;He stood at the railing the whole crossing.
nom;C1;Meer und Küste;der Frachter;cargo;freighter;Der Frachter wartet seit drei Tagen auf Einfahrt.;Le cargo attend depuis trois jours pour entrer.;The freighter has been waiting three days to enter.
nom;C1;Meer und Küste;die Ladung;cargaison, chargement;cargo, load;Die Ladung war schlecht gesichert.;La cargaison était mal arrimée.;The cargo was badly secured.
nom;C1;Meer und Küste;die Seenot;détresse en mer;distress at sea;Das Boot geriet in Seenot.;Le bateau s'est trouvé en détresse en mer.;The boat got into distress at sea.
nom;C1;Meer und Küste;der Leuchtturm;phare;lighthouse;Der Leuchtturm arbeitet seit 1902 ohne Pause.;Le phare fonctionne sans interruption depuis 1902.;The lighthouse has worked without pause since 1902.
nom;C1;Meer und Küste;die Fischerei;pêche (activité);fishing industry;Von der Fischerei leben noch vier Familien.;Quatre familles vivent encore de la pêche.;Four families still live from fishing.
nom;C1;Meer und Küste;die Überfischung;surpêche;overfishing;Die Überfischung ist älter als jede Quote.;La surpêche est plus ancienne que tout quota.;Overfishing is older than any quota.
nom;C1;Meer und Küste;der Meeresspiegel;niveau de la mer;sea level;Der Meeresspiegel steigt langsam, aber stetig.;Le niveau de la mer monte lentement mais sûrement.;Sea level is rising slowly but steadily.
nom;C1;Meer und Küste;das Wattenmeer;mer des Wadden, estran;Wadden Sea, tidal flats;Das Wattenmeer fällt zweimal täglich trocken.;L'estran découvre deux fois par jour.;The tidal flats fall dry twice a day.
nom;C1;Meer und Küste;das Hafenbecken;bassin portuaire;harbour basin;Im alten Hafenbecken liegen heute Wohnboote.;Dans l'ancien bassin portuaire mouillent aujourd'hui des péniches d'habitation.;House boats now lie in the old harbour basin.
nom;C1;Alter und Abschied;der Ruhestand;retraite;retirement;Sie ging mit dreiundsechzig in den Ruhestand.;Elle est partie à la retraite à soixante-trois ans.;She retired at sixty-three.
nom;C1;Alter und Abschied;das Pflegeheim;EHPAD, maison de soins;care home, nursing home;Der Platz im Pflegeheim kostet mehr als die Rente.;La place en maison de soins coûte plus que la retraite.;The place in the care home costs more than the pension.
nom;C1;Alter und Abschied;die Betreuungskraft;auxiliaire de vie;care worker;Eine Betreuungskraft kommt dreimal die Woche.;Une auxiliaire de vie vient trois fois par semaine.;A care worker comes three times a week.
nom;C1;Alter und Abschied;die Patientenverfügung;directives anticipées;advance directive;Ohne Patientenverfügung entscheiden andere.;Sans directives anticipées, d'autres décident.;Without an advance directive others decide.
nom;C1;Alter und Abschied;die Nachlassregelung;règlement de la succession;estate settlement;Die Nachlassregelung zog sich über zwei Jahre.;Le règlement de la succession s'est étiré sur deux ans.;The estate settlement dragged on for two years.
nom;C1;Alter und Abschied;die Trauerfeier;cérémonie funéraire;funeral service;Die Trauerfeier fand im engsten Kreis statt.;La cérémonie funéraire a eu lieu dans l'intimité.;The funeral service was held in the closest circle.
nom;C1;Alter und Abschied;das Beileid;condoléances;condolences;Er sprach der Familie sein Beileid aus.;Il a présenté ses condoléances à la famille.;He expressed his condolences to the family.
nom;C1;Alter und Abschied;der Nachruf;nécrologie, hommage;obituary;Der Nachruf stand am nächsten Morgen in der Zeitung.;La nécrologie était dans le journal le lendemain matin.;The obituary was in the paper the next morning.
nom;C1;Alter und Abschied;der Lebensabend;fin de vie, vieux jours;twilight years;Sie verbrachte ihren Lebensabend am Meer.;Elle a passé ses vieux jours au bord de la mer.;She spent her twilight years by the sea.
nom;C1;Alter und Abschied;die Vereinsamung;isolement, solitude subie;isolation, loneliness;Die Vereinsamung im Alter ist selten ein Thema.;L'isolement des personnes âgées est rarement un sujet.;Loneliness in old age is rarely a topic.
nom;C1;Alter und Abschied;die Gebrechlichkeit;fragilité (grand âge);frailty;Die Gebrechlichkeit kam schneller als erwartet.;La fragilité est venue plus vite que prévu.;Frailty came faster than expected.
nom;C1;Alter und Abschied;der Rentenanspruch;droit à la retraite;pension entitlement;Der Rentenanspruch entsteht nach fünf Beitragsjahren.;Le droit à la retraite naît après cinq ans de cotisation.;Pension entitlement arises after five contribution years.
nom;C1;Alter und Abschied;der Generationenwechsel;changement de génération;generational change;Im Betrieb steht der Generationenwechsel an.;L'entreprise est à la veille d'un changement de génération.;The business faces a generational change.
nom;C1;Küche und Kochen;die Garzeit;temps de cuisson;cooking time;Die Garzeit verdoppelt sich bei doppelter Menge nicht.;Le temps de cuisson ne double pas quand la quantité double.;Cooking time does not double when the quantity does.
nom;C1;Küche und Kochen;das Röstaroma;arôme de torréfaction;roasted aroma;Das Röstaroma entsteht erst über hundertsechzig Grad.;L'arôme de torréfaction n'apparaît qu'au-dessus de cent soixante degrés.;The roasted aroma only develops above one hundred and sixty degrees.
nom;C1;Küche und Kochen;die Konsistenz;consistance, texture;consistency, texture;Die Konsistenz soll cremig sein, nicht flüssig.;La consistance doit être crémeuse, pas liquide.;The consistency should be creamy, not runny.
nom;C1;Küche und Kochen;die Würzung;assaisonnement;seasoning;Die Würzung kommt zum Schluss, nicht am Anfang.;L'assaisonnement vient à la fin, pas au début.;The seasoning comes at the end, not the beginning.
nom;C1;Küche und Kochen;die Marinade;marinade;marinade;Die Marinade braucht mindestens vier Stunden.;La marinade demande au moins quatre heures.;The marinade needs at least four hours.
nom;C1;Küche und Kochen;die Beilage;garniture, accompagnement;side dish;Als Beilage gibt es Kartoffeln oder Brot.;Comme accompagnement, il y a des pommes de terre ou du pain.;As a side dish there are potatoes or bread.
nom;C1;Küche und Kochen;die Nachspeise;dessert;dessert;Zur Nachspeise reicht ein Stück Obst.;Comme dessert, un fruit suffit.;A piece of fruit is enough for dessert.
nom;C1;Küche und Kochen;die Schnittführung;manière de couper;cutting technique;Bei Fisch entscheidet die Schnittführung über alles.;Pour le poisson, la manière de couper décide de tout.;With fish the cutting technique decides everything.
nom;C1;Küche und Kochen;die Bräunung;coloration, brunissement;browning;Die Bräunung bringt den Geschmack, nicht die Hitze allein.;C'est le brunissement qui apporte le goût, pas la chaleur seule.;Browning brings the flavour, not heat alone.
nom;C1;Küche und Kochen;der Aufguss;infusion;infusion;Der zweite Aufguss schmeckt milder.;La seconde infusion a un goût plus doux.;The second infusion tastes milder.
nom;C1;Küche und Kochen;der Sud;bouillon de cuisson, court-bouillon;stock, broth;Den Sud nicht wegschütten, er ist das Beste daran.;Ne pas jeter le bouillon, c'est le meilleur.;Do not throw away the stock, it is the best part.
nom;C1;Küche und Kochen;die Teigführung;conduite de la pâte;dough handling;Eine lange Teigführung macht das Brot bekömmlicher.;Une longue conduite de la pâte rend le pain plus digeste.;A long dough process makes the bread easier to digest.
nom;C1;Küche und Kochen;die Gärung;fermentation;fermentation;Die Gärung dauert bei Kälte doppelt so lange.;La fermentation dure deux fois plus longtemps au froid.;Fermentation takes twice as long in the cold.
nom;C1;Küche und Kochen;die Reifung;affinage, maturation;maturation, ageing;Die Reifung im Keller dauert achtzehn Monate.;L'affinage en cave dure dix-huit mois.;Maturation in the cellar takes eighteen months.
nom;C1;Küche und Kochen;die Haltbarmachung;conservation (procédé);preserving;Salz war die älteste Form der Haltbarmachung.;Le sel était la plus ancienne forme de conservation.;Salt was the oldest form of preserving.
nom;C1;Küche und Kochen;das Einkochen;mise en conserve, stérilisation;bottling, preserving;Das Einkochen lohnt sich erst ab einer größeren Menge.;La mise en conserve ne vaut la peine qu'à partir d'une certaine quantité.;Bottling is only worth it from a larger quantity.
nom;C1;Küche und Kochen;die Portionsgröße;taille des portions;portion size;Die Portionsgröße ist seit den Neunzigern gewachsen.;La taille des portions a grandi depuis les années quatre-vingt-dix.;Portion sizes have grown since the nineties.
nom;C1;Küche und Kochen;die Speisenfolge;ordre des plats;sequence of courses;Die Speisenfolge stand auf einer Karte am Platz.;L'ordre des plats figurait sur une carte à chaque place.;The sequence of courses was on a card at each place.
nom;C1;Kleidung;das Schnittmuster;patron (couture);sewing pattern;Das Schnittmuster stammt aus den Fünfzigern.;Le patron date des années cinquante.;The pattern dates from the fifties.
nom;C1;Kleidung;die Naht;couture (ligne);seam;Die Naht ist an der Schulter aufgegangen.;La couture a lâché à l'épaule.;The seam has come apart at the shoulder.
nom;C1;Kleidung;der Saum;ourlet;hem;Der Saum lässt sich noch zwei Zentimeter auslassen.;L'ourlet peut encore être rallongé de deux centimètres.;The hem can be let down another two centimetres.
nom;C1;Kleidung;das Futter;doublure;lining;Das Futter ist schneller kaputt als der Stoff.;La doublure s'abîme plus vite que le tissu.;The lining wears out faster than the fabric.
nom;C1;Kleidung;das Bündchen;bord-côte, poignet;cuff, ribbed band;Die Bündchen sind ausgeleiert.;Les bords-côtes sont détendus.;The cuffs have lost their shape.
nom;C1;Kleidung;das Gewebe;tissu, étoffe;fabric, weave;Das Gewebe ist dicht und trotzdem leicht.;Le tissu est dense et pourtant léger.;The fabric is dense and yet light.
nom;C1;Kleidung;der Faserstoff;matière fibreuse;fibre material;Der Faserstoff bestimmt, wie das Kleid fällt.;La matière détermine comment la robe tombe.;The fibre determines how the dress hangs.
nom;C1;Kleidung;die Verarbeitungsqualität;qualité de fabrication;quality of workmanship;Die Verarbeitungsqualität sieht man an der Innenseite.;La qualité de fabrication se voit à l'intérieur.;You can see the quality of workmanship on the inside.
nom;C1;Kleidung;die Passform;coupe, tombé;fit;Die Passform stimmt, die Farbe nicht.;La coupe est bonne, la couleur non.;The fit is right, the colour is not.
nom;C1;Kleidung;die Knitterfalte;faux pli;crease;Leinen hat immer Knitterfalten, das gehört dazu.;Le lin fait toujours des faux plis, cela en fait partie.;Linen always creases, that is part of it.
nom;C1;Kleidung;die Farbechtheit;solidité des couleurs;colourfastness;Die Farbechtheit wurde nach dritter Wäsche geprüft.;La solidité des couleurs a été vérifiée après trois lavages.;Colourfastness was tested after three washes.
nom;C1;Kleidung;der Tragekomfort;confort de port;comfort to wear;Beim Tragekomfort schlägt Baumwolle alles.;Pour le confort, le coton bat tout.;For comfort cotton beats everything.
nom;C1;Kleidung;die Maßanfertigung;confection sur mesure;made-to-measure;Eine Maßanfertigung kostet dreimal so viel und hält zehnmal so lange.;Un sur-mesure coûte trois fois plus et dure dix fois plus.;Made-to-measure costs three times as much and lasts ten times as long.
nom;C1;Kleidung;die Kleiderordnung;code vestimentaire;dress code;Eine förmliche Kleiderordnung gibt es hier nicht mehr.;Il n'y a plus ici de code vestimentaire formel.;There is no formal dress code here any more.
nom;C1;Kleidung;das Erscheinungsbild;apparence, image;appearance, image;Das Erscheinungsbild zählt beim ersten Termin am meisten.;L'apparence compte le plus au premier rendez-vous.;Appearance counts most at the first meeting.
nom;C1;Kleidung;die Modeerscheinung;phénomène de mode;fad, passing fashion;Das war eine Modeerscheinung, keine Entwicklung.;C'était un phénomène de mode, pas une évolution.;That was a fad, not a development.
nom;C1;Kleidung;die Handarbeit;travail à la main;handwork, handmade;Jeder Knopf ist Handarbeit.;Chaque bouton est fait à la main.;Every button is handmade.
nom;C1;Kleidung;das Auftreten;prestance, manière de se présenter;demeanour, bearing;Ihr sicheres Auftreten überzeugte das Gremium.;Sa prestance assurée a convaincu le comité.;Her confident bearing convinced the panel.
nom;C1;Dienstleistung und Kundschaft;die Auftragslage;carnet de commandes;order situation;Die Auftragslage ist besser als im Vorjahr.;Le carnet de commandes est meilleur que l'an dernier.;The order situation is better than last year.
nom;C1;Dienstleistung und Kundschaft;die Terminvereinbarung;prise de rendez-vous;appointment booking;Ohne Terminvereinbarung wird niemand empfangen.;Sans rendez-vous, personne n'est reçu.;Nobody is seen without an appointment.
nom;C1;Dienstleistung und Kundschaft;der Kostenvoranschlag;devis;cost estimate, quote;Der Kostenvoranschlag ist unverbindlich.;Le devis est sans engagement.;The quote is non-binding.
nom;C1;Dienstleistung und Kundschaft;die Nachbesserung;reprise, mise en conformité;rectification;Die Nachbesserung ist kostenlos.;La reprise est gratuite.;Rectification is free of charge.
nom;C1;Dienstleistung und Kundschaft;die Serviceleistung;prestation de service;service provided;Welche Serviceleistungen im Preis enthalten sind, steht klein gedruckt.;Quelles prestations sont comprises dans le prix est écrit en petit.;Which services are included is in the small print.
nom;C1;Dienstleistung und Kundschaft;die Bereitschaft;astreinte, disponibilité;on-call duty, willingness;Er hat dieses Wochenende Bereitschaft.;Il est d'astreinte ce week-end.;He is on call this weekend.
nom;C1;Dienstleistung und Kundschaft;die Kulanz;geste commercial;goodwill;Aus Kulanz wurde das Gerät trotzdem getauscht.;Par geste commercial, l'appareil a été échangé malgré tout.;As a goodwill gesture the device was exchanged anyway.
nom;C1;Dienstleistung und Kundschaft;das Beschwerdemanagement;gestion des réclamations;complaints handling;Ein gutes Beschwerdemanagement hält mehr Kunden als jede Werbung.;Une bonne gestion des réclamations retient plus de clients que la publicité.;Good complaints handling keeps more customers than any advertising.
nom;C1;Dienstleistung und Kundschaft;die Wartezeit;temps d'attente;waiting time;Die Wartezeit beträgt derzeit sechs Wochen.;Le temps d'attente est actuellement de six semaines.;The waiting time is currently six weeks.
nom;C1;Dienstleistung und Kundschaft;die Erreichbarkeit;joignabilité, accessibilité;availability, reachability;Die telefonische Erreichbarkeit endet um sechzehn Uhr.;La joignabilité téléphonique s'arrête à seize heures.;Telephone availability ends at four o'clock.
nom;C1;Dienstleistung und Kundschaft;die Fachberatung;conseil spécialisé;specialist advice;Die Fachberatung kostet nichts und spart oft Hunderte.;Le conseil spécialisé ne coûte rien et fait souvent économiser des centaines.;Specialist advice costs nothing and often saves hundreds.
nom;C1;Dienstleistung und Kundschaft;die Abwicklung;traitement, exécution (d'un dossier);processing, handling;Die Abwicklung des Schadens dauerte drei Monate.;Le traitement du sinistre a duré trois mois.;Processing the claim took three months.
nom;C1;Dienstleistung und Kundschaft;die Vertragslaufzeit;durée du contrat;contract term;Die Vertragslaufzeit verlängert sich automatisch.;La durée du contrat se prolonge automatiquement.;The contract term extends automatically.
nom;C1;Dienstleistung und Kundschaft;die Selbstbeteiligung;franchise (assurance);excess, deductible;Bei dieser Police liegt die Selbstbeteiligung bei dreihundert Euro.;Sur cette police, la franchise est de trois cents euros.;The excess on this policy is three hundred euros.
nom;C1;Dienstleistung und Kundschaft;die Zusatzleistung;prestation supplémentaire;additional service;Jede Zusatzleistung wird gesondert berechnet.;Chaque prestation supplémentaire est facturée à part.;Every additional service is billed separately.
nom;C1;Dienstleistung und Kundschaft;die Stornierung;annulation;cancellation;Eine Stornierung ist bis vierzehn Tage vorher kostenfrei.;Une annulation est gratuite jusqu'à quatorze jours avant.;Cancellation is free up to fourteen days beforehand.
nom;C1;Glaube und Sinn;die Glaubensgemeinschaft;communauté religieuse;faith community;Die Glaubensgemeinschaft zählt hier vierzig Mitglieder.;La communauté religieuse compte ici quarante membres.;The faith community here has forty members.
nom;C1;Glaube und Sinn;die Andacht;office, recueillement;devotion, short service;Die Andacht dauert nur zwanzig Minuten.;L'office ne dure que vingt minutes.;The service lasts only twenty minutes.
nom;C1;Glaube und Sinn;die Predigt;sermon, prêche;sermon;Die Predigt war kürzer als sonst.;Le sermon a été plus court que d'habitude.;The sermon was shorter than usual.
nom;C1;Glaube und Sinn;das Gebet;prière;prayer;Vor dem Essen sprach der Großvater ein Gebet.;Avant le repas, le grand-père disait une prière.;Before the meal the grandfather said a prayer.
nom;C1;Glaube und Sinn;der Segen;bénédiction;blessing;Am Ende gab es den Segen für alle.;À la fin, il y a eu la bénédiction pour tous.;At the end there was a blessing for everyone.
nom;C1;Glaube und Sinn;der Ritus;rite;rite;Der Ritus hat sich in tausend Jahren kaum verändert.;Le rite n'a guère changé en mille ans.;The rite has hardly changed in a thousand years.
nom;C1;Glaube und Sinn;der Feiertagsbrauch;coutume de fête;holiday custom;Jede Region hat ihre eigenen Feiertagsbräuche.;Chaque région a ses propres coutumes de fête.;Every region has its own holiday customs.
nom;C1;Glaube und Sinn;die Wallfahrt;pèlerinage;pilgrimage;Die Wallfahrt führt über achtzig Kilometer.;Le pèlerinage court sur quatre-vingts kilomètres.;The pilgrimage covers eighty kilometres.
nom;C1;Glaube und Sinn;die Klosteranlage;ensemble monastique;monastery complex;Die Klosteranlage steht seit 1803 leer.;L'ensemble monastique est vide depuis 1803.;The monastery complex has stood empty since 1803.
nom;C1;Glaube und Sinn;die Geistlichkeit;clergé;clergy;Die Geistlichkeit hielt sich aus der Debatte heraus.;Le clergé s'est tenu à l'écart du débat.;The clergy stayed out of the debate.
nom;C1;Glaube und Sinn;das Bekenntnis;confession, aveu de foi;confession, creed;Sein öffentliches Bekenntnis überraschte alle.;Sa confession publique a surpris tout le monde.;His public confession surprised everyone.
nom;C1;Glaube und Sinn;die Frömmigkeit;piété;piety;Ihre Frömmigkeit war still und ohne Zeigen.;Sa piété était discrète et sans ostentation.;Her piety was quiet and unshown.
nom;C1;Glaube und Sinn;die Nächstenliebe;amour du prochain;charity, love of neighbour;Nächstenliebe ist unbequemer, als sie klingt.;L'amour du prochain est plus inconfortable qu'il n'y paraît.;Love of neighbour is more uncomfortable than it sounds.
nom;C1;Glaube und Sinn;die Sinnsuche;quête de sens;search for meaning;Die Sinnsuche beginnt oft nach einem Verlust.;La quête de sens commence souvent après une perte.;The search for meaning often starts after a loss.
nom;C1;Glaube und Sinn;die Weltanschauung;conception du monde;worldview;Zwei Weltanschauungen prallen hier aufeinander.;Deux conceptions du monde s'affrontent ici.;Two worldviews collide here.
nom;C1;Glaube und Sinn;der Aberglaube;superstition;superstition;Der Aberglaube hält sich hartnäckiger als das Wissen.;La superstition tient plus obstinément que le savoir.;Superstition persists more stubbornly than knowledge.
nom;C1;Glaube und Sinn;das Gotteshaus;édifice religieux;house of worship;Das Gotteshaus dient heute als Konzertsaal.;L'édifice religieux sert aujourd'hui de salle de concert.;The house of worship now serves as a concert hall.
nom;C1;Glaube und Sinn;die Seelsorge;accompagnement spirituel;pastoral care;Im Krankenhaus gibt es Seelsorge rund um die Uhr.;À l'hôpital, l'accompagnement spirituel est assuré jour et nuit.;The hospital offers pastoral care around the clock.
nom;C1;Stadt und Gebäude;das Stadtviertel;quartier;district, neighbourhood;Das Stadtviertel hat sich in zehn Jahren völlig verändert.;Le quartier a complètement changé en dix ans.;The neighbourhood has changed completely in ten years.
nom;C1;Stadt und Gebäude;die Grünfläche;espace vert;green space;Pro Einwohner bleiben vier Quadratmeter Grünfläche.;Il reste quatre mètres carrés d'espace vert par habitant.;Four square metres of green space remain per inhabitant.
nom;C1;Stadt und Gebäude;die Verkehrsberuhigung;apaisement de la circulation;traffic calming;Die Verkehrsberuhigung hat den Lärm halbiert.;L'apaisement de la circulation a réduit le bruit de moitié.;Traffic calming has halved the noise.
nom;C1;Stadt und Gebäude;die Anwohnerschaft;riverains;local residents;Die Anwohnerschaft wurde zu spät gefragt.;Les riverains ont été consultés trop tard.;Local residents were consulted too late.
nom;C1;Stadt und Gebäude;die Aufwertung;revalorisation, gentrification;upgrading, gentrification;Die Aufwertung des Viertels vertreibt genau die, die es geprägt haben.;La revalorisation du quartier chasse justement ceux qui l'ont façonné.;The upgrading of the district drives out exactly those who shaped it.
nom;C1;Stadt und Gebäude;der Straßenzug;enfilade de rues, îlot;row of streets, block;Der ganze Straßenzug stammt aus derselben Zeit.;Toute l'enfilade de rues date de la même époque.;The whole row of streets dates from the same period.
nom;C1;Stadt und Gebäude;der Gehweg;trottoir;pavement, sidewalk;Der Gehweg ist zu schmal für zwei Kinderwagen.;Le trottoir est trop étroit pour deux poussettes.;The pavement is too narrow for two prams.
nom;C1;Stadt und Gebäude;die Sichtachse;perspective visuelle;sight line, visual axis;Der Neubau zerstört die alte Sichtachse zum Dom.;La construction neuve détruit l'ancienne perspective vers la cathédrale.;The new building destroys the old sight line to the cathedral.
nom;C1;Stadt und Gebäude;die Aufenthaltsqualität;qualité de séjour (espace public);quality as a place to linger;Ohne Bänke gibt es keine Aufenthaltsqualität.;Sans bancs, il n'y a pas de qualité de séjour.;Without benches there is no reason to linger.
nom;C1;Stadt und Gebäude;die Bebauung;urbanisation, bâti;development, built environment;Die Bebauung reicht bis an den Fluss.;Le bâti s'avance jusqu'à la rivière.;The development reaches right up to the river.
nom;C1;Stadt und Gebäude;der Freiraum;espace libre;open space;Freiraum ist in der Innenstadt das teuerste Gut.;L'espace libre est le bien le plus cher du centre-ville.;Open space is the most expensive commodity in the city centre.
nom;C1;Stadt und Gebäude;der Randbezirk;quartier périphérique;outlying district;In den Randbezirken sind die Mieten noch bezahlbar.;Dans les quartiers périphériques, les loyers restent abordables.;In the outlying districts rents are still affordable.
nom;C1;Logistik und Versand;der Lagerbestand;stock;stock, inventory;Der Lagerbestand reicht noch zwei Wochen.;Le stock suffit encore deux semaines.;The stock will last another two weeks.
nom;C1;Logistik und Versand;der Umschlagplatz;plateforme de transbordement;transhipment hub;Der Hafen ist der wichtigste Umschlagplatz der Region.;Le port est la principale plateforme de transbordement de la région.;The port is the region's most important transhipment hub.
nom;C1;Logistik und Versand;die Kommissionierung;préparation de commandes;order picking;Die Kommissionierung läuft seit dem Umbau halbautomatisch.;La préparation de commandes est semi-automatique depuis les travaux.;Order picking has been semi-automatic since the rebuild.
nom;C1;Logistik und Versand;die Frachtkosten;frais de transport;freight costs;Die Frachtkosten übersteigen den Warenwert.;Les frais de transport dépassent la valeur de la marchandise.;Freight costs exceed the value of the goods.
nom;C1;Logistik und Versand;die Zustellung;livraison, distribution;delivery;Die Zustellung erfolgt zwischen acht und achtzehn Uhr.;La livraison a lieu entre huit et dix-huit heures.;Delivery takes place between eight and six.
nom;C1;Logistik und Versand;die Sendungsverfolgung;suivi de colis;parcel tracking;Die Sendungsverfolgung zeigt seit drei Tagen nichts Neues.;Le suivi de colis n'affiche rien de neuf depuis trois jours.;Parcel tracking has shown nothing new for three days.
nom;C1;Logistik und Versand;der Rückläufer;retour (marchandise);return;Jeder vierte Artikel ist ein Rückläufer.;Un article sur quatre est un retour.;Every fourth item is a return.
nom;C1;Logistik und Versand;die Verpackungseinheit;unité de conditionnement;packaging unit;Die Verpackungseinheit umfasst zwölf Stück.;L'unité de conditionnement comprend douze pièces.;The packaging unit contains twelve items.
nom;C1;Logistik und Versand;die Palette;palette;pallet;Auf eine Palette passen vierzig Kartons.;Quarante cartons tiennent sur une palette.;Forty boxes fit on one pallet.
nom;C1;Logistik und Versand;das Zwischenlager;entrepôt intermédiaire;interim storage;Die Ware bleibt vier Wochen im Zwischenlager.;La marchandise reste quatre semaines à l'entrepôt intermédiaire.;The goods stay four weeks in interim storage.
nom;C1;Logistik und Versand;der Lieferengpass;rupture d'approvisionnement;supply bottleneck;Ein Lieferengpass bei einem Chip legte die Fabrik still.;Une rupture sur une puce a arrêté l'usine.;A bottleneck on one chip shut the factory down.
nom;C1;Logistik und Versand;der Nachschub;réapprovisionnement;resupply;Der Nachschub kommt frühestens Freitag.;Le réapprovisionnement arrive vendredi au plus tôt.;The resupply comes on Friday at the earliest.
nom;C1;Logistik und Versand;die Verzollung;dédouanement;customs clearance;Die Verzollung dauert länger als die Fahrt.;Le dédouanement dure plus longtemps que le trajet.;Customs clearance takes longer than the journey.
nom;C1;Logistik und Versand;die Ausfuhr;exportation;export;Die Ausfuhr solcher Güter ist genehmigungspflichtig.;L'exportation de tels biens est soumise à autorisation.;The export of such goods requires a licence.
nom;C1;Logistik und Versand;die Einfuhr;importation;import;Bei der Einfuhr fallen Zölle an.;À l'importation, des droits de douane s'appliquent.;Duties apply on import.
nom;C1;Logistik und Versand;der Transportschaden;avarie de transport;transport damage;Ein Transportschaden muss binnen sieben Tagen gemeldet werden.;Une avarie de transport doit être signalée sous sept jours.;Transport damage must be reported within seven days.
nom;C1;Logistik und Versand;die Bestandsführung;gestion des stocks;inventory management;Ohne saubere Bestandsführung sucht man ständig.;Sans gestion des stocks propre, on cherche sans arrêt.;Without clean inventory management you are always searching.
nom;C1;Logistik und Versand;die Laufzeit;durée (d'acheminement, de contrat);transit time, term;Die Laufzeit eines Pakets nach Spanien beträgt vier Tage.;Le délai d'acheminement vers l'Espagne est de quatre jours.;Transit time to Spain is four days.
nom;C1;Musik und Kunst;die Tonart;tonalité;key;Das Stück steht in einer düsteren Tonart.;Le morceau est dans une tonalité sombre.;The piece is in a sombre key.
nom;C1;Musik und Kunst;die Taktart;mesure (rythmique);time signature;Der Wechsel der Taktart mitten im Satz überrascht.;Le changement de mesure au milieu du mouvement surprend.;The change of time signature mid-movement is surprising.
nom;C1;Musik und Kunst;die Melodieführung;conduite mélodique;melodic line;Die Melodieführung liegt in der linken Hand.;La conduite mélodique est à la main gauche.;The melodic line is in the left hand.
nom;C1;Musik und Kunst;die Begleitung;accompagnement;accompaniment;Die Begleitung ist schlichter als die Melodie.;L'accompagnement est plus sobre que la mélodie.;The accompaniment is plainer than the melody.
nom;C1;Musik und Kunst;die Partitur;partition (d'orchestre);score;In der Partitur steht mehr als im Notenblatt.;La partition dit plus que la feuille de notes.;The score says more than the sheet music.
nom;C1;Musik und Kunst;das Notenblatt;feuille de musique;sheet of music;Das Notenblatt fiel mitten im Konzert vom Pult.;La feuille de musique est tombée du pupitre en plein concert.;The sheet of music fell off the stand mid-concert.
nom;C1;Musik und Kunst;das Dirigat;direction (d'orchestre);conducting;Das Dirigat war zurückhaltend und genau.;La direction était sobre et précise.;The conducting was restrained and precise.
nom;C1;Musik und Kunst;der Auftakt;"anacrouse ; coup d'envoi";"upbeat; opening";Der Auftakt gibt schon das ganze Tempo vor.;L'anacrouse donne déjà tout le tempo.;The upbeat already sets the whole tempo.
nom;C1;Musik und Kunst;der Refrain;refrain;chorus, refrain;Den Refrain singen nach zwei Durchgängen alle mit.;Après deux passages, tout le monde chante le refrain.;After two rounds everyone sings along to the chorus.
nom;C1;Musik und Kunst;die Tonleiter;gamme;scale;Tonleitern übt man, damit man sie vergessen kann.;On travaille les gammes pour pouvoir les oublier.;You practise scales so you can forget them.
nom;C1;Musik und Kunst;der Fingersatz;doigté;fingering;Der Fingersatz steht klein über den Noten.;Le doigté est écrit en petit au-dessus des notes.;The fingering is in small print above the notes.
nom;C1;Musik und Kunst;die Bogenführung;conduite d'archet;bowing;An der Bogenführung erkennt man die Schule.;À la conduite d'archet, on reconnaît l'école.;You can tell the school from the bowing.
nom;C1;Musik und Kunst;der Klangkörper;formation, ensemble;ensemble, orchestra;Der Klangkörper besteht aus achtzig Musikern.;La formation compte quatre-vingts musiciens.;The ensemble consists of eighty musicians.
nom;C1;Musik und Kunst;der Nachhall;réverbération;reverberation;Der Nachhall der Kirche verzeiht keine schnellen Passagen.;La réverbération de l'église ne pardonne pas les passages rapides.;The church's reverberation forgives no fast passages.
nom;C1;Musik und Kunst;das Lautstärkeverhältnis;équilibre des volumes;balance of volume;Das Lautstärkeverhältnis zwischen Chor und Orchester stimmte nicht.;L'équilibre entre le chœur et l'orchestre n'était pas bon.;The balance between choir and orchestra was off.
nom;C1;Medien und Technologie;das Benutzerkonto;compte utilisateur;user account;Das Benutzerkonto wurde nach drei Fehlversuchen gesperrt.;Le compte utilisateur a été bloqué après trois tentatives.;The user account was locked after three failed attempts.
nom;C1;Medien und Technologie;die Anmeldung;connexion, inscription;login, registration;Die Anmeldung funktioniert nur mit zweitem Faktor.;La connexion ne fonctionne qu'avec un second facteur.;Login only works with a second factor.
nom;C1;Medien und Technologie;das Zugriffsrecht;droit d'accès;access right;Die Zugriffsrechte wurden nie überprüft.;Les droits d'accès n'ont jamais été vérifiés.;The access rights were never reviewed.
nom;C1;Medien und Technologie;die Datensicherung;sauvegarde;backup;Die letzte Datensicherung war vor elf Tagen.;La dernière sauvegarde date d'il y a onze jours.;The last backup was eleven days ago.
nom;C1;Medien und Technologie;die Wiederherstellung;restauration;restoration, recovery;Die Wiederherstellung dauerte länger als der Ausfall.;La restauration a duré plus longtemps que la panne.;The recovery took longer than the outage.
nom;C1;Medien und Technologie;die Fehlermeldung;message d'erreur;error message;Die Fehlermeldung sagt nichts, was hilft.;Le message d'erreur ne dit rien d'utile.;The error message says nothing helpful.
nom;C1;Medien und Technologie;die Aktualisierung;mise à jour;update;Die Aktualisierung läuft nachts automatisch.;La mise à jour s'exécute automatiquement la nuit.;The update runs automatically at night.
nom;C1;Medien und Technologie;die Kompatibilität;compatibilité;compatibility;An der Kompatibilität mit dem alten System scheitert alles.;Tout échoue sur la compatibilité avec l'ancien système.;Everything founders on compatibility with the old system.
nom;C1;Medien und Technologie;die Bedienoberfläche;interface utilisateur;user interface;Die Bedienoberfläche wurde seit acht Jahren nicht angefasst.;L'interface n'a pas été touchée depuis huit ans.;The user interface has not been touched for eight years.
nom;C1;Medien und Technologie;die Suchanfrage;requête de recherche;search query;Die Suchanfrage lieferte zwölftausend Treffer.;La requête a renvoyé douze mille résultats.;The search query returned twelve thousand hits.
nom;C1;Medien und Technologie;die Filterfunktion;fonction de filtrage;filter function;Ohne Filterfunktion ist die Liste unbrauchbar.;Sans fonction de filtrage, la liste est inutilisable.;Without a filter function the list is useless.
nom;C1;Medien und Technologie;der Auswertungsbericht;rapport d'analyse;analysis report;Der Auswertungsbericht kommt jeden Montag.;Le rapport d'analyse arrive chaque lundi.;The analysis report comes every Monday.
nom;C1;Medien und Technologie;die Zwischenablage;presse-papiers;clipboard;Der Text liegt noch in der Zwischenablage.;Le texte est encore dans le presse-papiers.;The text is still in the clipboard.
nom;C1;Medien und Technologie;das Dateiformat;format de fichier;file format;Dieses Dateiformat lesen nur zwei Programme.;Seuls deux logiciels lisent ce format de fichier.;Only two programs read this file format.
nom;C1;Medien und Technologie;die Übertragungsrate;débit de transmission;transfer rate;Die Übertragungsrate bricht abends ein.;Le débit s'effondre le soir.;The transfer rate collapses in the evening.
nom;C1;Medien und Technologie;die Rechteverwaltung;gestion des droits;rights management;Die Rechteverwaltung liegt bei der IT-Abteilung.;La gestion des droits relève du service informatique.;Rights management is handled by the IT department.
nom;C1;Medien und Technologie;die Protokolldatei;fichier journal;log file;In der Protokolldatei steht, wer wann was geändert hat.;Le fichier journal indique qui a changé quoi et quand.;The log file shows who changed what and when.
nom;C1;Reisen und Urlaub;die Reiseroute;itinéraire;route, itinerary;Die Reiseroute ändert sich beim ersten Regen.;L'itinéraire change à la première pluie.;The itinerary changes with the first rain.
nom;C1;Reisen und Urlaub;der Zwischenstopp;escale;stopover;Der Zwischenstopp dauert elf Stunden.;L'escale dure onze heures.;The stopover lasts eleven hours.
nom;C1;Reisen und Urlaub;der Grenzübertritt;passage de frontière;border crossing;Der Grenzübertritt verlief ohne Kontrolle.;Le passage de la frontière s'est fait sans contrôle.;The border crossing went without a check.
nom;C1;Reisen und Urlaub;die Aufenthaltsdauer;durée de séjour;length of stay;Die zulässige Aufenthaltsdauer beträgt neunzig Tage.;La durée de séjour autorisée est de quatre-vingt-dix jours.;The permitted length of stay is ninety days.
nom;C1;Reisen und Urlaub;die Einreisebestimmung;condition d'entrée;entry requirement;Die Einreisebestimmungen ändern sich fast monatlich.;Les conditions d'entrée changent presque tous les mois.;Entry requirements change almost monthly.
nom;C1;Reisen und Urlaub;die Gepäckaufgabe;enregistrement des bagages;baggage drop-off;Die Gepäckaufgabe schließt vierzig Minuten vor Abflug.;L'enregistrement des bagages ferme quarante minutes avant le départ.;Baggage drop-off closes forty minutes before departure.
nom;C1;Reisen und Urlaub;die Umbuchung;changement de réservation;rebooking;Eine Umbuchung kostet mehr als der Flug.;Un changement de réservation coûte plus cher que le vol.;A rebooking costs more than the flight.
nom;C1;Reisen und Urlaub;der Reiserücktritt;annulation de voyage;trip cancellation;Die Versicherung deckt den Reiserücktritt nur bei Krankheit.;L'assurance ne couvre l'annulation qu'en cas de maladie.;The insurance covers cancellation only in case of illness.
nom;C1;Reisen und Urlaub;der Fremdenverkehr;tourisme (secteur);tourism;Vom Fremdenverkehr lebt das halbe Tal.;La moitié de la vallée vit du tourisme.;Half the valley lives off tourism.
nom;C1;Reisen und Urlaub;die Pauschalreise;voyage à forfait;package holiday;Bei einer Pauschalreise haftet der Veranstalter für alles.;Dans un voyage à forfait, l'organisateur répond de tout.;On a package holiday the operator is liable for everything.
nom;C1;Reisen und Urlaub;die Rundreise;circuit;round trip, tour;Die Rundreise führt durch vier Länder.;Le circuit traverse quatre pays.;The tour goes through four countries.
nom;C1;Reisen und Urlaub;die Auslandskrankenversicherung;assurance maladie à l'étranger;travel health insurance;Ohne Auslandskrankenversicherung wird ein Beinbruch teuer.;Sans assurance maladie à l'étranger, une jambe cassée coûte cher.;Without travel health insurance a broken leg gets expensive.
nom;C1;Tiere;der Artgenosse;congénère;conspecific, member of the same species;Ohne Artgenossen verkümmert das Tier.;Sans congénères, l'animal dépérit.;Without others of its kind the animal wastes away.
nom;C1;Tiere;das Revierverhalten;comportement territorial;territorial behaviour;Im Frühjahr verstärkt sich das Revierverhalten.;Au printemps, le comportement territorial s'accentue.;Territorial behaviour intensifies in spring.
nom;C1;Tiere;das Beutetier;proie;prey animal;Das Beutetier wittert den Jäger lange vorher.;La proie flaire le chasseur bien avant.;The prey scents the hunter long beforehand.
nom;C1;Tiere;die Nahrungskette;chaîne alimentaire;food chain;Am Ende der Nahrungskette sammelt sich alles an.;Au bout de la chaîne alimentaire, tout s'accumule.;Everything accumulates at the end of the food chain.
nom;C1;Tiere;der Winterschlaf;hibernation;hibernation;Der Winterschlaf beginnt später als früher.;L'hibernation commence plus tard qu'autrefois.;Hibernation begins later than it used to.
nom;C1;Tiere;das Zugverhalten;comportement migratoire;migratory behaviour;Das Zugverhalten der Störche hat sich verändert.;Le comportement migratoire des cigognes a changé.;The storks' migratory behaviour has changed.
nom;C1;Tiere;die Brutzeit;période de nidification;breeding season;In der Brutzeit bleibt der Weg gesperrt.;Pendant la nidification, le chemin reste fermé.;During the breeding season the path stays closed.
nom;C1;Tiere;der Wurf;portée (petits);litter;Der Wurf zählte sechs Junge.;La portée comptait six petits.;The litter had six young.
nom;C1;Tiere;das Rudel;meute, harde;pack;Das Rudel zieht über hundert Kilometer im Monat.;La meute parcourt plus de cent kilomètres par mois.;The pack covers over a hundred kilometres a month.
nom;C1;Tiere;der Schwarm;banc, essaim, nuée;swarm, shoal, flock;Der Schwarm wechselt die Richtung wie ein einziges Tier.;Le banc change de direction comme un seul animal.;The shoal changes direction like a single animal.
nom;C1;Tiere;die Tierhaltung;élevage, détention d'animaux;animal keeping;Die Tierhaltung ist an Auflagen gebunden.;La détention d'animaux est soumise à des conditions.;Animal keeping is subject to requirements.
nom;C1;Tiere;der Auslauf;espace de sortie, parcours;outdoor run;Die Hühner haben täglich Auslauf.;Les poules ont un parcours extérieur chaque jour.;The hens have an outdoor run every day.
nom;C1;Tiere;die Dressur;dressage;training (of animals);Die Dressur beruht auf Wiederholung, nicht auf Strenge.;Le dressage repose sur la répétition, pas sur la sévérité.;Training rests on repetition, not on severity.
nom;C1;Tiere;die Fluchtdistanz;distance de fuite;flight distance;In der Stadt schrumpft die Fluchtdistanz der Vögel.;En ville, la distance de fuite des oiseaux diminue.;In the city birds' flight distance shrinks.
nom;C1;Tiere;die Bestandszahl;effectif (population animale);population figure;Die Bestandszahlen erholen sich langsam.;Les effectifs se rétablissent lentement.;Population figures are slowly recovering.
nom;C1;Tiere;der Wildbestand;population de gibier;wildlife population;Der Wildbestand wird jedes Frühjahr gezählt.;La population de gibier est comptée chaque printemps.;The wildlife population is counted each spring.
nom;C1;Versicherung und Vorsorge;der Versicherungsschutz;couverture d'assurance;insurance cover;Der Versicherungsschutz beginnt erst am Folgetag.;La couverture d'assurance ne commence que le lendemain.;Insurance cover only starts the following day.
nom;C1;Versicherung und Vorsorge;die Beitragszahlung;paiement des cotisations;premium payment;Bei ausbleibender Beitragszahlung ruht der Schutz.;En cas de défaut de paiement, la couverture est suspendue.;If premiums are not paid the cover is suspended.
nom;C1;Versicherung und Vorsorge;die Schadensmeldung;déclaration de sinistre;claim notification;Die Schadensmeldung muss binnen einer Woche eingehen.;La déclaration de sinistre doit parvenir sous une semaine.;The claim must be notified within a week.
nom;C1;Versicherung und Vorsorge;die Deckungssumme;plafond de garantie;cover limit;Die Deckungssumme liegt bei fünf Millionen.;Le plafond de garantie est de cinq millions.;The cover limit is five million.
nom;C1;Versicherung und Vorsorge;der Leistungsfall;cas de prise en charge;insured event;Im Leistungsfall zahlt die Kasse binnen dreißig Tagen.;En cas de prise en charge, la caisse paie sous trente jours.;In an insured event the fund pays within thirty days.
nom;C1;Versicherung und Vorsorge;die Obliegenheit;obligation contractuelle;duty, obligation;Wer seine Obliegenheiten verletzt, verliert den Anspruch.;Qui manque à ses obligations perd son droit.;Whoever breaches their duties loses the claim.
nom;C1;Versicherung und Vorsorge;die Regulierung;règlement (d'un sinistre);settlement;Die Regulierung des Schadens zog sich acht Monate.;Le règlement du sinistre a traîné huit mois.;Settling the claim dragged on for eight months.
nom;C1;Versicherung und Vorsorge;der Gutachterstreit;litige d'expertise;dispute between experts;Am Ende stand ein Gutachterstreit vor Gericht.;Au bout du compte, un litige d'expertise est passé devant le tribunal.;In the end there was a dispute between experts in court.
nom;C1;Versicherung und Vorsorge;die Haftpflicht;responsabilité civile;third-party liability;Ohne Haftpflicht zahlt man jeden Kratzer selbst.;Sans responsabilité civile, on paie chaque éraflure soi-même.;Without liability cover you pay for every scratch yourself.
nom;C1;Versicherung und Vorsorge;der Rechtsschutz;protection juridique;legal expenses cover;Der Rechtsschutz greift erst nach drei Monaten.;La protection juridique ne joue qu'après trois mois.;Legal expenses cover only applies after three months.
nom;C1;Versicherung und Vorsorge;die Unfallversicherung;assurance accidents;accident insurance;Die Unfallversicherung gilt auch auf dem Arbeitsweg.;L'assurance accidents vaut aussi sur le trajet du travail.;Accident insurance also applies on the way to work.
nom;C1;Versicherung und Vorsorge;die Berufsunfähigkeit;invalidité professionnelle;occupational disability;Gegen Berufsunfähigkeit versichert sich kaum jemand rechtzeitig.;Presque personne ne s'assure à temps contre l'invalidité professionnelle.;Hardly anyone insures against occupational disability in time.
nom;C1;Versicherung und Vorsorge;das Kündigungsrecht;droit de résiliation;right of termination;Nach einer Beitragserhöhung besteht ein Kündigungsrecht.;Après une hausse de cotisation, il existe un droit de résiliation.;After a premium increase there is a right of termination.
nom;C1;Versicherung und Vorsorge;der Versicherungsnehmer;preneur d'assurance;policyholder;Der Versicherungsnehmer haftet für falsche Angaben.;Le preneur d'assurance répond des fausses déclarations.;The policyholder is liable for false statements.
nom;C1;Versicherung und Vorsorge;der Risikozuschlag;surprime;risk surcharge;Wegen der Vorerkrankung gab es einen Risikozuschlag.;En raison de l'antécédent, il y a eu une surprime.;Because of the pre-existing condition there was a risk surcharge.
nom;C1;Schule;das Anmeldeverfahren;procédure d'inscription;registration procedure;Das Anmeldeverfahren läuft von Januar bis März.;La procédure d'inscription court de janvier à mars.;The registration procedure runs from January to March.
nom;C1;Schule;die Zeugnisnote;note du bulletin;report grade;Die Zeugnisnote setzt sich aus vier Arbeiten zusammen.;La note du bulletin se compose de quatre devoirs.;The report grade is made up of four pieces of work.
nom;C1;Schule;der Notenschnitt;moyenne;grade average;Der Notenschnitt entscheidet über den Studienplatz.;La moyenne décide de la place à l'université.;The grade average decides the university place.
nom;C1;Schule;die Versetzung;passage en classe supérieure;moving up a year;Die Versetzung ist trotz der Fünf gesichert.;Le passage en classe supérieure est assuré malgré le cinq.;Moving up a year is assured despite the poor grade.
nom;C1;Schule;der Schulwechsel;changement d'école;change of school;Der Schulwechsel fiel ihr schwerer als erwartet.;Le changement d'école lui a été plus difficile que prévu.;The change of school was harder for her than expected.
nom;C1;Schule;die Elternvertretung;représentation des parents;parents' council;Die Elternvertretung trifft sich viermal im Jahr.;La représentation des parents se réunit quatre fois par an.;The parents' council meets four times a year.
nom;C1;Schule;die Klassenarbeit;devoir sur table;class test;Die nächste Klassenarbeit steht in zwei Wochen an.;Le prochain devoir sur table est dans deux semaines.;The next class test is in two weeks.
nom;C1;Schule;die Leistungskontrolle;contrôle des acquis;assessment;Kurze Leistungskontrollen werden nicht angekündigt.;Les contrôles courts ne sont pas annoncés.;Short assessments are not announced.
nom;C1;Schule;die Fehlzeit;absence;absence;Die Fehlzeiten stehen unten auf dem Zeugnis.;Les absences figurent en bas du bulletin.;Absences are listed at the bottom of the report.
nom;C1;Schule;die Entschuldigung;justificatif d'absence;note excusing absence;Ohne schriftliche Entschuldigung gilt das Fehlen als unentschuldigt.;Sans justificatif écrit, l'absence est considérée comme injustifiée.;Without a written note the absence counts as unexcused.
nom;C1;Schule;die Schulordnung;règlement intérieur;school rules;Die Schulordnung hängt neben dem Eingang.;Le règlement intérieur est affiché près de l'entrée.;The school rules hang next to the entrance.
nom;C1;Schule;die Pausenaufsicht;surveillance de récréation;playground duty;Die Pausenaufsicht wechselt wöchentlich.;La surveillance de récréation change chaque semaine.;Playground duty rotates weekly.
nom;C1;Schule;die Zeugniskonferenz;conseil de classe;grade conference;In der Zeugniskonferenz wird über Grenzfälle gesprochen.;Au conseil de classe, on discute des cas limites.;Borderline cases are discussed at the grade conference.
nom;C1;Schule;der Übertritt;passage au secondaire;transfer to secondary school;Der Übertritt aufs Gymnasium hängt am Notenschnitt.;Le passage au lycée dépend de la moyenne.;Transfer to grammar school depends on the grade average.
nom;C1;Garten und Pflanzen;das Beet;plate-bande, carré;bed (garden);Das Beet liegt den ganzen Nachmittag in der Sonne.;La plate-bande est au soleil tout l'après-midi.;The bed is in the sun all afternoon.
nom;C1;Garten und Pflanzen;die Aussaat;semis;sowing;Die Aussaat beginnt nach den Eisheiligen.;Le semis commence après les saints de glace.;Sowing begins after the ice saints.
nom;C1;Garten und Pflanzen;der Setzling;plant, jeune pousse;seedling;Die Setzlinge kommen erst ins Freie, wenn es warm bleibt.;Les plants ne sortent que lorsque la chaleur s'installe.;The seedlings only go outside once it stays warm.
nom;C1;Garten und Pflanzen;der Steckling;bouture;cutting;Aus einem Steckling wird in zwei Jahren ein Strauch.;D'une bouture naît un arbuste en deux ans.;A cutting becomes a shrub in two years.
nom;C1;Garten und Pflanzen;das Wurzelwerk;système racinaire;root system;Das Wurzelwerk reicht weiter als die Krone.;Le système racinaire s'étend plus loin que la couronne.;The root system reaches further than the crown.
nom;C1;Garten und Pflanzen;der Rückschnitt;taille (des végétaux);pruning;Der Rückschnitt erfolgt im späten Winter.;La taille se fait à la fin de l'hiver.;Pruning is done in late winter.
nom;C1;Garten und Pflanzen;der Kompost;compost;compost;Der Kompost braucht Luft, nicht nur Zeit.;Le compost a besoin d'air, pas seulement de temps.;Compost needs air, not just time.
nom;C1;Garten und Pflanzen;der Mulch;paillis;mulch;Mulch hält die Feuchtigkeit im Boden.;Le paillis retient l'humidité dans le sol.;Mulch keeps moisture in the soil.
nom;C1;Garten und Pflanzen;der Schädlingsbefall;infestation;pest infestation;Der Schädlingsbefall blieb wochenlang unbemerkt.;L'infestation est passée inaperçue des semaines.;The infestation went unnoticed for weeks.
nom;C1;Garten und Pflanzen;der Gießrhythmus;rythme d'arrosage;watering routine;Wichtiger als die Menge ist der Gießrhythmus.;Plus important que la quantité est le rythme d'arrosage.;More important than the amount is the watering routine.
nom;C1;Garten und Pflanzen;der Standort;emplacement, exposition;location, position;Am falschen Standort blüht auch die beste Pflanze nicht.;Au mauvais emplacement, même la meilleure plante ne fleurit pas.;In the wrong position even the best plant will not flower.
nom;C1;Garten und Pflanzen;der Halbschatten;mi-ombre;partial shade;Farn will Halbschatten und feuchten Boden.;La fougère veut la mi-ombre et un sol humide.;Ferns want partial shade and moist soil.
nom;C1;Garten und Pflanzen;die Winterhärte;rusticité;hardiness;Die Winterhärte steht klein auf dem Etikett.;La rusticité est indiquée en petit sur l'étiquette.;The hardiness is in small print on the label.
nom;C1;Garten und Pflanzen;die Blütezeit;période de floraison;flowering period;Die Blütezeit dauert kaum drei Wochen.;La floraison dure à peine trois semaines.;The flowering period lasts barely three weeks.
nom;C1;Garten und Pflanzen;die Ernteschwemme;surproduction de récolte;glut of produce;Im August herrscht die übliche Ernteschwemme bei Zucchini.;En août règne l'habituelle surabondance de courgettes.;In August there is the usual glut of courgettes.
nom;C1;Garten und Pflanzen;das Hochbeet;carré surélevé;raised bed;Ein Hochbeet schont den Rücken und wärmt früher.;Un carré surélevé ménage le dos et se réchauffe plus tôt.;A raised bed spares your back and warms up earlier.
nom;C1;Sport;der Spielzug;action de jeu, combinaison;play, move;Der Spielzug war einstudiert, nicht spontan.;L'action était répétée, pas spontanée.;The play was rehearsed, not spontaneous.
nom;C1;Sport;die Aufstellung;composition d'équipe;line-up;Die Aufstellung wurde eine Stunde vor Anpfiff geändert.;La composition a été modifiée une heure avant le coup d'envoi.;The line-up was changed an hour before kick-off.
nom;C1;Sport;der Spielverlauf;déroulement du match;course of the game;Der Spielverlauf sagt mehr als das Ergebnis.;Le déroulement du match en dit plus que le score.;The course of the game says more than the result.
nom;C1;Sport;die Halbzeit;mi-temps;half, half-time;In der zweiten Halbzeit kippte alles.;En seconde mi-temps, tout a basculé.;Everything turned in the second half.
nom;C1;Sport;die Auswechslung;remplacement;substitution;Die Auswechslung kam zwanzig Minuten zu spät.;Le remplacement est venu vingt minutes trop tard.;The substitution came twenty minutes too late.
nom;C1;Sport;die Torchance;occasion de but;goalscoring chance;Aus fünfzehn Torchancen wurde ein einziges Tor.;De quinze occasions est né un seul but.;Fifteen chances produced a single goal.
nom;C1;Sport;die Abwehrreihe;ligne défensive;defensive line;Die Abwehrreihe stand zu hoch.;La ligne défensive était trop haute.;The defensive line stood too high.
nom;C1;Sport;der Spielmacher;meneur de jeu;playmaker;Ohne ihren Spielmacher findet die Mannschaft keinen Rhythmus.;Sans son meneur de jeu, l'équipe ne trouve pas son rythme.;Without their playmaker the team finds no rhythm.
nom;C1;Sport;das Fairplay;fair-play;fair play;Fairplay wird beklatscht und selten belohnt.;Le fair-play est applaudi et rarement récompensé.;Fair play is applauded and rarely rewarded.
nom;C1;Sport;der Regelverstoß;infraction aux règles;rule violation;Ein Regelverstoß in der Nachspielzeit entschied das Spiel.;Une infraction dans le temps additionnel a décidé du match.;A rule violation in stoppage time decided the game.
nom;C1;Sport;die Schiedsrichterentscheidung;décision arbitrale;referee's decision;Über die Schiedsrichterentscheidung wird noch Jahre geredet.;On parlera encore des années de la décision arbitrale.;The referee's decision will be discussed for years.
nom;C1;Sport;die Nachspielzeit;temps additionnel;stoppage time;In der Nachspielzeit fiel der Ausgleich.;L'égalisation est tombée dans le temps additionnel.;The equalizer came in stoppage time.
nom;C1;Sport;der Tabellenplatz;place au classement;league position;Der Tabellenplatz täuscht über die Form hinweg.;Le classement trompe sur la forme réelle.;The league position disguises the actual form.
nom;C1;Sport;der Abstieg;relégation;relegation;Der Abstieg stand schon im März fest.;La relégation était acquise dès mars.;Relegation was settled as early as March.
nom;C1;Sport;der Aufstieg;montée, promotion;promotion;Der Aufstieg gelang im letzten Spiel.;La montée s'est jouée au dernier match.;Promotion was achieved in the final game.
nom;C1;Sport;das Trainingslager;stage de préparation;training camp;Das Trainingslager findet im Januar in Spanien statt.;Le stage a lieu en janvier en Espagne.;The training camp takes place in Spain in January.
nom;C1;Bild und Aufnahme;der Bildausschnitt;cadrage;framing, crop;Ein anderer Bildausschnitt erzählt eine andere Geschichte.;Un autre cadrage raconte une autre histoire.;A different crop tells a different story.
nom;C1;Bild und Aufnahme;die Belichtung;exposition (photo);exposure;Die Belichtung war um zwei Blenden daneben.;L'exposition était décalée de deux diaphragmes.;The exposure was two stops off.
nom;C1;Bild und Aufnahme;die Schärfentiefe;profondeur de champ;depth of field;Mit offener Blende schrumpft die Schärfentiefe auf Zentimeter.;À pleine ouverture, la profondeur de champ tombe à quelques centimètres.;At full aperture depth of field shrinks to centimetres.
nom;C1;Bild und Aufnahme;die Brennweite;focale;focal length;Die Brennweite verändert die Perspektive, nicht nur den Ausschnitt.;La focale change la perspective, pas seulement le cadrage.;Focal length changes perspective, not just framing.
nom;C1;Bild und Aufnahme;das Gegenlicht;contre-jour;backlight;Im Gegenlicht verliert das Gesicht alle Details.;À contre-jour, le visage perd tout détail.;In backlight the face loses all detail.
nom;C1;Bild und Aufnahme;der Bildaufbau;composition de l'image;composition;Der Bildaufbau folgt keiner Regel und funktioniert trotzdem.;La composition ne suit aucune règle et fonctionne quand même.;The composition follows no rule and works anyway.
nom;C1;Bild und Aufnahme;die Bildbearbeitung;retouche d'image;image editing;Ohne Bildbearbeitung sieht kein Foto so aus.;Sans retouche, aucune photo ne ressemble à cela.;Without editing no photo looks like that.
nom;C1;Bild und Aufnahme;der Farbstich;dominante colorée;colour cast;Das Bild hat einen grünen Farbstich.;L'image a une dominante verte.;The picture has a green colour cast.
nom;C1;Bild und Aufnahme;die Bildunterschrift;légende;caption;Die Bildunterschrift widerspricht dem Foto.;La légende contredit la photo.;The caption contradicts the photo.
nom;C1;Bild und Aufnahme;die Aufnahme;prise de vue, enregistrement;shot, recording;Die Aufnahme entstand kurz vor Sonnenaufgang.;La prise de vue a été faite juste avant le lever du soleil.;The shot was taken just before sunrise.
nom;C1;Bild und Aufnahme;das Motiv;sujet, motif;subject, motif;Das Motiv ist banal, das Licht nicht.;Le sujet est banal, la lumière non.;The subject is banal, the light is not.
nom;C1;Bild und Aufnahme;die Bildrechte;droits d'image;image rights;Die Bildrechte liegen beim Fotografen, nicht beim Auftraggeber.;Les droits d'image appartiennent au photographe, pas au commanditaire.;Image rights belong to the photographer, not the client.
nom;C1;Bild und Aufnahme;das Archivbild;photo d'archive;archive picture;Es handelt sich um ein Archivbild von 2019.;Il s'agit d'une photo d'archive de 2019.;This is an archive picture from 2019.
nom;C1;Polizei und Verfahren;der Streifenwagen;voiture de patrouille;patrol car;Ein Streifenwagen stand die ganze Nacht vor dem Haus.;Une voiture de patrouille est restée toute la nuit devant la maison.;A patrol car stood outside the house all night.
nom;C1;Polizei und Verfahren;die Festnahme;arrestation;arrest;Die Festnahme erfolgte am frühen Morgen.;L'arrestation a eu lieu au petit matin.;The arrest took place early in the morning.
nom;C1;Polizei und Verfahren;die Durchsuchung;perquisition;search;Die Durchsuchung dauerte sechs Stunden.;La perquisition a duré six heures.;The search lasted six hours.
nom;C1;Polizei und Verfahren;die Beschlagnahme;saisie;seizure;Nach der Beschlagnahme blieb der Rechner drei Monate weg.;Après la saisie, l'ordinateur est resté absent trois mois.;After the seizure the computer was gone for three months.
nom;C1;Polizei und Verfahren;die Vernehmung;audition, interrogatoire;questioning, interview;Die Vernehmung wurde aufgezeichnet.;L'audition a été enregistrée.;The questioning was recorded.
nom;C1;Polizei und Verfahren;der Tatort;lieu du crime;crime scene;Der Tatort war stundenlang abgesperrt.;Le lieu du crime a été bouclé des heures.;The crime scene was cordoned off for hours.
nom;C1;Polizei und Verfahren;die Spurensicherung;police scientifique, relevé d'indices;forensics;Die Spurensicherung arbeitete bis in die Nacht.;La police scientifique a travaillé jusque tard dans la nuit.;Forensics worked into the night.
nom;C1;Polizei und Verfahren;der Zeugenschutz;protection des témoins;witness protection;Ohne Zeugenschutz hätte niemand ausgesagt.;Sans protection des témoins, personne n'aurait témoigné.;Without witness protection nobody would have testified.
nom;C1;Polizei und Verfahren;die Fahndung;recherche, avis de recherche;manhunt, search;Die Fahndung läuft seit vierzehn Tagen.;La recherche est en cours depuis quatorze jours.;The manhunt has been running for a fortnight.
nom;C1;Polizei und Verfahren;die Personalienfeststellung;contrôle d'identité;identity check;Es blieb bei einer Personalienfeststellung.;Cela s'est arrêté à un contrôle d'identité.;It stopped at an identity check.
nom;C1;Polizei und Verfahren;die Ordnungswidrigkeit;contravention;regulatory offence;Falschparken ist eine Ordnungswidrigkeit, keine Straftat.;Le stationnement interdit est une contravention, pas un délit.;Illegal parking is a regulatory offence, not a crime.
nom;C1;Polizei und Verfahren;der Bewährungshelfer;agent de probation;probation officer;Der Bewährungshelfer meldet sich monatlich.;L'agent de probation prend contact chaque mois.;The probation officer checks in monthly.
nom;C1;Polizei und Verfahren;die Strafanzeige;plainte pénale;criminal complaint;Sie erstattete Strafanzeige gegen unbekannt.;Elle a déposé une plainte contre X.;She filed a criminal complaint against persons unknown.
nom;C1;Polizei und Verfahren;die Einsatzleitung;commandement des opérations;operational command;Die Einsatzleitung entschied, zu warten.;Le commandement a décidé d'attendre.;Operational command decided to wait.
nom;C1;Heimwerken und Werkzeug;die Bohrmaschine;perceuse;drill;Die Bohrmaschine gehört dem Nachbarn.;La perceuse appartient au voisin.;The drill belongs to the neighbour.
nom;C1;Heimwerken und Werkzeug;der Dübel;cheville;wall plug, dowel;Ohne Dübel hält die Schraube keine Woche.;Sans cheville, la vis ne tient pas une semaine.;Without a wall plug the screw will not hold a week.
nom;C1;Heimwerken und Werkzeug;die Wasserwaage;niveau à bulle;spirit level;Nimm die Wasserwaage, das Auge täuscht.;Prends le niveau à bulle, l'œil se trompe.;Use the spirit level, the eye deceives.
nom;C1;Heimwerken und Werkzeug;der Zollstock;mètre pliant;folding ruler;Der Zollstock liegt immer dort, wo man nicht sucht.;Le mètre pliant est toujours là où on ne cherche pas.;The folding ruler is always where you do not look.
nom;C1;Heimwerken und Werkzeug;die Schraubzwinge;serre-joint;clamp;Zwei Schraubzwingen ersetzen eine dritte Hand.;Deux serre-joints remplacent une troisième main.;Two clamps replace a third hand.
nom;C1;Heimwerken und Werkzeug;das Sägeblatt;lame de scie;saw blade;Ein stumpfes Sägeblatt reißt das Holz aus.;Une lame émoussée arrache le bois.;A blunt blade tears the wood.
nom;C1;Heimwerken und Werkzeug;das Schleifpapier;papier de verre;sandpaper;Zum Schluss noch einmal mit feinem Schleifpapier.;Pour finir, encore un passage au papier de verre fin.;Finish with fine sandpaper once more.
nom;C1;Heimwerken und Werkzeug;die Grundierung;sous-couche;primer;Ohne Grundierung schlägt der Fleck durch.;Sans sous-couche, la tache ressort.;Without primer the stain shows through.
nom;C1;Heimwerken und Werkzeug;die Spachtelmasse;enduit de rebouchage;filler;Die Spachtelmasse muss vollständig trocknen.;L'enduit doit sécher complètement.;The filler has to dry completely.
nom;C1;Heimwerken und Werkzeug;die Fuge;joint;joint, grout line;Die Fugen sind schwarz geworden.;Les joints ont noirci.;The grout lines have turned black.
nom;C1;Heimwerken und Werkzeug;das Silikon;silicone;silicone;Das Silikon zieht sich beim Trocknen zusammen.;Le silicone se rétracte en séchant.;The silicone shrinks as it dries.
nom;C1;Heimwerken und Werkzeug;die Bauanleitung;notice de montage;assembly instructions;Die Bauanleitung besteht aus Bildern ohne Worte.;La notice de montage est faite d'images sans mots.;The assembly instructions are pictures without words.
nom;C1;Heimwerken und Werkzeug;der Werkzeugkasten;boîte à outils;toolbox;Im Werkzeugkasten fehlt genau der eine Schlüssel.;Dans la boîte à outils manque justement cette clé-là.;Exactly that one spanner is missing from the toolbox.
nom;C1;Heimwerken und Werkzeug;die Ersatzteilliste;liste de pièces détachées;spare parts list;Die Ersatzteilliste hört nach zehn Jahren auf.;La liste de pièces détachées s'arrête après dix ans.;The spare parts list stops after ten years.
nom;C1;Heimwerken und Werkzeug;die Montage;montage, pose;installation, assembly;Die Montage dauert zu zweit eine Stunde.;La pose prend une heure à deux.;Installation takes an hour with two people.
nom;C1;Heimwerken und Werkzeug;die Anleitung;mode d'emploi;instructions;Die Anleitung liest man erst nach dem zweiten Versuch.;On ne lit le mode d'emploi qu'après le deuxième essai.;You only read the instructions after the second attempt.
nom;C1;Lebensführung und Ernährung;die Ernährungsweise;régime alimentaire;way of eating, diet;Seine Ernährungsweise hat sich mit vierzig geändert.;Son régime alimentaire a changé à quarante ans.;His way of eating changed at forty.
nom;C1;Lebensführung und Ernährung;der Verzicht;renoncement, privation;abstention, going without;Verzicht fällt leichter, wenn er befristet ist.;Le renoncement est plus facile s'il est limité dans le temps.;Going without is easier when it has an end date.
nom;C1;Lebensführung und Ernährung;das Genussmittel;produit de plaisir (café, alcool…);stimulant, indulgence;Kaffee gilt als Genussmittel, nicht als Nahrung.;Le café passe pour un produit de plaisir, pas pour un aliment.;Coffee counts as an indulgence, not as food.
nom;C1;Lebensführung und Ernährung;die Unverträglichkeit;intolérance;intolerance;Die Unverträglichkeit zeigte sich erst spät.;L'intolérance ne s'est manifestée que tard.;The intolerance only showed up late.
nom;C1;Lebensführung und Ernährung;der Nährwert;valeur nutritive;nutritional value;Der Nährwert steht auf der Rückseite.;La valeur nutritive figure au dos.;The nutritional value is on the back.
nom;C1;Lebensführung und Ernährung;der Zusatzstoff;additif;additive;Auf der Liste stehen vierzehn Zusatzstoffe.;Quatorze additifs figurent sur la liste.;There are fourteen additives on the list.
nom;C1;Lebensführung und Ernährung;der Tagesrhythmus;rythme journalier;daily rhythm;Ein fester Tagesrhythmus hilft mehr als jede Diät.;Un rythme journalier régulier aide plus que n'importe quel régime.;A steady daily rhythm helps more than any diet.
nom;C1;Lebensführung und Ernährung;der Bewegungsmangel;manque d'activité physique;lack of exercise;Bewegungsmangel wirkt langsamer als Rauchen, aber sicher.;Le manque d'activité agit plus lentement que le tabac, mais sûrement.;Lack of exercise works more slowly than smoking, but surely.
nom;C1;Lebensführung und Ernährung;die Achtsamkeitsübung;exercice de pleine conscience;mindfulness exercise;Zehn Minuten Achtsamkeitsübung reichen für den Anfang.;Dix minutes d'exercice de pleine conscience suffisent pour commencer.;Ten minutes of mindfulness practice is enough to start.
nom;C1;Lebensführung und Ernährung;die Erholungsphase;phase de récupération;recovery phase;Ohne Erholungsphase bringt das Training nichts.;Sans phase de récupération, l'entraînement ne donne rien.;Without a recovery phase training achieves nothing.
nom;C1;Lebensführung und Ernährung;die Digitalpause;pause numérique;digital break;Am Sonntag macht die Familie Digitalpause.;Le dimanche, la famille fait une pause numérique.;On Sundays the family takes a digital break.
nom;C1;Lebensführung und Ernährung;der Konsumverzicht;renoncement à consommer;abstaining from consumption;Konsumverzicht ist einfacher als Konsumbewusstsein.;Renoncer à consommer est plus simple qu'une consommation consciente.;Abstaining is easier than conscious consumption.
nom;C1;Lebensführung und Ernährung;die Lebensführung;conduite de vie;way of life, conduct of life;Eine ruhige Lebensführung war ihm wichtiger als Geld.;Une conduite de vie tranquille lui importait plus que l'argent.;A quiet way of life mattered more to him than money.
nom;C1;Lebensführung und Ernährung;das Wohlbefinden;bien-être;well-being;Das Wohlbefinden hängt am Schlaf, nicht am Einkommen.;Le bien-être tient au sommeil, pas au revenu.;Well-being depends on sleep, not on income.
nom;C1;Vereinsleben und Ehrenamt;der Mitgliedsbeitrag;cotisation;membership fee;Der Mitgliedsbeitrag steigt zum Jahreswechsel.;La cotisation augmente au changement d'année.;The membership fee rises at the turn of the year.
nom;C1;Vereinsleben und Ehrenamt;die Vorstandssitzung;réunion du comité;board meeting;Die Vorstandssitzung dauerte bis Mitternacht.;La réunion du comité a duré jusqu'à minuit.;The board meeting lasted until midnight.
nom;C1;Vereinsleben und Ehrenamt;die Satzung;statuts;statutes, articles;Die Satzung sieht eine Neuwahl alle zwei Jahre vor.;Les statuts prévoient une élection tous les deux ans.;The statutes provide for an election every two years.
nom;C1;Vereinsleben und Ehrenamt;das Vereinsheim;local du club;clubhouse;Das Vereinsheim wird von Ehrenamtlichen betrieben.;Le local du club est tenu par des bénévoles.;The clubhouse is run by volunteers.
nom;C1;Vereinsleben und Ehrenamt;die Jahreshauptversammlung;assemblée générale annuelle;annual general meeting;Zur Jahreshauptversammlung kamen achtzehn Mitglieder.;Dix-huit membres sont venus à l'assemblée générale.;Eighteen members came to the AGM.
nom;C1;Vereinsleben und Ehrenamt;der Kassenbericht;rapport financier;treasurer's report;Der Kassenbericht fiel besser aus als erwartet.;Le rapport financier a été meilleur que prévu.;The treasurer's report was better than expected.
nom;C1;Vereinsleben und Ehrenamt;der Mitgliederschwund;perte d'adhérents;declining membership;Der Mitgliederschwund trifft fast alle Vereine.;La perte d'adhérents touche presque tous les clubs.;Declining membership affects almost all clubs.
nom;C1;Vereinsleben und Ehrenamt;die Nachwuchsarbeit;formation des jeunes;youth development;Ohne Nachwuchsarbeit gibt es in zehn Jahren keine Mannschaft.;Sans formation des jeunes, il n'y aura plus d'équipe dans dix ans.;Without youth development there will be no team in ten years.
nom;C1;Vereinsleben und Ehrenamt;die Schirmherrschaft;haut patronage;patronage;Die Bürgermeisterin übernahm die Schirmherrschaft.;La mairesse a accepté le haut patronage.;The mayor took on the patronage.
nom;C1;Vereinsleben und Ehrenamt;der Spendenaufruf;appel aux dons;appeal for donations;Der Spendenaufruf brachte in drei Tagen genug zusammen.;L'appel aux dons a rassemblé assez en trois jours.;The appeal raised enough in three days.
nom;C1;Vereinsleben und Ehrenamt;die Gemeinnützigkeit;utilité publique;charitable status;Ohne Gemeinnützigkeit gäbe es keine Steuervorteile.;Sans reconnaissance d'utilité publique, pas d'avantage fiscal.;Without charitable status there are no tax advantages.
nom;C1;Vereinsleben und Ehrenamt;das Vereinsregister;registre des associations;register of associations;Der Verein steht seit 1954 im Vereinsregister.;L'association figure au registre depuis 1954.;The club has been in the register since 1954.
nom;C1;Vereinsleben und Ehrenamt;der Übungsleiter;moniteur, encadrant;instructor, coach;Der Übungsleiter macht das seit zwanzig Jahren ehrenamtlich.;Le moniteur fait cela bénévolement depuis vingt ans.;The instructor has done it voluntarily for twenty years.
nom;C1;Pflege und Betreuung;der Pflegegrad;niveau de dépendance;care level;Der Pflegegrad entscheidet über jede Leistung.;Le niveau de dépendance décide de chaque prestation.;The care level determines every benefit.
nom;C1;Pflege und Betreuung;der Betreuungsvertrag;contrat de prise en charge;care contract;Der Betreuungsvertrag läuft über zwölf Monate.;Le contrat de prise en charge court sur douze mois.;The care contract runs for twelve months.
nom;C1;Pflege und Betreuung;der Hausbesuch;visite à domicile;home visit;Der Hausbesuch dauert eine knappe Stunde.;La visite à domicile dure une petite heure.;The home visit takes barely an hour.
nom;C1;Pflege und Betreuung;die Medikamentengabe;administration des médicaments;medication administration;Die Medikamentengabe wird jedes Mal dokumentiert.;L'administration des médicaments est documentée chaque fois.;Medication administration is documented every time.
nom;C1;Pflege und Betreuung;die Dokumentationspflicht;obligation de traçabilité;duty of documentation;Die Dokumentationspflicht frisst ein Drittel der Arbeitszeit.;L'obligation de traçabilité mange un tiers du temps de travail.;The duty of documentation eats a third of the working time.
nom;C1;Pflege und Betreuung;die Angehörigenarbeit;accompagnement des proches;work with relatives;Angehörigenarbeit gehört zum Beruf, steht aber in keinem Plan.;L'accompagnement des proches fait partie du métier, mais ne figure dans aucun plan.;Working with relatives is part of the job but appears in no plan.
nom;C1;Pflege und Betreuung;das Entlastungsangebot;offre de répit;respite service;Das Entlastungsangebot wird kaum genutzt, weil es kaum bekannt ist.;L'offre de répit est peu utilisée parce qu'elle est peu connue.;The respite service is barely used because it is barely known.
nom;C1;Pflege und Betreuung;die Kurzzeitpflege;hébergement temporaire;short-term care;Nach dem Krankenhaus folgte vier Wochen Kurzzeitpflege.;Après l'hôpital, quatre semaines d'hébergement temporaire ont suivi.;Four weeks of short-term care followed the hospital.
nom;C1;Pflege und Betreuung;die Tagespflege;accueil de jour;day care;Dreimal die Woche geht sie in die Tagespflege.;Trois fois par semaine, elle va à l'accueil de jour.;Three times a week she goes to day care.
nom;C1;Pflege und Betreuung;die Palliativversorgung;soins palliatifs;palliative care;Die Palliativversorgung beginnt früher, als die meisten denken.;Les soins palliatifs commencent plus tôt qu'on ne croit.;Palliative care begins earlier than most people think.
nom;C1;Pflege und Betreuung;die Schmerztherapie;traitement de la douleur;pain management;Eine gute Schmerztherapie verändert alles.;Un bon traitement de la douleur change tout.;Good pain management changes everything.
nom;C1;Pflege und Betreuung;das Hospiz;unité de soins palliatifs;hospice;Im Hospiz arbeiten mehr Ehrenamtliche als Angestellte.;Dans l'unité de soins palliatifs, il y a plus de bénévoles que de salariés.;In the hospice there are more volunteers than employees.
nom;C1;Pflege und Betreuung;die Pflegefachkraft;infirmier diplômé;qualified nurse;Auf zwanzig Bewohner kommt eine Pflegefachkraft.;Il y a un infirmier diplômé pour vingt résidents.;There is one qualified nurse per twenty residents.
nom;C1;Pflege und Betreuung;die Überleitung;transmission (dossier de soins);handover, transfer of care;Bei der Überleitung ins Heim geht oft Wissen verloren.;Lors de la transmission vers l'établissement, du savoir se perd souvent.;In the handover to the home, knowledge is often lost.
