type;niveau;categorie;allemand;francais;anglais;exemple_de;exemple_fr;exemple_en
verbe (chapitre VHS);B1;Kapitel 1 (VHS);abschließen;conclure, verrouiller;to conclude, to lock;Wir schließen den Vertrag am Freitag ab.;Nous concluons le contrat vendredi.;We conclude the contract on Friday.
verbe (chapitre VHS);B1;Kapitel 1 (VHS);annehmen;accepter, supposer;to accept, to assume;Sie nimmt das Angebot sofort an.;Elle accepte l'offre immédiatement.;She accepts the offer immediately.
verbe (chapitre VHS);B1;Kapitel 1 (VHS);beruhigen;calmer;to calm down;Die Mutter beruhigt das weinende Kind.;La mère calme l'enfant qui pleure.;The mother calms the crying child.
verbe (chapitre VHS);B1;Kapitel 1 (VHS);sich beschweren;se plaindre (bei qn über qch);to complain (to sb about sth);Ich beschwere mich beim Vermieter über den Lärm.;Je me plains du bruit auprès du propriétaire.;I complain to the landlord about the noise.
verbe (chapitre VHS);B1;Kapitel 1 (VHS);einziehen;emménager;to move in;Wir ziehen nächsten Monat in die neue Wohnung ein.;Nous emménageons dans le nouvel appartement le mois prochain.;We're moving into the new apartment next month.
verbe (chapitre VHS);B1;Kapitel 1 (VHS);entsorgen;éliminer, jeter (des déchets);to dispose of;Er entsorgt die alten Batterien im Supermarkt.;Il jette les vieilles piles au supermarché.;He disposes of the old batteries at the supermarket.
verbe (chapitre VHS);B1;Kapitel 1 (VHS);füttern;nourrir (un animal);to feed (an animal);Er füttert die Katze jeden Morgen um sieben.;Il nourrit le chat tous les matins à sept heures.;He feeds the cat every morning at seven.
verbe (chapitre VHS);B1;Kapitel 1 (VHS);gießen;arroser;to water;Sie gießt die Blumen jeden zweiten Tag.;Elle arrose les fleurs tous les deux jours.;She waters the flowers every other day.
verbe (chapitre VHS);B1;Kapitel 1 (VHS);grüßen;saluer;to greet;Er grüßt seine Nachbarn immer freundlich.;Il salue toujours ses voisins amicalement.;He always greets his neighbors in a friendly way.
verbe (chapitre VHS);B1;Kapitel 2 (VHS);berechnen;calculer;to calculate;Der Verkäufer berechnet den Gesamtpreis.;Le vendeur calcule le prix total.;The salesperson calculates the total price.
verbe (chapitre VHS);B1;Kapitel 2 (VHS);bestätigen;confirmer;to confirm;Sie bestätigt den Termin per E-Mail.;Elle confirme le rendez-vous par e-mail.;She confirms the appointment by email.
verbe (chapitre VHS);B1;Kapitel 2 (VHS);ernten;récolter;to harvest;Die Bauern ernten im September die Äpfel.;Les agriculteurs récoltent les pommes en septembre.;Farmers harvest apples in September.
verbe (chapitre VHS);B1;Kapitel 2 (VHS);garantieren;garantir;to guarantee;Der Verkäufer garantiert die Qualität der Ware.;Le vendeur garantit la qualité de la marchandise.;The seller guarantees the quality of the goods.
verbe (chapitre VHS);B1;Kapitel 2 (VHS);konsumieren;consommer;to consume;Wir konsumieren zu viel Zucker.;Nous consommons trop de sucre.;We consume too much sugar.
verbe (chapitre VHS);B1;Kapitel 2 (VHS);reklamieren;réclamer, faire une réclamation;to file a complaint;Sie reklamiert die defekte Ware im Geschäft.;Elle fait une réclamation au magasin pour la marchandise défectueuse.;She files a complaint about the defective goods at the store.
verbe (chapitre VHS);B1;Kapitel 2 (VHS);schonen;ménager, préserver;to spare, to protect;Langsames Laden schont den Akku.;Une charge lente ménage la batterie.;Slow charging protects the battery.
verbe (chapitre VHS);B1;Kapitel 2 (VHS);überweisen;virer (de l'argent);to transfer (money);Ich überweise dir das Geld noch heute.;Je te vire l'argent dès aujourd'hui.;I'll transfer you the money today.
verbe (chapitre VHS);B1;Kapitel 2 (VHS);überzeugen;convaincre;to convince;Der Verkäufer überzeugt mich von dem Produkt.;Le vendeur me convainc du produit.;The salesperson convinces me about the product.
verbe (chapitre VHS);B1;Kapitel 2 (VHS);umtauschen;échanger (un article);to exchange (an item);Ich tausche das Hemd im Geschäft um.;J'échange la chemise au magasin.;I exchange the shirt at the store.
verbe (chapitre VHS);B1;Kapitel 2 (VHS);verschwinden;disparaître;to disappear;Der Fleck verschwindet beim Waschen.;La tache disparaît au lavage.;The stain disappears in the wash.
verbe (chapitre VHS);B1;Kapitel 2 (VHS);zustellen;livrer, remettre (courrier);to deliver;Der Postbote stellt uns die Pakete am Vormittag zu.;Le facteur nous livre les colis le matin.;The mail carrier delivers us the packages in the morning.
verbe (chapitre VHS);B1;Kapitel 3 (VHS);entstehen;se former, naître (apparaître);to arise, to come into being;Durch den Sturm entsteht ein großer Schaden.;La tempête provoque de gros dégâts.;The storm causes major damage.
verbe (chapitre VHS);B1;Kapitel 3 (VHS);erstatten;rembourser (des frais);to reimburse;Die Versicherung erstattet uns die Kosten der Reparatur.;L'assurance nous rembourse les frais de réparation.;The insurance reimburses us the repair costs.
verbe (chapitre VHS);B1;Kapitel 3 (VHS);erwarten;attendre, s'attendre à;to expect;Wir erwarten eine schnelle Antwort von der Bank.;Nous attendons une réponse rapide de la banque.;We expect a quick response from the bank.
verbe (chapitre VHS);B1;Kapitel 3 (VHS);senden;envoyer;to send;Ich sende Ihnen die Unterlagen morgen.;Je vous envoie les documents demain.;I'm sending you the documents tomorrow.
verbe (chapitre VHS);B1;Kapitel 3 (VHS);sperren;bloquer;to block;Die Bank sperrt meine Kreditkarte sofort.;La banque bloque ma carte de crédit immédiatement.;The bank blocks my credit card right away.
verbe (chapitre VHS);B1;Kapitel 3 (VHS);stehlen;voler;to steal;Diebe stehlen in dieser Straße oft Fahrräder.;Des voleurs volent souvent des vélos dans cette rue.;Thieves often steal bicycles on this street.
verbe (chapitre VHS);B1;Kapitel 3 (VHS);unterstützen;soutenir;to support;Die Bank unterstützt kleine Unternehmen mit Krediten.;La banque soutient les petites entreprises avec des crédits.;The bank supports small businesses with loans.
verbe (chapitre VHS);B1;Kapitel 3 (VHS);abheben;retirer (de l'argent);to withdraw (money);Ich hebe am Automaten hundert Euro ab.;Je retire cent euros au distributeur.;I withdraw a hundred euros at the ATM.
verbe (chapitre VHS);B1;Kapitel 3 (VHS);akzeptieren;accepter;to accept;Diese Bank akzeptiert keine Bargeldeinzahlungen mehr.;Cette banque n'accepte plus les dépôts en espèces.;This bank no longer accepts cash deposits.
verbe (chapitre VHS);B1;Kapitel 3 (VHS);angeben;indiquer, déclarer;to state, to indicate;Sie gibt ihre IBAN auf dem Formular an.;Elle indique son IBAN sur le formulaire.;She states her IBAN on the form.
verbe (chapitre VHS);B1;Kapitel 3 (VHS);aufnehmen;contracter (un crédit);to take out (a loan);Sie nimmt einen Kredit für das Studium auf.;Elle contracte un crédit pour ses études.;She takes out a loan for her studies.
verbe (chapitre VHS);B1;Kapitel 3 (VHS);ausdrucken;imprimer;to print out;Der Automat druckt den Kontoauszug aus.;Le distributeur imprime le relevé de compte.;The machine prints out the bank statement.
verbe (chapitre VHS);B1;Kapitel 3 (VHS);beschädigen;endommager;to damage;Ein harter Transport beschädigt das Gerät.;Un transport brutal endommage l'appareil.;Rough transport damages the device.
verbe (chapitre VHS);B1;Kapitel 3 (VHS);einzahlen;déposer (de l'argent);to deposit (money);Ich zahle zweihundert Euro auf mein Konto ein.;Je dépose deux cents euros sur mon compte.;I deposit two hundred euros into my account.
verbe (chapitre VHS);B1;Kapitel 4 (VHS);abnehmen;maigrir, perdre du poids;to lose weight;Er nimmt seit dem Sommer langsam ab.;Il perd du poids lentement depuis l'été.;He has been slowly losing weight since summer.
verbe (chapitre VHS);B1;Kapitel 4 (VHS);ändern;changer, modifier;to change, to modify;Sie ändert ihre Essgewohnheiten.;Elle change ses habitudes alimentaires.;She changes her eating habits.
verbe (chapitre VHS);B1;Kapitel 4 (VHS);sich ernähren;se nourrir, s'alimenter;to eat, to feed oneself;Er ernährt sich seit Jahren vegetarisch.;Il se nourrit végétarien depuis des années.;He has eaten a vegetarian diet for years.
verbe (chapitre VHS);B1;Kapitel 4 (VHS);fallen;tomber;to fall;Die Preise für Obst fallen im Sommer.;Les prix des fruits baissent en été.;Fruit prices fall in summer.
verbe (chapitre VHS);B1;Kapitel 4 (VHS);teilnehmen;participer (à qch);to participate (in sth);Sie nimmt an einem Ernährungskurs teil.;Elle participe à un cours de nutrition.;She is taking part in a nutrition course.
verbe (chapitre VHS);B1;Kapitel 4 (VHS);verändern;changer, modifier;to change;Die neue Diät verändert ihr Leben.;Le nouveau régime change sa vie.;The new diet changes her life.
verbe (chapitre VHS);B1;Kapitel 4 (VHS);verbessern;améliorer;to improve;Er verbessert seine Ernährung Schritt für Schritt.;Il améliore son alimentation pas à pas.;He improves his diet step by step.
verbe (chapitre VHS);B1;Kapitel 4 (VHS);verbrauchen;consommer (des ressources);to consume, to use up;Wir verbrauchen jede Woche ein Kilo Zucker.;Nous consommons un kilo de sucre par semaine.;We use up a kilo of sugar every week.
verbe (chapitre VHS);B1;Kapitel 4 (VHS);zubereiten;préparer (un repas);to prepare (a meal);Sie bereitet das Abendessen frisch zu.;Elle prépare le dîner avec des produits frais.;She prepares dinner with fresh ingredients.
verbe (chapitre VHS);B1;Kapitel 4 (VHS);zustimmen;être d'accord (avec qch/qn);to agree (with sth/sb);Ich stimme deinem Vorschlag zu.;Je suis d'accord avec ta proposition.;I agree with your suggestion.
verbe (chapitre VHS);B1;Kapitel 5 (VHS);gründen;fonder;to found;Die beiden Freunde gründen zusammen eine Firma.;Les deux amis fondent une entreprise ensemble.;The two friends are founding a company together.
verbe (chapitre VHS);B1;Kapitel 5 (VHS);herunterladen;télécharger;to download;Ich lade die App auf mein Handy herunter.;Je télécharge l'application sur mon téléphone.;I download the app onto my phone.
verbe (chapitre VHS);B1;Kapitel 5 (VHS);kritisieren;critiquer;to criticize;Er kritisiert die Entscheidung seines Chefs.;Il critique la décision de son patron.;He criticizes his boss's decision.
verbe (chapitre VHS);B1;Kapitel 5 (VHS);leisten;accomplir, se permettre;to accomplish, to afford;Sie leistet in ihrem Beruf viel.;Elle accomplit beaucoup dans son métier.;She achieves a lot in her job.
verbe (chapitre VHS);B1;Kapitel 5 (VHS);retten;sauver;to save, to rescue;Der Feuerwehrmann rettet das Kind aus dem Wasser.;Le pompier sauve l'enfant de l'eau.;The firefighter rescues the child from the water.
verbe (chapitre VHS);B1;Kapitel 5 (VHS);verzeihen;pardonner;to forgive;Sie verzeiht ihm den Fehler schnell.;Elle lui pardonne vite son erreur.;She quickly forgives him for the mistake.
verbe (chapitre VHS);B1;Kapitel 5 (VHS);sich amüsieren;s'amuser;to have fun;Die Kinder amüsieren sich auf dem Fest.;Les enfants s'amusent à la fête.;The children are having fun at the party.
verbe (chapitre VHS);B1;Kapitel 5 (VHS);sich anstrengen;faire des efforts, s'appliquer;to make an effort;Er strengt sich für die Prüfung sehr an.;Il fait beaucoup d'efforts pour l'examen.;He is making a big effort for the exam.
verbe (chapitre VHS);B1;Kapitel 5 (VHS);anwenden;appliquer, utiliser;to apply, to use;Sie wendet die neue Methode im Unterricht an.;Elle applique la nouvelle méthode en classe.;She applies the new method in class.
verbe (chapitre VHS);B1;Kapitel 5 (VHS);behalten;garder;to keep;Ich behalte dieses Foto als Erinnerung.;Je garde cette photo en souvenir.;I keep this photo as a memento.
verbe (chapitre VHS);B1;Kapitel 5 (VHS);bemerken;remarquer;to notice;Sie bemerkt seine schlechte Laune sofort.;Elle remarque tout de suite sa mauvaise humeur.;She notices his bad mood right away.
verbe (chapitre VHS);B1;Kapitel 5 (VHS);beschließen;décider (résolument);to decide, to resolve;Sie beschließen, in eine andere Stadt umzuziehen.;Ils décident de déménager dans une autre ville.;They decide to move to another city.
verbe (chapitre VHS);B1;Kapitel 6 (VHS);operieren;opérer;to operate (surgery);Der Chirurg operiert den Patienten heute Nachmittag.;Le chirurgien opère le patient cet après-midi.;The surgeon is operating on the patient this afternoon.
verbe (chapitre VHS);B1;Kapitel 6 (VHS);röntgen;radiographier, faire une radio;to X-ray;Der Arzt röntgt den gebrochenen Arm.;Le médecin radiographie le bras cassé.;The doctor X-rays the broken arm.
verbe (chapitre VHS);B1;Kapitel 6 (VHS);stürzen;tomber (chute);to fall, to tumble;Auf dem Eis stürzt man leicht.;Sur la glace, on tombe facilement.;On the ice, you fall easily.
verbe (chapitre VHS);B1;Kapitel 6 (VHS);sich verletzen;se blesser (à qch);to injure oneself;Er verletzt sich beim Fußball oft am Knie.;Il se blesse souvent au genou en jouant au football.;He often injures his knee playing soccer.
verbe (chapitre VHS);B1;Kapitel 6 (VHS);versorgen;soigner, s'occuper de;to take care of, to treat;Die Krankenschwester versorgt die Wunde.;L'infirmière soigne la blessure.;The nurse treats the wound.
verbe (chapitre VHS);B1;Kapitel 6 (VHS);wehtun;faire mal;to hurt;Mein Rücken tut mir seit gestern weh.;J'ai mal au dos depuis hier.;My back has hurt since yesterday.
verbe (chapitre VHS);B1;Kapitel 6 (VHS);begleiten;accompagner;to accompany;Der Sohn begleitet seine Mutter zum Arzt.;Le fils accompagne sa mère chez le médecin.;The son accompanies his mother to the doctor.
verbe (chapitre VHS);B1;Kapitel 6 (VHS);betreuen;s'occuper de, encadrer;to look after, to care for;Die Krankenschwester betreut zehn Patienten.;L'infirmière s'occupe de dix patients.;The nurse takes care of ten patients.
verbe (chapitre VHS);B1;Kapitel 6 (VHS);bluten;saigner;to bleed;Sein Finger blutet stark.;Son doigt saigne beaucoup.;His finger is bleeding badly.
verbe (chapitre VHS);B1;Kapitel 6 (VHS);sich etwas brechen;se casser qch;to break sth (a body part);Er bricht sich beim Skifahren das Bein.;Il se casse la jambe en skiant.;He breaks his leg while skiing.
verbe (chapitre VHS);B1;Kapitel 6 (VHS);geschehen;se passer, arriver (événement);to happen;So etwas geschieht zum Glück selten.;Ce genre de chose arrive heureusement rarement.;Something like that fortunately happens rarely.
verbe (chapitre VHS);B1;Kapitel 6 (VHS);massieren;masser;to massage;Der Physiotherapeut massiert ihren Rücken.;Le physiothérapeute lui masse le dos.;The physiotherapist massages her back.
verbe (chapitre VHS);B1;Kapitel 7 (VHS);schützen;protéger;to protect;Wir schützen die Umwelt vor Verschmutzung.;Nous protégeons l'environnement de la pollution.;We protect the environment from pollution.
verbe (chapitre VHS);B1;Kapitel 7 (VHS);transportieren;transporter;to transport;Der Lkw transportiert Obst und Gemüse.;Le camion transporte des fruits et légumes.;The truck transports fruit and vegetables.
verbe (chapitre VHS);B1;Kapitel 7 (VHS);sich verabschieden;dire au revoir (à qch/qn);to say goodbye (to sth/sb);Wir verabschieden uns vom alten Auto.;Nous disons au revoir à la vieille voiture.;We say goodbye to the old car.
verbe (chapitre VHS);B1;Kapitel 7 (VHS);verbieten;interdire;to forbid, to ban;Die Stadt verbietet den Supermärkten Plastiktüten.;La ville interdit les sacs en plastique aux supermarchés.;The city bans plastic bags for supermarkets.
verbe (chapitre VHS);B1;Kapitel 7 (VHS);verzichten;renoncer (à qch);to do without, to forgo;Sie verzichtet ganz auf Fleisch.;Elle renonce complètement à la viande.;She completely forgoes meat.
verbe (chapitre VHS);B1;Kapitel 7 (VHS);wachsen;pousser, grandir;to grow;Die Pflanze wächst im Sommer sehr schnell.;La plante pousse très vite en été.;The plant grows very fast in summer.
verbe (chapitre VHS);B1;Kapitel 7 (VHS);widersprechen;contredire;to contradict;Die neue Studie widerspricht den alten Ergebnissen.;La nouvelle étude contredit les anciens résultats.;The new study contradicts the old results.
verbe (chapitre VHS);B1;Kapitel 7 (VHS);atmen;respirer;to breathe;Nach dem Lauf atmet sie noch schnell.;Après la course, elle respire encore vite.;After the run, she is still breathing fast.
verbe (chapitre VHS);B1;Kapitel 7 (VHS);sich etwas anschaffen;se procurer qch, acheter qch;to acquire, to get sth;Sie schaffen sich Solarpanele an.;Ils se procurent des panneaux solaires.;They are getting solar panels.
verbe (chapitre VHS);B1;Kapitel 7 (VHS);aufheben;ramasser, conserver;to pick up, to keep;Er hebt jeden Zettel vom Boden auf.;Il ramasse chaque bout de papier par terre.;He picks up every scrap of paper off the ground.
verbe (chapitre VHS);B1;Kapitel 7 (VHS);behaupten;affirmer, prétendre;to claim, to assert;Sie behauptet, dass Plastik gefährlich ist.;Elle affirme que le plastique est dangereux.;She claims that plastic is dangerous.
verbe (chapitre VHS);B1;Kapitel 7 (VHS);blühen;fleurir;to bloom;Im Frühling blühen die Bäume.;Au printemps, les arbres fleurissent.;In spring, the trees bloom.
verbe (chapitre VHS);B1;Kapitel 7 (VHS);heizen;chauffer;to heat;Wir heizen das Haus mit Solarenergie.;Nous chauffons la maison à l'énergie solaire.;We heat the house with solar energy.
verbe (chapitre VHS);B1;Kapitel 7 (VHS);produzieren;produire;to produce;Die Fabrik produziert zu viel Abfall.;L'usine produit trop de déchets.;The factory produces too much waste.
verbe (chapitre VHS);B1;Kapitel 8 (VHS);sich aufregen;s'énerver;to get upset;Er regt sich schnell über kleine Dinge auf.;Il s'énerve vite pour de petites choses.;He gets upset quickly over small things.
verbe (chapitre VHS);B1;Kapitel 8 (VHS);sich vorstellen;imaginer, se présenter;to imagine, to introduce oneself;Ich stelle mir ein Leben ohne Handy schwierig vor.;J'imagine difficilement une vie sans téléphone.;I imagine a life without a phone would be hard.
verbe (chapitre VHS);B1;Kapitel 9 (VHS);beherrschen;maîtriser;to master;Sie beherrscht drei Fremdsprachen.;Elle maîtrise trois langues étrangères.;She masters three foreign languages.
verbe (chapitre VHS);B1;Kapitel 9 (VHS);sich beschäftigen;s'occuper (de qch);to deal with, to occupy oneself;Er beschäftigt sich seit Jahren mit diesem Thema.;Il s'occupe de ce sujet depuis des années.;He has been dealing with this topic for years.
verbe (chapitre VHS);B1;Kapitel 9 (VHS);sich bewerben;postuler (auprès de qn);to apply (to sb);Sie bewirbt sich bei drei verschiedenen Firmen.;Elle postule dans trois entreprises différentes.;She is applying to three different companies.
verbe (chapitre VHS);B1;Kapitel 9 (VHS);gehen;s'agir (de qch);to be about (impers., um + A.);In der Besprechung geht es um das neue Gehalt.;La réunion porte sur le nouveau salaire.;The meeting is about the new salary.
verbe (chapitre VHS);B1;Kapitel 9 (VHS);sich irren;se tromper;to be mistaken;Ich glaube, du irrst dich diesmal.;Je crois que tu te trompes cette fois.;I think you're mistaken this time.
verbe (chapitre VHS);B1;Kapitel 9 (VHS);kennen;connaître;to know (be acquainted with);Kennst du den neuen Kollegen schon?;Connais-tu déjà le nouveau collègue ?;Do you already know the new colleague?
verbe (chapitre VHS);B1;Kapitel 9 (VHS);laufen;aller, marcher (fonctionner);to go, to run (function);Wie läuft's mit deinem neuen Job?;Comment ça se passe avec ton nouveau travail ?;How's it going with your new job?
verbe (chapitre VHS);B1;Kapitel 9 (VHS);recht haben;avoir raison;to be right;Du hast recht, das Gehalt ist zu niedrig.;Tu as raison, le salaire est trop bas.;You're right, the salary is too low.
verbe (chapitre VHS);B1;Kapitel 9 (VHS);stimmen;être exact, être correct;to be correct;Diese Rechnung stimmt leider nicht.;Cette facture n'est malheureusement pas correcte.;This invoice is unfortunately not correct.
verbe (chapitre VHS);B1;Kapitel 9 (VHS);verdienen;gagner (de l'argent), mériter;to earn, to deserve;Sie verdient in ihrem neuen Job mehr Geld.;Elle gagne plus d'argent dans son nouveau travail.;She earns more money in her new job.
verbe (chapitre VHS);B1;Kapitel 9 (VHS);wecken;réveiller;to wake (someone);Der Wecker weckt mich jeden Morgen um sechs.;Le réveil me réveille tous les matins à six heures.;The alarm wakes me up every morning at six.
verbe (chapitre VHS);B1;Kapitel 9 (VHS);sich etwas wünschen;souhaiter qch;to wish for sth;Er wünscht sich mehr Verantwortung im Job.;Il souhaite avoir plus de responsabilités au travail.;He wishes for more responsibility at work.
verbe (chapitre VHS);B1;Kapitel 10 (VHS);siegen;gagner, être vainqueur;to win, to be victorious;Unsere Mannschaft siegt heute klar.;Notre équipe gagne nettement aujourd'hui.;Our team wins clearly today.
verbe (chapitre VHS);B1;Kapitel 10 (VHS);tauchen;plonger;to dive;Er taucht gern im klaren Wasser des Sees.;Il aime plonger dans l'eau claire du lac.;He likes to dive in the lake's clear water.
verbe (chapitre VHS);B1;Kapitel 10 (VHS);überreden;persuader;to persuade;Sie überredet mich, beim Rennen mitzumachen.;Elle me persuade de participer à la course.;She persuades me to take part in the race.
verbe (chapitre VHS);B1;Kapitel 10 (VHS);wetten;parier;to bet;Ich wette, dass unser Team gewinnt.;Je parie que notre équipe va gagner.;I bet our team will win.
verbe (chapitre VHS);B1;Kapitel 10 (VHS);bestehen;réussir (un examen), consister en;to pass (an exam), to consist of;Die Mannschaft besteht aus Spielern von zwei Vereinen.;L'équipe est composée de joueurs de deux clubs.;The team consists of players from two clubs.
verbe (chapitre VHS);B1;Kapitel 10 (VHS);dabei sein;participer, être présent;to take part, to be there;Beim nächsten Marathon bin ich dabei.;Je participe au prochain marathon.;I'll be taking part in the next marathon.
verbe (chapitre VHS);B1;Kapitel 10 (VHS);drehen;tourner;to turn, to spin;Der Torwart dreht den Kopf blitzschnell zum Ball.;Le gardien tourne la tête vers le ballon à toute vitesse.;The goalkeeper turns his head to the ball in a flash.
verbe (chapitre VHS);B1;Kapitel 10 (VHS);halten;tenir, arrêter (le ballon);to hold, to save (a ball);Der Tormann hält den letzten Elfmeter.;Le gardien arrête le dernier penalty.;The goalkeeper saves the last penalty.
verbe (chapitre VHS);B1;Kapitel 11 (VHS);finanzieren;financer;to finance;Die Eltern finanzieren einen Teil des Studiums.;Les parents financent une partie des études.;The parents finance part of the studies.
verbe (chapitre VHS);B1;Kapitel 11 (VHS);halten;tenir, considérer;to hold, to consider;Er hält seine Familie für das Wichtigste im Leben.;Il considère sa famille comme la chose la plus importante dans la vie.;He considers his family the most important thing in life.
verbe (chapitre VHS);B1;Kapitel 11 (VHS);kleben;coller;to glue, to stick;Das Kind klebt Bilder in sein Fotoalbum.;L'enfant colle des images dans son album photo.;The child glues pictures into his photo album.
verbe (chapitre VHS);B1;Kapitel 11 (VHS);sich etwas leisten;se permettre qch;to afford sth;Sie können sich diesen Urlaub gerade nicht leisten.;Ils ne peuvent pas se permettre ces vacances en ce moment.;They can't afford this vacation right now.
verbe (chapitre VHS);B1;Kapitel 11 (VHS);loslassen;lâcher;to let go;Die Mutter lässt langsam die Hand ihres Kindes los.;La mère lâche lentement la main de son enfant.;The mother slowly lets go of her child's hand.
verbe (chapitre VHS);B1;Kapitel 11 (VHS);sich etwas teilen;partager qch;to share sth;Die Geschwister teilen sich ein Zimmer.;Les frères et sœurs partagent une chambre.;The siblings share a room.
verbe (chapitre VHS);B1;Kapitel 11 (VHS);sich trennen;se séparer;to separate, to break up;Die beiden trennen sich nach zehn Jahren.;Les deux se séparent après dix ans.;The two are separating after ten years.
verbe (chapitre VHS);B1;Kapitel 11 (VHS);verreisen;partir en voyage;to go on a trip;Wir verreisen dieses Jahr mit der ganzen Familie.;Nous partons en voyage avec toute la famille cette année.;We're going on a trip with the whole family this year.
verbe (chapitre VHS);B1;Kapitel 11 (VHS);versäumen;manquer, rater (une occasion);to miss (an opportunity);Er versäumt oft wichtige Termine.;Il manque souvent des rendez-vous importants.;He often misses important appointments.
verbe (chapitre VHS);B1;Kapitel 11 (VHS);wert sein;valoir la peine;to be worth it;Diese Erfahrung ist die Mühe wert.;Cette expérience vaut la peine.;This experience is worth the effort.
verbe (chapitre VHS);B1;Kapitel 11 (VHS);abwaschen;laver la vaisselle;to wash up, to do the dishes;Nach dem Essen wäscht er das Geschirr ab.;Après le repas, il fait la vaisselle.;After the meal, he does the dishes.
verbe (chapitre VHS);B1;Kapitel 11 (VHS);ankommen;arriver (sur qch), dépendre de;to arrive, to depend (on sth);Es kommt darauf an, wie viel Zeit wir haben.;Cela dépend du temps dont nous disposons.;It depends on how much time we have.
verbe (chapitre VHS);B1;Kapitel 11 (VHS);aufgeben;abandonner, renoncer;to give up;Sie gibt ihre Karriere für die Familie nicht auf.;Elle n'abandonne pas sa carrière pour sa famille.;She does not give up her career for her family.
verbe (chapitre VHS);B1;Kapitel 11 (VHS);aussteigen;quitter (un métier), descendre;to quit (a profession), to get out;Er steigt aus seinem Beruf aus, um Vater zu sein.;Il quitte son métier pour être père.;He is quitting his profession to be a father.
verbe (chapitre VHS);B1;Kapitel 11 (VHS);behandeln;traiter;to treat;Die Eltern behandeln beide Kinder gleich.;Les parents traitent les deux enfants de la même façon.;The parents treat both children the same way.
verbe (chapitre VHS);B1;Kapitel 11 (VHS);bleiben;rester;to stay, to remain;Sie bleibt zu Hause, um sich um das Baby zu kümmern.;Elle reste à la maison pour s'occuper du bébé.;She stays home to take care of the baby.
verbe (chapitre VHS);B1;Kapitel 11 (VHS);brauchen;avoir besoin de;to need;Junge Eltern brauchen viel Unterstützung.;Les jeunes parents ont besoin de beaucoup de soutien.;Young parents need a lot of support.
verbe (chapitre VHS);B1;Kapitel 11 (VHS);bringen;apporter, amener;to bring;Er bringt die Kinder jeden Morgen zur Kita.;Il amène les enfants à la crèche tous les matins.;He takes the children to daycare every morning.
verbe (chapitre VHS);B1;Kapitel 11 (VHS);durchfallen;échouer (à un examen);to fail (an exam);Ohne Vorbereitung fällt man bei der Prüfung durch.;Sans préparation, on échoue à l'examen.;Without preparation, you fail the exam.
verbe (chapitre VHS);B1;Kapitel 11 (VHS);erziehen;élever (un enfant);to raise (a child);Sie erziehen ihre Kinder sehr liebevoll.;Ils élèvent leurs enfants avec beaucoup d'affection.;They raise their children very lovingly.
verbe (chapitre VHS);B1;Kapitel 12 (VHS);entgegennehmen;recevoir, accepter (une remise);to accept, to receive;Der Empfang nimmt die Pakete für die Mieter entgegen.;La réception reçoit les colis pour les locataires.;The reception accepts packages for the tenants.
verbe (chapitre VHS);B1;Kapitel 12 (VHS);frustrieren;frustrer;to frustrate;Die lange Wartezeit frustriert viele Kunden.;La longue attente frustre beaucoup de clients.;The long wait frustrates many customers.
verbe (chapitre VHS);B1;Kapitel 12 (VHS);montieren;monter, assembler;to assemble, to mount;Der Techniker montiert die neue Klimaanlage.;Le technicien monte le nouveau climatiseur.;The technician assembles the new air conditioner.
verbe (chapitre VHS);B1;Kapitel 12 (VHS);sich orientieren;s'orienter;to orient oneself;In der neuen Stadt orientiert sie sich an der Karte.;Dans la nouvelle ville, elle s'oriente à l'aide de la carte.;In the new city she gets her bearings from the map.
verbe (chapitre VHS);B1;Kapitel 12 (VHS);stellen;poser (une question), déposer (une demande);to ask (a question), to submit (a request);Sie stellt viele Fragen zur Ausbildung.;Elle pose beaucoup de questions sur la formation.;She asks a lot of questions about the training.
verbe (chapitre VHS);B1;Kapitel 12 (VHS);zusammenbleiben;rester ensemble;to stay together;Die beiden Freunde bleiben seit der Schule zusammen.;Les deux amis restent ensemble depuis l'école.;The two friends have stayed together since school.
verbe (chapitre VHS);B1;Kapitel 12 (VHS);sich zusammensetzen;se composer (de qch), s'asseoir ensemble;to consist of, to sit down together;Das Team setzt sich aus zehn Personen zusammen.;L'équipe se compose de dix personnes.;The team consists of ten people.
verbe (chapitre VHS);B1;Kapitel 12 (VHS);anpassen;adapter;to adapt;Sie passt ihren Lebenslauf an jede Stelle an.;Elle adapte son CV à chaque poste.;She adapts her résumé to each position.
verbe (chapitre VHS);B1;Kapitel 12 (VHS);auftreten;se présenter, se comporter;to appear, to behave, to occur;Im Vorstellungsgespräch tritt sie sehr sicher auf.;Lors de l'entretien, elle se présente avec beaucoup d'assurance.;In the job interview she comes across very confidently.
verbe (chapitre VHS);B1;Kapitel 12 (VHS);auschecken;quitter l'hôtel (check-out);to check out;Wir checken um elf Uhr aus.;Nous quittons la chambre à onze heures.;We check out at eleven o'clock.
verbe (chapitre VHS);B1;Kapitel 12 (VHS);bewerten;évaluer, noter;to evaluate, to rate;Der Lehrer bewertet die Arbeiten nach klaren Kriterien.;Le professeur évalue les travaux selon des critères clairs.;The teacher evaluates the papers according to clear criteria.
verbe (chapitre VHS);B1;Kapitel 12 (VHS);dokumentieren;documenter;to document;Sie dokumentiert jeden Schritt des Projekts.;Elle documente chaque étape du projet.;She documents every step of the project.
verbe (chapitre VHS);B1;Kapitel 12 (VHS);durchführen;réaliser, mener à bien;to carry out, to conduct;Die Firma führt eine interne Umfrage durch.;L'entreprise mène une enquête interne.;The company is conducting an internal survey.
verbe (chapitre VHS);B1;Kapitel 12 (VHS);einfallen;venir à l'esprit;to come to mind, to think of;Mir fällt gerade kein besseres Wort ein.;Aucun meilleur mot ne me vient à l'esprit pour l'instant.;No better word comes to mind right now.
verbe (chapitre VHS);B1;Kapitel 12 (VHS);einreichen;déposer, soumettre (un dossier);to submit (an application);Sie reicht ihre Bewerbung heute ein.;Elle dépose sa candidature aujourd'hui.;She submits her application today.
verbe (chapitre VHS);B1;Kapitel 13 (VHS);halten;tenir (un discours pour qch);to give, to hold (a speech, for sth);Sie hält heute eine Rede für ihren pensionierten Kollegen.;Elle prononce aujourd'hui un discours pour son collègue à la retraite.;She is giving a speech today for her retired colleague.
verbe (chapitre VHS);B1;Kapitel 13 (VHS);kämpfen;se battre, lutter;to fight;Die Vereine kämpfen um mehr Unterstützung vom Staat.;Les associations luttent pour plus de soutien de l'État.;The associations are fighting for more state support.
verbe (chapitre VHS);B1;Kapitel 13 (VHS);sich verhalten;se comporter;to behave;Die Freiwilligen verhalten sich sehr professionell.;Les bénévoles se comportent de manière très professionnelle.;The volunteers behave very professionally.
verbe (chapitre VHS);B1;Kapitel 13 (VHS);sich verlassen;compter (sur qch/qn);to rely (on sth/sb);Man kann sich auf ihre Mitarbeit verlassen.;On peut compter sur sa collaboration.;You can rely on her cooperation.
verbe (chapitre VHS);B1;Kapitel 13 (VHS);verleihen;prêter (contre paiement ou honneur);to lend, to award;Der Verein verleiht Fahrräder an seine Mitglieder.;L'association prête des vélos à ses membres.;The club lends bikes to its members.
verbe (chapitre VHS);B1;Kapitel 13 (VHS);sich verpflichten;s'engager (pour qch);to commit oneself (to sth);Sie verpflichtet sich, jede Woche zu helfen.;Elle s'engage à aider chaque semaine.;She commits to helping every week.
verbe (chapitre VHS);B1;Kapitel 13 (VHS);zusammenkommen;se réunir;to come together, to meet;Die Freiwilligen kommen jeden Montag zusammen.;Les bénévoles se réunissent chaque lundi.;The volunteers meet every Monday.
verbe (chapitre VHS);B1;Kapitel 13 (VHS);absagen;annuler, décliner;to cancel, to decline;Er sagt den Termin kurzfristig ab.;Il annule le rendez-vous à la dernière minute.;He cancels the appointment at short notice.
verbe (chapitre VHS);B1;Kapitel 13 (VHS);aufpumpen;gonfler (un pneu);to pump up (a tire);Er pumpt den Reifen vor der Tour auf.;Il gonfle le pneu avant la sortie.;He pumps up the tire before the ride.
verbe (chapitre VHS);B1;Kapitel 13 (VHS);auswechseln;remplacer, changer;to replace, to swap out;Der Trainer wechselt den Torwart in der Pause aus.;L'entraîneur remplace le gardien à la mi-temps.;The coach swaps out the goalkeeper at halftime.
verbe (chapitre VHS);B1;Kapitel 13 (VHS);sich bedanken;remercier (pour qch);to thank (for sth);Ich bedanke mich für Ihre Hilfe.;Je vous remercie pour votre aide.;I thank you for your help.
verbe (chapitre VHS);B1;Kapitel 13 (VHS);sich einsetzen;s'engager (pour qch);to advocate, to commit (to sth);Sie setzt sich für Menschen mit Behinderung ein.;Elle s'engage pour les personnes handicapées.;She advocates for people with disabilities.
verbe (chapitre VHS);B1;Kapitel 13 (VHS);sich entwickeln;se développer;to develop;Das Ehrenamt entwickelt sich seit Jahren stark.;Le bénévolat se développe fortement depuis des années.;Volunteering has been developing strongly for years.
verbe (chapitre VHS);B1;Kapitel 13 (VHS);erfordern;exiger, nécessiter;to require;Diese Aufgabe erfordert viel Geduld.;Cette tâche exige beaucoup de patience.;This task requires a lot of patience.
verbe (chapitre VHS);B1;Kapitel 14 (VHS);abrechnen;facturer, faire les comptes;to settle accounts, to bill;Die Firma rechnet die Kosten am Monatsende ab.;L'entreprise règle les comptes à la fin du mois.;The company settles the costs at the end of the month.
verbe (chapitre VHS);B1;Kapitel 14 (VHS);anzünden;allumer;to light;Er zündet die Kerzen auf dem Tisch an.;Il allume les bougies sur la table.;He lights the candles on the table.
verbe (chapitre VHS);B1;Kapitel 14 (VHS);beobachten;observer;to observe;Die Polizei beobachtet die Situation genau.;La police observe la situation de près.;The police observe the situation closely.
verbe (chapitre VHS);B1;Kapitel 14 (VHS);bestehen;exister, réussir (un examen), consister en;to exist, to pass (exam), to consist of;Es besteht die Möglichkeit, den Kurs online zu machen.;Il existe la possibilité de suivre le cours en ligne.;There is the possibility of taking the course online.
verbe (chapitre VHS);B1;Kapitel 14 (VHS);drehen;tourner (un film);to shoot (a film), to turn;Der Regisseur dreht seinen neuen Film in Berlin.;Le réalisateur tourne son nouveau film à Berlin.;The director is shooting his new film in Berlin.
verbe (chapitre VHS);B1;Kapitel 14 (VHS);sich entschließen;se décider;to decide, to make up one's mind;Sie entschließt sich, für den Gemeinderat zu kandidieren.;Elle décide de se présenter au conseil municipal.;She decides to run for the town council.
verbe (chapitre VHS);B1;Kapitel 14 (VHS);festlegen;fixer, déterminer;to set, to determine;Die Gemeinde legt den Termin für die Wahl fest.;La commune fixe la date de l'élection.;The municipality sets the date for the election.
verbe (chapitre VHS);B1;Kapitel 14 (VHS);sammeln;collectionner, rassembler;to collect;Der Verein sammelt Spenden für die Musikschule.;L'association collecte des dons pour l'école de musique.;The association collects donations for the music school.
verbe (chapitre VHS);B1;Kapitel 14 (VHS);Sport treiben;faire du sport;to play sports, to exercise;Sie treibt regelmäßig Sport im Verein.;Elle fait régulièrement du sport dans un club.;She regularly plays sports in a club.
verbe (chapitre VHS);B1;Kapitel 14 (VHS);verbinden;relier, mettre en relation (au téléphone);to connect (on the phone);Einen Moment bitte, ich verbinde Sie mit der Redaktion.;Un instant s'il vous plaît, je vous mets en relation avec la rédaction.;One moment please, I'll connect you with the editorial office.
verbe (chapitre VHS);B1;Kapitel 15 (VHS);abhängen;dépendre (de qch);to depend (on sth);Der Preis hängt von der Saison ab.;Le prix dépend de la saison.;The price depends on the season.
verbe (chapitre VHS);B1;Kapitel 15 (VHS);annehmen;supposer, accepter;to assume, to accept;Ich nehme an, dass der Bus pünktlich kommt.;Je suppose que le bus arrivera à l'heure.;I assume the bus will arrive on time.
verbe (chapitre VHS);B1;Kapitel 15 (VHS);sich auskennen;s'y connaître (en qch);to know one's way around (sth);Der Stadtführer kennt sich in der Altstadt bestens aus.;Le guide touristique connaît parfaitement la vieille ville.;The city guide knows the old town very well.
verbe (chapitre VHS);B1;Kapitel 15 (VHS);berücksichtigen;tenir compte de;to take into account;Bei der Planung berücksichtigen wir das Wetter.;Dans la planification, nous tenons compte de la météo.;In our planning, we take the weather into account.
verbe (chapitre VHS);B1;Kapitel 15 (VHS);sich beschränken;se limiter (à qch);to limit oneself (to sth);Die Führung beschränkt sich auf das historische Zentrum.;La visite se limite au centre historique.;The tour is limited to the historic center.
verbe (chapitre VHS);B1;Kapitel 15 (VHS);unter sich bleiben;rester entre soi;to keep to oneself, to stay among themselves;In diesem Viertel bleiben die Bewohner gern unter sich.;Dans ce quartier, les habitants aiment rester entre eux.;In this neighborhood the residents like to keep to themselves.
verbe (chapitre VHS);B1;Kapitel 15 (VHS);sich drehen;tourner, porter (sur un sujet);to turn, to revolve (around a topic);Das Gespräch dreht sich meistens um die Stadtgeschichte.;La conversation tourne surtout autour de l'histoire de la ville.;The conversation mostly revolves around the city's history.
verbe (chapitre VHS);B1;Kapitel 15 (VHS);sich freinehmen;prendre congé, se libérer;to take time off;Sie nimmt sich für die Stadtführung einen Nachmittag frei.;Elle se libère un après-midi pour la visite guidée.;She takes an afternoon off for the city tour.
verbe (chapitre VHS);B1;Kapitel 15 (VHS);handeln;commercer, négocier (avec qch);to trade, to deal (with sth);Die Stadt handelt seit Jahrhunderten mit Gewürzen.;La ville commerce des épices depuis des siècles.;The city has traded spices for centuries.
verbe (chapitre VHS);B1;Kapitel 15 (VHS);zu tun haben;avoir affaire (à qch/qn);to have to do (with sth/sb);Sein Beruf hat viel mit Tourismus zu tun.;Son métier a beaucoup à voir avec le tourisme.;His job has a lot to do with tourism.
verbe (chapitre VHS);B1;Kapitel 15 (VHS);umgehen;gérer, traiter (avec qch/qn);to deal, to handle (sth/sb);Der Führer geht sehr freundlich mit den Touristen um.;Le guide traite les touristes avec beaucoup de gentillesse.;The guide treats the tourists very kindly.
verbe (chapitre VHS);B1;Kapitel 15 (VHS);verurteilen;condamner;to condemn, to convict;Das Gericht verurteilt den Mann zu einer Geldstrafe.;Le tribunal condamne l'homme à une amende.;The court sentences the man to a fine.
verbe (chapitre VHS);B1;Kapitel 16 (VHS);abstimmen;voter;to vote;Am Sonntag stimmen die Bürger über das neue Gesetz ab.;Dimanche, les citoyens votent sur la nouvelle loi.;On Sunday, citizens vote on the new law.
verbe (chapitre VHS);B1;Kapitel 16 (VHS);ausbilden;former (professionnellement);to train;Die Firma bildet jedes Jahr zehn Lehrlinge aus.;L'entreprise forme dix apprentis chaque année.;The company trains ten apprentices every year.
verbe (chapitre VHS);B1;Kapitel 16 (VHS);befristen;limiter dans le temps;to limit (in time);Die Firma befristet den Arbeitsvertrag auf ein Jahr.;L'entreprise limite le contrat de travail à un an.;The company limits the employment contract to one year.
verbe (chapitre VHS);B1;Kapitel 16 (VHS);besitzen;posséder;to own, to possess;Sie besitzt seit letztem Jahr die deutsche Staatsbürgerschaft.;Elle possède la nationalité allemande depuis l'année dernière.;She has held German citizenship since last year.
verbe (chapitre VHS);B1;Kapitel 16 (VHS);einbürgern;naturaliser;to naturalize;Der Staat bürgert jedes Jahr Tausende Menschen ein.;L'État naturalise des milliers de personnes chaque année.;The state naturalizes thousands of people every year.
verbe (chapitre VHS);B1;Kapitel 16 (VHS);gelingen;réussir (impersonnel);to succeed;Es gelingt ihr, die Prüfung zu bestehen.;Elle réussit à passer l'examen.;She succeeds in passing the exam.
verbe (chapitre VHS);B1;Kapitel 16 (VHS);herausfinden;découvrir, trouver;to find out;Er findet heraus, welche Rechte er hat.;Il découvre quels sont ses droits.;He finds out what rights he has.
verbe (chapitre VHS);B1;Kapitel 16 (VHS);sich etwas überlegen;réfléchir à qch;to think sth over;Sie überlegt sich, ob sie sich einbürgern lässt.;Elle réfléchit à demander la naturalisation.;She is thinking over whether to apply for naturalization.
verbe;A1;;sein;être;to be;Ich bin Student.;Je suis étudiant.;I am a student.
verbe;A1;;haben;avoir;to have;Ich habe einen Bruder.;J'ai un frère.;I have a brother.
verbe;A1;;werden;devenir;to become;Ich werde Lehrer.;Je vais devenir professeur.;I am going to become a teacher.
verbe;A1;;können;pouvoir;to be able to, can;Ich kann gut schwimmen.;Je sais bien nager.;I can swim well.
verbe;A1;;müssen;devoir;to have to, must;Ich muss jetzt gehen.;Je dois y aller maintenant.;I have to go now.
verbe;A1;;wollen;vouloir;to want;Ich will ein Eis.;Je veux une glace.;I want an ice cream.
verbe;A1;;sollen;devoir (être censé);to be supposed to, should;Du sollst mehr schlafen.;Tu devrais dormir davantage.;You should sleep more.
verbe;A1;;dürfen;avoir le droit de;to be allowed to, may;Ich darf heute lange aufbleiben.;J'ai le droit de me coucher tard aujourd'hui.;I'm allowed to stay up late today.
verbe;A1;;mögen;aimer bien;to like;Ich mag Schokolade.;J'aime le chocolat.;I like chocolate.
verbe;A1;;machen;faire;to do, to make;Ich mache meine Hausaufgaben.;Je fais mes devoirs.;I do my homework.
verbe;A1;;gehen;aller;to go;Ich gehe jeden Tag spazieren.;Je me promène tous les jours.;I go for a walk every day.
verbe;A1;;kommen;venir;to come;Ich komme aus Frankreich.;Je viens de France.;I come from France.
verbe;A1;;sehen;voir;to see;Ich sehe meine Freunde.;Je vois mes amis.;I see my friends.
verbe;A1;;geben;donner;to give;Ich gebe dir mein Buch.;Je te donne mon livre.;I give you my book.
verbe;A1;;nehmen;prendre;to take;Ich nehme den Bus.;Je prends le bus.;I take the bus.
verbe;A1;;sagen;dire;to say;Ich sage dir die Wahrheit.;Je te dis la vérité.;I am telling you the truth.
verbe;A1;;wissen;savoir;to know;Ich weiß die Antwort nicht.;Je ne connais pas la réponse.;I don't know the answer.
verbe;A1;;finden;trouver;to find;Ich finde den Film gut.;Je trouve le film bien.;I think the movie is good.
verbe;A1;;denken;penser;to think;Ich denke oft an dich.;Je pense souvent à toi.;I often think of you.
verbe;A1;;glauben;croire;to believe;Ich glaube dir.;Je te crois.;I believe you.
verbe;A1;;brauchen;avoir besoin de;to need;Ich brauche mehr Zeit.;J'ai besoin de plus de temps.;I need more time.
verbe;A1;;arbeiten;travailler;to work;Ich arbeite von zu Hause.;Je travaille depuis chez moi.;I work from home.
verbe;A1;;spielen;jouer;to play;Die Kinder spielen Fußball.;Les enfants jouent au foot.;The children play soccer.
verbe;A1;;lernen;apprendre;to learn;Ich lerne Deutsch.;J'apprends l'allemand.;I am learning German.
verbe;A1;;wohnen;habiter;to live, to reside;Ich wohne in Berlin.;J'habite à Berlin.;I live in Berlin.
verbe;A1;;leben;vivre;to live;Meine Eltern leben in Frankreich.;Mes parents vivent en France.;My parents live in France.
verbe;A1;;lieben;aimer;to love;Ich liebe meine Familie.;J'aime ma famille.;I love my family.
verbe;A1;;kaufen;acheter;to buy;Ich kaufe frisches Brot.;J'achète du pain frais.;I buy fresh bread.
verbe;A1;;verkaufen;vendre;to sell;Er verkauft sein altes Fahrrad.;Il vend son vieux vélo.;He is selling his old bike.
verbe;A1;;kochen;cuisiner;to cook;Ich koche heute Abend Pasta.;Je cuisine des pâtes ce soir.;I'm cooking pasta tonight.
verbe;A1;;essen;manger;to eat;Ich esse gern Pizza.;J'aime manger de la pizza.;I like eating pizza.
verbe;A1;;trinken;boire;to drink;Ich trinke jeden Morgen Kaffee.;Je bois du café tous les matins.;I drink coffee every morning.
verbe;A1;;schlafen;dormir;to sleep;Ich schlafe acht Stunden.;Je dors huit heures.;I sleep eight hours.
verbe;A1;;hören;écouter, entendre;to hear, to listen;Ich höre gern Musik.;J'aime écouter de la musique.;I like listening to music.
verbe;A1;;sprechen;parler;to speak;Ich spreche drei Sprachen.;Je parle trois langues.;I speak three languages.
verbe;A1;;lesen;lire;to read;Ich lese jeden Abend ein Buch.;Je lis un livre tous les soirs.;I read a book every evening.
verbe;A1;;schreiben;écrire;to write;Ich schreibe dir eine E-Mail.;Je t'écris un e-mail.;I am writing you an e-mail.
verbe;A1;;fahren;conduire, aller (en véhicule);to drive, to go (by vehicle);Ich fahre mit dem Auto zur Arbeit.;Je vais au travail en voiture.;I drive to work.
verbe;A1;;fliegen;voler (en avion);to fly;Wir fliegen nach Spanien.;Nous prenons l'avion pour l'Espagne.;We are flying to Spain.
verbe;A1;;laufen;courir, marcher;to run, to walk;Ich laufe jeden Morgen.;Je cours tous les matins.;I run every morning.
verbe;A1;;tragen;porter;to carry, to wear;Sie trägt eine rote Jacke.;Elle porte une veste rouge.;She is wearing a red jacket.
verbe;A1;;helfen;aider;to help;Ich helfe meiner Mutter.;J'aide ma mère.;I help my mother.
verbe;A1;;lachen;rire;to laugh;Die Kinder lachen viel.;Les enfants rient beaucoup.;The children laugh a lot.
verbe;A1;;weinen;pleurer;to cry;Das Baby weint.;Le bébé pleure.;The baby is crying.
verbe;A1;;fragen;demander;to ask;Ich frage den Lehrer.;Je demande au professeur.;I ask the teacher.
verbe;A1;;antworten;répondre;to answer;Ich antworte dir.;Je te réponds.;I answer you.
verbe;A1;;warten;attendre;to wait;Ich warte auf den Bus.;J'attends le bus.;I am waiting for the bus.
verbe;A1;;suchen;chercher;to look for, to search;Ich suche meine Schlüssel.;Je cherche mes clés.;I am looking for my keys.
verbe;A1;;öffnen;ouvrir;to open;Ich öffne das Fenster.;J'ouvre la fenêtre.;I open the window.
verbe;A1;;schließen;fermer;to close;Ich schließe die Tür.;Je ferme la porte.;I close the door.
verbe;A1;;beginnen;commencer;to begin;Ich beginne die Arbeit.;Je commence le travail.;I begin the work.
verbe;A1;;bleiben;rester;to stay;Sie bleibt Ärztin.;Elle reste médecin.;She remains a doctor.
verbe;A1;;bekommen;recevoir;to receive, to get;Ich bekomme ein Geschenk.;Je reçois un cadeau.;I am getting a gift.
verbe;A1;;verstehen;comprendre;to understand;Ich verstehe die Frage nicht.;Je ne comprends pas la question.;I don't understand the question.
verbe;A1;;kennen;connaître;to know (be acquainted with);Ich kenne diese Stadt gut.;Je connais bien cette ville.;I know this city well.
verbe;A1;;treffen;rencontrer;to meet;Ich treffe meine Freunde.;Je retrouve mes amis.;I am meeting my friends.
verbe;A1;;besuchen;visiter, rendre visite;to visit;Ich besuche meine Großeltern.;Je rends visite à mes grands-parents.;I am visiting my grandparents.
verbe;A1;;feiern;fêter;to celebrate;Wir feiern seinen Geburtstag.;Nous fêtons son anniversaire.;We are celebrating his birthday.
verbe;A1;;tanzen;danser;to dance;Ich tanze gern.;J'aime danser.;I like to dance.
verbe;A1;;singen;chanter;to sing;Sie singt ein Lied.;Elle chante une chanson.;She sings a song.
verbe;A1;;malen;peindre;to paint;Das Kind malt ein Bild.;L'enfant peint un tableau.;The child is painting a picture.
verbe;A1;;putzen;nettoyer;to clean;Ich putze mein Zimmer.;Je nettoie ma chambre.;I am cleaning my room.
verbe;A1;;waschen;laver;to wash;Ich wasche meine Hände.;Je me lave les mains.;I wash my hands.
verbe;A1;;duschen;se doucher;to shower;Ich dusche jeden Morgen.;Je me douche tous les matins.;I shower every morning.
verbe;A1;;packen;emballer, faire (sa valise);to pack;Ich packe meinen Koffer.;Je fais ma valise.;I am packing my suitcase.
verbe;A1;;reisen;voyager;to travel;Wir reisen gern nach Italien.;Nous aimons voyager en Italie.;We like to travel to Italy.
verbe;A1;;parken;se garer;to park;Ich parke vor dem Haus.;Je me gare devant la maison.;I park the car in front of the house.
verbe;A1;;bezahlen;payer;to pay;Ich bezahle die Rechnung.;Je paie la facture.;I pay the bill.
verbe;A1;;sparen;économiser;to save (money);Ich spare Geld.;J'économise de l'argent.;I save money.
verbe;A1;;verdienen;gagner (de l'argent);to earn;Sie verdient gutes Geld.;Elle gagne bien sa vie.;She earns good money.
verbe;A1;;heißen;s'appeler;to be called;Ich heiße Anna.;Je m'appelle Anna.;My name is Anna.
verbe;A1;;studieren;faire des études;to study (at university);Ich studiere Medizin.;J'étudie la médecine.;I am studying medicine.
verbe;A1;;zeigen;montrer;to show;Ich zeige dir den Weg.;Je te montre le chemin.;I show you the way.
verbe;A1;;erzählen;raconter;to tell (a story);Ich erzähle dir eine Geschichte.;Je te raconte une histoire.;I am telling you a story.
verbe;A1;;erklären;expliquer;to explain;Der Lehrer erklärt uns die Grammatik.;Le professeur nous explique la grammaire.;The teacher explains the grammar to us.
verbe;A1;;vergessen;oublier;to forget;Ich vergesse oft meinen Schlüssel.;J'oublie souvent ma clé.;I often forget my key.
verbe;A1;;sich erinnern;se souvenir;to remember;Ich erinnere mich an den Urlaub.;Je me souviens des vacances.;I remember the vacation.
verbe;A1;;fühlen;sentir, ressentir;to feel;Ich fühle den Schmerz.;Je sens la douleur.;I feel the pain.
verbe;A1;;riechen;sentir (une odeur);to smell;Ich rieche das Parfüm.;Je sens le parfum.;I smell the perfume.
verbe;A1;;schmecken;avoir bon goût, plaire (au goût);to taste;Der Kuchen schmeckt mir.;Le gâteau me plaît.;The cake tastes good to me.
verbe;A1;;rufen;appeler, crier;to call, to shout;Die Mutter ruft die Kinder.;La mère appelle les enfants.;The mother calls the children.
verbe;A1;;stellen;poser (debout);to put, to place (standing);Ich stelle das Glas auf den Tisch.;Je pose le verre sur la table.;I put the glass on the table.
verbe;A1;;legen;poser (à plat);to lay, to put (flat);Ich lege das Buch auf den Tisch.;Je pose le livre sur la table.;I put the book on the table.
verbe;A1;;setzen;poser, installer (qqn);to sit (someone/oneself) down;Ich setze das Kind auf den Stuhl.;J'assois l'enfant sur la chaise.;I sit the child on the chair.
verbe;A1;;sitzen;être assis;to sit, to be sitting;Ich sitze auf dem Sofa.;Je suis assis sur le canapé.;I am sitting on the sofa.
verbe;A1;;stehen;être debout;to stand, to be standing;Das Auto steht vor dem Haus.;La voiture est garée devant la maison.;The car is parked in front of the house.
verbe;A1;;liegen;être allongé;to lie, to be lying;Das Buch liegt auf dem Tisch.;Le livre est posé sur la table.;The book is on the table.
verbe;A1;;hängen;être suspendu, accrocher;to hang, to be hanging;Das Bild hängt an der Wand.;Le tableau est accroché au mur.;The picture is hanging on the wall.
verbe;A1;;tun;faire;to do;Ich tue mein Bestes.;Je fais de mon mieux.;I do my best.
verbe;A1;;anfangen;commencer;to start, to begin;Ich fange die Arbeit an.;Je commence le travail.;I am starting the work.
verbe;A1;;aufhören;arrêter;to stop;Ich höre um fünf Uhr mit der Arbeit auf.;Je termine le travail à cinq heures.;I stop working at five o'clock.
verbe;A1;;aufstehen;se lever;to get up;Ich stehe um sieben Uhr auf.;Je me lève à sept heures.;I get up at seven o'clock.
verbe;A1;;anziehen;mettre (un vêtement);to put on (clothing);Ich ziehe eine Jacke an.;Je mets une veste.;I put on a jacket.
verbe;A1;;ausziehen;enlever (un vêtement), déménager;to take off (clothing), to move out;Ich ziehe meine Schuhe aus.;J'enlève mes chaussures.;I take off my shoes.
verbe;A1;;einkaufen;faire les courses;to shop, to go grocery shopping;Ich kaufe samstags ein.;Je fais les courses le samedi.;I go shopping on Saturdays.
verbe;A1;;fernsehen;regarder la télévision;to watch television;Ich sehe abends gern fern.;J'aime bien regarder la télévision le soir.;I like watching TV in the evening.
verbe;A1;;abholen;aller chercher (quelqu'un);to pick up (someone);Ich hole dich am Bahnhof ab.;Je viens te chercher à la gare.;I'll pick you up at the station.
verbe;A1;;anrufen;appeler (au téléphone);to call (on the phone);Ich rufe meine Mutter an.;J'appelle ma mère.;I call my mother.
verbe;A1;;mitbringen;apporter;to bring (along);Ich bringe dir einen Kuchen mit.;Je t'apporte un gâteau.;I am bringing you a cake.
verbe;A1;;vorbereiten;préparer;to prepare;Ich bereite das Abendessen vor.;Je prépare le dîner.;I am preparing dinner.
verbe;A1;;aufräumen;ranger;to tidy up;Ich räume mein Zimmer auf.;Je range ma chambre.;I am tidying my room.
verbe;A1;;schwimmen;nager;to swim;Im Sommer schwimme ich jeden Tag.;En été, je nage tous les jours.;In summer I swim every day.
verbe;A1;;rauchen;fumer;to smoke;Hier darf man nicht rauchen.;Il est interdit de fumer ici.;You may not smoke here.
verbe;A1;;aufmachen;ouvrir;to open;Mach bitte das Fenster auf.;Ouvre la fenêtre, s'il te plaît.;Please open the window.
verbe;A1;;zumachen;fermer;to close;Mach bitte die Tür zu.;Ferme la porte, s'il te plaît.;Please close the door.
verbe;A1;;schauen;regarder;to look;Schau mal aus dem Fenster!;Regarde par la fenêtre !;Look out of the window!
verbe;A1;;zählen;compter;to count;Das Kind zählt schon bis zwanzig.;L'enfant compte déjà jusqu'à vingt.;The child can already count to twenty.
verbe;A1;;weggehen;partir, s'en aller;to leave, to go away;Ich gehe jetzt weg, bis später!;Je m'en vais maintenant, à plus tard !;I'm leaving now, see you later!
verbe;A1;;abfahren;partir (véhicule);to depart;Der Zug fährt um acht Uhr ab.;Le train part à huit heures.;The train departs at eight.
verbe;A1;;sich setzen;s'asseoir;to sit down;Ich setze mich auf den Stuhl.;Je m'assois sur la chaise.;I sit down on the chair.
verbe;A1;;entschuldigen;excuser (qn, qch);to excuse;Die Lehrerin entschuldigt sein Fehlen.;La professeure excuse son absence.;The teacher excuses his absence.
verbe;A2;;sich freuen;se réjouir;to be happy, to look forward to;Ich freue mich auf die Ferien.;Je me réjouis des vacances.;I'm looking forward to the holidays.
verbe;A2;;sich ärgern;s'énerver;to get annoyed;Ich ärgere mich über den Stau.;Je m'énerve à cause des embouteillages.;I get annoyed about the traffic jam.
verbe;A2;;sich beeilen;se dépêcher;to hurry;Ich beeile mich, weil der Bus gleich kommt.;Je me dépêche parce que le bus arrive bientôt.;I'm hurrying because the bus is coming soon.
verbe;A2;;sich entscheiden;se décider;to decide;Ich entscheide mich für das blaue Kleid.;Je me décide pour la robe bleue.;I'm deciding on the blue dress.
verbe;A2;;sich verspäten;être en retard;to be late;Ich verspäte mich heute ein bisschen.;Je suis un peu en retard aujourd'hui.;I'm a bit late today.
verbe;A2;;sich verlieben;tomber amoureux;to fall in love;Ich verliebe mich in ihn.;Je tombe amoureux de lui.;I am falling in love with him.
verbe;A2;;sich vorstellen;s'imaginer, se présenter;to imagine, to introduce oneself;Ich stelle mir das schwierig vor.;Je m'imagine que c'est difficile.;I imagine that's difficult.
verbe;A2;;sich anmelden;s'inscrire;to register, to sign up;Ich melde mich für den Kurs an.;Je m'inscris au cours.;I'm signing up for the course.
verbe;A2;;sich abmelden;se désinscrire;to unregister;Ich melde mich vom Kurs ab.;Je me désinscris du cours.;I'm unregistering from the course.
verbe;A2;;sich entschuldigen;s'excuser;to apologize;Ich entschuldige mich für die Verspätung.;Je m'excuse pour le retard.;I apologize for being late.
verbe;A2;;sich beschweren;se plaindre;to complain;Ich beschwere mich über den Service.;Je me plains du service.;I complain about the service.
verbe;A2;;sich unterhalten;discuter;to chat, to converse;Wir unterhalten uns mit den Nachbarn.;Nous discutons avec les voisins.;We are talking with the neighbors.
verbe;A2;;sich verabreden;se donner rendez-vous;to arrange to meet;Ich verabrede mich mit Freunden.;Je me donne rendez-vous avec des amis.;I'm arranging to meet with friends.
verbe;A2;;sich verabschieden;dire au revoir;to say goodbye;Ich verabschiede mich von meinen Kollegen.;Je dis au revoir à mes collègues.;I'm saying goodbye to my colleagues.
verbe;A2;;sich interessieren;s'intéresser;to be interested;Ich interessiere mich für Musik.;Je m'intéresse à la musique.;I'm interested in music.
verbe;A2;;sich konzentrieren;se concentrer;to concentrate;Ich konzentriere mich auf die Arbeit.;Je me concentre sur le travail.;I'm concentrating on the work.
verbe;A2;;sich ausruhen;se reposer;to rest;Ich ruhe mich am Wochenende aus.;Je me repose le week-end.;I rest on the weekend.
verbe;A2;;sich verletzen;se blesser;to get hurt, to get injured;Ich verletze mich beim Sport oft.;Je me blesse souvent en faisant du sport.;I often get hurt playing sports.
verbe;A2;;sich verändern;changer;to change;Die Stadt verändert sich schnell.;La ville change vite.;The city is changing quickly.
verbe;A2;;wechseln;changer;to change, to switch;Ich wechsle den Job.;Je change de travail.;I'm changing jobs.
verbe;A2;;verbessern;améliorer;to improve;Ich verbessere mein Deutsch.;J'améliore mon allemand.;I'm improving my German.
verbe;A2;;vergleichen;comparer;to compare;Ich vergleiche die Preise.;Je compare les prix.;I'm comparing the prices.
verbe;A2;;verlieren;perdre;to lose;Ich verliere oft meine Schlüssel.;Je perds souvent mes clés.;I often lose my keys.
verbe;A2;;gewinnen;gagner;to win;Unsere Mannschaft gewinnt das Spiel.;Notre équipe gagne le match.;Our team wins the game.
verbe;A2;;verlassen;quitter;to leave;Ich verlasse morgen die Stadt.;Je quitte la ville demain.;I'm leaving the city tomorrow.
verbe;A2;;erreichen;atteindre;to reach;Ich erreiche mein Ziel.;J'atteins mon objectif.;I'm reaching my goal.
verbe;A2;;erwarten;attendre, s'attendre à;to expect;Ich erwarte eine Antwort.;J'attends une réponse.;I'm expecting an answer.
verbe;A2;;entdecken;découvrir;to discover;Ich entdecke gern neue Orte.;J'aime découvrir de nouveaux endroits.;I like discovering new places.
verbe;A2;;entwickeln;développer;to develop;Die Firma entwickelt eine neue App.;L'entreprise développe une nouvelle application.;The company is developing a new app.
verbe;A2;;entstehen;naître, se former;to arise, to be created;Hier entsteht ein neues Gebäude.;Un nouveau bâtiment est en train de naître ici.;A new building is being built here.
verbe;A2;;entfernen;enlever;to remove;Ich entferne den Fleck.;J'enlève la tache.;I'm removing the stain.
verbe;A2;;entscheiden;décider;to decide;Der Chef entscheidet den Fall allein.;Le patron décide de l'affaire seul.;The boss decides the matter alone.
verbe;A2;;beeindrucken;impressionner;to impress;Das Konzert beeindruckt mich sehr.;Le concert m'impressionne beaucoup.;The concert impresses me a lot.
verbe;A2;;beeinflussen;influencer;to influence;Das Wetter beeinflusst meine Laune.;Le temps influence mon humeur.;The weather influences my mood.
verbe;A2;;beobachten;observer;to observe;Ich beobachte die Vögel.;J'observe les oiseaux.;I'm observing the birds.
verbe;A2;;bemerken;remarquer;to notice;Ich bemerke den Unterschied sofort.;Je remarque la différence tout de suite.;I notice the difference right away.
verbe;A2;;besitzen;posséder;to own, to possess;Ich besitze ein altes Auto.;Je possède une vieille voiture.;I own an old car.
verbe;A2;;bestellen;commander;to order;Ich bestelle eine Pizza.;Je commande une pizza.;I'm ordering a pizza.
verbe;A2;;bestehen;réussir, consister;to pass (an exam), to consist of;Ich bestehe die Prüfung.;Je réussis l'examen.;I'm passing the exam.
verbe;A2;;bestimmen;déterminer;to determine;Ich bestimme den Termin.;Je détermine la date.;I'm determining the date.
verbe;A2;;betreten;entrer dans;to enter;Ich betrete den Raum.;J'entre dans la pièce.;I'm entering the room.
verbe;A2;;betreuen;s'occuper de;to take care of, to look after;Ich betreue die neuen Mitarbeiter.;Je m'occupe des nouveaux employés.;I'm looking after the new employees.
verbe;A2;;beurteilen;juger;to judge, to assess;Ich beurteile die Lage realistisch.;Je juge la situation de façon réaliste.;I assess the situation realistically.
verbe;A2;;bewegen;bouger;to move;Ich bewege den Stuhl.;Je déplace la chaise.;I move the chair.
verbe;A2;;sich bewerben;postuler;to apply;Ich bewerbe mich um die Stelle.;Je postule pour le poste.;I'm applying for the position.
verbe;A2;;bezeichnen;désigner;to designate, to call;Man bezeichnet ihn als Experten.;On le désigne comme expert.;He is called an expert.
verbe;A2;;buchen;réserver;to book;Ich buche einen Flug.;Je réserve un vol.;I'm booking a flight.
verbe;A2;;dauern;durer;to last;Der Film dauert zwei Stunden.;Le film dure deux heures.;The movie lasts two hours.
verbe;A2;;diskutieren;discuter;to discuss;Wir diskutieren über Politik.;Nous discutons de politique.;We're discussing politics.
verbe;A2;;drehen;tourner;to turn;Ich drehe den Schlüssel um.;Je tourne la clé.;I'm turning the key.
verbe;A2;;drucken;imprimer;to print;Ich drucke das Dokument.;J'imprime le document.;I'm printing the document.
verbe;A2;;drücken;appuyer, presser;to press, to push;Ich drücke den Knopf.;J'appuie sur le bouton.;I press the button.
verbe;A2;;einladen;inviter;to invite;Ich lade dich zum Essen ein.;Je t'invite à manger.;I'm inviting you to eat.
verbe;A2;;einsteigen;monter (dans un véhicule);to get in, to board;Ich steige in den Bus ein.;Je monte dans le bus.;I'm getting on the bus.
verbe;A2;;aussteigen;descendre (d'un véhicule);to get off, to get out;Ich steige aus dem Bus aus.;Je descends du bus.;I get off the bus.
verbe;A2;;umsteigen;changer (de train, bus);to change, to transfer (train, bus);Ich steige in München um.;Je change à Munich.;I'm changing in Munich.
verbe;A2;;empfehlen;recommander;to recommend;Ich empfehle dir dieses Restaurant.;Je te recommande ce restaurant.;I recommend this restaurant to you.
verbe;A2;;enthalten;contenir;to contain;Das Getränk enthält Zucker.;La boisson contient du sucre.;The drink contains sugar.
verbe;A2;;sich entspannen;se détendre;to relax;Ich entspanne mich am Wochenende.;Je me détends le week-end.;I relax on the weekend.
verbe;A2;;erfahren;apprendre (une info);to learn, to find out;Ich erfahre die Neuigkeiten spät.;J'apprends les nouvelles tard.;I find out the news late.
verbe;A2;;erfinden;inventer;to invent;Er erfindet gute Ausreden.;Il invente de bonnes excuses.;He invents good excuses.
verbe;A2;;ergänzen;compléter;to complete, to add to;Ich ergänze die Liste.;Je complète la liste.;I'm completing the list.
verbe;A2;;erhalten;recevoir, conserver;to receive, to preserve;Ich erhalte eine E-Mail.;Je reçois un e-mail.;I'm receiving an email.
verbe;A2;;erhöhen;augmenter;to raise, to increase;Die Firma erhöht die Preise.;L'entreprise augmente les prix.;The company is raising the prices.
verbe;A2;;erinnern;rappeler;to remind;Das erinnert mich an meine Kindheit.;Ça me rappelle mon enfance.;That reminds me of my childhood.
verbe;A2;;erkennen;reconnaître;to recognize;Ich erkenne ihn sofort.;Je le reconnais tout de suite.;I recognize him right away.
verbe;A2;;erledigen;régler, s'occuper de;to take care of, to handle;Ich erledige die Einkäufe.;Je fais les courses.;I'm doing the shopping.
verbe;A2;;ermöglichen;permettre;to enable, to make possible;Das Stipendium ermöglicht ihm das Studium.;La bourse lui permet de faire des études.;The scholarship makes the studies possible for him.
verbe;A2;;eröffnen;ouvrir, inaugurer;to open, to inaugurate;Wir eröffnen ein neues Geschäft.;Nous ouvrons un nouveau magasin.;We're opening a new store.
verbe;A2;;erscheinen;apparaître, paraître;to appear, to be published;Das Buch erscheint im Herbst.;Le livre paraît en automne.;The book comes out in the fall.
verbe;A2;;ersetzen;remplacer;to replace;Ich ersetze die alte Lampe.;Je remplace la vieille lampe.;I'm replacing the old lamp.
verbe;A2;;erwähnen;mentionner;to mention;Ich erwähne das kurz.;Je mentionne ça brièvement.;I mention that briefly.
verbe;A2;;existieren;exister;to exist;Diese Firma existiert seit 1990.;Cette entreprise existe depuis 1990.;This company has existed since 1990.
verbe;A2;;fehlen;manquer;to be missing, to lack;Du fehlst mir sehr.;Tu me manques beaucoup.;I miss you a lot.
verbe;A2;;feststellen;constater;to notice, to determine;Ich stelle einen Fehler fest.;Je constate une erreur.;I notice a mistake.
verbe;A2;;folgen;suivre;to follow;Ich folge dir auf Instagram.;Je te suis sur Instagram.;I follow you on Instagram.
verbe;A2;;fordern;exiger;to demand;Die Mitarbeiter fordern mehr Gehalt.;Les employés exigent plus de salaire.;The employees demand more salary.
verbe;A2;;fördern;encourager, promouvoir;to promote, to support;Die Schule fördert kreative Kinder.;L'école encourage les enfants créatifs.;The school supports creative children.
verbe;A2;;formulieren;formuler;to formulate, to phrase;Ich formuliere die Frage neu.;Je reformule la question.;I'm rephrasing the question.
verbe;A2;;fortsetzen;continuer;to continue;Wir setzen das Gespräch morgen fort.;Nous continuons la conversation demain.;We're continuing the conversation tomorrow.
verbe;A2;;funktionieren;fonctionner;to work, to function;Der Computer funktioniert nicht.;L'ordinateur ne fonctionne pas.;The computer doesn't work.
verbe;A2;;gehören;appartenir;to belong;Das Buch gehört mir.;Le livre m'appartient.;The book belongs to me.
verbe;A2;;gelingen;réussir (impersonnel);to succeed (impersonal);Der Kuchen gelingt mir immer.;Le gâteau me réussit toujours.;The cake always turns out well for me.
verbe;A2;;genießen;profiter de, savourer;to enjoy;Ich genieße die Sonne.;Je profite du soleil.;I'm enjoying the sun.
verbe;A2;;geschehen;se passer, arriver;to happen;Das geschieht oft.;Ça arrive souvent.;That happens often.
verbe;A2;;gestalten;concevoir, façonner;to design, to shape;Ich gestalte die Webseite neu.;Je reconçois le site web.;I'm redesigning the website.
verbe;A2;;sich gewöhnen;s'habituer;to get used to;Ich gewöhne mich an das Klima.;Je m'habitue au climat.;I'm getting used to the climate.
verbe;A2;;gratulieren;féliciter;to congratulate;Ich gratuliere dir zum Geburtstag.;Je te félicite pour ton anniversaire.;I congratulate you on your birthday.
verbe;A2;;handeln;agir;to act;Ich handle sofort.;J'agis tout de suite.;I act right away.
verbe;A2;;herausfinden;découvrir, tirer au clair;to find out;Ich finde die Wahrheit heraus.;Je découvre la vérité.;I'm finding out the truth.
verbe;A2;;herstellen;fabriquer;to manufacture, to produce;Die Firma stellt Autos her.;L'entreprise fabrique des voitures.;The company manufactures cars.
verbe;A2;;hinweisen;signaler;to point out;Ich weise auf das Problem hin.;Je signale le problème.;I'm pointing out the problem.
verbe;A2;;hoffen;espérer;to hope;Ich hoffe auf gutes Wetter.;J'espère qu'il fera beau.;I'm hoping for good weather.
verbe;A2;;informieren;informer;to inform;Ich informiere dich über die Neuigkeiten.;Je t'informe des nouvelles.;I inform you about the news.
verbe;A2;;installieren;installer;to install;Ich installiere die App.;J'installe l'application.;I'm installing the app.
verbe;A2;;interessieren;intéresser;to interest;Das Thema interessiert mich.;Le sujet m'intéresse.;The topic interests me.
verbe;A2;;investieren;investir;to invest;Ich investiere Geld in Aktien.;J'investis de l'argent en actions.;I invest money in stocks.
verbe;A2;;klingen;sonner, avoir l'air;to sound;Das klingt gut.;Ça sonne bien.;That sounds good.
verbe;A2;;kontrollieren;contrôler;to check, to control;Ich kontrolliere die Tickets.;Je contrôle les billets.;I'm checking the tickets.
verbe;A2;;kritisieren;critiquer;to criticize;Er kritisiert oft meine Arbeit.;Il critique souvent mon travail.;He often criticizes my work.
verbe;A2;;sich kümmern;s'occuper de;to take care of;Ich kümmere mich um die Kinder.;Je m'occupe des enfants.;I take care of the children.
verbe;A2;;laden;charger;to load;Wir laden das Auto.;Nous chargeons la voiture.;We're loading the car.
verbe;A2;;landen;atterrir;to land;Das Flugzeug landet pünktlich.;L'avion atterrit à l'heure.;The plane lands on time.
verbe;A2;;lassen;laisser;to let, to leave;Ich lasse das Fenster offen.;Je laisse la fenêtre ouverte.;I'm leaving the window open.
verbe;A2;;leihen;prêter, emprunter;to lend, to borrow;Ich leihe dir mein Buch.;Je te prête mon livre.;I'm lending you my book.
verbe;A2;;leiten;diriger;to lead, to manage;Ich leite ein kleines Team.;Je dirige une petite équipe.;I lead a small team.
verbe;A2;;sich lohnen;valoir la peine;to be worth it;Das lohnt sich wirklich.;Ça vaut vraiment la peine.;That's really worth it.
verbe;A2;;lösen;résoudre;to solve;Ich löse das Problem.;Je résous le problème.;I'm solving the problem.
verbe;A2;;löschen;effacer, éteindre;to delete, to extinguish;Ich lösche die Datei.;J'efface le fichier.;I'm deleting the file.
verbe;A2;;markieren;marquer;to mark;Ich markiere den Text.;Je marque le texte.;I'm marking the text.
verbe;A2;;meinen;penser, vouloir dire;to mean, to think;Ich meine dich.;Je parle de toi.;I mean you.
verbe;A2;;melden;signaler;to report;Ich melde den Vorfall.;Je signale l'incident.;I'm reporting the incident.
verbe;A2;;merken;remarquer, retenir;to notice, to remember;Ich merke den Unterschied.;Je remarque la différence.;I notice the difference.
verbe;A2;;mieten;louer;to rent;Ich miete eine Wohnung.;Je loue un appartement.;I'm renting an apartment.
verbe;A2;;vermieten;louer (à quelqu'un);to rent out;Ich vermiete die Wohnung an Studenten.;Je loue l'appartement à des étudiants.;I rent the apartment to students.
verbe;A2;;nutzen;utiliser;to use;Ich nutze die Zeit gut.;J'utilise bien le temps.;I'm using the time well.
verbe;A2;;organisieren;organiser;to organize;Ich organisiere die Party.;J'organise la fête.;I'm organizing the party.
verbe;A2;;passieren;se passer, arriver;to happen;Das passiert oft.;Ça arrive souvent.;That happens often.
verbe;A2;;planen;planifier;to plan;Ich plane die Reise.;Je planifie le voyage.;I'm planning the trip.
verbe;A2;;prüfen;vérifier, examiner;to check, to examine;Ich prüfe die Rechnung.;Je vérifie la facture.;I'm checking the invoice.
verbe;A2;;rechnen;calculer;to calculate;Ich rechne die Kosten.;Je calcule les coûts.;I'm calculating the costs.
verbe;A2;;reagieren;réagir;to react;Ich reagiere schnell auf die Nachricht.;Je réagis vite au message.;I react quickly to the message.
verbe;A2;;reduzieren;réduire;to reduce;Ich reduziere meinen Konsum.;Je réduis ma consommation.;I'm reducing my consumption.
verbe;A2;;regnen;pleuvoir;to rain;Es regnet heute stark.;Il pleut fort aujourd'hui.;It's raining hard today.
verbe;A2;;reparieren;réparer;to repair;Ich repariere das Fahrrad.;Je répare le vélo.;I'm repairing the bike.
verbe;A2;;reservieren;réserver;to reserve;Ich reserviere einen Tisch.;Je réserve une table.;I'm reserving a table.
verbe;A2;;retten;sauver;to save, to rescue;Die Feuerwehr rettet die Katze.;Les pompiers sauvent le chat.;The fire department is rescuing the cat.
verbe;A2;;schaffen;réussir à faire, y arriver;to manage, to succeed;Ich schaffe das.;J'y arrive.;I can manage that.
verbe;A2;;scheinen;sembler, briller;to seem, to shine;Die Sonne scheint heute.;Le soleil brille aujourd'hui.;The sun is shining today.
verbe;A2;;schicken;envoyer;to send;Ich schicke dir ein Foto.;Je t'envoie une photo.;I'm sending you a photo.
verbe;A2;;schneiden;couper;to cut;Ich schneide das Brot.;Je coupe le pain.;I'm cutting the bread.
verbe;A2;;schützen;protéger;to protect;Ich schütze meine Haut vor der Sonne.;Je protège ma peau du soleil.;I'm protecting my skin from the sun.
verbe;A2;;sinken;baisser, couler;to sink, to drop;Die Preise sinken.;Les prix baissent.;Prices are dropping.
verbe;A2;;sorgen;s'occuper de, veiller à;to take care of, to see to it;Ich sorge für meine Familie.;Je m'occupe de ma famille.;I take care of my family.
verbe;A2;;spüren;ressentir;to feel, to sense;Ich spüre die Kälte.;Je ressens le froid.;I feel the cold.
verbe;A2;;steigen;monter, grimper;to climb, to rise;Die Preise steigen.;Les prix montent.;Prices are rising.
verbe;A2;;steigern;augmenter;to increase;Ich steigere meine Leistung.;J'augmente ma performance.;I'm increasing my performance.
verbe;A2;;stimmen;être exact, voter;to be correct, to vote;Das stimmt genau.;C'est exactement ça.;That's exactly right.
verbe;A2;;streiten;se disputer;to argue;Wir streiten oft mit den Nachbarn.;Nous nous disputons souvent avec les voisins.;We often argue with the neighbors.
verbe;A2;;teilen;partager, diviser;to share, to divide;Ich teile mein Essen.;Je partage mon repas.;I'm sharing my food.
verbe;A2;;telefonieren;téléphoner;to talk on the phone;Ich telefoniere mit meiner Mutter.;Je téléphone à ma mère.;I'm talking on the phone with my mother.
verbe;A2;;testen;tester;to test;Ich teste die neue App.;Je teste la nouvelle application.;I'm testing the new app.
verbe;A2;;träumen;rêver;to dream;Ich träume von einer Reise.;Je rêve d'un voyage.;I dream of a trip.
verbe;A2;;trennen;séparer;to separate;Ich trenne den Müll.;Je trie les déchets.;I'm sorting the trash.
verbe;A2;;überlegen;réfléchir;to think about, to consider;Ich überlege meine Optionen.;Je réfléchis à mes options.;I consider my options.
verbe;A2;;verbieten;interdire;to forbid;Die Schule verbietet uns Handys.;L'école nous interdit les téléphones.;The school forbids us cell phones.
verbe;A2;;erlauben;permettre;to allow;Meine Eltern erlauben mir das nicht.;Mes parents ne me le permettent pas.;My parents don't allow me that.
verbe;A2;;verzichten;renoncer;to give up, to do without;Ich verzichte auf Süßigkeiten.;Je renonce aux sucreries.;I'm giving up sweets.
verbe;A2;;vermeiden;éviter;to avoid;Ich vermeide Stress.;J'évite le stress.;I avoid stress.
verbe;A2;;widersprechen;contredire;to contradict;Ich widerspreche dir nicht.;Je ne te contredis pas.;I'm not contradicting you.
verbe;A2;;zeichnen;dessiner;to draw;Sie zeichnet jeden Abend ein wenig.;Elle dessine un peu chaque soir.;She draws a little every evening.
verbe;A2;;ziehen;tirer;to pull;Zieh bitte fester an dem Seil.;Tire plus fort sur la corde, s'il te plaît.;Please pull harder on the rope.
verbe;A2;;brechen;casser, briser;to break;Vorsicht, das Eis bricht leicht.;Attention, la glace casse facilement.;Careful, the ice breaks easily.
verbe;A2;;sterben;mourir;to die;Ohne Wasser sterben die Pflanzen.;Sans eau, les plantes meurent.;Without water the plants die.
verbe;A2;;springen;sauter;to jump;Der Hund springt über den Zaun.;Le chien saute par-dessus la clôture.;The dog jumps over the fence.
verbe;A2;;fangen;attraper;to catch;Der Torwart fängt den Ball sicher.;Le gardien attrape le ballon sans problème.;The goalkeeper catches the ball safely.
verbe;A2;;nennen;appeler, nommer;to call, to name;Alle nennen ihn nur Toni.;Tout le monde l'appelle simplement Toni.;Everyone just calls him Toni.
verbe;A2;;passen;aller (taille), convenir;to fit, to suit;Diese Hose passt mir nicht mehr.;Ce pantalon ne me va plus.;These trousers don't fit me any more.
verbe;A2;;anhalten;s'arrêter, arrêter;to stop;Bitte halten Sie an der nächsten Ecke an.;Arrêtez-vous au prochain coin, s'il vous plaît.;Please stop at the next corner.
verbe;A2;;umziehen;déménager;to move house;Im Mai ziehen wir nach Bremen um.;En mai, nous déménageons à Brême.;In May we're moving to Bremen.
verbe;A2;;küssen;embrasser;to kiss;Sie küsst ihre Kinder zum Abschied.;Elle embrasse ses enfants pour leur dire au revoir.;She kisses her children goodbye.
verbe;A2;;lügen;mentir;to lie;Er lügt, wenn er nervös ist.;Il ment quand il est nerveux.;He lies when he is nervous.
verbe;A2;;rennen;courir (vite);to run;Die Kinder rennen über den Hof.;Les enfants courent dans la cour.;The children are running across the yard.
verbe;A2;;bedeuten;signifier, vouloir dire;to mean;Was bedeutet dieses Wort?;Que signifie ce mot ?;What does this word mean?
verbe;A2;;beißen;mordre;to bite;Keine Angst, der Hund beißt nicht.;N'aie pas peur, le chien ne mord pas.;Don't worry, the dog doesn't bite.
verbe;A2;;fressen;manger (animal);to eat (of animals);Die Kuh frisst den ganzen Tag Gras.;La vache mange de l'herbe toute la journée.;The cow eats grass all day.
verbe;A2;;decken;"couvrir ; mettre (la table)";"to cover; to set (the table)";Deckst du bitte den Tisch?;Peux-tu mettre la table, s'il te plaît ?;Could you set the table, please?
verbe;A2;;stecken;"mettre, enfoncer ; être coincé";"to put, to stick; to be stuck";Steck den Schlüssel in die Tasche.;Mets la clé dans ta poche.;Put the key in your pocket.
verbe;A2;;ärgern;agacer, contrarier;to annoy;Der Lärm ärgert die Nachbarn.;Le bruit agace les voisins.;The noise annoys the neighbours.
verbe;A2;;vorstellen;présenter (qn, qch);to introduce, to present;Darf ich dir meine Schwester vorstellen?;Puis-je te présenter ma sœur ?;May I introduce my sister to you?
verbe;A2;;abbiegen;tourner (en chemin);to turn off;An der Ampel biegen Sie links ab.;Au feu, tournez à gauche.;Turn left at the traffic lights.
verbe;A2;;lüften;aérer;to air, to ventilate;Ich lüfte jeden Morgen das Schlafzimmer.;J'aère la chambre tous les matins.;I air the bedroom every morning.
verbe;A2;;sich treffen;se retrouver, se voir;to meet (up);Wir treffen uns um acht am Bahnhof.;Nous nous retrouvons à huit heures à la gare.;We're meeting at eight at the station.
verbe;A2;;sich anziehen;s'habiller;to get dressed;Ich ziehe mich schnell an.;Je m'habille vite.;I get dressed quickly.
verbe;A2;;sich ausziehen;se déshabiller;to get undressed;Die Kinder ziehen sich im Bad aus.;Les enfants se déshabillent dans la salle de bain.;The children get undressed in the bathroom.
verbe;A2;;sich umziehen;se changer (de vêtements);to get changed;Ich ziehe mich nach der Arbeit um.;Je me change après le travail.;I get changed after work.
verbe;A2;;sich fragen;se demander;to wonder;Ich frage mich, ob das stimmt.;Je me demande si c'est vrai.;I wonder whether that's true.
verbe;A2;;freuen;faire plaisir à, réjouir (qn);to please, to make happy;Deine Nachricht freut mich sehr.;Ta nouvelle me fait très plaisir.;Your message makes me very happy.
verbe;A2;;abgeben;remettre, rendre;to hand in;Ich gebe die Hausaufgabe beim Lehrer ab.;Je remets le devoir au professeur.;I hand in the homework to the teacher.
verbe;A2;;anmelden;inscrire (quelqu'un);to register (someone);Ich melde mein Kind für den Kurs an.;J'inscris mon enfant au cours.;I'm registering my child for the course.
verbe;A2;;ansehen;regarder;to look at;Er sieht mich freundlich an.;Il me regarde d'un air aimable.;He looks at me kindly.
verbe;A2;;ausfüllen;remplir (un formulaire);to fill in;Ich fülle das Formular aus.;Je remplis le formulaire.;I'm filling in the form.
verbe;A2;;ausgeben;dépenser;to spend;Ich gebe zu viel Geld für Kleidung aus.;Je dépense trop d'argent en vêtements.;I spend too much money on clothes.
verbe;A2;;ausmachen;éteindre;to turn off;Ich mache das Licht aus.;J'éteins la lumière.;I turn off the light.
verbe;A2;;backen;cuire au four, faire (un gâteau);to bake;Meine Mutter backt jeden Sonntag einen Kuchen.;Ma mère fait un gâteau tous les dimanches.;My mother bakes a cake every Sunday.
verbe;A2;;bauen;construire;to build;Sie bauen ein neues Haus.;Ils construisent une nouvelle maison.;They are building a new house.
verbe;A2;;beantworten;répondre à;to answer;Ich beantworte deine Frage gern.;Je réponds volontiers à ta question.;I'm happy to answer your question.
verbe;A2;;beenden;terminer;to finish;Wir beenden das Projekt im Mai.;Nous terminons le projet en mai.;We finish the project in May.
verbe;A2;;beraten;conseiller;to advise;Der Verkäufer berät die Kundin.;Le vendeur conseille la cliente.;The shop assistant advises the customer.
verbe;A2;;besichtigen;visiter (un lieu);to visit, to view;Wir besichtigen morgen das Schloss.;Nous visitons le château demain.;We're visiting the castle tomorrow.
verbe;A2;;bitten;demander, prier;to ask for;Ich bitte dich um Hilfe.;Je te demande de l'aide.;I'm asking you for help.
verbe;A2;;buchstabieren;épeler;to spell;Ich buchstabiere meinen Namen.;J'épelle mon nom.;I spell my name.
verbe;A2;;danken;remercier;to thank;Ich danke dir für deine Hilfe.;Je te remercie pour ton aide.;I thank you for your help.
verbe;A2;;fotografieren;photographier;to photograph;Sie fotografiert gern alte Häuser.;Elle aime photographier les vieilles maisons.;She likes photographing old houses.
verbe;A2;;frühstücken;prendre le petit-déjeuner;to have breakfast;Wir frühstücken um sieben Uhr.;Nous prenons le petit-déjeuner à sept heures.;We have breakfast at seven.
verbe;A2;;gefallen;plaire;to please, to like;Die Wohnung gefällt mir sehr.;L'appartement me plaît beaucoup.;I like the flat very much.
verbe;A2;;grillen;griller, faire un barbecue;to grill, to barbecue;Im Sommer grillen wir oft im Garten.;En été, nous faisons souvent un barbecue au jardin.;In summer we often barbecue in the garden.
verbe;A2;;holen;aller chercher;to fetch;Ich hole schnell das Brot.;Je vais vite chercher le pain.;I'll quickly fetch the bread.
verbe;A2;;husten;tousser;to cough;Das Kind hustet die ganze Nacht.;L'enfant tousse toute la nuit.;The child coughs all night.
verbe;A2;;kennenlernen;faire la connaissance de;to get to know;Im Kurs lerne ich viele Leute kennen.;Au cours, je fais la connaissance de beaucoup de gens.;In the course I get to know a lot of people.
verbe;A2;;kosten;coûter;to cost;Die Fahrkarte kostet zwölf Euro.;Le billet coûte douze euros.;The ticket costs twelve euros.
verbe;A2;;kriegen;recevoir, avoir (familier);to get;Zum Geburtstag kriege ich ein Fahrrad.;Pour mon anniversaire, je reçois un vélo.;For my birthday I'm getting a bike.
verbe;A2;;kündigen;résilier, démissionner;to cancel, to give notice;Ich kündige meinen Handyvertrag.;Je résilie mon forfait de téléphone.;I'm cancelling my phone contract.
verbe;A2;;notieren;noter;to note down;Ich notiere die Adresse auf einem Zettel.;Je note l'adresse sur un bout de papier.;I note the address on a piece of paper.
verbe;A2;;raten;"conseiller ; deviner";"to advise; to guess";Der Arzt rät mir zu mehr Sport.;Le médecin me conseille de faire plus de sport.;The doctor advises me to do more sport.
verbe;A2;;reden;parler, causer;to talk;Wir reden über das Wetter.;Nous parlons de la météo.;We're talking about the weather.
verbe;A2;;reiten;monter à cheval;to ride (a horse);Meine Schwester reitet jeden Samstag.;Ma sœur monte à cheval tous les samedis.;My sister goes riding every Saturday.
verbe;A2;;schimpfen;gronder, râler;to tell off, to grumble;Der Chef schimpft selten.;Le chef gronde rarement.;The boss rarely tells anyone off.
verbe;A2;;schneien;neiger;to snow;Im Januar schneit es oft.;En janvier, il neige souvent.;It often snows in January.
verbe;A2;;speichern;enregistrer, sauvegarder;to save;Ich speichere die Datei auf dem Computer.;J'enregistre le fichier sur l'ordinateur.;I save the file on the computer.
verbe;A2;;stattfinden;avoir lieu;to take place;Das Konzert findet am Samstag statt.;Le concert a lieu samedi.;The concert takes place on Saturday.
verbe;A2;;unternehmen;entreprendre, faire (quelque chose);to do, to undertake;Am Wochenende unternehmen wir etwas mit den Kindern.;Le week-end, nous faisons quelque chose avec les enfants.;At the weekend we do something with the children.
verbe;A2;;untersuchen;examiner;to examine;Die Ärztin untersucht den Patienten.;La médecin examine le patient.;The doctor examines the patient.
verbe;A2;;versuchen;essayer;to try;Ich versuche es noch einmal.;J'essaie encore une fois.;I'm trying again.
verbe;A2;;wandern;randonner;to hike;Im Sommer wandern wir gern in den Bergen.;En été, nous aimons randonner en montagne.;In summer we like hiking in the mountains.
verbe;A2;;wählen;"choisir ; voter";"to choose; to vote";Ich wähle das Menü mit Fisch.;Je choisis le menu avec du poisson.;I'm choosing the fish menu.
verbe;A2;;zahlen;payer;to pay;Ich zahle mit Karte.;Je paie par carte.;I'm paying by card.
verbe;A2;;zuhören;écouter;to listen to;Die Kinder hören der Lehrerin zu.;Les enfants écoutent la maîtresse.;The children listen to the teacher.
verbe;A2;;übersetzen;traduire;to translate;Sie übersetzt den Brief ins Deutsche.;Elle traduit la lettre en allemand.;She translates the letter into German.
verbe;A2;;aufpassen;faire attention, surveiller;to pay attention, to watch;Pass bitte auf die Kinder auf.;Surveille les enfants, s'il te plaît.;Please keep an eye on the children.
verbe;A2;;aussehen;avoir l'air, sembler;to look, to seem;Du siehst heute müde aus.;Tu as l'air fatigué aujourd'hui.;You look tired today.
verbe;A2;;baden;se baigner, prendre un bain;to bathe, to swim;Im Sommer baden wir im See.;En été, nous nous baignons dans le lac.;In summer we swim in the lake.
verbe;A2;;basteln;bricoler, faire des travaux manuels;to do craftwork;Die Kinder basteln eine Karte für Oma.;Les enfants bricolent une carte pour mamie.;The children are making a card for grandma.
verbe;A2;;benutzen;utiliser;to use;Ich benutze jeden Tag den Bus.;J'utilise le bus tous les jours.;I use the bus every day.
verbe;A2;;braten;faire revenir, frire;to fry, to roast;Ich brate das Fleisch in der Pfanne.;Je fais revenir la viande à la poêle.;I'm frying the meat in the pan.
verbe;A2;;einpacken;emballer, mettre dans la valise;to pack;Ich packe das Geschenk ein.;J'emballe le cadeau.;I'm wrapping the present.
verbe;A2;;heiraten;épouser, se marier;to marry;Im Mai heiraten sie in Wien.;En mai, ils se marient à Vienne.;In May they're getting married in Vienna.
verbe;A2;;joggen;faire du jogging;to jog;Morgens jogge ich im Park.;Le matin, je fais du jogging au parc.;In the morning I jog in the park.
verbe;A2;;schenken;offrir (un cadeau);to give (as a present);Ich schenke ihr ein Buch.;Je lui offre un livre.;I'm giving her a book.
verbe;A2;;surfen;surfer (sur Internet);to surf;Abends surfe ich im Internet.;Le soir, je surfe sur Internet.;In the evening I surf the internet.
verbe;A2;;unterschreiben;signer;to sign;Unterschreiben Sie bitte hier unten.;Signez ici en bas, s'il vous plaît.;Please sign here at the bottom.
verbe;A2;;anmachen;allumer;to switch on;Mach bitte das Licht an.;Allume la lumière, s'il te plaît.;Please switch the light on.
verbe;A2;;auspacken;déballer;to unpack;Die Kinder packen die Geschenke aus.;Les enfants déballent les cadeaux.;The children unwrap the presents.
verbe;A2;;austragen;distribuer (à domicile);to deliver (door to door);Er trägt morgens Zeitungen aus.;Le matin, il distribue des journaux.;In the morning he delivers newspapers.
verbe;A2;;renovieren;rénover, refaire;to renovate;Wir renovieren die Küche selbst.;Nous rénovons la cuisine nous-mêmes.;We're renovating the kitchen ourselves.
verbe;A2;;wünschen;souhaiter;to wish;Ich wünsche dir einen schönen Tag.;Je te souhaite une belle journée.;I wish you a nice day.
verbe;B1;;behaupten;prétendre, affirmer;to claim, to assert;Er behauptet seine Unschuld.;Il affirme son innocence.;He claims his innocence.
verbe;B1;;betonen;souligner;to emphasize;Der Chef betont die Wichtigkeit des Projekts.;Le patron souligne l'importance du projet.;The boss emphasizes the importance of the project.
verbe;B1;;bewerten;évaluer;to evaluate, to rate;Der Lehrer bewertet die Prüfung.;Le professeur évalue l'examen.;The teacher is grading the exam.
verbe;B1;;überzeugen;convaincre;to convince;Das Argument überzeugt mich von seinem Plan.;L'argument me convainc de son plan.;The argument convinces me of his plan.
verbe;B1;;überraschen;surprendre;to surprise;Die Nachricht überrascht mich.;La nouvelle me surprend.;The news surprises me.
verbe;B1;;gestehen;avouer;to confess;Ich gestehe dir meinen Fehler.;Je t'avoue mon erreur.;I confess my mistake to you.
verbe;B1;;zugeben;admettre;to admit;Ich gebe meinen Fehler zu.;J'admets mon erreur.;I admit my mistake.
verbe;B1;;vermuten;supposer;to suppose, to suspect;Ich vermute einen Fehler.;Je suppose une erreur.;I suspect a mistake.
verbe;B1;;bezweifeln;douter de;to doubt;Ich bezweifle seine Worte.;Je doute de ses paroles.;I doubt his words.
verbe;B1;;unterstützen;soutenir;to support;Meine Familie unterstützt mich sehr.;Ma famille me soutient beaucoup.;My family supports me a lot.
verbe;B1;;ablehnen;refuser;to reject, to refuse;Ich lehne das Angebot ab.;Je refuse l'offre.;I'm rejecting the offer.
verbe;B1;;akzeptieren;accepter;to accept;Ich akzeptiere deine Entscheidung.;J'accepte ta décision.;I accept your decision.
verbe;B1;;respektieren;respecter;to respect;Ich respektiere deine Meinung.;Je respecte ton avis.;I respect your opinion.
verbe;B1;;sich einigen;se mettre d'accord;to agree, to come to an agreement;Wir einigen uns auf einen Preis.;Nous nous mettons d'accord sur un prix.;We're agreeing on a price.
verbe;B1;;verhandeln;négocier;to negotiate;Wir verhandeln über den Preis.;Nous négocions le prix.;We're negotiating the price.
verbe;B1;;sich auseinandersetzen;se confronter à, examiner (mit);to deal with, to engage with;Ich setze mich mit dem Thema auseinander.;Je me penche sur le sujet.;I'm engaging with the topic.
verbe;B1;;sich widmen;se consacrer;to devote oneself to;Ich widme mich meiner Arbeit.;Je me consacre à mon travail.;I devote myself to my work.
verbe;B1;;teilnehmen;participer (an);to participate;Ich nehme an dem Kurs teil.;Je participe au cours.;I'm participating in the course.
verbe;B1;;mitteilen;communiquer, informer;to communicate, to inform;Ich teile dir das Ergebnis mit.;Je te communique le résultat.;I'm telling you the result.
verbe;B1;;benachrichtigen;avertir, notifier;to notify;Ich benachrichtige dich sofort.;Je t'avertis tout de suite.;I'll notify you right away.
verbe;B1;;vorschlagen;proposer;to suggest, to propose;Ich schlage dir einen anderen Termin vor.;Je te propose un autre rendez-vous.;I suggest another appointment to you.
verbe;B1;;zustimmen;être d'accord, approuver;to agree, to approve;Ich stimme deinem Vorschlag zu.;J'approuve ta proposition.;I agree with your proposal.
verbe;B1;;sich entschließen;se décider (de façon réfléchie);to decide, to resolve;Ich entschließe mich zum Umzug.;Je me décide pour le déménagement.;I decide on the move.
verbe;B1;;verfügen;disposer de (über);to have at one's disposal;Ich verfüge über genug Erfahrung.;Je dispose de suffisamment d'expérience.;I have enough experience.
verbe;B1;;beitragen;contribuer à (zu);to contribute;Jeder trägt zum Erfolg bei.;Chacun contribue au succès.;Everyone contributes to the success.
verbe;B1;;sich bemühen;s'efforcer;to make an effort, to try hard;Ich bemühe mich um Pünktlichkeit.;Je m'efforce d'être ponctuel.;I try hard to be punctual.
verbe;B1;;sich anstrengen;faire des efforts;to make an effort;Ich strenge mich für die Prüfung an.;Je fais des efforts pour l'examen.;I'm making an effort for the exam.
verbe;B1;;sich auswirken;avoir un effet sur (auf);to have an effect on;Das wirkt sich negativ auf die Umwelt aus.;Ça a un effet négatif sur l'environnement.;That has a negative effect on the environment.
verbe;B1;;ändern;changer (quelque chose);to change (something);Ich ändere meine Pläne.;Je change mes plans.;I'm changing my plans.
verbe;B1;;sich verhalten;se comporter;to behave;Er verhält sich seltsam.;Il se comporte bizarrement.;He's behaving strangely.
verbe;B1;;sich befinden;se trouver;to be located;Das Museum befindet sich im Zentrum.;Le musée se trouve dans le centre.;The museum is located in the center.
verbe;B1;;empfinden;ressentir (un sentiment);to feel (an emotion);Ich empfinde große Freude.;Je ressens une grande joie.;I feel great joy.
verbe;B1;;sich äußern;s'exprimer;to express oneself;Ich äußere mich dazu nicht.;Je ne m'exprime pas là-dessus.;I won't comment on that.
verbe;B1;;verzeihen;pardonner;to forgive;Ich verzeihe dir.;Je te pardonne.;I forgive you.
verbe;B1;;andeuten;suggérer, laisser entendre;to hint at, to suggest;Er deutet ein Problem an.;Il laisse entendre un problème.;He's hinting at a problem.
verbe;B1;;vertrauen;faire confiance;to trust;Ich vertraue dir völlig.;Je te fais entièrement confiance.;I trust you completely.
verbe;B1;;misstrauen;se méfier;to distrust;Ich misstraue diesem Angebot.;Je me méfie de cette offre.;I distrust this offer.
verbe;B1;;sich sorgen;s'inquiéter (um);to worry;Ich sorge mich um deine Gesundheit.;Je m'inquiète pour ta santé.;I worry about your health.
verbe;B1;;sich beschäftigen;s'occuper de (mit);to occupy oneself with;Ich beschäftige mich mit dem Thema.;Je m'occupe du sujet.;I'm dealing with the topic.
verbe;B1;;verhindern;empêcher;to prevent;Ich verhindere das Schlimmste.;J'empêche le pire.;I'm preventing the worst.
verbe;B1;;ermitteln;déterminer, enquêter;to investigate, to determine;Die Polizei ermittelt die Ursache.;La police détermine la cause.;The police determine the cause.
verbe;B1;;überwinden;surmonter;to overcome;Ich überwinde meine Angst.;Je surmonte ma peur.;I'm overcoming my fear.
verbe;B1;;sich anpassen;s'adapter (an);to adapt;Ich passe mich schnell an die Situation an.;Je m'adapte rapidement à la situation.;I quickly adapt to the situation.
verbe;B1;;sich verlassen;compter sur (auf);to rely on;Ich verlasse mich auf dich.;Je compte sur toi.;I rely on you.
verbe;B1;;abschließen;conclure, terminer;to conclude, to finish;Ich schließe das Studium bald ab.;Je termine bientôt mes études.;I'm finishing my studies soon.
verbe;B1;;zusammenfassen;résumer;to summarize;Ich fasse den Text kurz zusammen.;Je résume brièvement le texte.;I'm briefly summarizing the text.
verbe;B1;;sich erholen;se remettre, récupérer;to recover;Ich erhole mich am Wochenende.;Je récupère le week-end.;I recover on the weekend.
verbe;B1;;sich irren;se tromper;to be mistaken;Ich irre mich selten.;Je me trompe rarement.;I'm rarely mistaken.
verbe;B1;;sich engagieren;s'engager;to get involved;Ich engagiere mich für den Umweltschutz.;Je m'engage pour la protection de l'environnement.;I'm involved in environmental protection.
verbe;B1;;sich orientieren;s'orienter;to orient oneself;Ich orientiere mich an der Karte.;Je m'oriente avec la carte.;I orient myself with the map.
verbe;B1;;verschmutzen;polluer;to pollute;Die Fabrik verschmutzt den Fluss.;L'usine pollue la rivière.;The factory pollutes the river.
verbe;B1;;recyceln;recycler;to recycle;Wir recyceln unseren Müll.;Nous recyclons nos déchets.;We recycle our trash.
verbe;B1;;verbrauchen;consommer;to consume;Das Auto verbraucht viel Benzin.;La voiture consomme beaucoup d'essence.;The car uses a lot of gas.
verbe;B1;;erzeugen;produire, générer;to produce, to generate;Die Anlage erzeugt Strom.;L'installation produit de l'électricité.;The plant generates electricity.
verbe;B1;;vermarkten;commercialiser;to market;Die Firma vermarktet das neue Produkt.;L'entreprise commercialise le nouveau produit.;The company is marketing the new product.
verbe;B1;;produzieren;produire;to produce;Die Firma produziert Autos.;L'entreprise produit des voitures.;The company produces cars.
verbe;B1;;liefern;livrer;to deliver;Der Laden liefert mir die Ware.;Le magasin me livre la marchandise.;The store delivers the goods to me.
verbe;B1;;exportieren;exporter;to export;Deutschland exportiert viele Maschinen.;L'Allemagne exporte beaucoup de machines.;Germany exports many machines.
verbe;B1;;importieren;importer;to import;Wir importieren Kaffee aus Brasilien.;Nous importons du café du Brésil.;We import coffee from Brazil.
verbe;B1;;konsumieren;consommer;to consume;Wir konsumieren zu viel Zucker.;Nous consommons trop de sucre.;We consume too much sugar.
verbe;B1;;finanzieren;financer;to finance;Die Bank finanziert das Projekt.;La banque finance le projet.;The bank finances the project.
verbe;B1;;sich verschulden;s'endetter;to get into debt;Viele Studenten verschulden sich bei der Bank.;Beaucoup d'étudiants s'endettent auprès de la banque.;Many students go into debt with the bank.
verbe;B1;;anlegen;investir, placer (de l'argent);to invest, to place (money);Ich lege mein Geld in Aktien an.;Je place mon argent en actions.;I invest my money in stocks.
verbe;B1;;verwalten;gérer;to manage;Er verwaltet das Budget.;Il gère le budget.;He manages the budget.
verbe;B1;;beaufsichtigen;superviser;to supervise;Sie beaufsichtigt die Kinder im Pool.;Elle surveille les enfants à la piscine.;She supervises the children in the pool.
verbe;B1;;delegieren;déléguer;to delegate;Der Chef delegiert Aufgaben.;Le patron délègue des tâches.;The boss delegates tasks.
verbe;B1;;koordinieren;coordonner;to coordinate;Sie koordiniert das Team.;Elle coordonne l'équipe.;She coordinates the team.
verbe;B1;;durchführen;réaliser, mettre en œuvre;to carry out, to implement;Wir führen eine Umfrage durch.;Nous réalisons une enquête.;We're carrying out a survey.
verbe;B1;;umsetzen;mettre en œuvre;to implement;Wir setzen die Idee um.;Nous mettons l'idée en œuvre.;We're implementing the idea.
verbe;B1;;verwirklichen;concrétiser, réaliser (un rêve, un projet);to realize (a project, a dream);Ich verwirkliche meinen Traum.;Je réalise mon rêve.;I'm making my dream come true.
verbe;B1;;scheitern;échouer;to fail;Das Projekt scheitert oft an Geldmangel.;Le projet échoue souvent par manque d'argent.;The project often fails due to lack of money.
verbe;B1;;versagen;échouer, faillir;to fail;Die Bremsen versagen manchmal.;Les freins lâchent parfois.;The brakes sometimes fail.
verbe;B1;;bewältigen;surmonter, gérer (une tâche);to manage, to cope with;Ich bewältige den Stress gut.;Je gère bien le stress.;I cope well with stress.
verbe;B1;;beheben;résoudre (un problème);to fix, to resolve (a problem);Der Techniker behebt den Fehler.;Le technicien résout l'erreur.;The technician fixes the error.
verbe;B1;;verursachen;causer;to cause;Der Stau verursacht Verspätungen.;Le bouchon cause des retards.;The traffic jam causes delays.
verbe;B1;;auslösen;déclencher;to trigger;Der Rauch löst den Alarm aus.;La fumée déclenche l'alarme.;The smoke triggers the alarm.
verbe;B1;;hervorrufen;provoquer;to provoke, to cause;Der Film ruft starke Gefühle hervor.;Le film provoque de fortes émotions.;The movie evokes strong feelings.
verbe;B1;;resultieren;résulter (aus);to result (from);Der Erfolg resultiert aus harter Arbeit.;Le succès résulte d'un travail acharné.;Success results from hard work.
verbe;B1;;führen;mener à, conduire (zu);to lead (to);Der Weg führt zum Bahnhof.;Le chemin mène à la gare.;The path leads to the station.
verbe;B1;;begründen;justifier, fonder;to justify;Ich begründe meine Entscheidung.;Je justifie ma décision.;I'm justifying my decision.
verbe;B1;;rechtfertigen;justifier;to justify;Er rechtfertigt sein Verhalten.;Il justifie son comportement.;He's justifying his behavior.
verbe;B1;;widerlegen;réfuter;to refute;Ich widerlege dieses Argument.;Je réfute cet argument.;I'm refuting this argument.
verbe;B1;;beweisen;prouver;to prove;Ich beweise dir meine Unschuld.;Je te prouve mon innocence.;I prove my innocence to you.
verbe;B1;;nachweisen;démontrer, prouver;to demonstrate, to prove;Die Studie weist uns den Effekt nach.;L'étude nous démontre l'effet.;The study demonstrates the effect to us.
verbe;B1;;belegen;prouver, attester;to prove, to substantiate;Diese Zahlen belegen den Trend.;Ces chiffres attestent la tendance.;These figures substantiate the trend.
verbe;B1;;dokumentieren;documenter;to document;Ich dokumentiere jeden Schritt.;Je documente chaque étape.;I'm documenting every step.
verbe;B1;;veröffentlichen;publier;to publish;Sie veröffentlicht ein neues Buch.;Elle publie un nouveau livre.;She's publishing a new book.
verbe;B1;;verbreiten;diffuser, répandre;to spread;Er verbreitet die Nachricht schnell.;Il répand la nouvelle rapidement.;He spreads the news quickly.
verbe;B1;;übertragen;transmettre, retransmettre;to transmit, to broadcast;Der Sender überträgt das Spiel live.;La chaîne retransmet le match en direct.;The channel broadcasts the game live.
verbe;B1;;senden;envoyer, émettre;to send, to broadcast;Der Kanal sendet Nachrichten um acht.;La chaîne diffuse les infos à huit heures.;The channel broadcasts the news at eight.
verbe;B1;;empfangen;recevoir (un signal, un invité);to receive (a signal, a guest);Wir empfangen heute Gäste.;Nous recevons des invités aujourd'hui.;We're receiving guests today.
verbe;B1;;begrüßen;accueillir, saluer;to greet, to welcome;Ich begrüße die Gäste an der Tür.;J'accueille les invités à la porte.;I greet the guests at the door.
verbe;B1;;verabschieden;adopter (une loi, une décision);to adopt (a law, a decision);Das Parlament verabschiedet das Gesetz.;Le parlement adopte la loi.;Parliament is adopting the law.
verbe;B1;;beschließen;décider, adopter (une résolution);to decide, to resolve;Wir beschließen den neuen Plan.;Nous décidons du nouveau plan.;We're deciding on the new plan.
verbe;B1;;festlegen;fixer, déterminer;to set, to determine;Wir legen den Termin fest.;Nous fixons la date.;We're setting the date.
verbe;B1;;vereinbaren;convenir, s'accorder sur;to agree on;Wir vereinbaren einen Termin.;Nous convenons d'un rendez-vous.;We're arranging an appointment.
verbe;B1;;anordnen;ordonner, disposer;to order, to arrange;Der Chef ordnet eine Pause an.;Le chef ordonne une pause.;The boss orders a break.
verbe;B1;;befehlen;ordonner;to command, to order;Der General befiehlt den Soldaten den Angriff.;Le général ordonne l'attaque aux soldats.;The general orders the soldiers to attack.
verbe;B1;;gehorchen;obéir;to obey;Der Hund gehorcht seinem Besitzer.;Le chien obéit à son maître.;The dog obeys its owner.
verbe;B1;;sich widersetzen;s'opposer, résister;to oppose, to resist;Ich widersetze mich dieser Regel.;Je m'oppose à cette règle.;I'm opposing this rule.
verbe;B1;;sich wehren;se défendre;to defend oneself;Ich wehre mich gegen die Kritik.;Je me défends contre la critique.;I'm defending myself against the criticism.
verbe;B1;;kämpfen;lutter, combattre;to fight, to struggle;Sie kämpft für ihre Rechte.;Elle lutte pour ses droits.;She's fighting for her rights.
verbe;B1;;verteidigen;défendre;to defend;Er verteidigt seine Meinung.;Il défend son opinion.;He defends his opinion.
verbe;B1;;angreifen;attaquer;to attack;Der Hund greift den Postboten an.;Le chien attaque le facteur.;The dog attacks the mailman.
verbe;B1;;bedrohen;menacer;to threaten;Der Klimawandel bedroht viele Arten.;Le changement climatique menace de nombreuses espèces.;Climate change threatens many species.
verbe;B1;;gefährden;mettre en danger;to endanger;Rauchen gefährdet die Gesundheit.;Fumer met en danger la santé.;Smoking endangers health.
verbe;B1;;riskieren;risquer;to risk;Ich riskiere nicht gern etwas.;Je n'aime pas risquer quelque chose.;I don't like to risk anything.
verbe;B1;;wagen;oser;to dare;Ich wage einen Neuanfang.;J'ose un nouveau départ.;I'm daring to make a new start.
verbe;B1;;sich trauen;oser;to dare;Ich traue mich nicht, das zu fragen.;Je n'ose pas demander ça.;I don't dare ask that.
verbe;B1;;zögern;hésiter;to hesitate;Ich zögere bei dieser Entscheidung.;J'hésite face à cette décision.;I hesitate with this decision.
verbe;B1;;zweifeln;douter;to doubt;Ich zweifle manchmal an mir selbst.;Je doute parfois de moi-même.;I sometimes doubt myself.
verbe;B1;;nachdenken;réfléchir;to think about, to reflect;Ich denke über das Problem nach.;Je réfléchis au problème.;I'm thinking about the problem.
verbe;B1;;grübeln;ruminer, se creuser la tête;to brood, to rack one's brain;Ich grüble über die Antwort.;Je me creuse la tête sur la réponse.;I'm racking my brain over the answer.
verbe;B1;;sich vertiefen;s'approfondir, se plonger dans;to delve into, to immerse oneself;Ich vertiefe mich in das Buch.;Je me plonge dans le livre.;I'm immersing myself in the book.
verbe;B1;;begreifen;comprendre, saisir;to understand, to grasp;Ich begreife das Problem nicht.;Je ne saisis pas le problème.;I don't grasp the problem.
verbe;B1;;erfassen;saisir, comprendre;to grasp, to understand;Ich erfasse die Situation schnell.;Je saisis vite la situation.;I grasp the situation quickly.
verbe;B1;;wahrnehmen;percevoir;to perceive;Ich nehme die Veränderung wahr.;Je perçois le changement.;I perceive the change.
verbe;B1;;registrieren;enregistrer, remarquer;to register, to notice;Ich registriere jede Veränderung.;Je remarque chaque changement.;I notice every change.
verbe;B1;;übersehen;ne pas remarquer, laisser passer;to overlook;Ich übersehe leicht Details.;Les détails m'échappent facilement.;I easily overlook details.
verbe;B1;;ignorieren;ignorer;to ignore;Ich ignoriere die Kritik.;J'ignore la critique.;I'm ignoring the criticism.
verbe;B1;;vernachlässigen;négliger;to neglect;Ich vernachlässige meine Freunde nicht.;Je ne néglige pas mes amis.;I don't neglect my friends.
verbe;B1;;verpassen;manquer, rater;to miss;Ich verpasse den Bus.;Je rate le bus.;I'm missing the bus.
verbe;B1;;versäumen;manquer, omettre;to miss, to fail to do;Ich versäume die Anmeldefrist nicht.;Je ne manque pas le délai d'inscription.;I won't miss the registration deadline.
verbe;B1;;nachholen;rattraper;to catch up on, to make up for;Ich hole den Stoff nach.;Je rattrape la matière.;I'm catching up on the material.
verbe;B1;;wiederholen;répéter;to repeat;Ich wiederhole die Grammatik.;Je répète la grammaire.;I'm reviewing the grammar.
verbe;B1;;üben;s'exercer;to practice;Ich übe jeden Tag Klavier.;Je m'exerce au piano tous les jours.;I practice piano every day.
verbe;B1;;trainieren;s'entraîner;to train;Ich trainiere meine Ausdauer.;J'entraîne mon endurance.;I train my endurance.
verbe;B1;;sich qualifizieren;se qualifier;to qualify;Die Mannschaft qualifiziert sich fürs Finale.;L'équipe se qualifie pour la finale.;The team is qualifying for the final.
verbe;B1;;abschneiden;se classer, s'en sortir (résultat);to do, to perform (result);Er schneidet gut bei der Prüfung ab.;Il s'en sort bien à l'examen.;He does well on the exam.
verbe;B1;;durchfallen;échouer (à un examen);to fail (an exam);Ich falle bei der Prüfung durch.;J'échoue à l'examen.;I'm failing the exam.
verbe;B1;;absolvieren;accomplir, terminer (des études);to complete (studies);Ich absolviere ein Praktikum.;J'accomplis un stage.;I'm completing an internship.
verbe;B1;;erwerben;acquérir;to acquire;Ich erwerbe neue Kenntnisse.;J'acquiers de nouvelles connaissances.;I'm acquiring new knowledge.
verbe;B1;;sich aneignen;s'approprier, acquérir;to acquire, to appropriate;Ich eigne mir neues Wissen an.;Je m'approprie de nouvelles connaissances.;I'm acquiring new knowledge.
verbe;B1;;beherrschen;maîtriser;to master;Ich beherrsche drei Sprachen.;Je maîtrise trois langues.;I master three languages.
verbe;B1;;beherzigen;prendre à cœur;to take to heart;Ich beherzige deinen Rat.;Je prends ton conseil à cœur.;I'm taking your advice to heart.
verbe;B1;;befolgen;suivre (un conseil, une règle);to follow (advice, a rule);Ich befolge die Regeln.;Je suis les règles.;I follow the rules.
verbe;B1;;einhalten;respecter (une règle, un délai);to comply with, to keep (a deadline);Ich halte die Frist ein.;Je respecte le délai.;I'm meeting the deadline.
verbe;B1;;verletzen;blesser, violer (une règle);to hurt, to violate (a rule);Er verletzt oft die Regeln.;Il enfreint souvent les règles.;He often breaks the rules.
verbe;B1;;missachten;ignorer, ne pas respecter;to disregard;Er missachtet die Vorschriften.;Il ne respecte pas les règlements.;He disregards the regulations.
verbe;B1;;verstoßen;enfreindre (gegen);to violate (against);Er verstößt gegen die Regeln.;Il enfreint les règles.;He violates the rules.
verbe;B1;;bestrafen;punir;to punish;Der Lehrer bestraft Unpünktlichkeit.;Le professeur punit le manque de ponctualité.;The teacher punishes lateness.
verbe;B1;;belohnen;récompenser;to reward;Ich belohne gute Leistungen.;Je récompense les bonnes performances.;I reward good performance.
verbe;B1;;loben;louer, féliciter;to praise;Der Lehrer lobt die Schüler.;Le professeur félicite les élèves.;The teacher praises the students.
verbe;B1;;tadeln;réprimander;to reprimand;Der Chef tadelt Verspätungen.;Le patron réprimande les retards.;The boss reprimands lateness.
verbe;B1;;beschimpfen;insulter;to insult;Er beschimpft niemanden.;Il n'insulte personne.;He doesn't insult anyone.
verbe;B1;;beleidigen;offenser, insulter;to offend, to insult;Ich beleidige dich nicht.;Je ne t'offense pas.;I'm not offending you.
verbe;B1;;verspotten;se moquer de;to mock;Die Kinder verspotten ihn nicht.;Les enfants ne se moquent pas de lui.;The children don't mock him.
verbe;B1;;necken;taquiner;to tease;Er neckt seine Schwester gern.;Il aime taquiner sa sœur.;He likes to tease his sister.
verbe;B1;;trösten;consoler;to console;Ich tröste meinen Freund.;Je console mon ami.;I'm consoling my friend.
verbe;B1;;beruhigen;calmer, rassurer;to calm, to reassure;Ich beruhige das Baby.;Je calme le bébé.;I'm calming the baby.
verbe;B1;;sich aufregen;s'énerver, s'exciter;to get upset, to get worked up;Ich rege mich über die Kritik auf.;Je m'énerve à cause de la critique.;I get worked up about the criticism.
verbe;B1;;beunruhigen;inquiéter;to worry (someone);Die Nachricht beunruhigt mich.;La nouvelle m'inquiète.;The news worries me.
verbe;B1;;erschrecken;avoir peur, être effrayé;to be frightened;Ich erschrecke meine Schwester.;J'effraie ma sœur.;I scare my sister.
verbe;B1;;sich ängstigen;avoir peur, s'angoisser;to be afraid, to be anxious;Ich ängstige mich vor der Prüfung.;J'ai peur de l'examen.;I'm afraid of the exam.
verbe;B1;;genesen;guérir, se rétablir;to recover, to heal;Er genest langsam von der Krankheit.;Il se rétablit lentement de la maladie.;He's slowly recovering from the illness.
verbe;B1;;heilen;guérir (quelqu'un, quelque chose);to heal, to cure (someone/something);Der Arzt heilt die Wunde.;Le médecin guérit la blessure.;The doctor heals the wound.
verbe;B1;;sich erkälten;attraper un rhume;to catch a cold;Ich erkälte mich im Winter oft.;J'attrape souvent un rhume en hiver.;I often catch a cold in winter.
verbe;B1;;bluten;saigner;to bleed;Meine Hand blutet.;Ma main saigne.;My hand is bleeding.
verbe;B1;;schwitzen;transpirer;to sweat;Ich schwitze bei der Hitze.;Je transpire à cause de la chaleur.;I'm sweating in the heat.
verbe;B1;;frieren;avoir froid;to be cold, to freeze;Ich friere im Winter oft.;J'ai souvent froid en hiver.;I'm often cold in winter.
verbe;B1;;verhungern;mourir de faim;to starve;Ich verhungere gleich, wir müssen essen!;Je meurs de faim, il faut qu'on mange !;I'm starving, we need to eat!
verbe;B1;;ersticken;étouffer;to suffocate;Ich ersticke fast vor Rauch.;J'étouffe presque à cause de la fumée.;I'm almost suffocating from smoke.
verbe;B1;;ertrinken;se noyer;to drown;Er ertrinkt fast im See.;Il se noie presque dans le lac.;He's almost drowning in the lake.
verbe;B1;;verbrennen;brûler (quelque chose);to burn (something);Ich verbrenne die alten Papiere.;Je brûle les vieux papiers.;I'm burning the old papers.
verbe;B1;;explodieren;exploser;to explode;Der Reifen explodiert plötzlich.;Le pneu explose soudainement.;The tire suddenly explodes.
verbe;B1;;zusammenbrechen;s'effondrer;to collapse;Das System bricht unter der Last zusammen.;Le système s'effondre sous la charge.;The system collapses under the load.
verbe;B1;;einstürzen;s'effondrer (un bâtiment);to collapse (a building);Das alte Gebäude stürzt ein.;Le vieux bâtiment s'effondre.;The old building is collapsing.
verbe;B1;;zerstören;détruire;to destroy;Der Sturm zerstört viele Häuser.;La tempête détruit de nombreuses maisons.;The storm destroys many houses.
verbe;B1;;beschädigen;endommager;to damage;Der Hagel beschädigt die Autos.;La grêle endommage les voitures.;The hail damages the cars.
verbe;B1;;wiederherstellen;restaurer, rétablir;to restore;Ich stelle die Datei wieder her.;Je restaure le fichier.;I'm restoring the file.
verbe;B1;;erneuern;renouveler;to renew;Ich erneuere meinen Vertrag.;Je renouvelle mon contrat.;I'm renewing my contract.
verbe;B1;;austauschen;échanger;to exchange;Wir tauschen Erfahrungen aus.;Nous échangeons des expériences.;We're exchanging experiences.
verbe;B1;;tauschen;échanger, troquer;to exchange, to swap;Ich tausche mit dir den Platz.;J'échange ma place avec toi.;I'm swapping places with you.
verbe;B1;;spekulieren;spéculer;to speculate;Ich spekuliere gern mit Aktien.;J'aime spéculer avec des actions.;I like to speculate with stocks.
verbe;B1;;wetten;parier;to bet;Ich wette auf unser Team.;Je parie sur notre équipe.;I bet on our team.
verbe;B1;;würfeln;jouer aux dés;to play dice, to roll dice;Wir würfeln um die Reihenfolge.;Nous jouons aux dés pour l'ordre.;We're rolling dice for the order.
verbe;B1;;losen;tirer au sort;to draw lots;Wir losen, wer beginnt.;On tire au sort qui commence.;We're drawing lots for who starts.
verbe;B1;;auslosen;tirer au sort (officiellement);to draw lots (officially);Der Verband lost die Paarungen aus.;La fédération tire au sort les rencontres.;The federation draws the pairings.
verbe;B1;;sich erkundigen;se renseigner;to inquire, to find out;Ich erkundige mich nach dem Preis.;Je me renseigne sur le prix.;I'm inquiring about the price.
verbe;B1;;nachfragen;se renseigner, redemander;to ask again, to inquire;Ich frage nach dem Ergebnis.;Je demande le résultat.;I ask about the result.
verbe;B1;;hinterfragen;remettre en question;to question, to call into question;Ich hinterfrage die Entscheidung.;Je remets en question la décision.;I'm questioning the decision.
verbe;B1;;beanstanden;contester, réclamer;to complain about, to object to;Ich beanstande die Rechnung.;Je conteste la facture.;I'm objecting to the invoice.
verbe;B1;;reklamieren;réclamer;to complain, to make a claim;Ich reklamiere das kaputte Produkt.;Je réclame au sujet du produit cassé.;I'm making a complaint about the broken product.
verbe;B1;;umtauschen;échanger (un achat);to exchange (a purchase);Ich tausche das Hemd um.;J'échange la chemise.;I'm exchanging the shirt.
verbe;B1;;zurückgeben;rendre;to give back, to return;Ich gebe dir das Buch zurück.;Je te rends le livre.;I give you back the book.
verbe;B1;;zurückzahlen;rembourser;to repay;Ich zahle dir das Geld zurück.;Je te rembourse l'argent.;I'm paying you back the money.
verbe;B1;;borgen;prêter, emprunter;to lend, to borrow;Ich borge ihm mein Fahrrad.;Je lui prête mon vélo.;I lend him my bike.
verbe;B1;;verpachten;affermer, louer (des biens);to lease out (property);Er verpachtet sein Land.;Il afferme son terrain.;He leases out his land.
verbe;B1;;spenden;faire un don;to donate;Ich spende jeden Monat Geld.;Je fais un don d'argent chaque mois.;I donate money every month.
verbe;B1;;stiften;fonder, faire un don;to found, to donate;Er stiftet eine Bibliothek.;Il fonde une bibliothèque.;He's founding a library.
verbe;B1;;sammeln;collectionner, collecter;to collect;Ich sammle Briefmarken.;Je collectionne les timbres.;I collect stamps.
verbe;B1;;aufbewahren;conserver, garder;to keep, to preserve;Ich bewahre die Belege auf.;Je conserve les reçus.;I keep the receipts.
verbe;B1;;lagern;stocker, entreposer;to store;Wir lagern die Ware im Keller.;Nous stockons la marchandise à la cave.;We store the goods in the cellar.
verbe;B1;;verstauen;ranger, caser;to pack, to stow;Ich verstaue die Koffer im Kofferraum.;Je range les valises dans le coffre.;I'm stowing the suitcases in the trunk.
verbe;B1;;transportieren;transporter;to transport;Der Lastwagen transportiert die Möbel.;Le camion transporte les meubles.;The truck transports the furniture.
verbe;B1;;befördern;transporter, promouvoir;to transport, to promote;Der Zug befördert tausend Fahrgäste.;Le train transporte mille passagers.;The train transports a thousand passengers.
verbe;B1;;verladen;charger (des marchandises);to load (goods);Wir verladen die Ware auf den Zug.;Nous chargeons la marchandise sur le train.;We're loading the goods onto the train.
verbe;B1;;versenden;expédier;to send off, to ship;Wir versenden die Bestellung heute.;Nous expédions la commande aujourd'hui.;We're shipping the order today.
verbe;B1;;zustellen;livrer, distribuer;to deliver;Der Postbote stellt uns die Briefe zu.;Le facteur nous livre les lettres.;The postman delivers the letters to us.
verbe;B1;;schlagen;frapper, battre;to hit, to beat;Die Uhr schlägt gerade zwölf.;L'horloge sonne midi.;The clock is striking twelve.
verbe;B1;;brennen;brûler;to burn;Im Kamin brennt ein kleines Feuer.;Un petit feu brûle dans la cheminée.;A small fire is burning in the fireplace.
verbe;B1;;reichen;"suffire ; passer, tendre";"to be enough; to pass";Das Geld reicht bis Monatsende.;L'argent suffit jusqu'à la fin du mois.;The money lasts until the end of the month.
verbe;B1;;töten;tuer;to kill;Dieses Mittel tötet die Bakterien.;Ce produit tue les bactéries.;This agent kills the bacteria.
verbe;B1;;einstellen;"régler ; embaucher";"to adjust; to hire";Stell bitte die Heizung wärmer ein.;Règle le chauffage plus chaud, s'il te plaît.;Please set the heating warmer.
verbe;B1;;treten;marcher sur, donner un coup de pied;to step, to kick;Tritt bitte nicht auf die Blumen.;Ne marche pas sur les fleurs, s'il te plaît.;Please don't step on the flowers.
verbe;B1;;berühren;toucher;to touch;Bitte berühren Sie die Bilder nicht.;Veuillez ne pas toucher les tableaux.;Please do not touch the paintings.
verbe;B1;;bieten;offrir, proposer;to offer;Die Stadt bietet viel für Familien.;La ville offre beaucoup pour les familles.;The city offers a lot for families.
verbe;B1;;fürchten;craindre;to fear;Ich fürchte, wir kommen zu spät.;Je crains que nous arrivions trop tard.;I'm afraid we'll be late.
verbe;B1;;klappen;marcher, fonctionner;to work out;Hoffentlich klappt alles morgen.;Espérons que tout marchera demain.;Hopefully everything will work out tomorrow.
verbe;B1;;abkühlen;refroidir;to cool down;Lass die Suppe kurz abkühlen.;Laisse la soupe refroidir un peu.;Let the soup cool down a little.
verbe;B1;;aufgehen;"se lever (astre) ; s'ouvrir";"to rise; to open";Im Sommer geht die Sonne früh auf.;En été, le soleil se lève tôt.;In summer the sun rises early.
verbe;B1;;zerbrechen;se briser, briser;to shatter, to break;Vorsicht, das Glas zerbricht leicht.;Attention, le verre se brise facilement.;Careful, the glass breaks easily.
verbe;B1;;blasen;souffler;to blow;Das Kind bläst die Kerzen aus.;L'enfant souffle les bougies.;The child blows out the candles.
verbe;B1;;bedecken;couvrir, recouvrir;to cover;Wolken bedecken den ganzen Himmel.;Des nuages couvrent tout le ciel.;Clouds cover the whole sky.
verbe;B1;;schalten;commuter, passer (une vitesse);to switch, to change gear;Am Berg schalte ich in den zweiten Gang.;Dans la côte, je passe en deuxième.;On the hill I change into second gear.
verbe;B1;;wickeln;enrouler, emballer;to wrap, to wind;Sie wickelt das Geschenk in buntes Papier.;Elle emballe le cadeau dans du papier coloré.;She wraps the present in colourful paper.
verbe;B1;;ablegen;"déposer, poser ; passer (un examen)";"to put down; to take (an exam)";Legen Sie bitte Ihren Mantel ab.;Déposez votre manteau, s'il vous plaît.;Please take off your coat.
verbe;B1;;ansprechen;adresser la parole à, aborder;to address, to bring up;Sprich ihn ruhig auf Deutsch an.;Adresse-toi à lui en allemand, sans crainte.;Feel free to address him in German.
verbe;B1;;aufstellen;"installer, dresser ; établir";to set up, to put up;Wir stellen das Zelt am Fluss auf.;Nous montons la tente près de la rivière.;We're putting up the tent by the river.
verbe;B1;;reißen;déchirer, arracher;to tear, to rip;Reiß die Seite bitte nicht heraus.;N'arrache pas la page, s'il te plaît.;Please don't tear out the page.
verbe;B1;;nachsehen;vérifier, aller voir;to check, to look up;Ich sehe schnell im Kalender nach.;Je vérifie vite dans le calendrier.;I'll quickly check the calendar.
verbe;B1;;abgehen;"partir ; se détacher";"to leave; to come off";Der Knopf geht gleich ab.;Le bouton va se détacher.;The button is about to come off.
verbe;B1;;umbringen;tuer, assassiner;to kill;Diese Hitze bringt mich noch um.;Cette chaleur va finir par me tuer.;This heat is going to kill me.
verbe;B1;;anstreichen;"peindre ; souligner";"to paint; to mark";Wir streichen die Küche gelb an.;Nous peignons la cuisine en jaune.;We're painting the kitchen yellow.
verbe;B1;;aufziehen;"élever (un enfant) ; remonter";"to raise; to wind up";Sie zieht drei Kinder allein auf.;Elle élève trois enfants seule.;She is raising three children alone.
verbe;B1;;annehmen;accepter, supposer;to accept, to assume;Sie nimmt das Angebot sofort an.;Elle accepte l'offre immédiatement.;She accepts the offer immediately.
verbe;B1;;einziehen;emménager;to move in;Wir ziehen nächsten Monat in die neue Wohnung ein.;Nous emménageons dans le nouvel appartement le mois prochain.;We're moving into the new apartment next month.
verbe;B1;;entsorgen;éliminer, jeter (des déchets);to dispose of;Er entsorgt die alten Batterien im Supermarkt.;Il jette les vieilles piles au supermarché.;He disposes of the old batteries at the supermarket.
verbe;B1;;füttern;nourrir (un animal);to feed (an animal);Er füttert die Katze jeden Morgen um sieben.;Il nourrit le chat tous les matins à sept heures.;He feeds the cat every morning at seven.
verbe;B1;;gießen;arroser;to water;Sie gießt die Blumen jeden zweiten Tag.;Elle arrose les fleurs tous les deux jours.;She waters the flowers every other day.
verbe;B1;;grüßen;saluer;to greet;Er grüßt seine Nachbarn immer freundlich.;Il salue toujours ses voisins amicalement.;He always greets his neighbors in a friendly way.
verbe;B1;;berechnen;calculer;to calculate;Der Verkäufer berechnet den Gesamtpreis.;Le vendeur calcule le prix total.;The salesperson calculates the total price.
verbe;B1;;bestätigen;confirmer;to confirm;Sie bestätigt den Termin per E-Mail.;Elle confirme le rendez-vous par e-mail.;She confirms the appointment by email.
verbe;B1;;ernten;récolter;to harvest;Die Bauern ernten im September die Äpfel.;Les agriculteurs récoltent les pommes en septembre.;Farmers harvest apples in September.
verbe;B1;;garantieren;garantir;to guarantee;Der Verkäufer garantiert die Qualität der Ware.;Le vendeur garantit la qualité de la marchandise.;The seller guarantees the quality of the goods.
verbe;B1;;schonen;ménager, préserver;to spare, to protect;Langsames Laden schont den Akku.;Une charge lente ménage la batterie.;Slow charging protects the battery.
verbe;B1;;überweisen;virer (de l'argent);to transfer (money);Ich überweise dir das Geld noch heute.;Je te vire l'argent dès aujourd'hui.;I'll transfer you the money today.
verbe;B1;;verschwinden;disparaître;to disappear;Der Fleck verschwindet beim Waschen.;La tache disparaît au lavage.;The stain disappears in the wash.
verbe;B1;;erstatten;rembourser (des frais);to reimburse;Die Versicherung erstattet uns die Kosten der Reparatur.;L'assurance nous rembourse les frais de réparation.;The insurance reimburses us the repair costs.
verbe;B1;;sperren;bloquer;to block;Die Bank sperrt meine Kreditkarte sofort.;La banque bloque ma carte de crédit immédiatement.;The bank blocks my credit card right away.
verbe;B1;;stehlen;voler;to steal;Diebe stehlen in dieser Straße oft Fahrräder.;Des voleurs volent souvent des vélos dans cette rue.;Thieves often steal bicycles on this street.
verbe;B1;;abheben;retirer (de l'argent);to withdraw (money);Ich hebe am Automaten hundert Euro ab.;Je retire cent euros au distributeur.;I withdraw a hundred euros at the ATM.
verbe;B1;;angeben;indiquer, déclarer;to state, to indicate;Sie gibt ihre IBAN auf dem Formular an.;Elle indique son IBAN sur le formulaire.;She states her IBAN on the form.
verbe;B1;;aufnehmen;contracter (un crédit);to take out (a loan);Sie nimmt einen Kredit für das Studium auf.;Elle contracte un crédit pour ses études.;She takes out a loan for her studies.
verbe;B1;;ausdrucken;imprimer;to print out;Der Automat druckt den Kontoauszug aus.;Le distributeur imprime le relevé de compte.;The machine prints out the bank statement.
verbe;B1;;einzahlen;déposer (de l'argent);to deposit (money);Ich zahle zweihundert Euro auf mein Konto ein.;Je dépose deux cents euros sur mon compte.;I deposit two hundred euros into my account.
verbe;B1;;abnehmen;maigrir, perdre du poids;to lose weight;Er nimmt seit dem Sommer langsam ab.;Il perd du poids lentement depuis l'été.;He has been slowly losing weight since summer.
verbe;B1;;sich ernähren;se nourrir, s'alimenter;to eat, to feed oneself;Er ernährt sich hauptsächlich von Gemüse.;Il se nourrit principalement de légumes.;He lives mainly on vegetables.
verbe;B1;;fallen;tomber;to fall;Die Preise für Obst fallen im Sommer.;Les prix des fruits baissent en été.;Fruit prices fall in summer.
verbe;B1;;verändern;changer, modifier;to change;Die neue Diät verändert ihr Leben.;Le nouveau régime change sa vie.;The new diet changes her life.
verbe;B1;;zubereiten;préparer (un repas);to prepare (a meal);Sie bereitet das Abendessen frisch zu.;Elle prépare le dîner avec des produits frais.;She prepares dinner with fresh ingredients.
verbe;B1;;gründen;fonder;to found;Die beiden Freunde gründen zusammen eine Firma.;Les deux amis fondent une entreprise ensemble.;The two friends are founding a company together.
verbe;B1;;herunterladen;télécharger;to download;Ich lade die App auf mein Handy herunter.;Je télécharge l'application sur mon téléphone.;I download the app onto my phone.
verbe;B1;;leisten;accomplir, se permettre;to accomplish, to afford;Sie leistet in ihrem Beruf viel.;Elle accomplit beaucoup dans son métier.;She achieves a lot in her job.
verbe;B1;;sich amüsieren;s'amuser;to have fun;Die Kinder amüsieren sich über den Clown.;Les enfants s'amusent du clown.;The children are amused by the clown.
verbe;B1;;anwenden;appliquer, utiliser;to apply, to use;Sie wendet die neue Methode im Unterricht an.;Elle applique la nouvelle méthode en classe.;She applies the new method in class.
verbe;B1;;behalten;garder;to keep;Ich behalte dieses Foto als Erinnerung.;Je garde cette photo en souvenir.;I keep this photo as a memento.
verbe;B1;;operieren;opérer;to operate (surgery);Der Chirurg operiert den Patienten heute Nachmittag.;Le chirurgien opère le patient cet après-midi.;The surgeon is operating on the patient this afternoon.
verbe;B1;;röntgen;radiographier, faire une radio;to X-ray;Der Arzt röntgt den gebrochenen Arm.;Le médecin radiographie le bras cassé.;The doctor X-rays the broken arm.
verbe;B1;;stürzen;tomber (chute);to fall, to tumble;Auf dem Eis stürzt man leicht.;Sur la glace, on tombe facilement.;On the ice, you fall easily.
verbe;B1;;versorgen;soigner, s'occuper de;to take care of, to treat;Die Krankenschwester versorgt die Wunde.;L'infirmière soigne la blessure.;The nurse treats the wound.
verbe;B1;;wehtun;faire mal;to hurt;Mein Rücken tut mir seit gestern weh.;J'ai mal au dos depuis hier.;My back has hurt since yesterday.
verbe;B1;;begleiten;accompagner;to accompany;Der Sohn begleitet seine Mutter zum Arzt.;Le fils accompagne sa mère chez le médecin.;The son accompanies his mother to the doctor.
verbe;B1;;sich etwas brechen;se casser qch;to break sth (a body part);Er bricht sich beim Skifahren das Bein.;Il se casse la jambe en skiant.;He breaks his leg while skiing.
verbe;B1;;massieren;masser;to massage;Der Physiotherapeut massiert ihren Rücken.;Le physiothérapeute lui masse le dos.;The physiotherapist massages her back.
verbe;B1;;wachsen;pousser, grandir;to grow;Die Pflanze wächst im Sommer sehr schnell.;La plante pousse très vite en été.;The plant grows very fast in summer.
verbe;B1;;atmen;respirer;to breathe;Nach dem Lauf atmet sie noch schnell.;Après la course, elle respire encore vite.;After the run, she is still breathing fast.
verbe;B1;;sich etwas anschaffen;se procurer qch, acheter qch;to acquire, to get sth;Sie schaffen sich Solarpanele an.;Ils se procurent des panneaux solaires.;They are getting solar panels.
verbe;B1;;blühen;fleurir;to bloom;Im Frühling blühen die Bäume.;Au printemps, les arbres fleurissent.;In spring, the trees bloom.
verbe;B1;;heizen;chauffer;to heat;Wir heizen das Haus mit Solarenergie.;Nous chauffons la maison à l'énergie solaire.;We heat the house with solar energy.
verbe;B1;;recht haben;avoir raison;to be right;Du hast recht, das Gehalt ist zu niedrig.;Tu as raison, le salaire est trop bas.;You're right, the salary is too low.
verbe;B1;;wecken;réveiller;to wake (someone);Der Wecker weckt mich jeden Morgen um sechs.;Le réveil me réveille tous les matins à six heures.;The alarm wakes me up every morning at six.
verbe;B1;;sich etwas wünschen;souhaiter qch;to wish for sth;Er wünscht sich mehr Verantwortung im Job.;Il souhaite avoir plus de responsabilités au travail.;He wishes for more responsibility at work.
verbe;B1;;siegen;gagner, être vainqueur;to win, to be victorious;Unsere Mannschaft siegt heute klar.;Notre équipe gagne nettement aujourd'hui.;Our team wins clearly today.
verbe;B1;;tauchen;plonger;to dive;Er taucht gern im klaren Wasser des Sees.;Il aime plonger dans l'eau claire du lac.;He likes to dive in the lake's clear water.
verbe;B1;;überreden;persuader;to persuade;Sie überredet mich, beim Rennen mitzumachen.;Elle me persuade de participer à la course.;She persuades me to take part in the race.
verbe;B1;;dabei sein;participer, être présent;to take part, to be there;Beim nächsten Marathon bin ich dabei.;Je participe au prochain marathon.;I'll be taking part in the next marathon.
verbe;B1;;halten;tenir, arrêter (le ballon);to hold, to save (a ball);Der Tormann hält den letzten Elfmeter.;Le gardien arrête le dernier penalty.;The goalkeeper saves the last penalty.
verbe;B1;;kleben;coller;to glue, to stick;Das Kind klebt Bilder in sein Fotoalbum.;L'enfant colle des images dans son album photo.;The child glues pictures into his photo album.
verbe;B1;;sich etwas leisten;se permettre qch;to afford sth;Sie können sich diesen Urlaub gerade nicht leisten.;Ils ne peuvent pas se permettre ces vacances en ce moment.;They can't afford this vacation right now.
verbe;B1;;loslassen;lâcher;to let go;Die Mutter lässt langsam die Hand ihres Kindes los.;La mère lâche lentement la main de son enfant.;The mother slowly lets go of her child's hand.
verbe;B1;;sich etwas teilen;partager qch;to share sth;Die Geschwister teilen sich ein Zimmer.;Les frères et sœurs partagent une chambre.;The siblings share a room.
verbe;B1;;sich trennen;se séparer;to separate, to break up;Er trennt sich von seiner Frau.;Il se sépare de sa femme.;He is separating from his wife.
verbe;B1;;verreisen;partir en voyage;to go on a trip;Wir verreisen dieses Jahr mit der ganzen Familie.;Nous partons en voyage avec toute la famille cette année.;We're going on a trip with the whole family this year.
verbe;B1;;wert sein;valoir la peine;to be worth it;Diese Erfahrung ist die Mühe wert.;Cette expérience vaut la peine.;This experience is worth the effort.
verbe;B1;;abwaschen;laver la vaisselle;to wash up, to do the dishes;Nach dem Essen wäscht er das Geschirr ab.;Après le repas, il fait la vaisselle.;After the meal, he does the dishes.
verbe;B1;;ankommen;arriver (sur qch), dépendre de;to arrive, to depend (on sth);Es kommt darauf an, wie viel Zeit wir haben.;Cela dépend du temps dont nous disposons.;It depends on how much time we have.
verbe;B1;;aufgeben;abandonner, renoncer;to give up;Sie gibt ihre Karriere für die Familie nicht auf.;Elle n'abandonne pas sa carrière pour sa famille.;She does not give up her career for her family.
verbe;B1;;behandeln;traiter;to treat;Die Eltern behandeln beide Kinder gleich.;Les parents traitent les deux enfants de la même façon.;The parents treat both children the same way.
verbe;B1;;bringen;apporter, amener;to bring;Er bringt die Kinder jeden Morgen zur Kita.;Il amène les enfants à la crèche tous les matins.;He takes the children to daycare every morning.
verbe;B1;;erziehen;élever (un enfant);to raise (a child);Sie erziehen ihre Kinder sehr liebevoll.;Ils élèvent leurs enfants avec beaucoup d'affection.;They raise their children very lovingly.
verbe;B1;;entgegennehmen;recevoir, accepter (une remise);to accept, to receive;Der Empfang nimmt die Pakete für die Mieter entgegen.;La réception reçoit les colis pour les locataires.;The reception accepts packages for the tenants.
verbe;B1;;frustrieren;frustrer;to frustrate;Die lange Wartezeit frustriert viele Kunden.;La longue attente frustre beaucoup de clients.;The long wait frustrates many customers.
verbe;B1;;montieren;monter, assembler;to assemble, to mount;Der Techniker montiert die neue Klimaanlage.;Le technicien monte le nouveau climatiseur.;The technician assembles the new air conditioner.
verbe;B1;;zusammenbleiben;rester ensemble;to stay together;Die beiden Freunde bleiben seit der Schule zusammen.;Les deux amis restent ensemble depuis l'école.;The two friends have stayed together since school.
verbe;B1;;sich zusammensetzen;se composer (de qch), s'asseoir ensemble;to consist of, to sit down together;Das Team setzt sich aus zehn Personen zusammen.;L'équipe se compose de dix personnes.;The team consists of ten people.
verbe;B1;;auftreten;se présenter, se comporter;to appear, to behave, to occur;Im Vorstellungsgespräch tritt sie sehr sicher auf.;Lors de l'entretien, elle se présente avec beaucoup d'assurance.;In the job interview she comes across very confidently.
verbe;B1;;auschecken;quitter l'hôtel (check-out);to check out;Wir checken um elf Uhr aus.;Nous quittons la chambre à onze heures.;We check out at eleven o'clock.
verbe;B1;;einfallen;venir à l'esprit;to come to mind, to think of;Mir fällt gerade kein besseres Wort ein.;Aucun meilleur mot ne me vient à l'esprit pour l'instant.;No better word comes to mind right now.
verbe;B1;;einreichen;déposer, soumettre (un dossier);to submit (an application);Sie reicht ihre Bewerbung heute ein.;Elle dépose sa candidature aujourd'hui.;She submits her application today.
verbe;B1;;verleihen;prêter (contre paiement ou honneur);to lend, to award;Der Verein verleiht Fahrräder an seine Mitglieder.;L'association prête des vélos à ses membres.;The club lends bikes to its members.
verbe;B1;;sich verpflichten;s'engager à (faire qch);to commit oneself (to sth);Sie verpflichtet sich, jede Woche zu helfen.;Elle s'engage à aider chaque semaine.;She commits to helping every week.
verbe;B1;;zusammenkommen;se réunir;to come together, to meet;Die Freiwilligen kommen jeden Montag zusammen.;Les bénévoles se réunissent chaque lundi.;The volunteers meet every Monday.
verbe;B1;;absagen;annuler, décliner;to cancel, to decline;Er sagt den Termin kurzfristig ab.;Il annule le rendez-vous à la dernière minute.;He cancels the appointment at short notice.
verbe;B1;;aufpumpen;gonfler (un pneu);to pump up (a tire);Er pumpt den Reifen vor der Tour auf.;Il gonfle le pneu avant la sortie.;He pumps up the tire before the ride.
verbe;B1;;auswechseln;remplacer, changer;to replace, to swap out;Der Trainer wechselt den Torwart in der Pause aus.;L'entraîneur remplace le gardien à la mi-temps.;The coach swaps out the goalkeeper at halftime.
verbe;B1;;sich bedanken;remercier (pour qch);to thank (for sth);Ich bedanke mich für Ihre Hilfe.;Je vous remercie pour votre aide.;I thank you for your help.
verbe;B1;;sich einsetzen;s'engager (pour qch);to advocate, to commit (to sth);Sie setzt sich für Menschen mit Behinderung ein.;Elle s'engage pour les personnes handicapées.;She advocates for people with disabilities.
verbe;B1;;sich entwickeln;se développer;to develop;Das kleine Projekt entwickelt sich zu einem großen Erfolg.;Le petit projet se transforme en grand succès.;The small project is developing into a big success.
verbe;B1;;erfordern;exiger, nécessiter;to require;Diese Aufgabe erfordert viel Geduld.;Cette tâche exige beaucoup de patience.;This task requires a lot of patience.
verbe;B1;;abrechnen;facturer, faire les comptes;to settle accounts, to bill;Die Firma rechnet die Kosten am Monatsende ab.;L'entreprise règle les comptes à la fin du mois.;The company settles the costs at the end of the month.
verbe;B1;;anzünden;allumer;to light;Er zündet die Kerzen auf dem Tisch an.;Il allume les bougies sur la table.;He lights the candles on the table.
verbe;B1;;Sport treiben;faire du sport;to play sports, to exercise;Sie treibt regelmäßig Sport im Verein.;Elle fait régulièrement du sport dans un club.;She regularly plays sports in a club.
verbe;B1;;verbinden;relier, mettre en relation (au téléphone);to connect (on the phone);Einen Moment bitte, ich verbinde Sie mit der Redaktion.;Un instant s'il vous plaît, je vous mets en relation avec la rédaction.;One moment please, I'll connect you with the editorial office.
verbe;B1;;abhängen;dépendre (de qch);to depend (on sth);Der Preis hängt von der Saison ab.;Le prix dépend de la saison.;The price depends on the season.
verbe;B1;;sich auskennen;s'y connaître (en qch);to know one's way around (sth);Der Stadtführer kennt sich in der Altstadt bestens aus.;Le guide touristique connaît parfaitement la vieille ville.;The city guide knows the old town very well.
verbe;B1;;sich beschränken;se limiter (à qch);to limit oneself (to sth);Die Führung beschränkt sich auf das historische Zentrum.;La visite se limite au centre historique.;The tour is limited to the historic center.
verbe;B1;;unter sich bleiben;rester entre soi;to keep to oneself, to stay among themselves;In diesem Viertel bleiben die Bewohner gern unter sich.;Dans ce quartier, les habitants aiment rester entre eux.;In this neighborhood the residents like to keep to themselves.
verbe;B1;;sich drehen;tourner, porter (sur un sujet);to turn, to revolve (around a topic);Das Gespräch dreht sich meistens um die Stadtgeschichte.;La conversation tourne surtout autour de l'histoire de la ville.;The conversation mostly revolves around the city's history.
verbe;B1;;sich freinehmen;prendre congé, se libérer;to take time off;Sie nimmt sich für die Stadtführung einen Nachmittag frei.;Elle se libère un après-midi pour la visite guidée.;She takes an afternoon off for the city tour.
verbe;B1;;zu tun haben;avoir affaire (à qch/qn);to have to do (with sth/sb);Sein Beruf hat viel mit Tourismus zu tun.;Son métier a beaucoup à voir avec le tourisme.;His job has a lot to do with tourism.
verbe;B1;;verurteilen;condamner;to condemn, to convict;Das Gericht verurteilt den Mann zu einer Geldstrafe.;Le tribunal condamne l'homme à une amende.;The court sentences the man to a fine.
verbe;B1;;abstimmen;voter;to vote;Am Sonntag stimmen die Bürger über das neue Gesetz ab.;Dimanche, les citoyens votent sur la nouvelle loi.;On Sunday, citizens vote on the new law.
verbe;B1;;ausbilden;former (professionnellement);to train;Die Firma bildet jedes Jahr zehn Lehrlinge aus.;L'entreprise forme dix apprentis chaque année.;The company trains ten apprentices every year.
verbe;B1;;befristen;limiter dans le temps;to limit (in time);Die Firma befristet den Arbeitsvertrag auf ein Jahr.;L'entreprise limite le contrat de travail à un an.;The company limits the employment contract to one year.
verbe;B1;;einbürgern;naturaliser;to naturalize;Der Staat bürgert jedes Jahr Tausende Menschen ein.;L'État naturalise des milliers de personnes chaque année.;The state naturalizes thousands of people every year.
verbe;B1;;sich etwas überlegen;réfléchir à qch;to think sth over;Sie überlegt sich, ob sie sich einbürgern lässt.;Elle réfléchit à demander la naturalisation.;She is thinking over whether to apply for naturalization.
verbe;B1;;sich vorbereiten;se préparer à;to prepare for;Ich bereite mich auf die Prüfung vor.;Je me prépare à l'examen.;I'm preparing for the exam.
verbe;B1;;sich melden;donner de ses nouvelles, se manifester;to get in touch;Ich melde mich morgen bei dir.;Je te donne des nouvelles demain.;I'll get in touch with you tomorrow.
verbe;B1;;sich halten;s'en tenir à, respecter;to stick to;Ich halte mich an die Regeln.;Je m'en tiens aux règles.;I stick to the rules.
verbe;B1;;sich verstehen;bien s'entendre avec;to get along with;Ich verstehe mich gut mit meinen Kollegen.;Je m'entends bien avec mes collègues.;I get along well with my colleagues.
verbe;B1;;sich legen;"s'allonger ; se calmer (vent, colère)";"to lie down; to die down";Ich lege mich aufs Sofa.;Je m'allonge sur le canapé.;I lie down on the sofa.
verbe;B1;;unterhalten;"entretenir (qch) ; divertir (qn)";"to maintain; to entertain";Die Stadt unterhält drei Bibliotheken.;La ville entretient trois bibliothèques.;The city maintains three libraries.
verbe;B1;;abmachen;"convenir de ; enlever";"to agree on; to take off";Wir machen einen Termin ab.;Nous convenons d'un rendez-vous.;We're agreeing on an appointment.
verbe;B1;;abonnieren;s'abonner à;to subscribe to;Ich abonniere die Zeitung.;Je m'abonne au journal.;I subscribe to the newspaper.
verbe;B1;;analysieren;analyser;to analyse;Wir analysieren die Zahlen genau.;Nous analysons les chiffres en détail.;We analyse the figures closely.
verbe;B1;;anbieten;proposer, offrir;to offer;Die Firma bietet mir eine Stelle an.;L'entreprise me propose un poste.;The company is offering me a job.
verbe;B1;;anerkennen;reconnaître (officiellement);to recognise (officially);Das Amt erkennt mein Diplom an.;L'administration reconnaît mon diplôme.;The authority recognises my diploma.
verbe;B1;;anschaffen;acquérir, faire l'acquisition de;to purchase;Wir schaffen einen neuen Kühlschrank an.;Nous faisons l'acquisition d'un nouveau réfrigérateur.;We're purchasing a new fridge.
verbe;B1;;auffallen;frapper, se remarquer;to stand out, to be noticed;Mir fällt auf, dass du müde bist.;Je remarque que tu es fatigué.;I notice that you're tired.
verbe;B1;;aufführen;représenter, jouer (une pièce);to perform;Das Theater führt ein neues Stück auf.;Le théâtre joue une nouvelle pièce.;The theatre is performing a new play.
verbe;B1;;auflösen;"dissoudre ; résoudre";"to dissolve; to resolve";Man löst die Tablette in Wasser auf.;On dissout le comprimé dans l'eau.;You dissolve the tablet in water.
verbe;B1;;aufschreiben;noter, écrire;to write down;Ich schreibe die Adresse auf.;Je note l'adresse.;I'm writing down the address.
verbe;B1;;ausfallen;être annulé, ne pas avoir lieu;to be cancelled;Der Unterricht fällt heute aus.;Le cours est annulé aujourd'hui.;The lesson is cancelled today.
verbe;B1;;ausgehen;sortir (le soir);to go out;Am Freitag gehen wir aus.;Vendredi, nous sortons.;On Friday we're going out.
verbe;B1;;ausstellen;"exposer ; délivrer (un document)";"to exhibit; to issue";Das Amt stellt Ihnen eine Bescheinigung aus.;L'administration vous délivre une attestation.;The authority issues you a certificate.
verbe;B1;;auswählen;sélectionner, choisir;to select;Wählen Sie bitte drei Fotos aus.;Sélectionnez trois photos, s'il vous plaît.;Please select three photos.
verbe;B1;;beachten;respecter, tenir compte de;to observe, to take note of;Bitte beachten Sie die Öffnungszeiten.;Veuillez tenir compte des heures d'ouverture.;Please note the opening hours.
verbe;B1;;bedienen;"servir (un client) ; utiliser (un appareil)";"to serve; to operate";Der Kellner bedient uns sehr freundlich.;Le serveur nous sert très aimablement.;The waiter serves us very kindly.
verbe;B1;;begegnen;rencontrer (par hasard);to meet, to come across;Ich begegne ihm oft im Park.;Je le rencontre souvent au parc.;I often run into him in the park.
verbe;B1;;behindern;gêner, entraver;to hinder, to obstruct;Das Auto behindert den Verkehr.;La voiture gêne la circulation.;The car is obstructing the traffic.
verbe;B1;;benötigen;avoir besoin de, nécessiter;to require;Für den Antrag benötigen Sie einen Ausweis.;Pour la demande, vous avez besoin d'une pièce d'identité.;For the application you require an ID.
verbe;B1;;berichten;rapporter, raconter;to report;Die Zeitung berichtet über den Unfall.;Le journal rend compte de l'accident.;The newspaper reports on the accident.
verbe;B1;;beschreiben;décrire;to describe;Beschreiben Sie bitte den Weg.;Décrivez le chemin, s'il vous plaît.;Please describe the way.
verbe;B1;;beschränken;limiter, restreindre;to limit;Die Stadt beschränkt den Verkehr im Zentrum.;La ville limite la circulation au centre.;The city limits traffic in the centre.
verbe;B1;;beschäftigen;"occuper ; employer";"to occupy; to employ";Die Firma beschäftigt fünfzig Leute.;L'entreprise emploie cinquante personnes.;The company employs fifty people.
verbe;B1;;besetzen;occuper (une place);to occupy;Die Plätze am Fenster sind schon besetzt.;Les places près de la fenêtre sont déjà occupées.;The seats by the window are already taken.
verbe;B1;;besorgen;se procurer, aller chercher;to get, to obtain;Ich besorge die Getränke für das Fest.;Je me charge des boissons pour la fête.;I'll get the drinks for the party.
verbe;B1;;besprechen;discuter de, examiner ensemble;to discuss;Wir besprechen das morgen im Team.;Nous en discuterons demain en équipe.;We'll discuss it in the team tomorrow.
verbe;B1;;betrügen;tromper, escroquer;to cheat, to deceive;Der Händler betrügt seine Kunden.;Le commerçant escroque ses clients.;The trader cheats his customers.
verbe;B1;;chatten;clavarder, discuter en ligne;to chat online;Abends chatte ich mit meiner Familie.;Le soir, je clavarde avec ma famille.;In the evening I chat with my family.
verbe;B1;;eilen;"se hâter ; être urgent";"to hurry; to be urgent";Die Sache eilt nicht.;L'affaire n'est pas urgente.;The matter isn't urgent.
verbe;B1;;einbrechen;cambrioler, pénétrer par effraction;to break in;Nachts bricht jemand in den Laden ein.;La nuit, quelqu'un s'introduit dans le magasin.;At night someone breaks into the shop.
verbe;B1;;einnehmen;prendre (un médicament);to take (medicine);Nehmen Sie die Tablette morgens ein.;Prenez le comprimé le matin.;Take the tablet in the morning.
verbe;B1;;einschalten;allumer, mettre en marche;to switch on;Ich schalte den Fernseher ein.;J'allume la télévision.;I'm switching on the television.
verbe;B1;;einsetzen;employer, mettre en œuvre;to deploy, to use;Die Stadt setzt mehr Busse ein.;La ville met en service plus de bus.;The city is deploying more buses.
verbe;B1;;eintragen;inscrire, saisir;to enter, to register;Tragen Sie bitte Ihren Namen ein.;Inscrivez votre nom, s'il vous plaît.;Please enter your name.
verbe;B1;;eintreten;"entrer ; adhérer";"to enter; to join";Sie tritt in den Verein ein.;Elle adhère à l'association.;She joins the club.
verbe;B1;;entlassen;"licencier ; laisser sortir";"to dismiss; to discharge";Die Firma entlässt zehn Mitarbeiter.;L'entreprise licencie dix employés.;The company is dismissing ten employees.
verbe;B1;;enttäuschen;décevoir;to disappoint;Das Ergebnis enttäuscht mich.;Le résultat me déçoit.;The result disappoints me.
verbe;B1;;erfüllen;remplir, satisfaire (une condition);to fulfil, to meet;Sie erfüllt alle Bedingungen für die Stelle.;Elle remplit toutes les conditions pour le poste.;She meets all the conditions for the job.
verbe;B1;;erleben;vivre, connaître (une expérience);to experience;Auf der Reise erleben wir viel.;Pendant le voyage, nous vivons beaucoup de choses.;On the trip we experience a lot.
verbe;B1;;erleichtern;faciliter, soulager;to make easier, to relieve;Der Computer erleichtert die Arbeit.;L'ordinateur facilite le travail.;The computer makes the work easier.
verbe;B1;;ernähren;nourrir, alimenter;to feed, to nourish;Mit diesem Lohn ernährt er eine Familie.;Avec ce salaire, il nourrit une famille.;On this wage he feeds a family.
verbe;B1;;erstellen;établir, créer (un document);to create, to draw up;Ich erstelle eine Liste mit allen Namen.;J'établis une liste avec tous les noms.;I'm creating a list with all the names.
verbe;B1;;faxen;faxer, envoyer par télécopie;to fax;Ich faxe Ihnen das Formular sofort.;Je vous faxe le formulaire tout de suite.;I'll fax you the form right away.
verbe;B1;;festsetzen;fixer, déterminer;to set, to fix;Wir setzen den Termin auf Montag fest.;Nous fixons le rendez-vous au lundi.;We're setting the date for Monday.
verbe;B1;;fliehen;fuir, s'enfuir;to flee;Viele Menschen fliehen vor dem Krieg.;Beaucoup de gens fuient la guerre.;Many people flee from the war.
verbe;B1;;fließen;couler;to flow;Der Fluss fließt durch die Stadt.;La rivière traverse la ville.;The river flows through the city.
verbe;B1;;gebrauchen;employer, se servir de;to use;Dieses Wort gebraucht man selten.;Ce mot s'emploie rarement.;This word is rarely used.
verbe;B1;;genügen;suffire;to be enough;Eine halbe Stunde genügt mir.;Une demi-heure me suffit.;Half an hour is enough for me.
verbe;B1;;greifen;saisir, attraper;to grasp, to reach for;Das Kind greift nach dem Löffel.;L'enfant attrape la cuillère.;The child reaches for the spoon.
verbe;B1;;hassen;détester, haïr;to hate;Ich hasse lange Wartezeiten.;Je déteste les longues attentes.;I hate long waits.
verbe;B1;;heben;lever, soulever;to lift;Er hebt den Koffer auf den Tisch.;Il soulève la valise sur la table.;He lifts the suitcase onto the table.
verbe;B1;;hinterlassen;laisser (derrière soi);to leave (behind);Hinterlassen Sie bitte eine Nachricht.;Laissez un message, s'il vous plaît.;Please leave a message.
verbe;B1;;hupen;klaxonner;to honk;In der Stadt darf man nachts nicht hupen.;En ville, on ne peut pas klaxonner la nuit.;In town you may not honk at night.
verbe;B1;;integrieren;intégrer;to integrate;Der Kurs integriert neue Bewohner in die Stadt.;Le cours intègre les nouveaux habitants à la ville.;The course integrates new residents into the town.
verbe;B1;;jobben;faire un petit boulot;to do casual work;In den Ferien jobbe ich im Café.;Pendant les vacances, je fais un petit boulot au café.;In the holidays I do casual work at the café.
verbe;B1;;kaputtgehen;tomber en panne, se casser;to break down;Billige Geräte gehen schnell kaputt.;Les appareils bon marché tombent vite en panne.;Cheap devices break down quickly.
verbe;B1;;kaputtmachen;casser, abîmer;to break, to ruin;Mach das Spielzeug nicht kaputt!;Ne casse pas le jouet !;Don't break the toy!
verbe;B1;;klicken;cliquer;to click;Klicken Sie auf das grüne Feld.;Cliquez sur la case verte.;Click on the green box.
verbe;B1;;klingeln;sonner;to ring;Es klingelt an der Tür.;On sonne à la porte.;Someone's ringing at the door.
verbe;B1;;klopfen;frapper (à la porte);to knock;Bitte klopfen Sie, bevor Sie eintreten.;Frappez avant d'entrer, s'il vous plaît.;Please knock before entering.
verbe;B1;;klären;clarifier, tirer au clair;to clarify;Wir klären das morgen mit dem Chef.;Nous tirerons cela au clair demain avec le chef.;We'll clarify that with the boss tomorrow.
verbe;B1;;kopieren;copier, photocopier;to copy;Ich kopiere den Ausweis für den Antrag.;Je photocopie la pièce d'identité pour la demande.;I'm copying the ID for the application.
verbe;B1;;korrigieren;corriger;to correct;Die Lehrerin korrigiert die Tests.;La professeure corrige les tests.;The teacher corrects the tests.
verbe;B1;;lächeln;sourire;to smile;Sie lächelt auf dem Foto.;Elle sourit sur la photo.;She's smiling in the photo.
verbe;B1;;messen;mesurer;to measure;Die Ärztin misst meinen Blutdruck.;La médecin mesure ma tension.;The doctor measures my blood pressure.
verbe;B1;;mischen;mélanger;to mix;Man mischt Mehl und Zucker.;On mélange la farine et le sucre.;You mix flour and sugar.
verbe;B1;;nachschlagen;consulter (un dictionnaire);to look up;Ich schlage das Wort im Wörterbuch nach.;Je cherche le mot dans le dictionnaire.;I look the word up in the dictionary.
verbe;B1;;nähen;coudre;to sew;Meine Mutter näht mir einen Rock.;Ma mère me coud une jupe.;My mother is sewing me a skirt.
verbe;B1;;nützen;servir, être utile à;to be of use;Das nützt mir leider nichts.;Cela ne me sert malheureusement à rien.;Unfortunately that's no use to me.
verbe;B1;;ordnen;ranger, classer;to arrange, to sort;Ich ordne die Papiere nach Datum.;Je classe les papiers par date.;I sort the papers by date.
verbe;B1;;pflegen;soigner, prendre soin de;to care for;Sie pflegt ihre kranke Mutter zu Hause.;Elle soigne sa mère malade à la maison.;She cares for her sick mother at home.
verbe;B1;;probieren;"goûter ; essayer";"to taste; to try";Probier mal den Kuchen!;Goûte le gâteau !;Try the cake!
verbe;B1;;präsentieren;présenter;to present;Morgen präsentiere ich das Projekt.;Demain, je présente le projet.;Tomorrow I'm presenting the project.
verbe;B1;;regeln;régler, organiser;to regulate, to settle;Ein Gesetz regelt die Öffnungszeiten.;Une loi régit les heures d'ouverture.;A law regulates the opening hours.
verbe;B1;;schreien;crier;to shout, to scream;Das Baby schreit die ganze Nacht.;Le bébé crie toute la nuit.;The baby screams all night.
verbe;B1;;schätzen;"estimer ; apprécier";"to estimate; to appreciate";Ich schätze die Fahrt auf zwei Stunden.;J'estime le trajet à deux heures.;I estimate the trip at two hours.
verbe;B1;;spazieren;se promener;to stroll;Sonntags spazieren wir am Fluss.;Le dimanche, nous nous promenons au bord de la rivière.;On Sundays we stroll by the river.
verbe;B1;;stammen;provenir, être originaire de;to come from, to originate;Meine Familie stammt aus Anatolien.;Ma famille est originaire d'Anatolie.;My family comes from Anatolia.
verbe;B1;;stinken;puer, sentir mauvais;to stink;Der Müll stinkt in der Hitze.;Les ordures puent à la chaleur.;The rubbish stinks in the heat.
verbe;B1;;stoppen;arrêter, stopper;to stop;Die Polizei stoppt den Wagen.;La police arrête la voiture.;The police stop the car.
verbe;B1;;streiken;faire grève;to strike;Die Busfahrer streiken seit Montag.;Les chauffeurs de bus font grève depuis lundi.;The bus drivers have been on strike since Monday.
verbe;B1;;stören;déranger;to disturb;Entschuldigung, störe ich?;Excusez-moi, je dérange ?;Excuse me, am I disturbing you?
verbe;B1;;trocknen;sécher;to dry;Die Wäsche trocknet auf dem Balkon.;Le linge sèche sur le balcon.;The laundry is drying on the balcony.
verbe;B1;;unterbrechen;interrompre;to interrupt;Bitte unterbrich mich nicht.;Ne m'interromps pas, s'il te plaît.;Please don't interrupt me.
verbe;B1;;unterrichten;enseigner;to teach;Sie unterrichtet Deutsch an der Volkshochschule.;Elle enseigne l'allemand à l'université populaire.;She teaches German at the adult education centre.
verbe;B1;;unterscheiden;distinguer;to distinguish;Ich unterscheide die zwei Wörter nicht.;Je ne distingue pas les deux mots.;I can't tell the two words apart.
verbe;B1;;verbringen;passer (du temps);to spend (time);Wir verbringen den Sommer am Meer.;Nous passons l'été au bord de la mer.;We spend the summer by the sea.
verbe;B1;;verlangen;exiger, demander;to demand;Das Amt verlangt eine Kopie vom Ausweis.;L'administration exige une copie de la pièce d'identité.;The authority demands a copy of the ID.
verbe;B1;;versichern;assurer;"to insure; to assure";Wir versichern das Auto bei dieser Firma.;Nous assurons la voiture auprès de cette compagnie.;We insure the car with this company.
verbe;B1;;versprechen;promettre;to promise;Ich verspreche dir, morgen zu kommen.;Je te promets de venir demain.;I promise you I'll come tomorrow.
verbe;B1;;vertreten;"représenter ; remplacer";"to represent; to stand in for";Heute vertrete ich meine Kollegin.;Aujourd'hui, je remplace ma collègue.;Today I'm standing in for my colleague.
verbe;B1;;verwechseln;confondre;to mix up, to confuse;Ich verwechsle die beiden Brüder immer.;Je confonds toujours les deux frères.;I always mix up the two brothers.
verbe;B1;;verwenden;employer, utiliser;to use;Für den Kuchen verwende ich Butter.;Pour le gâteau, j'utilise du beurre.;For the cake I use butter.
verbe;B1;;vorhaben;avoir l'intention de, prévoir;to plan, to intend;Was hast du am Wochenende vor?;Qu'est-ce que tu prévois pour le week-end ?;What are you planning for the weekend?
verbe;B1;;vorkommen;arriver, se produire;to occur, to happen;So etwas kommt selten vor.;Une chose pareille arrive rarement.;Something like that rarely happens.
verbe;B1;;vorlesen;lire à voix haute;to read aloud;Abends lese ich meinem Sohn vor.;Le soir, je fais la lecture à mon fils.;In the evening I read aloud to my son.
verbe;B1;;warnen;avertir, mettre en garde;to warn;Der Wetterdienst warnt vor Sturm.;Le service météo met en garde contre la tempête.;The weather service warns of a storm.
verbe;B1;;werfen;jeter, lancer;to throw;Wirf den Ball zu mir!;Lance-moi le ballon !;Throw me the ball!
verbe;B1;;wiegen;peser;to weigh;Der Koffer wiegt zwanzig Kilo.;La valise pèse vingt kilos.;The suitcase weighs twenty kilos.
verbe;B1;;winken;faire signe de la main;to wave;Die Kinder winken vom Fenster.;Les enfants font signe depuis la fenêtre.;The children wave from the window.
verbe;B1;;zugehen;"s'approcher de ; se fermer";"to approach; to close";Der Winter geht langsam zu Ende.;L'hiver touche lentement à sa fin.;Winter is slowly coming to an end.
verbe;B1;;zurechtkommen;se débrouiller, s'en sortir;to manage, to cope;Kommst du mit dem neuen Programm zurecht?;Tu t'en sors avec le nouveau logiciel ?;Are you managing with the new program?
verbe;B1;;zuschauen;regarder, assister à;to watch;Die Kinder schauen den Spielern zu.;Les enfants regardent les joueurs.;The children watch the players.
verbe;B1;;überfahren;"écraser ; brûler (un feu)";"to run over; to jump (a light)";Pass auf, dass du die rote Ampel nicht überfährst.;Fais attention à ne pas brûler le feu rouge.;Be careful not to jump the red light.
verbe;B1;;überholen;dépasser, doubler;to overtake;Hier darf man nicht überholen.;Ici, on n'a pas le droit de doubler.;You may not overtake here.
verbe;B1;;übernachten;passer la nuit, loger;to stay overnight;Wir übernachten bei Freunden.;Nous logeons chez des amis.;We're staying overnight with friends.
verbe;B1;;überprüfen;vérifier, contrôler;to check;Bitte überprüfen Sie Ihre Daten.;Veuillez vérifier vos données.;Please check your details.
verbe;B1;;überqueren;traverser;to cross;Überqueren Sie die Straße an der Ampel.;Traversez la rue au feu.;Cross the road at the lights.
verbe;B1;;übertreiben;exagérer;to exaggerate;Du übertreibst schon wieder.;Tu exagères encore.;You're exaggerating again.
verbe;B1;;achten;"faire attention à ; respecter";"to pay attention to; to respect";Achte bitte auf die Kinder.;Fais attention aux enfants, s'il te plaît.;Please keep an eye on the children.
verbe;B1;;anklicken;cliquer sur;to click on;Klicken Sie das grüne Feld an.;Cliquez sur la case verte.;Click the green box.
verbe;B1;;ankreuzen;cocher;to tick, to check;Kreuzen Sie die richtige Antwort an.;Cochez la bonne réponse.;Tick the correct answer.
verbe;B1;;ankündigen;annoncer;to announce;Die Firma kündigt neue Preise an.;L'entreprise annonce de nouveaux prix.;The company announces new prices.
verbe;B1;;anschließen;brancher, raccorder;to connect;Ich schließe den Drucker an den Computer an.;Je branche l'imprimante sur l'ordinateur.;I connect the printer to the computer.
verbe;B1;;anstellen;"embaucher ; mettre en marche";"to employ; to turn on";Die Firma stellt zehn Leute an.;L'entreprise embauche dix personnes.;The company employs ten people.
verbe;B1;;aufladen;recharger;to charge (a battery);Ich lade mein Handy jede Nacht auf.;Je recharge mon téléphone chaque nuit.;I charge my phone every night.
verbe;B1;;ausreichen;suffire;to be sufficient;Das Geld reicht bis zum Monatsende aus.;L'argent suffit jusqu'à la fin du mois.;The money is enough until the end of the month.
verbe;B1;;blitzen;faire des éclairs;to flash (lightning);Draußen blitzt es schon.;Dehors, il y a déjà des éclairs.;There's already lightning outside.
verbe;B1;;bloggen;bloguer;to blog;Sie bloggt über das Reisen.;Elle blogue sur les voyages.;She blogs about travelling.
verbe;B1;;campen;camper;to camp;Im Sommer campen wir am See.;En été, nous campons au bord du lac.;In summer we camp by the lake.
verbe;B1;;checken;vérifier;to check;Ich checke schnell meine E-Mails.;Je vérifie vite mes courriels.;I'll quickly check my emails.
verbe;B1;;darstellen;représenter, interpréter;to depict, to portray;Das Bild stellt eine Stadt im Winter dar.;Le tableau représente une ville en hiver.;The picture depicts a city in winter.
verbe;B1;;dekorieren;décorer;to decorate;Wir dekorieren den Saal für das Fest.;Nous décorons la salle pour la fête.;We're decorating the hall for the party.
verbe;B1;;dienen;servir (à);to serve;Wozu dient dieser Knopf?;À quoi sert ce bouton ?;What is this button for?
verbe;B1;;donnern;tonner;to thunder;Es donnert seit einer Stunde.;Il tonne depuis une heure.;It has been thundering for an hour.
verbe;B1;;duzen;tutoyer;to address informally;Im Verein duzen sich alle.;Dans l'association, tout le monde se tutoie.;In the club everyone is on first-name terms.
verbe;B1;;einführen;introduire, instaurer;to introduce;Die Schule führt neue Regeln ein.;L'école instaure de nouvelles règles.;The school is introducing new rules.
verbe;B1;;einrichten;aménager, meubler;to furnish, to set up;Wir richten die Wohnung neu ein.;Nous réaménageons l'appartement.;We're refurnishing the flat.
verbe;B1;;fassen;"saisir ; contenir";"to grasp; to hold";Der Saal fasst dreihundert Personen.;La salle contient trois cents personnes.;The hall holds three hundred people.
verbe;B1;;faulenzen;paresser, ne rien faire;to laze around;Im Urlaub faulenze ich am liebsten.;En vacances, j'aime surtout ne rien faire.;On holiday I like lazing around best.
verbe;B1;;feststehen;être établi, être certain;to be certain, to be fixed;Der Termin steht noch nicht fest.;La date n'est pas encore fixée.;The date isn't fixed yet.
verbe;B1;;googeln;chercher sur Internet;to google;Das Wort google ich schnell.;Je cherche vite ce mot sur Internet.;I'll quickly google that word.
verbe;B1;;grillieren;griller, faire un barbecue;to grill, to barbecue;Am Samstag grillieren wir im Garten.;Samedi, nous faisons un barbecue au jardin.;On Saturday we're barbecuing in the garden.
verbe;B1;;hageln;grêler;to hail;Im Juni hagelt es manchmal.;En juin, il grêle parfois.;In June it sometimes hails.
verbe;B1;;klettern;grimper, escalader;to climb;Die Kinder klettern auf den Baum.;Les enfants grimpent à l'arbre.;The children climb the tree.
verbe;B1;;mailen;envoyer par courriel;to email;Ich maile dir die Adresse.;Je t'envoie l'adresse par courriel.;I'll email you the address.
verbe;B1;;parkieren;se garer, stationner;to park;Hier darf man nicht parkieren.;Ici, on n'a pas le droit de stationner.;You may not park here.
verbe;B1;;realisieren;réaliser, mettre en œuvre;to realise, to carry out;Wir realisieren das Projekt im Herbst.;Nous réalisons le projet à l'automne.;We're carrying out the project in autumn.
verbe;B1;;scheiden;divorcer (lassen), séparer;to divorce, to separate;Sie lassen sich nach zehn Jahren scheiden.;Ils divorcent après dix ans.;They are getting divorced after ten years.
verbe;B1;;schminken;maquiller;to put make-up on;Sie schminkt sich jeden Morgen.;Elle se maquille chaque matin.;She puts on make-up every morning.
verbe;B1;;schütteln;secouer;to shake;Vor Gebrauch bitte gut schütteln.;Bien agiter avant emploi.;Shake well before use.
verbe;B1;;stechen;piquer;to sting, to prick;Die Mücken stechen abends am meisten.;Les moustiques piquent surtout le soir.;Mosquitoes sting most in the evening.
verbe;B1;;tanken;faire le plein;to fill up (with fuel);Wir müssen noch tanken.;Nous devons encore faire le plein.;We still need to fill up.
verbe;B1;;tippen;taper (au clavier);to type;Sie tippt sehr schnell.;Elle tape très vite.;She types very fast.
verbe;B1;;twittern;publier sur les réseaux;to tweet;Der Politiker twittert jeden Tag.;L'homme politique publie chaque jour.;The politician tweets every day.
verbe;B1;;vergrößern;agrandir;to enlarge;Können Sie das Foto vergrößern?;Pouvez-vous agrandir la photo ?;Can you enlarge the photo?
verbe;B1;;verhaften;arrêter (police);to arrest;Die Polizei verhaftet den Täter.;La police arrête le coupable.;The police arrest the culprit.
verbe;B1;;verraten;"révéler ; trahir";"to reveal; to betray";Verrate mir bitte nicht das Ende!;Ne me révèle pas la fin !;Please don't tell me the ending!
verbe;B1;;verteilen;distribuer, répartir;to distribute;Die Lehrerin verteilt die Blätter.;La professeure distribue les feuilles.;The teacher hands out the sheets.
verbe;B1;;zelten;camper sous la tente;to camp in a tent;Wir zelten am Waldrand.;Nous campons en lisière de forêt.;We're camping at the edge of the forest.
verbe;B1;;zuordnen;classer, associer;to assign, to match;Ordnen Sie die Bilder den Texten zu.;Associez les images aux textes.;Match the pictures to the texts.
verbe;B1;;anhaben;porter (un vêtement);to have on, to wear;Sie hat heute einen roten Mantel an.;Elle porte un manteau rouge aujourd'hui.;She's wearing a red coat today.
verbe;B1;;anschnallen;attacher sa ceinture;to fasten one's seatbelt;Bitte schnallen Sie sich an.;Veuillez attacher votre ceinture.;Please fasten your seatbelt.
verbe;B1;;aussprechen;prononcer;to pronounce;Wie spricht man dieses Wort aus?;Comment prononce-t-on ce mot ?;How do you pronounce this word?
verbe;B1;;festnehmen;interpeller, arrêter;to detain, to take into custody;Die Polizei nimmt zwei Männer fest.;La police interpelle deux hommes.;The police detain two men.
verbe;B1;;gucken;regarder;to look;Abends gucken wir einen Film.;Le soir, nous regardons un film.;In the evening we watch a film.
verbe;B1;;impfen;vacciner;to vaccinate;Der Arzt impft die Kinder im Herbst.;Le médecin vaccine les enfants à l'automne.;The doctor vaccinates the children in autumn.
verbe;B1;;isolieren;isoler;"to insulate; to isolate";Wir isolieren das Dach gegen die Kälte.;Nous isolons le toit contre le froid.;We're insulating the roof against the cold.
verbe;B1;;leiden;souffrir;to suffer;Er leidet unter starken Kopfschmerzen.;Il souffre de forts maux de tête.;He suffers from severe headaches.
verbe;B1;;leidtun;regretter, être désolé;to be sorry;Es tut mir leid, ich habe es vergessen.;Je suis désolé, je l'ai oublié.;I'm sorry, I forgot it.
verbe;B1;;losfahren;partir, démarrer;to set off;Wir fahren um sechs Uhr los.;Nous partons à six heures.;We're setting off at six.
verbe;B1;;missverstehen;mal comprendre;to misunderstand;Bitte missverstehen Sie mich nicht.;Ne me comprenez pas de travers, s'il vous plaît.;Please don't misunderstand me.
verbe;B1;;rasieren;raser;to shave;Er rasiert sich jeden Morgen.;Il se rase chaque matin.;He shaves every morning.
verbe;B1;;reinigen;nettoyer;to clean;Den Mantel muss man chemisch reinigen.;Le manteau doit être nettoyé à sec.;The coat has to be dry-cleaned.
verbe;B1;;schieben;pousser;to push;Wir schieben das Fahrrad den Berg hinauf.;Nous poussons le vélo jusqu'en haut de la côte.;We push the bike up the hill.
verbe;B1;;schießen;tirer (arme, ballon);to shoot;Er schießt den Ball ins Tor.;Il tire le ballon dans le but.;He shoots the ball into the goal.
verbe;B1;;spülen;faire la vaisselle, rincer;to wash up, to rinse;Heute spüle ich, morgen du.;Aujourd'hui je fais la vaisselle, demain toi.;Today I wash up, tomorrow you do.
verbe;B1;;starten;démarrer, lancer;to start;Das Programm startet automatisch.;Le programme démarre automatiquement.;The program starts automatically.
verbe;B1;;stoßen;heurter, bousculer;to bump, to push;Pass auf, du stößt an den Tisch!;Fais attention, tu heurtes la table !;Careful, you're bumping into the table!
verbe;B1;;streichen;"peindre (un mur) ; barrer";"to paint; to cross out";Wir streichen die Wände weiß.;Nous peignons les murs en blanc.;We're painting the walls white.
verbe;B1;;täuschen;tromper, induire en erreur;to deceive;Der erste Eindruck täuscht oft.;La première impression trompe souvent.;First impressions are often deceptive.
verbe;B1;;umarmen;prendre dans ses bras;to hug;Sie umarmt ihre Mutter zum Abschied.;Elle prend sa mère dans ses bras pour lui dire au revoir.;She hugs her mother goodbye.
verbe;B1;;umdrehen;retourner, tourner;to turn around;Dreh das Blatt bitte um.;Retourne la feuille, s'il te plaît.;Please turn the sheet over.
verbe;B1;;verlaufen;"se dérouler ; s'égarer";"to go, to proceed; to get lost";Der Abend verläuft sehr ruhig.;La soirée se déroule très calmement.;The evening is going very quietly.
verbe;B1;;vermissen;manquer à quelqu'un;to miss (someone);Ich vermisse meine Familie sehr.;Ma famille me manque beaucoup.;I miss my family a lot.
verbe;B1;;verschreiben;prescrire;to prescribe;Der Arzt verschreibt mir ein Medikament.;Le médecin me prescrit un médicament.;The doctor prescribes me a medicine.
verbe;B1;;verstecken;cacher;to hide;Die Kinder verstecken die Eier im Garten.;Les enfants cachent les œufs dans le jardin.;The children hide the eggs in the garden.
verbe;B1;;wundern;étonner;to surprise;Das wundert mich gar nicht.;Cela ne m'étonne pas du tout.;That doesn't surprise me at all.
verbe;B1;;zwingen;forcer, obliger;to force;Niemand zwingt dich dazu.;Personne ne t'y oblige.;Nobody is forcing you to.
verbe;B1;;aufwachen;se réveiller;to wake up;Ich wache jeden Tag um sechs auf.;Je me réveille tous les jours à six heures.;I wake up at six every day.
verbe;B1;;krankmelden;se déclarer malade;to call in sick;Ich melde mich heute krank.;Je me déclare malade aujourd'hui.;I'm calling in sick today.
verbe;B1;;verpacken;emballer;to package, to wrap;Wir verpacken die Ware sorgfältig.;Nous emballons la marchandise avec soin.;We package the goods carefully.
verbe;B2;;abwägen;peser (le pour et le contre);to weigh up;Wir wägen die Vor- und Nachteile sorgfältig ab.;Nous pesons soigneusement les avantages et les inconvénients.;We carefully weigh up the pros and cons.
verbe;B2;;anstreben;viser, aspirer à;to aim for;Die Firma strebt eine führende Position an.;L'entreprise vise une position de premier plan.;The company is aiming for a leading position.
verbe;B2;;aufweisen;présenter, comporter;to exhibit, to show;Der Bericht weist mehrere Lücken auf.;Le rapport présente plusieurs lacunes.;The report shows several gaps.
verbe;B2;;ausschließen;exclure;to rule out;Ich schließe einen Irrtum nicht aus.;Je n'exclus pas une erreur.;I don't rule out a mistake.
verbe;B2;;ausweichen;esquiver, éviter;to evade, to dodge;Er weicht der Frage geschickt aus.;Il esquive habilement la question.;He skilfully dodges the question.
verbe;B2;;bedauern;regretter;to regret;Wir bedauern die Verzögerung sehr.;Nous regrettons vivement le retard.;We very much regret the delay.
verbe;B2;;berücksichtigen;prendre en compte;to take into account;Wir berücksichtigen alle eingegangenen Vorschläge.;Nous prenons en compte toutes les propositions reçues.;We take all submitted proposals into account.
verbe;B2;;beruhen;reposer (sur qch);to be based on;Diese Annahme beruht auf alten Daten.;Cette hypothèse repose sur des données anciennes.;This assumption is based on old data.
verbe;B2;;beseitigen;supprimer, éliminer;to eliminate;Die Stadt beseitigt die Schäden nach dem Sturm.;La ville élimine les dégâts après la tempête.;The city is clearing the damage after the storm.
verbe;B2;;sich bewähren;faire ses preuves;to prove its worth;Das neue Verfahren bewährt sich im Alltag.;Le nouveau procédé fait ses preuves au quotidien.;The new method proves its worth in daily use.
verbe;B2;;bewirken;provoquer, produire (un effet);to bring about;Kleine Änderungen bewirken oft viel.;De petits changements produisent souvent beaucoup d'effet.;Small changes often bring about a lot.
verbe;B2;;sich beziehen;se référer (à qch);to refer to;Ich beziehe mich auf Ihr Schreiben vom Montag.;Je me réfère à votre courrier de lundi.;I refer to your letter of Monday.
verbe;B2;;einräumen;concéder, admettre;to concede;Der Minister räumt Fehler bei der Planung ein.;Le ministre concède des erreurs dans la planification.;The minister concedes mistakes in the planning.
verbe;B2;;entfallen;être supprimé, revenir à;to be cancelled, to fall to;Die Sitzung entfällt wegen Krankheit.;La séance est annulée pour cause de maladie.;The meeting is cancelled due to illness.
verbe;B2;;sich entfalten;s'épanouir, se déployer;to unfold, to flourish;In diesem Team entfaltet sie sich richtig.;Dans cette équipe, elle s'épanouit vraiment.;In this team she really flourishes.
verbe;B2;;entgegenkommen;faire un geste, aller au-devant;to accommodate;Der Vermieter kommt uns beim Preis entgegen.;Le propriétaire fait un geste sur le prix.;The landlord accommodates us on the price.
verbe;B2;;erlassen;promulguer, dispenser de;to enact, to waive;Die Regierung erlässt ein neues Gesetz.;Le gouvernement promulgue une nouvelle loi.;The government enacts a new law.
verbe;B2;;erweisen;rendre (un service), s'avérer;to render, to turn out;Sie erweist uns damit einen großen Dienst.;Elle nous rend ainsi un grand service.;She thereby renders us a great service.
verbe;B2;;festhalten;maintenir, consigner;to hold on to, to record;Die Firma hält an ihrem Plan fest.;L'entreprise maintient son plan.;The company is sticking to its plan.
verbe;B2;;gelten;être valable, passer pour;to be valid, to count as;Die Fahrkarte gilt nur heute.;Le billet n'est valable qu'aujourd'hui.;The ticket is only valid today.
verbe;B2;;hervorheben;mettre en évidence;to highlight;Der Bericht hebt zwei Punkte besonders hervor.;Le rapport met deux points particulièrement en évidence.;The report particularly highlights two points.
verbe;B2;;nachvollziehen;comprendre, suivre (un raisonnement);to comprehend, to follow;Ich kann deine Entscheidung gut nachvollziehen.;Je comprends bien ta décision.;I can well understand your decision.
verbe;B2;;sich niederlassen;s'installer (durablement);to settle down;Die Ärztin lässt sich in Bremen nieder.;La médecin s'installe à Brême.;The doctor is settling in Bremen.
verbe;B2;;schildern;décrire, relater;to describe, to recount;Der Zeuge schildert den Unfall genau.;Le témoin décrit précisément l'accident.;The witness describes the accident precisely.
verbe;B2;;übernehmen;reprendre, assumer;to take over;Sie übernimmt die Leitung der Abteilung.;Elle reprend la direction du service.;She is taking over the department.
verbe;B2;;unterlassen;s'abstenir de;to refrain from;Bitte unterlassen Sie das Rauchen im Gebäude.;Veuillez vous abstenir de fumer dans le bâtiment.;Please refrain from smoking in the building.
verbe;B2;;verzeichnen;enregistrer (un résultat);to record, to post;Der Verein verzeichnet einen Zuwachs an Mitgliedern.;L'association enregistre une hausse du nombre de membres.;The club records an increase in members.
verbe;B2;;vorbeugen;prévenir (qch);to prevent;Regelmäßiger Sport beugt Rückenschmerzen vor.;Le sport régulier prévient les douleurs de dos.;Regular exercise prevents back pain.
verbe;B2;;zunehmen;augmenter, grossir;to increase, to gain weight;Der Verkehr nimmt jedes Jahr zu.;La circulation augmente chaque année.;Traffic increases every year.
verbe;B2;;zurückführen;attribuer (à une cause);to attribute to;Man führt den Erfolg auf gute Vorbereitung zurück.;On attribue le succès à une bonne préparation.;The success is attributed to good preparation.
verbe;B2;;zusagen;donner son accord, promettre;to agree, to confirm;Der Sponsor sagt uns die Unterstützung zu.;Le sponsor nous promet son soutien.;The sponsor commits its support to us.
verbe;B2;;sich abfinden;se résigner (à qch);to come to terms with;Er findet sich langsam mit der Lage ab.;Il se résigne peu à peu à la situation.;He is slowly coming to terms with the situation.
verbe;B2;;beanspruchen;revendiquer, solliciter;to claim, to demand;Das Projekt beansprucht viel Zeit.;Le projet demande beaucoup de temps.;The project demands a lot of time.
verbe;B2;;eingreifen;intervenir;to intervene;Der Schiedsrichter greift sofort ein.;L'arbitre intervient immédiatement.;The referee intervenes immediately.
verbe;B2;;einschätzen;évaluer, juger;to assess;Wie schätzt du die Lage ein?;Comment évalues-tu la situation ?;How do you assess the situation?
verbe;B2;;sich durchsetzen;s'imposer;to prevail;Diese Technik setzt sich langsam durch.;Cette technique s'impose peu à peu.;This technique is slowly prevailing.
verbe;B2;;vermitteln;transmettre, servir d'intermédiaire;to convey, to mediate;Der Kurs vermittelt die wichtigsten Grundlagen.;Le cours transmet les bases essentielles.;The course conveys the essential basics.
verbe;B2;;verschärfen;durcir, aggraver;to tighten, to worsen;Die Regierung verschärft die Kontrollen.;Le gouvernement durcit les contrôles.;The government is tightening the controls.
verbe;B2;;zutreffen;s'appliquer, être exact;to apply, to be true;Diese Regel trifft nur auf Neukunden zu.;Cette règle ne s'applique qu'aux nouveaux clients.;This rule applies only to new customers.
verbe;B2;;entnehmen;déduire, prélever;to infer, to take from;Der Tabelle entnehmen wir die genauen Zahlen.;Nous tirons du tableau les chiffres exacts.;We take the exact figures from the table.
verbe;B2;;veranlassen;faire en sorte, ordonner;to arrange for, to prompt;Der Chef veranlasst eine interne Prüfung.;Le patron ordonne un contrôle interne.;The boss arranges an internal audit.
verbe;B2;;unterbinden;empêcher, faire cesser;to put a stop to;Die Schule unterbindet jede Form von Mobbing.;L'école fait cesser toute forme de harcèlement.;The school puts a stop to any form of bullying.
verbe;B2;;beziffern;chiffrer, évaluer;to put a figure on;Die Versicherung beziffert den Schaden auf 20 000 Euro.;L'assurance chiffre les dégâts à 20 000 euros.;The insurer puts the damage at 20,000 euros.
verbe;B2;;revidieren;réviser (un jugement);to revise;Nach dem Gespräch revidiere ich meine Meinung.;Après l'entretien, je révise mon opinion.;After the conversation I'm revising my opinion.
verbe;B2;;relativieren;relativiser;to put into perspective;Diese Zahl relativiert den ersten Eindruck.;Ce chiffre relativise la première impression.;This figure puts the first impression into perspective.
verbe;B2;;konkretisieren;préciser, concrétiser;to make concrete;Können Sie Ihren Vorschlag konkretisieren?;Pouvez-vous préciser votre proposition ?;Could you make your proposal more concrete?
verbe;B2;;obliegen;incomber à;to be incumbent upon;Die Entscheidung obliegt dem Vorstand.;La décision incombe au conseil d'administration.;The decision rests with the board.
verbe;B2;;bemängeln;critiquer, reprocher;to criticise, to find fault with;Die Prüfer bemängeln die fehlende Dokumentation.;Les contrôleurs reprochent l'absence de documentation.;The auditors criticise the missing documentation.
verbe;B2;;einbüßen;perdre (au profit de rien);to forfeit, to lose;Die Firma büßt Marktanteile ein.;L'entreprise perd des parts de marché.;The company is losing market share.
verbe;B2;;entkräften;réfuter, invalider;to refute;Diese Zahlen entkräften seinen Vorwurf.;Ces chiffres réfutent son reproche.;These figures refute his accusation.
verbe;B2;;sich erübrigen;devenir superflu;to become unnecessary;Damit erübrigt sich jede weitere Diskussion.;Toute discussion supplémentaire devient ainsi superflue.;Any further discussion thus becomes unnecessary.
verbe;B2;;vorwerfen;reprocher;to accuse, to reproach;Man wirft ihm mangelnde Sorgfalt vor.;On lui reproche un manque de rigueur.;He is accused of a lack of care.
verbe;B2;;untermauern;étayer;to underpin;Er untermauert seine These mit Beispielen.;Il étaye sa thèse par des exemples.;He underpins his thesis with examples.
verbe;B2;;sich abzeichnen;se dessiner, se profiler;to emerge, to loom;Eine Lösung zeichnet sich langsam ab.;Une solution se dessine peu à peu.;A solution is slowly emerging.
verbe;B2;;begünstigen;favoriser;to favour;Das milde Klima begünstigt den Weinbau.;Le climat doux favorise la viticulture.;The mild climate favours viticulture.
verbe;B2;;einleiten;engager, amorcer;to initiate;Die Behörde leitet ein Verfahren ein.;L'administration engage une procédure.;The authority initiates proceedings.
verbe;B2;;erlangen;obtenir, acquérir;to attain;Sie erlangt mit dem Kurs eine Zusatzqualifikation.;Elle obtient une qualification supplémentaire grâce au cours.;She attains an additional qualification through the course.
verbe;B2;;schmälern;amoindrir;to diminish;Der Fehler schmälert die Leistung nicht.;L'erreur n'amoindrit pas la performance.;The mistake does not diminish the achievement.
verbe;B2;;übertreffen;surpasser, dépasser;to surpass;Das Ergebnis übertrifft alle Erwartungen.;Le résultat dépasse toutes les attentes.;The result surpasses all expectations.
verbe;B2;;unterstreichen;souligner (au sens figuré);to underline;Die Zahlen unterstreichen die Dringlichkeit.;Les chiffres soulignent l'urgence.;The figures underline the urgency.
verbe;B2;;verankern;ancrer, inscrire;to anchor, to enshrine;Das Recht ist im Grundgesetz verankert.;Ce droit est inscrit dans la Loi fondamentale.;The right is enshrined in the constitution.
verbe;B2;;zurückgehen;reculer, diminuer;to decline;Die Zahl der Unfälle geht deutlich zurück.;Le nombre d'accidents diminue nettement.;The number of accidents is clearly declining.
verbe;B2;;sich abheben;se distinguer, se détacher;to stand out;Ihr Stil hebt sich klar von den anderen ab.;Son style se distingue nettement des autres.;Her style clearly stands out from the others.
verbe;B2;;auffordern;inviter (à faire), sommer;to call upon;Der Vermieter fordert uns zur Zahlung auf.;Le propriétaire nous somme de payer.;The landlord calls on us to pay.
verbe;B2;;befürworten;être favorable à;to advocate;Die Mehrheit befürwortet den Vorschlag.;La majorité est favorable à la proposition.;The majority advocates the proposal.
verbe;B2;;beisteuern;apporter (sa part);to contribute;Jeder steuert etwas zum Buffet bei.;Chacun apporte quelque chose au buffet.;Everyone contributes something to the buffet.
verbe;B2;;einbeziehen;associer, inclure;to involve, to include;Wir beziehen die Nachbarn in die Planung ein.;Nous associons les voisins à la planification.;We involve the neighbours in the planning.
verbe;B2;;entgegenwirken;contrecarrer, contrer;to counteract;Die Maßnahme wirkt der Inflation entgegen.;La mesure contrecarre l'inflation.;The measure counteracts inflation.
verbe;B2;;herausstellen;mettre en avant, s'avérer;to highlight, to turn out;Der Bericht stellt die Fortschritte heraus.;Le rapport met en avant les progrès.;The report highlights the progress.
verbe;B2;;verdeutlichen;clarifier, illustrer;to clarify;Die Grafik verdeutlicht den Zusammenhang.;Le graphique clarifie le lien.;The chart clarifies the connection.
verbe;B2;;vorsehen;prévoir;to provide for, to schedule;Der Vertrag sieht eine Kündigungsfrist vor.;Le contrat prévoit un délai de préavis.;The contract provides for a notice period.
verbe;B2;;sich zuwenden;se tourner vers;to turn to;Nach dem Studium wendet er sich der Forschung zu.;Après ses études, il se tourne vers la recherche.;After his studies he turns to research.
verbe;B2;;abraten;déconseiller;to advise against;Der Arzt rät von langen Reisen ab.;Le médecin déconseille les longs voyages.;The doctor advises against long journeys.
verbe;B2;;anregen;suggérer, stimuler;to suggest, to stimulate;Sie regt eine gemeinsame Sitzung an.;Elle suggère une réunion commune.;She suggests a joint meeting.
verbe;B2;;aufgreifen;reprendre (une idée);to take up;Der Redner greift den Einwand sofort auf.;L'orateur reprend aussitôt l'objection.;The speaker immediately takes up the objection.
verbe;B2;;ausloten;sonder, explorer;to sound out;Wir loten zuerst die Möglichkeiten aus.;Nous sondons d'abord les possibilités.;We first sound out the possibilities.
verbe;B2;;abschaffen;abolir, supprimer;to abolish;Das Land schafft die Gebühren ab.;Le pays supprime les frais.;The country is abolishing the fees.
verbe;B2;;abwickeln;traiter, mener à bien;to handle, to process;Die Bank wickelt die Zahlung schnell ab.;La banque traite le paiement rapidement.;The bank processes the payment quickly.
verbe;B2;;anfechten;contester (juridiquement);to contest;Der Nachbar ficht die Entscheidung an.;Le voisin conteste la décision.;The neighbour is contesting the decision.
verbe;B2;;angehen;aborder (un problème), concerner;to tackle, to concern;Wir gehen das Problem systematisch an.;Nous abordons le problème de façon systématique.;We are tackling the problem systematically.
verbe;B2;;ankurbeln;relancer, stimuler;to boost;Die Regierung kurbelt die Wirtschaft an.;Le gouvernement relance l'économie.;The government is boosting the economy.
verbe;B2;;aufbauen;bâtir, mettre en place;to build up;Sie baut ein eigenes Netzwerk auf.;Elle met en place son propre réseau.;She is building up her own network.
verbe;B2;;aufheben;annuler, lever;to lift, to repeal;Der Staat hebt die Beschränkungen auf.;L'État lève les restrictions.;The state is lifting the restrictions.
verbe;B2;;aufkommen;apparaître, prendre en charge;to arise, to cover (costs);Die Versicherung kommt für den Schaden auf.;L'assurance prend en charge le dommage.;The insurance covers the damage.
verbe;B2;;ausarbeiten;élaborer;to work out;Die Gruppe arbeitet einen Vorschlag aus.;Le groupe élabore une proposition.;The group is working out a proposal.
verbe;B2;;ausbauen;développer, agrandir;to expand;Die Stadt baut das Radwegenetz aus.;La ville développe le réseau de pistes cyclables.;The city is expanding the cycle network.
verbe;B2;;auslegen;interpréter, avancer (de l'argent);to interpret, to lay out;Das Gericht legt den Vertrag streng aus.;Le tribunal interprète le contrat strictement.;The court interprets the contract strictly.
verbe;B2;;ausrichten;organiser, transmettre (un message);to host, to pass on;Die Stadt richtet das Turnier aus.;La ville organise le tournoi.;The city is hosting the tournament.
verbe;B2;;aussetzen;suspendre, exposer à;to suspend, to expose;Der Verband setzt die Regel vorerst aus.;La fédération suspend la règle pour l'instant.;The association is suspending the rule for now.
verbe;B2;;beauftragen;charger (qn de qch);to commission;Die Gemeinde beauftragt eine Fachfirma.;La commune mandate une entreprise spécialisée.;The municipality commissions a specialist firm.
verbe;B2;;beeinträchtigen;nuire à, altérer;to impair;Der Lärm beeinträchtigt die Konzentration.;Le bruit nuit à la concentration.;The noise impairs concentration.
verbe;B2;;belasten;peser sur, charger;to burden;Die hohen Mieten belasten viele Familien.;Les loyers élevés pèsent sur beaucoup de familles.;High rents burden many families.
verbe;B2;;benachteiligen;désavantager;to disadvantage;Diese Regel benachteiligt kleine Betriebe.;Cette règle désavantage les petites entreprises.;This rule disadvantages small businesses.
verbe;B2;;beschleunigen;accélérer;to accelerate;Die Software beschleunigt den ganzen Vorgang.;Le logiciel accélère toute la procédure.;The software accelerates the whole process.
verbe;B2;;bestreiten;contester, nier;to dispute, to deny;Der Angeklagte bestreitet jede Beteiligung.;L'accusé conteste toute participation.;The defendant denies any involvement.
verbe;B2;;bevorzugen;préférer, privilégier;to prefer;Viele Kunden bevorzugen regionale Produkte.;Beaucoup de clients préfèrent les produits régionaux.;Many customers prefer regional products.
verbe;B2;;darlegen;exposer, expliciter;to set out;Der Bericht legt die Gründe ausführlich dar.;Le rapport expose les raisons en détail.;The report sets out the reasons in detail.
verbe;B2;;eindämmen;endiguer, contenir;to curb;Neue Regeln dämmen den Lärm ein.;De nouvelles règles endiguent le bruit.;New rules curb the noise.
verbe;B2;;einholen;rattraper, recueillir;to catch up, to obtain;Wir holen zuerst ein Angebot ein.;Nous recueillons d'abord un devis.;We first obtain a quote.
verbe;B2;;einstufen;classer, situer (un niveau);to classify, to rate;Der Test stuft dich auf Niveau B2 ein.;Le test te situe au niveau B2.;The test rates you at level B2.
verbe;B2;;entlasten;soulager, décharger;to relieve;Die neue Stelle entlastet das ganze Team.;Le nouveau poste soulage toute l'équipe.;The new position relieves the whole team.
verbe;B2;;entsprechen;correspondre à;to correspond to;Das Ergebnis entspricht unseren Erwartungen.;Le résultat correspond à nos attentes.;The result corresponds to our expectations.
verbe;B2;;erproben;expérimenter, tester;to trial;Die Klinik erprobt ein neues Verfahren.;La clinique expérimente un nouveau procédé.;The clinic is trialling a new procedure.
verbe;B2;;erschweren;compliquer, rendre difficile;to make harder;Der Schnee erschwert die Anfahrt.;La neige complique l'accès.;The snow makes the approach harder.
verbe;B2;;erzielen;obtenir (un résultat);to achieve;Die Mannschaft erzielt drei Tore.;L'équipe marque trois buts.;The team scores three goals.
verbe;B2;;gewährleisten;garantir, assurer;to ensure;Die Firma gewährleistet den Datenschutz.;L'entreprise garantit la protection des données.;The company ensures data protection.
verbe;B2;;gliedern;structurer, articuler;to structure;Sie gliedert den Text in drei Teile.;Elle structure le texte en trois parties.;She structures the text into three parts.
verbe;B2;;kennzeichnen;caractériser, signaler;to characterise, to mark;Ein Schild kennzeichnet den Notausgang.;Un panneau signale la sortie de secours.;A sign marks the emergency exit.
verbe;B2;;mindern;réduire, diminuer;to reduce;Der Mangel mindert den Wert der Wohnung.;Le défaut réduit la valeur de l'appartement.;The defect reduces the flat's value.
verbe;B2;;nahelegen;suggérer fortement;to suggest strongly;Die Daten legen einen Zusammenhang nahe.;Les données suggèrent fortement un lien.;The data strongly suggest a connection.
verbe;B2;;offenlegen;divulguer, rendre public;to disclose;Das Unternehmen legt seine Zahlen offen.;L'entreprise rend ses chiffres publics.;The company discloses its figures.
verbe;B2;;prägen;marquer, façonner;to shape;Die Kirche prägt das Bild der Altstadt.;L'église marque l'image de la vieille ville.;The church shapes the look of the old town.
verbe;B2;;sichern;sécuriser, assurer;to secure;Die Firma sichert ihre Daten täglich.;L'entreprise sauvegarde ses données chaque jour.;The company backs up its data daily.
verbe;B2;;überarbeiten;retravailler, remanier;to revise;Der Autor überarbeitet gerade das dritte Kapitel.;L'auteur remanie actuellement le troisième chapitre.;The author is currently revising the third chapter.
verbe;B2;;untersagen;interdire (officiellement);to prohibit;Die Behörde untersagt den Verkauf.;L'autorité interdit la vente.;The authority prohibits the sale.
verbe;B2;;veranschaulichen;illustrer, rendre concret;to illustrate;Ein Schaubild veranschaulicht den Ablauf.;Un schéma illustre le déroulement.;A diagram illustrates the process.
verbe;B2;;vereinfachen;simplifier;to simplify;Die App vereinfacht die Anmeldung.;L'application simplifie l'inscription.;The app simplifies registration.
verbe;B2;;verfassen;rédiger;to compose, to write;Sie verfasst den Bericht bis Freitag.;Elle rédige le rapport d'ici vendredi.;She is writing the report by Friday.
verbe;B2;;verlagern;déplacer, délocaliser;to relocate, to shift;Die Firma verlagert die Produktion ins Ausland.;L'entreprise délocalise la production à l'étranger.;The company is relocating production abroad.
verbe;B2;;verstärken;renforcer;to reinforce;Die Stadt verstärkt die Kontrollen am Wochenende.;La ville renforce les contrôles le week-end.;The city reinforces checks at the weekend.
verbe;B2;;verwerfen;rejeter, abandonner (une idée);to discard;Das Team verwirft den ersten Entwurf.;L'équipe rejette le premier projet.;The team discards the first draft.
verbe;B2;;vorantreiben;faire avancer;to drive forward;Die Leitung treibt das Projekt entschlossen voran.;La direction fait avancer le projet avec détermination.;Management is driving the project forward decisively.
verbe;B2;;vorlegen;présenter, soumettre;to submit, to present;Die Firma legt morgen die Bilanz vor.;L'entreprise présente demain son bilan.;The company presents its balance sheet tomorrow.
verbe;B2;;zulassen;autoriser, admettre;to permit, to admit;Die Schule lässt nur zwanzig Teilnehmer zu.;L'école n'admet que vingt participants.;The school admits only twenty participants.
verbe;B2;;zusichern;garantir, promettre formellement;to assure;Die Stadt sichert uns die Unterstützung zu.;La ville nous garantit son soutien.;The city assures us of its support.
verbe;B2;;anpassen;adapter, ajuster;to adapt;Wir passen das Angebot an die Nachfrage an.;Nous adaptons l'offre à la demande.;We adapt the offering to demand.
verbe;B2;;ansiedeln;implanter, installer;to establish, to locate;Die Region siedelt neue Betriebe an.;La région implante de nouvelles entreprises.;The region is attracting new businesses.
verbe;B2;;aussagen;témoigner, exprimer;to testify, to state;Der Zeuge sagt morgen vor Gericht aus.;Le témoin témoigne demain au tribunal.;The witness testifies in court tomorrow.
verbe;B2;;bedingen;conditionner, entraîner;to entail, to condition;Der Umbau bedingt eine längere Schließung.;Les travaux entraînent une fermeture prolongée.;The conversion entails a longer closure.
verbe;B2;;beteiligen;faire participer, associer;to involve;Die Schule beteiligt die Eltern an der Planung.;L'école associe les parents à la planification.;The school involves parents in the planning.
verbe;B2;;betrachten;considérer, observer;to consider, to regard;Wir betrachten das Problem aus zwei Blickwinkeln.;Nous considérons le problème sous deux angles.;We consider the problem from two angles.
verbe;B2;;dämpfen;atténuer, freiner;to dampen;Die Nachricht dämpft die Stimmung im Team.;La nouvelle atténue l'enthousiasme dans l'équipe.;The news dampens the mood in the team.
verbe;B2;;hemmen;freiner, inhiber;to inhibit;Bürokratie hemmt die Entwicklung kleiner Firmen.;La bureaucratie freine le développement des petites entreprises.;Bureaucracy inhibits the growth of small firms.
verbe;B2;;hinauszögern;faire traîner, retarder;to delay, to drag out;Er zögert die Entscheidung immer weiter hinaus.;Il retarde la décision encore et encore.;He keeps delaying the decision.
verbe;B2;;hinterlegen;déposer (en garantie);to deposit, to lodge;Gäste hinterlegen den Schlüssel an der Rezeption.;Les clients déposent la clé à la réception.;Guests leave the key at reception.
verbe;B2;;sanieren;rénover, assainir;to renovate, to restructure;Die Gemeinde saniert das alte Schwimmbad.;La commune rénove l'ancienne piscine.;The municipality is renovating the old pool.
verbe;B2;;stützen;soutenir, étayer;to support, to prop up;Die Zahlen stützen unsere Vermutung.;Les chiffres étayent notre supposition.;The figures support our assumption.
verbe;B2;;überwachen;surveiller, contrôler;to monitor;Kameras überwachen den Eingang rund um die Uhr.;Des caméras surveillent l'entrée 24 heures sur 24.;Cameras monitor the entrance around the clock.
verbe;B2;;umgehen;contourner, éviter;to circumvent;Die Firma umgeht damit die neuen Auflagen.;L'entreprise contourne ainsi les nouvelles contraintes.;The company thereby circumvents the new requirements.
verbe;B2;;unterlaufen;échapper (une erreur), se glisser;to slip in (a mistake);Mir unterläuft manchmal ein Tippfehler.;Il m'arrive parfois de faire une faute de frappe.;A typo sometimes slips in for me.
verbe;B2;;verbergen;dissimuler;to conceal;Sie verbirgt ihre Enttäuschung gut.;Elle dissimule bien sa déception.;She conceals her disappointment well.
verbe;B2;;verfolgen;poursuivre, suivre;to pursue, to follow;Wir verfolgen die Entwicklung aufmerksam.;Nous suivons l'évolution avec attention.;We follow the development closely.
verbe;B2;;vergeben;attribuer, pardonner;to award, to forgive;Die Jury vergibt jedes Jahr drei Preise.;Le jury attribue trois prix chaque année.;The jury awards three prizes every year.
verbe;B2;;verharren;demeurer, rester figé;to remain, to persist;Die Preise verharren auf hohem Niveau.;Les prix demeurent à un niveau élevé.;Prices remain at a high level.
verbe;B2;;verkürzen;raccourcir, écourter;to shorten;Die neue Strecke verkürzt die Fahrt um zwanzig Minuten.;Le nouveau tracé raccourcit le trajet de vingt minutes.;The new route shortens the trip by twenty minutes.
verbe;B2;;verschieben;reporter, décaler;to postpone;Wir verschieben die Sitzung auf nächste Woche.;Nous reportons la réunion à la semaine prochaine.;We are postponing the meeting to next week.
verbe;B2;;wahren;préserver, sauvegarder;to preserve, to maintain;Der Betrieb wahrt die Rechte seiner Angestellten.;L'entreprise préserve les droits de ses employés.;The company preserves its employees' rights.
verbe;B2;;besiegeln;sceller, entériner;to seal;Ein Handschlag besiegelt die Vereinbarung.;Une poignée de main scelle l'accord.;A handshake seals the agreement.
verbe;B2;;bewerkstelligen;réussir à faire, mener à bien;to manage, to pull off;Wie bewerkstelligt ihr das in so kurzer Zeit?;Comment réussissez-vous cela en si peu de temps ?;How do you manage that in such a short time?
verbe;B2;;bilanzieren;dresser le bilan;to take stock;Am Jahresende bilanziert der Verein seine Arbeit.;En fin d'année, l'association dresse le bilan de son travail.;At the year's end the club takes stock of its work.
verbe;B2;;abbrechen;interrompre, annuler;to break off, to abort;Wir brechen das Gespräch hier ab.;Nous interrompons la conversation ici.;We are breaking off the conversation here.
verbe;B2;;anführen;"mener, diriger ; citer";"to lead; to cite";Sie führt die Gruppe seit drei Jahren an.;Elle dirige le groupe depuis trois ans.;She has been leading the group for three years.
verbe;B2;;aufhalten;retenir, retarder;to hold up, to delay;Der Stau hält uns eine Stunde auf.;L'embouteillage nous retarde d'une heure.;The traffic jam is holding us up for an hour.
verbe;B2;;befreien;libérer, délivrer;to free, to liberate;Diese Regel befreit dich nicht von deiner Pflicht.;Cette règle ne te libère pas de ton devoir.;This rule does not free you from your duty.
verbe;B2;;benennen;nommer, désigner;to name, to designate;Er benennt das Problem sehr genau.;Il nomme le problème très précisément.;He names the problem very precisely.
verbe;B2;;eingehen;"accepter, entrer dans ; mourir (plante)";"to enter into, to agree to; to die (plant)";Auf diesen Vorschlag gehe ich nicht ein.;Je n'accepte pas cette proposition.;I will not agree to this proposal.
verbe;B2;;feuern;"tirer ; congédier";"to fire (a shot); to sack";Der Chef feuert selten jemanden.;Le patron congédie rarement quelqu'un.;The boss rarely fires anyone.
verbe;B2;;rühren;"remuer ; émouvoir";"to stir; to move (emotionally)";Rühr die Suppe langsam um.;Remue la soupe lentement.;Stir the soup slowly.
verbe;B2;;treiben;"pousser, faire ; dériver";"to drive, to do; to drift";Was treibst du eigentlich den ganzen Tag?;Qu'est-ce que tu fabriques toute la journée ?;What are you actually doing all day?
verbe;B2;;vergehen;passer, s'écouler;to pass, to elapse;Die Zeit vergeht hier sehr schnell.;Le temps passe très vite ici.;Time passes very quickly here.
verbe;B2;;wenden;tourner, retourner (sich wenden an : s'adresser à);to turn (sich wenden an: to turn to sb);Bitte wenden Sie den Wagen hier.;Faites demi-tour ici, s'il vous plaît.;Please turn the car around here.
verbe;B2;;wirken;"agir, faire effet ; paraître";"to take effect; to seem";Das Medikament wirkt nach zwanzig Minuten.;Le médicament fait effet après vingt minutes.;The medicine takes effect after twenty minutes.
verbe;B2;;erwischen;attraper, surprendre;to catch;Wenn ich mich beeile, erwische ich den Bus.;Si je me dépêche, j'attrape l'autobus.;If I hurry I'll catch the bus.
verbe;B2;;abschreiben;copier, recopier;to copy, to write off;Er schreibt die Lösung vom Nachbarn ab.;Il copie la solution sur son voisin.;He is copying the answer from his neighbour.
verbe;B2;;bewässern;irriguer, arroser;to irrigate, to water;Im Sommer bewässern sie die Felder nachts.;En été, ils irriguent les champs la nuit.;In summer they irrigate the fields at night.
verbe;B2;;zerschlagen;briser, fracasser;to smash;Der Sturm zerschlägt die alten Fensterscheiben.;La tempête fracasse les vieilles vitres.;The storm smashes the old window panes.
verbe;B2;;auseinanderbrechen;se disloquer, se briser en deux;to break apart;Das alte Boot bricht langsam auseinander.;Le vieux bateau se disloque lentement.;The old boat is slowly breaking apart.
verbe;B2;;erheben;"lever, élever ; percevoir (un impôt)";"to raise; to levy";Die Stadt erhebt eine Gebühr für Besucher.;La ville perçoit une taxe sur les visiteurs.;The city levies a fee on visitors.
verbe;B2;;hinnehmen;accepter, subir;to accept, to put up with;Diese Behandlung nehme ich nicht länger hin.;Je n'accepte plus ce traitement.;I will not put up with this treatment any longer.
verbe;B2;;abbauen;"démonter ; réduire ; extraire";"to dismantle; to reduce; to mine";Nach dem Fest bauen wir die Zelte ab.;Après la fête, nous démontons les tentes.;After the party we take down the tents.
verbe;B2;;kreuzen;croiser;to cross;Die beiden Wege kreuzen sich am Bach.;Les deux chemins se croisent près du ruisseau.;The two paths cross at the stream.
verbe;B2;;überlassen;laisser, confier;to leave to, to entrust;Diese Entscheidung überlasse ich dir.;Je te laisse cette décision.;I'll leave this decision to you.
verbe;B2;;verderben;"gâcher ; s'abîmer";"to spoil; to go off";Bei dieser Hitze verdirbt die Milch schnell.;Par cette chaleur, le lait tourne vite.;In this heat the milk goes off quickly.
verbe;B2;;antreiben;"pousser, motiver ; propulser";to drive, to propel;Die Neugier treibt sie immer wieder an.;La curiosité la pousse sans cesse.;Curiosity drives her again and again.
verbe;B2;;spalten;"fendre ; diviser";to split, to divide;Diese Frage spaltet das ganze Land.;Cette question divise tout le pays.;This question divides the whole country.
verbe;B2;;sich aufhalten;séjourner, s'attarder;to stay, to spend time;Wir halten uns drei Tage in Wien auf.;Nous séjournons trois jours à Vienne.;We're staying in Vienna for three days.
verbe;B2;;sich leisten;s'offrir, se permettre;to afford, to treat oneself to;Ich leiste mir einmal im Jahr eine Reise.;Je m'offre un voyage une fois par an.;I treat myself to a trip once a year.
verbe;B2;;kümmern;préoccuper, importer à (qn);to bother, to concern;Das kümmert mich nicht.;Ça ne me préoccupe pas.;That doesn't bother me.
verbe;B2;;beziehen;"emménager dans ; percevoir, toucher (une somme)";"to move into; to draw, to receive";Wir beziehen die neue Wohnung im Juli.;Nous emménageons dans le nouvel appartement en juillet.;We're moving into the new flat in July.
verbe;B2;;durchsetzen;imposer, faire aboutir (qch);to push through, to enforce;Die Regierung setzt das neue Gesetz durch.;Le gouvernement impose la nouvelle loi.;The government is pushing through the new law.
verbe;C1;;erörtern;discuter en détail, débattre de;to discuss in detail;Wir erörtern die Frage im nächsten Treffen.;Nous débattrons de la question à la prochaine rencontre.;We will discuss the question at the next meeting.
verbe;C1;;voraussetzen;présupposer, exiger comme condition;to presuppose, to require;Die Stelle setzt sehr gute Deutschkenntnisse voraus.;Le poste exige de très bonnes connaissances en allemand.;The position requires very good German.
verbe;C1;;unterstellen;insinuer, imputer;to insinuate, to impute;Du unterstellst mir etwas, das ich nie gesagt habe.;Tu m'imputes quelque chose que je n'ai jamais dit.;You are imputing to me something I never said.
verbe;C1;;einwenden;objecter;to object;Dagegen lässt sich wenig einwenden.;Il y a peu à objecter à cela.;There is little to object to that.
verbe;C1;;folgern;conclure, déduire;to conclude, to infer;Daraus folgere ich, dass die Methode nichts taugt.;J'en conclus que la méthode ne vaut rien.;From that I conclude the method is worthless.
verbe;C1;;ableiten;déduire, dériver;to derive, to deduce;Aus dem Text lässt sich keine Regel ableiten.;On ne peut déduire aucune règle du texte.;No rule can be derived from the text.
verbe;C1;;gewichten;pondérer, hiérarchiser;to weight, to prioritize;Wir gewichten Erfahrung höher als Noten.;Nous pondérons l'expérience plus fortement que les notes.;We weight experience more heavily than grades.
verbe;C1;;sich zuspitzen;exacerber, radicaliser;to escalate, to sharpen;Die Lage spitzt sich von Tag zu Tag zu.;La situation s'aggrave de jour en jour.;The situation is escalating by the day.
verbe;C1;;beharren;s'obstiner, persister;to insist, to persist;Sie beharrt auf ihrem Standpunkt.;Elle persiste dans son point de vue.;She insists on her position.
verbe;C1;;erschließen;rendre accessible, aménager (sich erschließen : se déduire);to develop, to open up (sich erschließen: to be inferred);Die Bedeutung lässt sich aus dem Zusammenhang erschließen.;Le sens se laisse déduire du contexte.;The meaning can be inferred from the context.
verbe;C1;;sich abschwächen;atténuer, affaiblir;to weaken, to tone down;Er schwächt seine Kritik im letzten Satz wieder ab.;Il atténue sa critique dans la dernière phrase.;He tones down his criticism in the last sentence.
verbe;C1;;ausufern;déborder, prendre des proportions excessives;to get out of hand;Die Diskussion ufert jedes Mal aus.;La discussion déborde à chaque fois.;The discussion gets out of hand every time.
verbe;C1;;veranschlagen;estimer, évaluer (un coût);to estimate, to budget;Wir veranschlagen dafür drei Wochen.;Nous estimons cela à trois semaines.;We are budgeting three weeks for that.
verbe;C1;;einkalkulieren;prévoir dans le calcul, tenir compte de;to factor in;Verzögerungen kalkulieren wir von vornherein ein.;Nous prévoyons les retards dès le départ.;We factor delays in from the outset.
verbe;C1;;aufschlüsseln;ventiler, détailler (des chiffres);to break down;Die Kosten sind nach Bereichen aufgeschlüsselt.;Les coûts sont ventilés par domaine.;The costs are broken down by area.
verbe;C1;;heranziehen;faire appel à, se référer à;to draw on, to consult;Für den Vergleich ziehen wir ältere Daten heran.;Pour la comparaison, nous nous référons à des données plus anciennes.;For the comparison we draw on older data.
verbe;C1;;herleiten;déduire, faire dériver;to derive;Woraus leitest du diese Regel her?;D'où déduis-tu cette règle ?;What are you deriving this rule from?
verbe;C1;;bekräftigen;réaffirmer, confirmer avec force;to reaffirm, to reiterate;Sie bekräftigt ihre Zusage noch einmal schriftlich.;Elle réaffirme son engagement une fois de plus par écrit.;She reaffirms her commitment once more in writing.
verbe;C1;;zugestehen;concéder, accorder;to concede, to grant;Man muss ihm zugestehen, dass er es versucht hat.;Il faut lui concéder qu'il a essayé.;One must concede that he tried.
verbe;C1;;abstreiten;nier, contester;to deny;Er streitet jede Beteiligung ab.;Il nie toute participation.;He denies any involvement.
verbe;C1;;verharmlosen;minimiser, banaliser;to play down, to trivialize;Der Bericht verharmlost die Risiken.;Le rapport minimise les risques.;The report plays down the risks.
verbe;C1;;aushebeln;neutraliser, contourner (une règle);to circumvent, to override;Die Ausnahme hebelt die ganze Regel aus.;L'exception neutralise toute la règle.;The exception overrides the whole rule.
verbe;C1;;einstehen;répondre de, se porter garant;to answer for, to vouch;Für seine Leute steht er ein.;Il répond de ses gens.;He answers for his people.
verbe;C1;;absichern;sécuriser, garantir;to secure, to safeguard;Der Vertrag sichert beide Seiten ab.;Le contrat sécurise les deux parties.;The contract safeguards both sides.
verbe;C1;;abwenden;détourner, éviter (un danger);to avert;Nur ein Kredit wendet die Insolvenz ab.;Seul un crédit évite la faillite.;Only a loan will avert insolvency.
verbe;C1;;auffangen;amortir, absorber (un choc);to cushion, to absorb;Die Rücklagen fangen den Ausfall auf.;Les réserves absorbent la perte.;The reserves absorb the shortfall.
verbe;C1;;abfedern;amortir, atténuer;to cushion, to soften;Zuschüsse federn die Preiserhöhung ab.;Des aides amortissent la hausse des prix.;Subsidies cushion the price increase.
verbe;C1;;eingrenzen;circonscrire, restreindre;to narrow down, to limit;Wir grenzen die Suche auf zwei Jahre ein.;Nous restreignons la recherche à deux années.;We are narrowing the search to two years.
verbe;C1;;ausklammern;laisser de côté, exclure;to leave aside, to bracket out;Diese Frage klammern wir heute aus.;Nous laissons cette question de côté aujourd'hui.;We are leaving that question aside today.
verbe;C1;;einhergehen;aller de pair avec;to go hand in hand with;Wachstum geht oft mit höherem Verbrauch einher.;La croissance va souvent de pair avec une consommation accrue.;Growth often goes hand in hand with higher consumption.
verbe;C1;;beantragen;demander officiellement, déposer une demande;to apply for;Sie beantragt eine Verlängerung des Visums.;Elle demande une prolongation du visa.;She is applying for a visa extension.
verbe;C1;;genehmigen;autoriser, approuver;to approve, to authorize;Das Amt genehmigt den Umbau unter Auflagen.;L'administration autorise les travaux sous conditions.;The authority approves the conversion subject to conditions.
verbe;C1;;entziehen;retirer, priver de;to withdraw, to revoke;Man entzieht ihm die Lizenz für ein Jahr.;On lui retire la licence pour un an.;His licence is being revoked for a year.
verbe;C1;;erteilen;accorder, délivrer (une autorisation);to grant, to issue;Die Behörde erteilt die Erlaubnis erst nach Prüfung.;L'administration délivre l'autorisation seulement après examen.;The authority issues the permit only after review.
verbe;C1;;auferlegen;imposer (une obligation);to impose;Das Gesetz erlegt den Betrieben neue Pflichten auf.;La loi impose de nouvelles obligations aux entreprises.;The law imposes new duties on businesses.
verbe;C1;;verhängen;prononcer, infliger (une sanction);to impose (a penalty);Das Gericht verhängt eine Geldstrafe.;Le tribunal prononce une amende.;The court imposes a fine.
verbe;C1;;widerrufen;révoquer, se rétracter;to revoke, to withdraw;Sie widerruft den Vertrag innerhalb der Frist.;Elle se rétracte du contrat dans le délai.;She withdraws from the contract within the deadline.
verbe;C1;;vertagen;ajourner, reporter;to adjourn, to postpone;Wir vertagen die Entscheidung auf nächste Woche.;Nous ajournons la décision à la semaine prochaine.;We are postponing the decision to next week.
verbe;C1;;nachreichen;fournir ultérieurement;to submit later, to hand in afterwards;Die fehlenden Belege reichen Sie bitte nach.;Veuillez fournir les justificatifs manquants ultérieurement.;Please submit the missing receipts afterwards.
verbe;C1;;verschweigen;taire, passer sous silence;to conceal, to keep quiet about;Er verschweigt den wichtigsten Teil.;Il tait la partie la plus importante.;He is concealing the most important part.
verbe;C1;;beschönigen;enjoliver, présenter sous un jour favorable;to gloss over;Der Text beschönigt die Lage.;Le texte enjolive la situation.;The text glosses over the situation.
verbe;C1;;entschärfen;désamorcer, atténuer;to defuse;Ein Satz genügte, um die Lage zu entschärfen.;Une phrase a suffi à désamorcer la situation.;One sentence was enough to defuse the situation.
verbe;C1;;aushandeln;négocier;to negotiate;Die Bedingungen handeln wir gemeinsam aus.;Nous négocions les conditions ensemble.;We negotiate the terms together.
verbe;C1;;beilegen;"régler (un différend) ; joindre";"to settle; to enclose";Beide Seiten legen den Streit bei.;Les deux parties règlent le différend.;Both sides settle the dispute.
verbe;C1;;verorten;situer, localiser;to locate, to place;Man verortet den Ursprung im vierzehnten Jahrhundert.;On situe l'origine au quatorzième siècle.;The origin is placed in the fourteenth century.
verbe;C1;;bezeugen;témoigner de, attester;to testify to, to attest;Zwei Nachbarn bezeugen den Vorfall.;Deux voisins témoignent de l'incident.;Two neighbours testify to the incident.
verbe;C1;;beteuern;protester de, assurer avec insistance;to protest, to insist;Er beteuert seine Unschuld.;Il proteste de son innocence.;He protests his innocence.
verbe;C1;;leugnen;nier;to deny;Niemand leugnet das Ausmaß des Schadens.;Personne ne nie l'ampleur des dégâts.;Nobody denies the extent of the damage.
verbe;C1;;dementieren;démentir;to deny officially;Das Ministerium dementiert den Bericht.;Le ministère dément le rapport.;The ministry denies the report.
verbe;C1;;aufbauschen;exagérer, monter en épingle;to blow out of proportion;Die Presse bauscht die Sache auf.;La presse monte l'affaire en épingle.;The press is blowing the matter out of proportion.
verbe;C1;;kompensieren;compenser;to compensate for, to offset;Erfahrung kompensiert einiges an Tempo.;L'expérience compense pas mal de vitesse.;Experience compensates for a good deal of speed.
verbe;C1;;aufwiegen;contrebalancer, valoir;to outweigh, to make up for;Der Gewinn wiegt den Aufwand nicht auf.;Le gain ne contrebalance pas l'effort.;The gain does not outweigh the effort.
verbe;C1;;einordnen;classer, situer;to classify, to place in context;Man muss die Zahl im Kontext einordnen.;Il faut situer ce chiffre dans son contexte.;The figure has to be placed in context.
verbe;C1;;abgrenzen;délimiter, distinguer;to delimit, to distinguish;Wir grenzen den Begriff klar vom Nachbarbegriff ab.;Nous distinguons clairement la notion de sa voisine.;We clearly distinguish the term from its neighbour.
verbe;C1;;herabsetzen;"réduire ; rabaisser";"to reduce; to belittle";Man setzt die Grenze auf achtzehn Jahre herab.;On abaisse la limite à dix-huit ans.;The limit is being lowered to eighteen.
verbe;C1;;hervorgehen;ressortir de, résulter;to emerge from, to follow from;Aus dem Brief geht das Gegenteil hervor.;Il ressort de la lettre le contraire.;The opposite emerges from the letter.
verbe;C1;;münden;déboucher sur, se jeter dans;to lead to, to flow into;Die Debatte mündet meist in denselben Streit.;Le débat débouche le plus souvent sur la même dispute.;The debate usually leads to the same quarrel.
verbe;C1;;mutmaßen;conjecturer, présumer;to speculate, to surmise;Man kann nur mutmaßen, warum er ging.;On ne peut que conjecturer pourquoi il est parti.;One can only speculate why he left.
verbe;C1;;weiterleiten;transmettre, faire suivre;to forward, to pass on;Ich leite die Anfrage an die Fachabteilung weiter.;Je transmets la demande au service compétent.;I am forwarding the enquiry to the relevant department.
verbe;C1;;zurückstellen;différer, mettre en attente;to defer, to put on hold;Wir stellen das Vorhaben vorerst zurück.;Nous différons le projet pour l'instant.;We are putting the project on hold for now.
verbe;C1;;ermahnen;exhorter, rappeler à l'ordre;to admonish, to urge;Der Lehrer ermahnt die Klasse zur Ruhe.;Le professeur rappelle la classe au calme.;The teacher urges the class to be quiet.
verbe;C1;;protokollieren;consigner, dresser le procès-verbal;to minute, to record;Wer protokolliert die Sitzung?;Qui rédige le procès-verbal de la séance ?;Who is taking the minutes of the meeting?
verbe;C1;;einsehen;"consulter ; reconnaître";"to inspect; to realize";Die Akte darf jeder einsehen.;Le dossier est consultable par tous.;Anyone may inspect the file.
verbe;C1;;vorenthalten;priver de, refuser (une information);to withhold;Man enthält ihm die wichtigsten Zahlen vor.;On lui refuse les chiffres les plus importants.;The most important figures are being withheld from him.
verbe;C1;;schlichten;arbitrer, concilier;to mediate, to settle;Eine dritte Person schlichtet den Streit.;Une tierce personne arbitre le différend.;A third person mediates the dispute.
verbe;C1;;unterzeichnen;signer (officiellement);to sign;Beide Seiten unterzeichnen den Vertrag am Freitag.;Les deux parties signent le contrat vendredi.;Both sides sign the contract on Friday.
verbe;C1;;verlängern;prolonger;to extend, to renew;Wir verlängern den Vertrag um zwei Jahre.;Nous prolongeons le contrat de deux ans.;We are extending the contract by two years.
verbe;C1;;auslaufen;expirer, arriver à échéance;to expire, to run out;Die Förderung läuft Ende des Jahres aus.;L'aide arrive à échéance à la fin de l'année.;The funding expires at the end of the year.
verbe;C1;;nachhaken;relancer, creuser (une question);to follow up, to probe;Die Journalistin hakt bei dem Minister nach.;La journaliste relance le ministre.;The journalist follows up with the minister.
verbe;C1;;nachfassen;revenir à la charge, relancer;to follow up;Wir fassen bei der Kundin noch einmal nach.;Nous relançons la cliente une fois de plus.;We follow up with the client once more.
verbe;C1;;durchleuchten;passer au crible, radiographier;to scrutinize, to X-ray;Der Ausschuss durchleuchtet die Vergabe.;La commission passe l'attribution au crible.;The committee is scrutinizing the award.
verbe;C1;;aufdecken;mettre au jour, révéler;to uncover, to expose;Zwei Journalisten decken den Skandal auf.;Deux journalistes révèlent le scandale.;Two journalists uncover the scandal.
verbe;C1;;vertuschen;étouffer, dissimuler;to cover up;Man versucht, den Vorfall zu vertuschen.;On essaie d'étouffer l'incident.;There is an attempt to cover up the incident.
verbe;C1;;verschleiern;masquer, obscurcir;to obscure, to disguise;Die Sprache verschleiert mehr, als sie sagt.;La langue masque plus qu'elle ne dit.;The language obscures more than it says.
verbe;C1;;kaschieren;camoufler, dissimuler;to conceal, to paper over;Der Anstrich kaschiert die Risse nur.;La peinture ne fait que camoufler les fissures.;The paint only papers over the cracks.
verbe;C1;;vortäuschen;feindre, simuler;to feign, to fake;Er täuscht Interesse vor.;Il feint l'intérêt.;He feigns interest.
verbe;C1;;verfälschen;fausser, altérer;to distort, to falsify;Eine kleine Auswahl verfälscht das Ergebnis.;Une petite sélection fausse le résultat.;A small selection distorts the result.
verbe;C1;;standhalten;résister, tenir bon;to withstand, to hold up;Die These hält der Prüfung nicht stand.;La thèse ne résiste pas à l'examen.;The thesis does not withstand scrutiny.
verbe;C1;;durchhalten;tenir jusqu'au bout;to hold out, to see through;Die letzten zwei Kilometer hält kaum jemand durch.;Les deux derniers kilomètres, presque personne ne les tient.;Hardly anyone holds out for the last two kilometres.
verbe;C1;;einlenken;revenir à de meilleurs sentiments, céder;to relent, to back down;Nach zwei Stunden lenkt er ein.;Au bout de deux heures, il cède.;After two hours he relents.
verbe;C1;;zurückrudern;faire marche arrière;to backpedal;Nach der Kritik rudert die Firma zurück.;Après les critiques, l'entreprise fait marche arrière.;After the criticism the company backpedals.
verbe;C1;;pochen;insister, faire valoir avec force;to insist on;Sie pocht auf ihr Recht.;Elle fait valoir son droit avec force.;She insists on her right.
verbe;C1;;archivieren;archiver;to archive;Alle Verträge werden zehn Jahre archiviert.;Tous les contrats sont archivés dix ans.;All contracts are archived for ten years.
verbe;C1;;abmahnen;mettre en demeure, adresser un avertissement;to issue a formal warning;Der Arbeitgeber mahnt ihn schriftlich ab.;L'employeur lui adresse un avertissement écrit.;The employer issues him a written warning.
verbe;C1;;deeskalieren;désamorcer, faire baisser la tension;to de-escalate;Ein ruhiger Ton deeskaliert oft mehr als Argumente.;Un ton calme désamorce souvent plus que des arguments.;A calm tone often de-escalates more than arguments do.
verbe;C1;;ratifizieren;ratifier;to ratify;Das Parlament ratifiziert das Abkommen im Herbst.;Le parlement ratifie l'accord à l'automne.;Parliament ratifies the agreement in autumn.
verbe;C1;;bürgen;se porter garant;to vouch, to stand surety;Die Eltern bürgen für die Miete.;Les parents se portent garants du loyer.;The parents stand surety for the rent.
verbe;C1;;versanden;s'enliser, tourner court;to peter out, to fizzle;Das Projekt versandet ohne Leitung.;Le projet s'enlise sans direction.;The project peters out without leadership.
verbe;C1;;erahnen;pressentir, deviner;to sense, to divine;Man erahnt die Umrisse im Nebel.;On devine les contours dans le brouillard.;One can make out the outlines in the fog.
verbe;C1;;untergliedern;subdiviser, structurer;to subdivide;Wir untergliedern den Bericht in vier Teile.;Nous subdivisons le rapport en quatre parties.;We subdivide the report into four parts.
verbe;C1;;drängen;presser, pousser;to urge, to press;Die Zeit drängt.;Le temps presse.;Time is pressing.
verbe;C1;;bedrängen;harceler, mettre sous pression;to beset, to pressure;Die Gläubiger bedrängen ihn seit Monaten.;Les créanciers le harcèlent depuis des mois.;The creditors have been pressuring him for months.
verbe;C1;;zusetzen;éprouver, mettre à mal;to take its toll on;Die Hitze setzt den Alten zu.;La chaleur éprouve les personnes âgées.;The heat is taking its toll on the elderly.
verbe;C1;;zermürben;user, miner;to wear down;Das lange Warten zermürbt die Familie.;La longue attente mine la famille.;The long wait is wearing the family down.
verbe;C1;;entmutigen;décourager;to discourage;Der erste Fehlschlag entmutigt viele.;Le premier échec en décourage beaucoup.;The first failure discourages many.
verbe;C1;;bestärken;conforter, encourager dans;to reinforce, to confirm;Der Zuspruch bestärkt sie in ihrem Vorhaben.;Le soutien la conforte dans son projet.;The encouragement reinforces her in her plan.
verbe;C1;;beflügeln;donner des ailes, stimuler;to inspire, to spur on;Der frühe Erfolg beflügelt die ganze Mannschaft.;Le succès précoce donne des ailes à toute l'équipe.;The early success spurs the whole team on.
verbe;C1;;anspornen;stimuler, aiguillonner;to spur on, to motivate;Der Wettbewerb spornt beide an.;La compétition stimule les deux.;The competition spurs both of them on.
verbe;C1;;lähmen;paralyser;to paralyse;Die Angst vor Fehlern lähmt das ganze Team.;La peur de l'erreur paralyse toute l'équipe.;Fear of mistakes paralyses the whole team.
verbe;C1;;vereiteln;faire échouer, déjouer;to thwart, to foil;Ein Zufall vereitelt den Plan.;Un hasard fait échouer le plan.;A coincidence thwarts the plan.
verbe;C1;;durchkreuzen;contrecarrer;to cross, to foil;Der Regen durchkreuzt unsere Pläne.;La pluie contrecarre nos plans.;The rain crosses our plans.
verbe;C1;;zunichtemachen;réduire à néant;to destroy, to wreck;Ein Satz macht die ganze Arbeit zunichte.;Une phrase réduit tout le travail à néant.;One sentence wrecks all the work.
verbe;C1;;misslingen;rater, échouer;to fail, to go wrong;Der Versuch misslingt beim ersten Mal fast immer.;La tentative rate presque toujours la première fois.;The attempt almost always fails the first time.
verbe;C1;;straucheln;trébucher, vaciller;to stumble, to falter;Auch erfahrene Firmen straucheln manchmal.;Même des entreprises expérimentées vacillent parfois.;Even experienced firms sometimes stumble.
verbe;C1;;fruchten;porter ses fruits, servir à quelque chose;to have an effect, to pay off;Alle Ermahnungen fruchten nichts.;Toutes les remontrances ne servent à rien.;All the warnings have no effect.
verbe;C1;;sich amortisieren;amortir, rentabiliser;to pay for itself, to amortize;Die Anlage amortisiert sich in sieben Jahren.;L'installation s'amortit en sept ans.;The system pays for itself in seven years.
verbe;C1;;sich rentieren;être rentable;to be worth it, to pay;Für zwei Wochen rentiert sich der Aufwand nicht.;Pour deux semaines, l'effort n'est pas rentable.;For two weeks the effort is not worth it.
verbe;C1;;abwerfen;rapporter (un rendement);to yield, to bring in;Die Anlage wirft kaum Zinsen ab.;Le placement ne rapporte presque pas d'intérêts.;The investment yields hardly any interest.
verbe;C1;;erwirtschaften;dégager (un bénéfice), générer;to generate, to earn;Der Betrieb erwirtschaftet einen kleinen Überschuss.;L'entreprise dégage un léger excédent.;The business generates a small surplus.
verbe;C1;;verwarnen;avertir officiellement;to caution, to warn officially;Der Schiedsrichter verwarnt den Spieler.;L'arbitre avertit le joueur.;The referee cautions the player.
verbe;C1;;mahnen;rappeler à l'ordre, relancer (un paiement);"to admonish; to send a reminder";Die Stadtwerke mahnen nach vier Wochen.;Les services municipaux relancent au bout de quatre semaines.;The utility sends a reminder after four weeks.
verbe;C1;;nachverhandeln;renégocier;to renegotiate;Über den Preis müssen wir noch einmal nachverhandeln.;Nous devons renégocier le prix.;We have to renegotiate the price.
verbe;C1;;sichten;"trier, passer en revue ; apercevoir";"to sift through; to sight";Wir sichten zuerst das gesamte Material.;Nous passons d'abord tout le matériel en revue.;First we sift through all the material.
verbe;C1;;sondieren;sonder, tâter le terrain;to sound out, to explore;Beide Seiten sondieren zunächst die Lage.;Les deux camps sondent d'abord le terrain.;Both sides first sound out the situation.
verbe;C1;;eruieren;établir, déterminer;to ascertain;Wir eruieren noch, wer zuständig ist.;Nous cherchons encore à établir qui est compétent.;We are still ascertaining who is responsible.
verbe;C1;;recherchieren;enquêter, faire des recherches;to research, to investigate;Zwei Reporter recherchieren über den Skandal.;Deux reporters enquêtent sur le scandale.;Two reporters are researching the scandal.
verbe;C1;;zusammentragen;rassembler, compiler;to compile, to gather;Wir tragen alle Belege zusammen.;Nous rassemblons tous les justificatifs.;We are gathering all the receipts.
verbe;C1;;bündeln;regrouper, mutualiser;to bundle, to pool;Die Gemeinden bündeln ihre Einkäufe.;Les communes regroupent leurs achats.;The municipalities pool their purchasing.
verbe;C1;;straffen;resserrer, alléger;to tighten up, to streamline;Wir straffen den Ablauf um zwanzig Minuten.;Nous resserrons le déroulement de vingt minutes.;We are tightening the schedule by twenty minutes.
verbe;C1;;ausweiten;étendre, élargir;to expand, to extend;Die Firma weitet ihr Angebot aus.;L'entreprise élargit son offre.;The company is expanding its range.
verbe;C1;;aufstocken;augmenter, renforcer (un effectif);to increase, to top up;Wir stocken das Team um zwei Stellen auf.;Nous renforçons l'équipe de deux postes.;We are increasing the team by two positions.
verbe;C1;;drosseln;réduire, brider;to throttle back, to cut;Ab Mitternacht drosselt der Anbieter die Geschwindigkeit.;À partir de minuit, le fournisseur bride la vitesse.;From midnight the provider throttles the speed.
verbe;C1;;zurückfahren;réduire progressivement;to scale back;Der Betrieb fährt die Schichten zurück.;L'usine réduit les équipes.;The plant is scaling back shifts.
verbe;C1;;umschichten;réaffecter, redéployer;to reallocate, to shift;Wir schichten Mittel von A nach B um.;Nous réaffectons des moyens de A vers B.;We are reallocating funds from A to B.
verbe;C1;;zweckentfremden;détourner de sa destination;to misappropriate, to use for other purposes;Man zweckentfremdet den Raum als Lager.;On détourne la salle en entrepôt.;The room is being used as a store instead.
verbe;C1;;wegfallen;disparaître, être supprimé;to be dropped, to cease to apply;Mit der neuen Regel fällt die Gebühr weg.;Avec la nouvelle règle, la taxe disparaît.;With the new rule the fee is dropped.
verbe;C1;;anfallen;survenir, se produire (des frais);to arise, to accrue;Zusätzliche Kosten fallen nicht an.;Aucun frais supplémentaire ne survient.;No additional costs arise.
verbe;C1;;zustehen;revenir de droit à;to be entitled to;Ihr stehen dreißig Urlaubstage zu.;Elle a droit à trente jours de congé.;She is entitled to thirty days' leave.
verbe;C1;;zukommen;revenir à, incomber;to fall to, to be due to;Diese Aufgabe kommt der Gemeinde zu.;Cette tâche incombe à la commune.;This task falls to the municipality.
verbe;C1;;unterbleiben;ne pas avoir lieu, être omis;to be omitted, not to take place;Eine Begründung unterbleibt in der Regel.;Une justification est généralement omise.;A justification is usually omitted.
verbe;C1;;ausbleiben;ne pas se produire, faire défaut;to fail to materialize;Der erhoffte Erfolg bleibt aus.;Le succès espéré ne vient pas.;The hoped-for success fails to materialize.
verbe;C1;;eintreffen;arriver, se réaliser;"to arrive; to come true";Die Lieferung trifft am Dienstag ein.;La livraison arrive mardi.;The delivery arrives on Tuesday.
verbe;C1;;gebühren;revenir de droit, être dû;to be due to;Ihm gebührt der Dank aller.;Les remerciements de tous lui reviennent.;The thanks of everyone are due to him.
verbe;C1;;abspecken;alléger, dégraisser;to slim down, to trim;Wir specken das Programm ab.;Nous allégeons le programme.;We are slimming down the programme.
verbe;C1;;beipflichten;abonder dans le sens de, approuver;to agree with, to concur;Da kann ich ihr nur beipflichten.;Là, je ne peux que l'approuver.;There I can only agree with her.
verbe;C1;;entgegnen;répliquer, rétorquer;to retort, to reply;Darauf entgegnet sie nur einen Satz.;Elle n'y réplique qu'une phrase.;To that she replies with just one sentence.
verbe;C1;;entgegensetzen;opposer (un argument);to counter with, to set against;Dem hat er nichts entgegenzusetzen.;Il n'a rien à y opposer.;He has nothing to counter that with.
verbe;C1;;aufbegehren;se rebeller, s'insurger;to rebel, to protest;Die Belegschaft begehrt gegen den Plan auf.;Le personnel s'insurge contre le plan.;The workforce is rebelling against the plan.
verbe;C1;;protestieren;protester;to protest;Zweihundert Menschen protestieren vor dem Rathaus.;Deux cents personnes protestent devant la mairie.;Two hundred people are protesting outside the town hall.
verbe;C1;;zaudern;hésiter, tergiverser;to hesitate, to dither;Wer zaudert, verliert hier den Platz.;Qui hésite perd sa place ici.;Whoever dithers loses their place here.
verbe;C1;;umschwenken;changer de cap, virer;to change tack, to switch;Nach der Kritik schwenkt die Partei um.;Après les critiques, le parti change de cap.;After the criticism the party changes tack.
verbe;C1;;umdenken;changer sa façon de penser;to rethink, to change one's mindset;Hier müssen wir grundsätzlich umdenken.;Ici, il nous faut repenser fondamentalement.;Here we have to rethink from the ground up.
verbe;C1;;nachempfinden;comprendre par empathie, se représenter;to empathize with, to relate to;Das kann ich gut nachempfinden.;Je peux tout à fait le comprendre.;I can readily relate to that.
verbe;C1;;mitfühlen;compatir;to sympathize, to feel for;Ich fühle mit dir.;Je compatis avec toi.;I feel for you.
verbe;C1;;verinnerlichen;intérioriser, s'approprier;to internalize;Die Regel muss man verinnerlichen, nicht auswendig lernen.;La règle doit être intériorisée, pas apprise par cœur.;The rule has to be internalized, not memorized.
verbe;C1;;sich einprägen;graver dans la mémoire;to memorize, to imprint;Ein Bild prägt sich besser ein als eine Liste.;Une image se grave mieux qu'une liste.;A picture sticks better than a list.
verbe;C1;;auffrischen;rafraîchir (des connaissances);to brush up, to refresh;Vor der Reise frische ich mein Spanisch auf.;Avant le voyage, je rafraîchis mon espagnol.;Before the trip I am brushing up my Spanish.
verbe;C1;;pauken;bachoter, potasser;to cram, to swot;Er paukt seit einer Woche Vokabeln.;Il potasse du vocabulaire depuis une semaine.;He has been cramming vocabulary for a week.
verbe;C1;;büffeln;bûcher, bosser (des révisions);to swot, to grind away;Am Wochenende büffeln wir Grammatik.;Le week-end, on bûche la grammaire.;At the weekend we grind away at grammar.
verbe;C1;;erlernen;apprendre (un métier, une langue);to learn, to acquire;Eine Sprache erlernt man nicht in einem Sommer.;On n'apprend pas une langue en un été.;You do not learn a language in one summer.
verbe;C1;;vertiefen;approfondir;to deepen, to go deeper into;Im dritten Jahr vertiefen wir das Thema.;En troisième année, nous approfondissons le sujet.;In the third year we go deeper into the topic.
verbe;C1;;verfeinern;affiner, raffiner;to refine;Wir verfeinern das Verfahren Schritt für Schritt.;Nous affinons le procédé pas à pas.;We refine the process step by step.
verbe;C1;;auskundschaften;explorer, aller reconnaître;to scout out, to reconnoitre;Wir kundschaften die Strecke vorher aus.;Nous allons reconnaître le trajet à l'avance.;We scout out the route beforehand.
verbe;C1;;zuspielen;"faire parvenir (discrètement) ; passer";"to leak to; to pass (a ball)";Jemand spielt der Presse Dokumente zu.;Quelqu'un fait parvenir des documents à la presse.;Someone is leaking documents to the press.
verbe;C1;;erlahmen;s'essouffler, retomber;to flag, to peter out;Nach zwei Monaten erlahmt das Interesse.;Au bout de deux mois, l'intérêt retombe.;After two months interest flags.
verbe;C1;;umwidmen;réaffecter (un lieu, un fonds);to repurpose, to redesignate;Die Stadt widmet die Halle zur Turnhalle um.;La ville réaffecte le hall en gymnase.;The city is repurposing the hall as a gym.
verbe;C1;;sicherstellen;"garantir, s'assurer de ; saisir";"to ensure; to seize";Wir stellen sicher, dass niemand vergessen wird.;Nous nous assurons que personne n'est oublié.;We ensure that nobody is forgotten.
verbe;C1;;bewilligen;accorder, allouer;to grant, to approve;Der Rat bewilligt die Mittel für zwei Jahre.;Le conseil accorde les moyens pour deux ans.;The council grants the funds for two years.
verbe;C1;;verweigern;refuser (de donner);to refuse, to deny;Er verweigert die Aussage.;Il refuse de témoigner.;He refuses to testify.
verbe;C1;;dulden;tolérer, souffrir;to tolerate, to put up with;Die Sache duldet keinen Aufschub.;L'affaire ne souffre aucun report.;The matter brooks no delay.
verbe;C1;;billigen;approuver, donner son aval;to approve of, to sanction;Der Ausschuss billigt den Entwurf.;La commission approuve le projet.;The committee approves the draft.
verbe;C1;;missbilligen;désapprouver;to disapprove of;Der Vorstand missbilligt dieses Vorgehen.;Le comité désapprouve cette manière de faire.;The board disapproves of this course of action.
verbe;C1;;ahnden;sanctionner, réprimer;to penalize, to punish;Verstöße werden mit einem Bußgeld geahndet.;Les infractions sont sanctionnées par une amende.;Violations are penalized with a fine.
verbe;C1;;sanktionieren;sanctionner;to sanction, to penalize;Die Liga sanktioniert das Foul mit einer Sperre.;La ligue sanctionne la faute par une suspension.;The league sanctions the foul with a ban.
verbe;C1;;auszeichnen;distinguer, récompenser;to award, to distinguish;Die Stadt zeichnet jedes Jahr drei Projekte aus.;La ville récompense chaque année trois projets.;The city gives awards to three projects a year.
verbe;C1;;würdigen;saluer, rendre hommage à;to acknowledge, to pay tribute to;Der Nachruf würdigt vor allem ihre Beharrlichkeit.;La nécrologie salue avant tout sa ténacité.;The obituary pays tribute above all to her tenacity.
verbe;C1;;sich anbahnen;amorcer, s'esquisser;"to initiate; to be in the offing";Da bahnt sich eine Lösung an.;Une solution s'esquisse là.;A solution is in the offing there.
verbe;C1;;bevorstehen;être imminent;to lie ahead, to be imminent;Uns steht ein schwieriger Winter bevor.;Un hiver difficile nous attend.;A difficult winter lies ahead of us.
verbe;C1;;heraufziehen;s'annoncer (orage, crise);to gather, to loom;Im Westen zieht ein Gewitter herauf.;À l'ouest, un orage s'annonce.;A storm is gathering in the west.
verbe;C1;;abflauen;faiblir, retomber;to ease off, to die down;Der Wind flaut gegen Abend ab.;Le vent faiblit vers le soir.;The wind eases off towards evening.
verbe;C1;;abtasten;palper, tâter, explorer;to feel out, to scan;In der ersten Runde tasten sich beide ab.;Au premier round, les deux se tâtent.;In the first round both feel each other out.
verbe;C1;;hochfahren;monter en puissance, démarrer;to ramp up, to boot;Die Produktion wird schrittweise hochgefahren.;La production monte en puissance progressivement.;Production is being ramped up gradually.
verbe;C1;;zufallen;revenir à, échoir;to fall to, to go to;Diese Rolle fällt meist den Jüngsten zu.;Ce rôle échoit le plus souvent aux plus jeunes.;This role usually falls to the youngest.
verbe;C1;;bezuschussen;subventionner;to subsidize;Das Land bezuschusst den Umbau zur Hälfte.;Le Land subventionne les travaux pour moitié.;The state subsidizes half of the conversion.
verbe;C1;;unterwandern;noyauter, infiltrer;to infiltrate;Die Ausnahmen unterwandern die Regel.;Les exceptions minent la règle.;The exceptions undermine the rule.
verbe;C1;;ausschmücken;enjoliver, broder;to embellish;Er schmückt jede Geschichte aus.;Il enjolive chaque histoire.;He embellishes every story.
verbe;C1;;anzweifeln;mettre en doute;to cast doubt on, to question;Niemand zweifelt seine Kompetenz an.;Personne ne met en doute sa compétence.;Nobody questions his competence.
verbe;C1;;erhärten;corroborer, confirmer;to substantiate, to harden;Neue Funde erhärten den Verdacht.;De nouvelles découvertes corroborent le soupçon.;New findings substantiate the suspicion.
verbe;C1;;hervorbringen;produire, engendrer;to produce, to bring forth;Die Region bringt seit je gute Winzer hervor.;La région produit depuis toujours de bons vignerons.;The region has always produced good winemakers.
verbe;C1;;zeitigen;produire (un résultat);to yield, to produce;Die Maßnahme zeitigt erste Erfolge.;La mesure produit ses premiers succès.;The measure is yielding its first successes.
verbe;C1;;durchschlagen;se répercuter, se faire sentir;to feed through, to show through;Höhere Löhne schlagen auf die Preise durch.;Des salaires plus élevés se répercutent sur les prix.;Higher wages feed through to prices.
verbe;C1;;abfärben;déteindre (au propre et au figuré);to rub off on;Seine Gelassenheit färbt auf das ganze Team ab.;Son calme déteint sur toute l'équipe.;His calm rubs off on the whole team.
verbe;C1;;übergreifen;s'étendre, gagner;to spread to;Das Feuer greift auf den Nachbarhof über.;Le feu gagne la ferme voisine.;The fire spreads to the neighbouring farm.
verbe;C1;;ausstrahlen;rayonner, diffuser;"to radiate; to broadcast";Sie strahlt eine große Ruhe aus.;Elle dégage un grand calme.;She radiates great calm.
verbe;C1;;festschreiben;inscrire, graver dans un texte;to enshrine, to fix;Der Vertrag schreibt den Preis für zwei Jahre fest.;Le contrat fixe le prix pour deux ans.;The contract fixes the price for two years.
verbe;C1;;zementieren;figer, bétonner;to cement, to entrench;Die Reform zementiert die alten Verhältnisse.;La réforme fige les anciens rapports.;The reform entrenches the old arrangements.
verbe;C1;;aufweichen;assouplir, amollir;to soften, to water down;Die Ausnahmen weichen die Regel auf.;Les exceptions assouplissent la règle.;The exceptions water the rule down.
verbe;C1;;lockern;assouplir, desserrer;to loosen, to relax;Ab Mai lockert das Land die Regeln.;À partir de mai, le pays assouplit les règles.;From May the country relaxes the rules.
verbe;C1;;nachjustieren;réajuster;to readjust, to fine-tune;Nach dem Test justieren wir nach.;Après le test, nous réajustons.;After the test we fine-tune.
verbe;C1;;nachbessern;corriger, reprendre;to rectify, to touch up;Der Handwerker muss kostenlos nachbessern.;L'artisan doit reprendre le travail gratuitement.;The tradesman has to rectify it free of charge.
verbe;C1;;fälschen;falsifier, contrefaire;to forge, to falsify;Er fälscht die Unterschrift seines Vaters.;Il falsifie la signature de son père.;He forges his father's signature.
verbe;C1;;tarnen;camoufler, masquer;to camouflage, to disguise;Die Gebühr tarnt sich als Servicepauschale.;La taxe se camoufle en forfait de service.;The fee is disguised as a service charge.
verbe;C1;;bohren;"insister lourdement ; percer";"to press, to keep digging; to drill";Sie bohrt so lange, bis er antwortet.;Elle insiste jusqu'à ce qu'il réponde.;She keeps pressing until he answers.
verbe;C1;;abklopfen;sonder, passer en revue;to test, to sound out;Wir klopfen jede Annahme einzeln ab.;Nous sondons chaque hypothèse une à une.;We test every assumption one by one.
verbe;C1;;überhandnehmen;prendre le dessus, proliférer;to get out of hand, to become rampant;Die Beschwerden nehmen überhand.;Les plaintes prennent le dessus.;The complaints are getting out of hand.
verbe;C1;;einreißen;"s'installer (une mauvaise habitude) ; démolir";"to creep in; to tear down";Diese Nachlässigkeit reißt langsam ein.;Cette négligence s'installe peu à peu.;This carelessness is slowly creeping in.
verbe;C1;;abebben;refluer, retomber;to ebb away, to subside;Die Empörung ebbt nach drei Tagen ab.;L'indignation retombe au bout de trois jours.;The outrage subsides after three days.
verbe;C1;;nachziehen;emboîter le pas, suivre;to follow suit;Wenn einer die Preise senkt, ziehen alle nach.;Si l'un baisse ses prix, tous emboîtent le pas.;If one cuts prices, all follow suit.
verbe;C1;;gleichziehen;revenir à égalité, rattraper;to draw level, to catch up;Kurz vor Schluss zieht die Mannschaft gleich.;Peu avant la fin, l'équipe revient à égalité.;Shortly before the end the team draws level.
verbe;C1;;aufholen;combler un retard;to catch up, to make up ground;Er holt zwei Sekunden pro Runde auf.;Il reprend deux secondes par tour.;He gains two seconds a lap.
verbe;C1;;zurückfallen;décrocher, retomber;to fall back, to slip behind;Ohne Investitionen fällt die Region zurück.;Sans investissements, la région décroche.;Without investment the region falls behind.
verbe;C1;;dominieren;dominer;to dominate;Zwei Anbieter dominieren den Markt.;Deux fournisseurs dominent le marché.;Two providers dominate the market.
verbe;C1;;ablösen;remplacer, relayer;to replace, to relieve;Um zwei Uhr löst sie den Kollegen ab.;À deux heures, elle relaie le collègue.;At two she relieves her colleague.
verbe;C1;;nachfolgen;succéder à;to succeed, to follow;Wer folgt ihr im Amt nach?;Qui lui succède à ce poste ?;Who succeeds her in office?
verbe;C1;;beerben;hériter de, prendre la succession de;to inherit from, to succeed;Die Tochter beerbt den Betrieb.;La fille hérite de l'entreprise.;The daughter inherits the business.
verbe;C1;;fortdauern;persister, se prolonger;to continue, to persist;Der Streit dauert seit Jahren fort.;Le conflit persiste depuis des années.;The dispute has persisted for years.
verbe;C1;;fortbestehen;subsister, continuer d'exister;to continue to exist, to remain;Die Regel besteht bis heute fort.;La règle subsiste jusqu'à aujourd'hui.;The rule remains in force to this day.
verbe;C1;;überdauern;survivre à, traverser le temps;to outlast, to survive;Der Bau überdauert alle seine Erbauer.;L'édifice survit à tous ses bâtisseurs.;The building outlasts all its builders.
verbe;C1;;fortführen;poursuivre, reprendre le flambeau;to carry on, to continue;Sie führt die Praxis ihres Vaters fort.;Elle poursuit le cabinet de son père.;She carries on her father's practice.
verbe;C1;;wiederaufnehmen;reprendre (une activité, un dossier);to resume, to reopen;Das Gericht nimmt das Verfahren wieder auf.;Le tribunal rouvre la procédure.;The court reopens the proceedings.
verbe;C1;;ruhen;être suspendu, reposer;"to be suspended; to rest";Das Verfahren ruht bis zum Gutachten.;La procédure est suspendue jusqu'à l'expertise.;The proceedings are suspended pending the report.
verbe;C1;;naheliegen;aller de soi, s'imposer;to be obvious, to suggest itself;Dieser Verdacht liegt nahe.;Ce soupçon s'impose.;This suspicion is an obvious one.
verbe;C1;;einleuchten;paraître évident, convaincre;to make sense, to be plausible;Das leuchtet mir nicht ein.;Cela ne me paraît pas évident.;That does not make sense to me.
verbe;C1;;befremden;déconcerter, choquer;to disconcert, to put off;Sein Ton befremdet mich.;Son ton me déconcerte.;His tone disconcerts me.
verbe;C1;;verwundern;étonner;to surprise, to astonish;Das Ergebnis verwundert kaum jemanden.;Le résultat n'étonne presque personne.;The result surprises hardly anyone.
verbe;C1;;verblüffen;stupéfier, épater;to amaze, to astound;Die einfache Lösung verblüfft alle.;La solution simple stupéfie tout le monde.;The simple solution amazes everyone.
verbe;C1;;bestürzen;consterner, bouleverser;to dismay, to shock;Die Nachricht bestürzt die ganze Belegschaft.;La nouvelle consterne tout le personnel.;The news dismays the entire workforce.
verbe;C1;;aufwühlen;remuer, bouleverser;to stir up, to unsettle deeply;Der Film wühlt auf und tröstet nicht.;Le film remue et ne console pas.;The film stirs you up and offers no comfort.
verbe;C1;;beschwichtigen;apaiser, calmer les esprits;to placate, to appease;Die Leitung versucht zu beschwichtigen.;La direction tente d'apaiser.;The management is trying to placate.
verbe;C1;;besänftigen;adoucir, calmer;to soothe, to mollify;Ein Wort genügt, um ihn zu besänftigen.;Un mot suffit à le calmer.;One word is enough to mollify him.
verbe;C1;;aufmuntern;remonter le moral;to cheer up;Ein Anruf muntert manchmal mehr auf als ein Rat.;Un appel remonte parfois plus le moral qu'un conseil.;A phone call sometimes cheers you up more than advice.
verbe;C1;;zerstreuen;"dissiper (des doutes) ; distraire";"to dispel; to divert";Der Blick in die Akte zerstreut jeden Zweifel.;Un coup d'œil au dossier dissipe tout doute.;A look at the file dispels every doubt.
verbe;C1;;mitwirken;participer, collaborer;to take part, to contribute;An dem Band wirken zwölf Autoren mit.;Douze auteurs collaborent à ce volume.;Twelve authors contribute to the volume.
verbe;C1;;mitgestalten;contribuer à façonner;to help shape;Die Schüler gestalten den Raum mit.;Les élèves contribuent à aménager la salle.;The pupils help shape the room.
verbe;C1;;mitreden;avoir voix au chapitre;to have a say;Bei dieser Frage wollen alle mitreden.;Sur cette question, tous veulent avoir voix au chapitre.;On this question everyone wants a say.
verbe;C1;;mitbestimmen;codécider, participer aux décisions;to have a say in, to co-determine;Der Betriebsrat bestimmt bei Einstellungen mit.;Le comité d'entreprise codécide des embauches.;The works council has a say in hiring.
verbe;C1;;betrauen;charger de, confier une mission;to entrust with;Man betraut sie mit der Leitung.;On lui confie la direction.;She is being entrusted with the leadership.
verbe;C1;;abstellen;"détacher (du personnel) ; arrêter";"to second; to switch off";Man stellt zwei Leute für das Projekt ab.;On détache deux personnes pour le projet.;Two people are being seconded to the project.
verbe;C1;;bereitstellen;mettre à disposition;to provide, to make available;Das Land stellt die Mittel bereit.;Le Land met les moyens à disposition.;The state provides the funds.
verbe;C1;;zuweisen;attribuer, assigner;to allocate, to assign;Die Schule weist jedem Kind einen Platz zu.;L'école attribue une place à chaque enfant.;The school allocates a place to every child.
verbe;C1;;zuteilen;répartir, allouer;to allot, to apportion;Der Verband teilt die Startplätze zu.;La fédération répartit les places de départ.;The association allots the starting places.
verbe;C1;;entsenden;déléguer, envoyer (officiellement);to send, to dispatch;Die Stadt entsendet zwei Vertreter.;La ville délègue deux représentants.;The city sends two representatives.
verbe;C1;;abordnen;détacher (un agent);to second, to delegate;Zwei Beamte werden ins Ministerium abgeordnet.;Deux fonctionnaires sont détachés au ministère.;Two officials are being seconded to the ministry.
verbe;C1;;umreißen;esquisser à grands traits;to outline;Er umreißt das Problem in drei Sätzen.;Il esquisse le problème en trois phrases.;He outlines the problem in three sentences.
verbe;C1;;skizzieren;esquisser, ébaucher;to sketch, to outline;Sie skizziert den Ablauf auf einer Serviette.;Elle esquisse le déroulement sur une serviette.;She sketches the sequence on a napkin.
verbe;C1;;ausformulieren;rédiger en toutes lettres;to write out in full;Die Stichpunkte müssen noch ausformuliert werden.;Les notes doivent encore être rédigées en toutes lettres.;The notes still have to be written out in full.
verbe;C1;;redigieren;réviser, mettre au point (un texte);to edit;Zwei Kolleginnen redigieren den Beitrag.;Deux collègues révisent l'article.;Two colleagues edit the piece.
verbe;C1;;lektorieren;relire et corriger (un manuscrit);to copy-edit, to proofread;Der Verlag lektoriert jedes Manuskript zweimal.;L'éditeur relit chaque manuscrit deux fois.;The publisher copy-edits every manuscript twice.
verbe;C1;;einfügen;insérer, intégrer;to insert;Wir fügen an dieser Stelle einen Absatz ein.;Nous insérons un paragraphe à cet endroit.;We are inserting a paragraph at this point.
verbe;C1;;umstellen;réorganiser, permuter;to rearrange, to switch over;Wir stellen die beiden Kapitel um.;Nous intervertissons les deux chapitres.;We are swapping the two chapters round.
verbe;C1;;betiteln;intituler;to title, to entitle;Wie betiteln wir das Kapitel?;Comment intitulons-nous le chapitre ?;How shall we title the chapter?
verbe;C1;;beschriften;étiqueter, annoter;to label, to caption;Alle Kisten sind beschriftet.;Toutes les caisses sont étiquetées.;All the boxes are labelled.
verbe;C1;;nummerieren;numéroter;to number;Bitte nummerieren Sie die Seiten fortlaufend.;Veuillez numéroter les pages en continu.;Please number the pages consecutively.
verbe;C1;;verweisen;"renvoyer à ; expulser";"to refer to; to expel";Der Text verweist auf drei ältere Studien.;Le texte renvoie à trois études plus anciennes.;The text refers to three older studies.
verbe;C1;;sich zurechtfinden;s'orienter, se repérer;to find one's way around;In der neuen Software findet sich niemand zurecht.;Personne ne se repère dans le nouveau logiciel.;Nobody can find their way around the new software.
verbe;C1;;sich verirren;s'égarer;to get lost;Im Nebel verirrt man sich schnell.;Dans le brouillard, on s'égare vite.;In fog you get lost quickly.
verbe;C1;;abkommen;s'écarter, dévier;to stray from, to depart from;Wir kommen vom Thema ab.;Nous nous écartons du sujet.;We are straying from the topic.
verbe;C1;;umkehren;faire demi-tour, inverser;to turn back, to reverse;Bei diesem Wetter kehren wir um.;Par ce temps, nous faisons demi-tour.;In this weather we turn back.
verbe;C1;;überschreiten;dépasser, franchir;to exceed, to cross;Die Kosten überschreiten den Voranschlag deutlich.;Les coûts dépassent nettement le devis.;The costs clearly exceed the estimate.
verbe;C1;;unterschreiten;rester en dessous de;to fall below;Der Wert unterschreitet den Grenzwert deutlich.;La valeur reste nettement sous la limite.;The value falls clearly below the limit.
verbe;C1;;verfehlen;manquer, rater;to miss, to fall short of;Die Kampagne verfehlt ihr Ziel.;La campagne manque son but.;The campaign misses its target.
verbe;C1;;durchstehen;tenir jusqu'au bout, traverser;to get through, to see through;Diese Woche stehen wir auch noch durch.;Cette semaine aussi, nous tiendrons le coup.;We will get through this week as well.
verbe;C1;;überstehen;surmonter, survivre à;to survive, to come through;Der Baum übersteht auch harte Winter.;L'arbre survit même aux hivers rudes.;The tree survives even hard winters.
verbe;C1;;wegstecken;encaisser sans broncher;to shrug off, to take in one's stride;Kritik steckt er erstaunlich gut weg.;Il encaisse la critique étonnamment bien.;He takes criticism in his stride remarkably well.
verbe;C1;;verkraften;supporter, digérer (un coup dur);to cope with, to handle;Ein weiterer Ausfall ist nicht zu verkraften.;Une panne de plus serait insupportable.;Another failure could not be handled.
verbe;C1;;meistern;maîtriser, venir à bout de;to master, to handle successfully;Sie meistert schwierige Gespräche mit Ruhe.;Elle maîtrise les conversations difficiles avec calme.;She handles difficult conversations calmly.
verbe;C1;;schultern;prendre sur ses épaules, assumer;to shoulder;Die Kosten schultert am Ende die Gemeinde.;Les coûts sont finalement assumés par la commune.;In the end the municipality shoulders the costs.
verbe;C1;;stemmen;soulever, assumer (une charge);to shoulder, to manage;Diese Summe stemmt der Verein nicht.;L'association ne peut pas assumer cette somme.;The association cannot manage that sum.
verbe;C1;;sich durchbeißen;s'accrocher, serrer les dents;to tough it out;Die ersten Monate muss man sich durchbeißen.;Les premiers mois, il faut serrer les dents.;You have to tough out the first months.
verbe;C1;;anpacken;"mettre la main à la pâte ; empoigner";"to get stuck in; to tackle";Hier packt jeder mit an.;Ici, chacun met la main à la pâte.;Here everyone gets stuck in.
verbe;C1;;sich verzetteln;s'éparpiller, se disperser;to spread oneself too thin;Man verzettelt sich leicht bei so vielen Ideen.;On s'éparpille facilement avec autant d'idées.;It is easy to spread yourself thin with so many ideas.
verbe;C1;;abschweifen;digresser, s'éloigner du sujet;to digress;Entschuldigung, ich schweife ab.;Pardon, je m'écarte du sujet.;Sorry, I am digressing.
verbe;C1;;ausschweifen;s'étendre à l'excès;to ramble, to be long-winded;In der Einleitung schweift er zu weit aus.;Dans l'introduction, il s'étend trop.;In the introduction he rambles too far.
verbe;C1;;klarstellen;mettre les choses au clair;to make clear, to clarify;Ich möchte eines klarstellen.;Je voudrais mettre une chose au clair.;I would like to make one thing clear.
verbe;C1;;richtigstellen;rectifier, corriger publiquement;to correct, to set straight;Die Zeitung stellt die Zahl richtig.;Le journal rectifie le chiffre.;The paper corrects the figure.
verbe;C1;;präzisieren;préciser;to specify, to make more precise;Können Sie das präzisieren?;Pouvez-vous préciser cela ?;Could you be more precise about that?
verbe;C1;;erläutern;expliciter, commenter;to explain, to expound;Der Anhang erläutert jede Position einzeln.;L'annexe explicite chaque poste séparément.;The appendix explains every item separately.
verbe;C1;;umschreiben;paraphraser, contourner par une périphrase;to paraphrase, to describe indirectly;Wenn dir das Wort fehlt, umschreib es.;Si le mot te manque, contourne-le.;If the word escapes you, describe it another way.
verbe;C1;;paraphrasieren;paraphraser;to paraphrase;Zitieren Sie oder paraphrasieren Sie, aber nennen Sie die Quelle.;Citez ou paraphrasez, mais nommez la source.;Quote or paraphrase, but name the source.
verbe;C1;;abkürzen;abréger, raccourcir;to shorten, to cut short;Wir kürzen die Sitzung ab.;Nous écourtons la séance.;We are cutting the meeting short.
verbe;C1;;befinden;juger, estimer (qch);to deem, to judge;Der Ausschuss befindet den Plan für gut.;La commission juge le plan bon.;The committee deems the plan good.
verbe;C1;;einigen;unifier, réunir (qn, qch);to unite;Ein gemeinsames Ziel einigt die Gruppe.;Un but commun unit le groupe.;A shared goal unites the group.
