niveau;infinitif;traduction;regime;preposition;sans_complement;reflechi;temps;phrase_de;phrase_fr;phrase_en
A1;sein;être;Nominativ;;;;Präsens;Ich bin Student.;Je suis étudiant.;I am a student.
A1;sein;être;Nominativ;;;;Perfekt;Ich bin Student gewesen.;J'ai été étudiant.;I have been a student.
A1;sein;être;Nominativ;;;;Präteritum;Ich war Lehrer.;J'étais professeur.;I was a teacher.
A1;sein;être;Nominativ;;;;Konjunktiv II;Ich wäre gern Lehrer.;J'aimerais bien être professeur.;I would like to be a teacher.
A1;haben;avoir;Akkusativ;;;;Präsens;Ich habe einen Bruder.;J'ai un frère.;I have a brother.
A1;haben;avoir;Akkusativ;;;;Perfekt;Ich habe schon zwei Kaffees gehabt.;J'ai déjà eu deux cafés.;I've already had two coffees.
A1;haben;avoir;Akkusativ;;;;Präteritum;Ich hatte gestern keine Zeit.;Je n'avais pas le temps hier.;I had no time yesterday.
A1;haben;avoir;Akkusativ;;;;Konjunktiv II;Wenn ich mehr Zeit hätte, würde ich öfter kochen.;Si j'avais plus de temps, je cuisinerais plus souvent.;If I had more time, I would cook more often.
A1;werden;devenir;Nominativ;;;;Präsens;Ich werde Lehrer.;Je vais devenir professeur.;I am going to become a teacher.
A1;werden;devenir;Nominativ;;;;Perfekt;Ich bin Lehrer geworden.;Je suis devenu professeur.;I became a teacher.
A1;werden;devenir;Nominativ;;;;Präteritum;Er wurde letztes Jahr Vater.;Il est devenu père l'année dernière.;He became a father last year.
A1;werden;devenir;Nominativ;;;;Konjunktiv II;Ich würde gern Lehrer werden.;J'aimerais bien devenir professeur.;I would like to become a teacher.
A1;können;pouvoir;;;oui;;Präsens;Ich kann gut schwimmen.;Je sais bien nager.;I can swim well.
A1;können;pouvoir;;;oui;;Perfekt;Ich habe das Problem lösen können.;J'ai pu résoudre le problème.;I was able to solve the problem.
A1;können;pouvoir;;;oui;;Präteritum;Ich konnte als Kind gut schwimmen.;Enfant, je savais bien nager.;I could swim well as a child.
A1;können;pouvoir;;;oui;;Konjunktiv II;Ich könnte dir helfen, wenn ich Zeit hätte.;Je pourrais t'aider si j'avais le temps.;I could help you if I had time.
A1;müssen;devoir;;;oui;;Präsens;Ich muss jetzt gehen.;Je dois y aller maintenant.;I have to go now.
A1;müssen;devoir;;;oui;;Perfekt;Ich habe früh aufstehen müssen.;J'ai dû me lever tôt.;I had to get up early.
A1;müssen;devoir;;;oui;;Präteritum;Ich musste gestern arbeiten.;J'ai dû travailler hier.;I had to work yesterday.
A1;müssen;devoir;;;oui;;Konjunktiv II;Du müsstest früher aufstehen.;Tu devrais te lever plus tôt.;You should get up earlier.
A1;wollen;vouloir;;;oui;;Präsens;Ich will ein Eis.;Je veux une glace.;I want an ice cream.
A1;wollen;vouloir;;;oui;;Perfekt;Ich habe schon immer ein Eis essen wollen.;J'ai toujours voulu manger une glace.;I have always wanted to eat an ice cream.
A1;wollen;vouloir;;;oui;;Präteritum;Ich wollte gestern ins Kino gehen.;Je voulais aller au cinéma hier.;I wanted to go to the cinema yesterday.
A1;wollen;vouloir;;;oui;;Konjunktiv II;Ich wollte, du wärst hier.;J'aimerais que tu sois là.;I wish you were here.
A1;sollen;devoir (être censé);;;oui;;Präsens;Du sollst mehr schlafen.;Tu devrais dormir davantage.;You should sleep more.
A1;sollen;devoir (être censé);;;oui;;Perfekt;Ich habe das nicht sagen sollen.;Je n'étais pas censé dire ça.;I wasn't supposed to say that.
A1;sollen;devoir (être censé);;;oui;;Präteritum;Ich sollte früher kommen.;Je devais venir plus tôt.;I was supposed to come earlier.
A1;sollen;devoir (être censé);;;oui;;Konjunktiv II;Er sollte sich entschuldigen.;Il devrait s'excuser.;He should apologize.
A1;dürfen;avoir le droit de;;;oui;;Präsens;Ich darf heute lange aufbleiben.;J'ai le droit de me coucher tard aujourd'hui.;I'm allowed to stay up late today.
A1;dürfen;avoir le droit de;;;oui;;Perfekt;Ich habe das nicht tun dürfen.;Je n'ai pas eu le droit de faire ça.;I wasn't allowed to do that.
A1;dürfen;avoir le droit de;;;oui;;Präteritum;Ich durfte als Kind spät ins Bett gehen.;Enfant, j'avais le droit de me coucher tard.;As a child, I was allowed to go to bed late.
A1;dürfen;avoir le droit de;;;oui;;Konjunktiv II;Das dürfte richtig sein.;Ça doit être juste.;That should be correct.
A1;mögen;aimer bien;Akkusativ;;;;Präsens;Ich mag Schokolade.;J'aime le chocolat.;I like chocolate.
A1;mögen;aimer bien;Akkusativ;;;;Perfekt;Ich habe Schokolade schon immer gemocht.;J'ai toujours aimé le chocolat.;I have always liked chocolate.
A1;mögen;aimer bien;Akkusativ;;;;Präteritum;Ich mochte als Kind keinen Fisch.;Enfant, je n'aimais pas le poisson.;As a child, I didn't like fish.
A1;mögen;aimer bien;Akkusativ;;;;Konjunktiv II;Ich möchte gern ein Glas Wasser.;Je voudrais bien un verre d'eau.;I would like a glass of water.
A1;machen;faire;Akkusativ;;;;Präsens;Ich mache meine Hausaufgaben.;Je fais mes devoirs.;I do my homework.
A1;machen;faire;Akkusativ;;;;Perfekt;Ich habe meine Hausaufgaben schon gemacht.;J'ai déjà fait mes devoirs.;I have already done my homework.
A1;machen;faire;Akkusativ;;;;Präteritum;Ich machte gestern meine Hausaufgaben.;J'ai fait mes devoirs hier.;I did my homework yesterday.
A1;machen;faire;Akkusativ;;;;Konjunktiv II;Ich würde die Arbeit anders machen.;Je ferais le travail autrement.;I would do the work differently.
A1;gehen;aller;;;oui;;Präsens;Ich gehe jeden Tag spazieren.;Je me promène tous les jours.;I go for a walk every day.
A1;gehen;aller;;;oui;;Perfekt;Ich bin spazieren gegangen.;Je suis allé me promener.;I went for a walk.
A1;gehen;aller;;;oui;;Präteritum;Ich ging gestern spazieren.;Je me suis promené hier.;I went for a walk yesterday.
A1;gehen;aller;;;oui;;Konjunktiv II;Wenn ich Zeit hätte, ginge ich ins Kino.;Si j'avais le temps, j'irais au cinéma.;If I had time, I would go to the cinema.
A1;kommen;venir;;;oui;;Präsens;Ich komme aus Frankreich.;Je viens de France.;I come from France.
A1;kommen;venir;;;oui;;Perfekt;Er ist spät gekommen.;Il est arrivé en retard.;He arrived late.
A1;kommen;venir;;;oui;;Präteritum;Ich kam letztes Jahr nach Deutschland.;Je suis venu en Allemagne l'année dernière.;I came to Germany last year.
A1;kommen;venir;;;oui;;Konjunktiv II;Er käme gern mit, wenn er könnte.;Il viendrait volontiers, s'il le pouvait.;He would gladly come along if he could.
A1;sehen;voir;Akkusativ;;;;Präsens;Ich sehe meine Freunde.;Je vois mes amis.;I see my friends.
A1;sehen;voir;Akkusativ;;;;Perfekt;Ich habe meine Freunde gesehen.;J'ai vu mes amis.;I have seen my friends.
A1;sehen;voir;Akkusativ;;;;Präteritum;Ich sah gestern meine Freunde.;J'ai vu mes amis hier.;I saw my friends yesterday.
A1;sehen;voir;Akkusativ;;;;Konjunktiv II;Ich würde gern meine Freunde sehen.;J'aimerais voir mes amis.;I would like to see my friends.
A1;geben;donner;Akkusativ+Dativ;;;;Präsens;Ich gebe dir mein Buch.;Je te donne mon livre.;I give you my book.
A1;geben;donner;Akkusativ+Dativ;;;;Perfekt;Ich habe dir mein Buch gegeben.;Je t'ai donné mon livre.;I gave you my book.
A1;geben;donner;Akkusativ+Dativ;;;;Präteritum;Ich gab ihm mein Buch.;Je lui ai donné mon livre.;I gave him my book.
A1;geben;donner;Akkusativ+Dativ;;;;Konjunktiv II;Ich würde dir mein Buch geben.;Je te donnerais mon livre.;I would give you my book.
A1;nehmen;prendre;Akkusativ;;;;Präsens;Ich nehme den Bus.;Je prends le bus.;I take the bus.
A1;nehmen;prendre;Akkusativ;;;;Perfekt;Ich habe heute den Bus genommen.;J'ai pris le bus aujourd'hui.;I took the bus today.
A1;nehmen;prendre;Akkusativ;;;;Präteritum;Ich nahm gestern den Bus.;J'ai pris le bus hier.;I took the bus yesterday.
A1;nehmen;prendre;Akkusativ;;;;Konjunktiv II;Ich nähme lieber den Zug.;Je prendrais plutôt le train.;I would rather take the train.
A1;sagen;dire;Akkusativ+Dativ;;;;Präsens;Ich sage dir die Wahrheit.;Je te dis la vérité.;I am telling you the truth.
A1;sagen;dire;Akkusativ+Dativ;;;;Perfekt;Ich habe dir die Wahrheit gesagt.;Je t'ai dit la vérité.;I told you the truth.
A1;sagen;dire;Akkusativ+Dativ;;;;Präteritum;Ich sagte ihm die Wahrheit.;Je lui ai dit la vérité.;I told him the truth.
A1;sagen;dire;Akkusativ+Dativ;;;;Konjunktiv II;Ich würde ihr die Wahrheit sagen.;Je lui dirais la vérité.;I would tell her the truth.
A1;wissen;savoir;Akkusativ;;;;Präsens;Ich weiß die Antwort nicht.;Je ne connais pas la réponse.;I don't know the answer.
A1;wissen;savoir;Akkusativ;;;;Perfekt;Ich habe die Antwort nicht gewusst.;Je ne savais pas la réponse.;I didn't know the answer.
A1;wissen;savoir;Akkusativ;;;;Präteritum;Ich wusste die Antwort nicht.;Je ne savais pas la réponse.;I didn't know the answer.
A1;wissen;savoir;Akkusativ;;;;Konjunktiv II;Ich wüsste gern die Antwort.;J'aimerais bien savoir la réponse.;I would like to know the answer.
A1;finden;trouver;Akkusativ;;;;Präsens;Ich finde den Film gut.;Je trouve le film bien.;I think the movie is good.
A1;finden;trouver;Akkusativ;;;;Perfekt;Ich habe den Film gut gefunden.;J'ai trouvé le film bien.;I thought the movie was good.
A1;finden;trouver;Akkusativ;;;;Präteritum;Ich fand den Film gut.;J'ai trouvé le film bien.;I thought the movie was good.
A1;finden;trouver;Akkusativ;;;;Konjunktiv II;Ich fände die Idee gut.;Je trouverais l'idée bonne.;I would find the idea good.
A1;denken;penser;;an + Akkusativ;;;Präsens;Ich denke oft an dich.;Je pense souvent à toi.;I often think of you.
A1;denken;penser;;an + Akkusativ;;;Perfekt;Ich habe an dich gedacht.;J'ai pensé à toi.;I thought of you.
A1;denken;penser;;an + Akkusativ;;;Präteritum;Ich dachte oft an dich.;Je pensais souvent à toi.;I often thought of you.
A1;denken;penser;;an + Akkusativ;;;Konjunktiv II;Ich würde oft an dich denken.;Je penserais souvent à toi.;I would often think of you.
A1;glauben;croire;Dativ;;;;Präsens;Ich glaube dir.;Je te crois.;I believe you.
A1;glauben;croire;Dativ;;;;Perfekt;Ich habe dir geglaubt.;Je t'ai cru.;I believed you.
A1;glauben;croire;Dativ;;;;Präteritum;Ich glaubte ihm nicht.;Je ne le croyais pas.;I didn't believe him.
A1;glauben;croire;Dativ;;;;Konjunktiv II;Ich würde ihm nicht glauben.;Je ne le croirais pas.;I would not believe him.
A1;brauchen;avoir besoin de;Akkusativ;;;;Präsens;Ich brauche mehr Zeit.;J'ai besoin de plus de temps.;I need more time.
A1;brauchen;avoir besoin de;Akkusativ;;;;Perfekt;Ich habe mehr Zeit gebraucht.;J'ai eu besoin de plus de temps.;I needed more time.
A1;brauchen;avoir besoin de;Akkusativ;;;;Präteritum;Ich brauchte gestern Hilfe.;J'avais besoin d'aide hier.;I needed help yesterday.
A1;brauchen;avoir besoin de;Akkusativ;;;;Konjunktiv II;Ich bräuchte deine Hilfe.;J'aurais besoin de ton aide.;I would need your help.
A1;arbeiten;travailler;;;oui;;Präsens;Ich arbeite von zu Hause.;Je travaille depuis chez moi.;I work from home.
A1;arbeiten;travailler;;;oui;;Perfekt;Ich habe gestern gearbeitet.;J'ai travaillé hier.;I worked yesterday.
A1;arbeiten;travailler;;;oui;;Präteritum;Ich arbeitete den ganzen Tag.;J'ai travaillé toute la journée.;I worked all day.
A1;arbeiten;travailler;;;oui;;Konjunktiv II;Ich würde lieber im Büro arbeiten.;Je préférerais travailler au bureau.;I would rather work in the office.
A1;spielen;jouer;Akkusativ;;;;Präsens;Die Kinder spielen Fußball.;Les enfants jouent au foot.;The children play soccer.
A1;spielen;jouer;Akkusativ;;;;Perfekt;Die Kinder haben Fußball gespielt.;Les enfants ont joué au foot.;The children played soccer.
A1;spielen;jouer;Akkusativ;;;;Präteritum;Die Kinder spielten Fußball.;Les enfants jouaient au foot.;The children played soccer.
A1;spielen;jouer;Akkusativ;;;;Konjunktiv II;Wir würden gern Karten spielen.;Nous aimerions jouer aux cartes.;We would like to play cards.
A1;lernen;apprendre;Akkusativ;;;;Präsens;Ich lerne Deutsch.;J'apprends l'allemand.;I am learning German.
A1;lernen;apprendre;Akkusativ;;;;Perfekt;Ich habe viel Deutsch gelernt.;J'ai beaucoup appris l'allemand.;I have learned a lot of German.
A1;lernen;apprendre;Akkusativ;;;;Präteritum;Ich lernte drei Jahre Deutsch.;J'ai appris l'allemand pendant trois ans.;I learned German for three years.
A1;lernen;apprendre;Akkusativ;;;;Konjunktiv II;Ich würde gern mehr Deutsch lernen.;J'aimerais apprendre plus d'allemand.;I would like to learn more German.
A1;wohnen;habiter;;;oui;;Präsens;Ich wohne in Berlin.;J'habite à Berlin.;I live in Berlin.
A1;wohnen;habiter;;;oui;;Perfekt;Ich habe lange in Berlin gewohnt.;J'ai longtemps habité à Berlin.;I lived in Berlin for a long time.
A1;wohnen;habiter;;;oui;;Präteritum;Ich wohnte früher in München.;J'habitais autrefois à Munich.;I used to live in Munich.
A1;wohnen;habiter;;;oui;;Konjunktiv II;Ich würde lieber am Meer wohnen.;Je préférerais habiter au bord de la mer.;I would rather live by the sea.
A1;leben;vivre;;;oui;;Präsens;Meine Eltern leben in Frankreich.;Mes parents vivent en France.;My parents live in France.
A1;leben;vivre;;;oui;;Perfekt;Sie haben lange zusammen gelebt.;Ils ont vécu longtemps ensemble.;They lived together for a long time.
A1;leben;vivre;;;oui;;Präteritum;Meine Großeltern lebten auf dem Land.;Mes grands-parents vivaient à la campagne.;My grandparents lived in the countryside.
A1;leben;vivre;;;oui;;Konjunktiv II;Ich würde gern im Ausland leben.;J'aimerais vivre à l'étranger.;I would like to live abroad.
A1;lieben;aimer;Akkusativ;;;;Präsens;Ich liebe meine Familie.;J'aime ma famille.;I love my family.
A1;lieben;aimer;Akkusativ;;;;Perfekt;Ich habe meine Familie schon immer geliebt.;J'ai toujours aimé ma famille.;I have always loved my family.
A1;lieben;aimer;Akkusativ;;;;Präteritum;Ich liebte diese Stadt.;J'aimais cette ville.;I loved this city.
A1;lieben;aimer;Akkusativ;;;;Konjunktiv II;Ich würde diese Stadt lieben.;J'aimerais cette ville.;I would love this city.
A1;kaufen;acheter;Akkusativ;;;;Präsens;Ich kaufe frisches Brot.;J'achète du pain frais.;I buy fresh bread.
A1;kaufen;acheter;Akkusativ;;;;Perfekt;Ich habe frisches Brot gekauft.;J'ai acheté du pain frais.;I bought fresh bread.
A1;kaufen;acheter;Akkusativ;;;;Präteritum;Ich kaufte gestern Brot.;J'ai acheté du pain hier.;I bought bread yesterday.
A1;kaufen;acheter;Akkusativ;;;;Konjunktiv II;Ich würde das Auto kaufen, wenn ich Geld hätte.;J'achèterais la voiture si j'avais l'argent.;I would buy the car if I had money.
A1;verkaufen;vendre;Akkusativ;;;;Präsens;Er verkauft sein altes Fahrrad.;Il vend son vieux vélo.;He is selling his old bike.
A1;verkaufen;vendre;Akkusativ;;;;Perfekt;Er hat sein altes Fahrrad verkauft.;Il a vendu son vieux vélo.;He sold his old bike.
A1;verkaufen;vendre;Akkusativ;;;;Präteritum;Er verkaufte sein altes Fahrrad.;Il a vendu son vieux vélo.;He sold his old bike.
A1;verkaufen;vendre;Akkusativ;;;;Konjunktiv II;Ich würde das Haus nicht verkaufen.;Je ne vendrais pas la maison.;I would not sell the house.
A1;kochen;cuisiner;Akkusativ;;;;Präsens;Ich koche heute Abend Pasta.;Je cuisine des pâtes ce soir.;I'm cooking pasta tonight.
A1;kochen;cuisiner;Akkusativ;;;;Perfekt;Ich habe gestern Abend Pasta gekocht.;J'ai cuisiné des pâtes hier soir.;I cooked pasta last night.
A1;kochen;cuisiner;Akkusativ;;;;Präteritum;Ich kochte gestern Pasta.;J'ai cuisiné des pâtes hier.;I cooked pasta yesterday.
A1;kochen;cuisiner;Akkusativ;;;;Konjunktiv II;Ich würde gern öfter Pasta kochen.;J'aimerais cuisiner des pâtes plus souvent.;I would like to cook pasta more often.
A1;essen;manger;Akkusativ;;;;Präsens;Ich esse gern Pizza.;J'aime manger de la pizza.;I like eating pizza.
A1;essen;manger;Akkusativ;;;;Perfekt;Ich habe eine Pizza gegessen.;J'ai mangé une pizza.;I ate a pizza.
A1;essen;manger;Akkusativ;;;;Präteritum;Ich aß gestern Pizza.;J'ai mangé de la pizza hier.;I ate pizza yesterday.
A1;essen;manger;Akkusativ;;;;Konjunktiv II;Ich würde gern mehr Gemüse essen.;J'aimerais manger plus de légumes.;I would like to eat more vegetables.
A1;trinken;boire;Akkusativ;;;;Präsens;Ich trinke jeden Morgen Kaffee.;Je bois du café tous les matins.;I drink coffee every morning.
A1;trinken;boire;Akkusativ;;;;Perfekt;Ich habe heute Morgen Kaffee getrunken.;J'ai bu du café ce matin.;I drank coffee this morning.
A1;trinken;boire;Akkusativ;;;;Präteritum;Ich trank heute Morgen Kaffee.;J'ai bu du café ce matin.;I drank coffee this morning.
A1;trinken;boire;Akkusativ;;;;Konjunktiv II;Ich würde gern ein Glas Wasser trinken.;J'aimerais bien boire un verre d'eau.;I would like to drink a glass of water.
A1;schlafen;dormir;;;oui;;Präsens;Ich schlafe acht Stunden.;Je dors huit heures.;I sleep eight hours.
A1;schlafen;dormir;;;oui;;Perfekt;Ich habe schlecht geschlafen.;J'ai mal dormi.;I slept badly.
A1;schlafen;dormir;;;oui;;Präteritum;Ich schlief acht Stunden.;J'ai dormi huit heures.;I slept eight hours.
A1;schlafen;dormir;;;oui;;Konjunktiv II;Ich würde gern länger schlafen.;J'aimerais dormir plus longtemps.;I would like to sleep longer.
A1;hören;écouter, entendre;Akkusativ;;;;Präsens;Ich höre gern Musik.;J'aime écouter de la musique.;I like listening to music.
A1;hören;écouter, entendre;Akkusativ;;;;Perfekt;Ich habe Musik gehört.;J'ai écouté de la musique.;I listened to music.
A1;hören;écouter, entendre;Akkusativ;;;;Präteritum;Ich hörte gestern Musik.;J'ai écouté de la musique hier.;I listened to music yesterday.
A1;hören;écouter, entendre;Akkusativ;;;;Konjunktiv II;Ich würde gern Musik hören.;J'aimerais écouter de la musique.;I would like to listen to music.
A1;sprechen;parler;Akkusativ;;;;Präsens;Ich spreche drei Sprachen.;Je parle trois langues.;I speak three languages.
A1;sprechen;parler;Akkusativ;;;;Perfekt;Ich habe Deutsch gesprochen.;J'ai parlé allemand.;I spoke German.
A1;sprechen;parler;Akkusativ;;;;Präteritum;Ich sprach gestern Deutsch.;J'ai parlé allemand hier.;I spoke German yesterday.
A1;sprechen;parler;Akkusativ;;;;Konjunktiv II;Ich würde gern besser Deutsch sprechen.;J'aimerais mieux parler allemand.;I would like to speak German better.
A1;lesen;lire;Akkusativ;;;;Präsens;Ich lese jeden Abend ein Buch.;Je lis un livre tous les soirs.;I read a book every evening.
A1;lesen;lire;Akkusativ;;;;Perfekt;Ich habe gestern Abend ein Buch gelesen.;J'ai lu un livre hier soir.;I read a book last night.
A1;lesen;lire;Akkusativ;;;;Präteritum;Ich las gestern ein Buch.;J'ai lu un livre hier.;I read a book yesterday.
A1;lesen;lire;Akkusativ;;;;Konjunktiv II;Ich würde das Buch gern lesen.;J'aimerais bien lire ce livre.;I would like to read the book.
A1;schreiben;écrire;Akkusativ+Dativ;;;;Präsens;Ich schreibe dir eine E-Mail.;Je t'écris un e-mail.;I am writing you an e-mail.
A1;schreiben;écrire;Akkusativ+Dativ;;;;Perfekt;Ich habe dir eine E-Mail geschrieben.;Je t'ai écrit un e-mail.;I wrote you an e-mail.
A1;schreiben;écrire;Akkusativ+Dativ;;;;Präteritum;Ich schrieb ihr einen Brief.;Je lui ai écrit une lettre.;I wrote her a letter.
A1;schreiben;écrire;Akkusativ+Dativ;;;;Konjunktiv II;Ich würde dir gern eine E-Mail schreiben.;Je t'écrirais bien un e-mail.;I would like to write you an e-mail.
A1;fahren;conduire, aller (en véhicule);;;oui;;Präsens;Ich fahre mit dem Auto zur Arbeit.;Je vais au travail en voiture.;I drive to work.
A1;fahren;conduire, aller (en véhicule);;;oui;;Perfekt;Ich bin mit dem Auto gefahren.;Je suis allé en voiture.;I went by car.
A1;fahren;conduire, aller (en véhicule);;;oui;;Präteritum;Ich fuhr gestern nach Hamburg.;Je suis allé à Hambourg hier.;I went to Hamburg yesterday.
A1;fahren;conduire, aller (en véhicule);;;oui;;Konjunktiv II;Ich würde lieber mit dem Zug fahren.;Je préférerais prendre le train.;I would rather go by train.
A1;fliegen;voler (en avion);;;oui;;Präsens;Wir fliegen nach Spanien.;Nous prenons l'avion pour l'Espagne.;We are flying to Spain.
A1;fliegen;voler (en avion);;;oui;;Perfekt;Wir sind nach Spanien geflogen.;Nous sommes allés en Espagne en avion.;We flew to Spain.
A1;fliegen;voler (en avion);;;oui;;Präteritum;Wir flogen letztes Jahr nach Spanien.;Nous sommes allés en Espagne l'année dernière.;We flew to Spain last year.
A1;fliegen;voler (en avion);;;oui;;Konjunktiv II;Ich würde gern nach Japan fliegen.;J'aimerais bien aller au Japon en avion.;I would like to fly to Japan.
A1;laufen;courir, marcher;;;oui;;Präsens;Ich laufe jeden Morgen.;Je cours tous les matins.;I run every morning.
A1;laufen;courir, marcher;;;oui;;Perfekt;Ich bin heute Morgen gelaufen.;J'ai couru ce matin.;I ran this morning.
A1;laufen;courir, marcher;;;oui;;Präteritum;Ich lief gestern zehn Kilometer.;J'ai couru dix kilomètres hier.;I ran ten kilometers yesterday.
A1;laufen;courir, marcher;;;oui;;Konjunktiv II;Ich würde gern öfter laufen.;J'aimerais courir plus souvent.;I would like to run more often.
A1;tragen;porter;Akkusativ;;;;Präsens;Sie trägt eine rote Jacke.;Elle porte une veste rouge.;She is wearing a red jacket.
A1;tragen;porter;Akkusativ;;;;Perfekt;Sie hat eine rote Jacke getragen.;Elle a porté une veste rouge.;She wore a red jacket.
A1;tragen;porter;Akkusativ;;;;Präteritum;Sie trug eine rote Jacke.;Elle portait une veste rouge.;She was wearing a red jacket.
A1;tragen;porter;Akkusativ;;;;Konjunktiv II;Ich würde diese Jacke nicht tragen.;Je ne porterais pas cette veste.;I would not wear this jacket.
A1;helfen;aider;Dativ;;;;Präsens;Ich helfe meiner Mutter.;J'aide ma mère.;I help my mother.
A1;helfen;aider;Dativ;;;;Perfekt;Ich habe meiner Mutter geholfen.;J'ai aidé ma mère.;I helped my mother.
A1;helfen;aider;Dativ;;;;Präteritum;Ich half meiner Mutter.;J'ai aidé ma mère.;I helped my mother.
A1;helfen;aider;Dativ;;;;Konjunktiv II;Ich würde dir gern helfen.;J'aimerais bien t'aider.;I would like to help you.
A1;lachen;rire;;;oui;;Präsens;Die Kinder lachen viel.;Les enfants rient beaucoup.;The children laugh a lot.
A1;lachen;rire;;;oui;;Perfekt;Die Kinder haben viel gelacht.;Les enfants ont beaucoup ri.;The children laughed a lot.
A1;lachen;rire;;;oui;;Präteritum;Die Kinder lachten laut.;Les enfants riaient fort.;The children laughed loudly.
A1;lachen;rire;;;oui;;Konjunktiv II;Ich würde darüber auch lachen.;J'en rirais aussi.;I would laugh about that too.
A1;weinen;pleurer;;;oui;;Präsens;Das Baby weint.;Le bébé pleure.;The baby is crying.
A1;weinen;pleurer;;;oui;;Perfekt;Das Baby hat geweint.;Le bébé a pleuré.;The baby cried.
A1;weinen;pleurer;;;oui;;Präteritum;Das Baby weinte die ganze Nacht.;Le bébé a pleuré toute la nuit.;The baby cried all night.
A1;weinen;pleurer;;;oui;;Konjunktiv II;Ich würde vor Freude weinen.;Je pleurerais de joie.;I would cry with joy.
A1;fragen;demander;Akkusativ;;;;Präsens;Ich frage den Lehrer.;Je demande au professeur.;I ask the teacher.
A1;fragen;demander;Akkusativ;;;;Perfekt;Ich habe ihn direkt gefragt.;Je lui ai demandé directement.;I asked him directly.
A1;fragen;demander;Akkusativ;;;;Präteritum;Ich fragte den Lehrer.;J'ai demandé au professeur.;I asked the teacher.
A1;fragen;demander;Akkusativ;;;;Konjunktiv II;Ich würde ihn direkt fragen.;Je lui demanderais directement.;I would ask him directly.
A1;antworten;répondre;Dativ;;;;Präsens;Ich antworte dir.;Je te réponds.;I answer you.
A1;antworten;répondre;Dativ;;;;Perfekt;Ich habe dir sofort geantwortet.;Je t'ai répondu tout de suite.;I answered you right away.
A1;antworten;répondre;Dativ;;;;Präteritum;Ich antwortete ihm sofort.;Je lui ai répondu tout de suite.;I answered him right away.
A1;antworten;répondre;Dativ;;;;Konjunktiv II;Ich würde dir sofort antworten.;Je te répondrais tout de suite.;I would answer you right away.
A1;warten;attendre;;auf + Akkusativ;;;Präsens;Ich warte auf den Bus.;J'attends le bus.;I am waiting for the bus.
A1;warten;attendre;;auf + Akkusativ;;;Perfekt;Ich habe auf den Bus gewartet.;J'ai attendu le bus.;I waited for the bus.
A1;warten;attendre;;auf + Akkusativ;;;Präteritum;Ich wartete lange auf den Bus.;J'ai attendu longtemps le bus.;I waited a long time for the bus.
A1;warten;attendre;;auf + Akkusativ;;;Konjunktiv II;Ich würde nicht länger auf dich warten.;Je ne t'attendrais plus longtemps.;I would not wait for you any longer.
A1;suchen;chercher;Akkusativ;;;;Präsens;Ich suche meine Schlüssel.;Je cherche mes clés.;I am looking for my keys.
A1;suchen;chercher;Akkusativ;;;;Perfekt;Ich habe meine Schlüssel gesucht.;J'ai cherché mes clés.;I looked for my keys.
A1;suchen;chercher;Akkusativ;;;;Präteritum;Ich suchte überall meine Schlüssel.;J'ai cherché mes clés partout.;I looked for my keys everywhere.
A1;suchen;chercher;Akkusativ;;;;Konjunktiv II;Ich würde meinen Schlüssel suchen.;Je chercherais ma clé.;I would look for my key.
A1;öffnen;ouvrir;Akkusativ;;;;Präsens;Ich öffne das Fenster.;J'ouvre la fenêtre.;I open the window.
A1;öffnen;ouvrir;Akkusativ;;;;Perfekt;Ich habe das Fenster geöffnet.;J'ai ouvert la fenêtre.;I opened the window.
A1;öffnen;ouvrir;Akkusativ;;;;Präteritum;Ich öffnete das Fenster.;J'ai ouvert la fenêtre.;I opened the window.
A1;öffnen;ouvrir;Akkusativ;;;;Konjunktiv II;Ich würde die Tür öffnen, wenn ich den Schlüssel hätte.;J'ouvrirais la porte si j'avais la clé.;I would open the door if I had the key.
A1;schließen;fermer;Akkusativ;;;;Präsens;Ich schließe die Tür.;Je ferme la porte.;I close the door.
A1;schließen;fermer;Akkusativ;;;;Perfekt;Ich habe die Tür geschlossen.;J'ai fermé la porte.;I closed the door.
A1;schließen;fermer;Akkusativ;;;;Präteritum;Ich schloss die Tür.;J'ai fermé la porte.;I closed the door.
A1;schließen;fermer;Akkusativ;;;;Konjunktiv II;Ich würde das Geschäft früher schließen.;Je fermerais le magasin plus tôt.;I would close the shop earlier.
A1;beginnen;commencer;Akkusativ;;;;Präsens;Ich beginne die Arbeit.;Je commence le travail.;I begin the work.
A1;beginnen;commencer;Akkusativ;;;;Perfekt;Ich habe die Arbeit begonnen.;J'ai commencé le travail.;I began the work.
A1;beginnen;commencer;Akkusativ;;;;Präteritum;Ich begann die Arbeit.;J'ai commencé le travail.;I began the work.
A1;beginnen;commencer;Akkusativ;;;;Konjunktiv II;Ich würde gern die Arbeit früher beginnen.;J'aimerais commencer le travail plus tôt.;I would like to begin the work earlier.
A1;bleiben;rester;Nominativ;;;;Präsens;Sie bleibt Ärztin.;Elle reste médecin.;She remains a doctor.
A1;bleiben;rester;Nominativ;;;;Perfekt;Sie ist Ärztin geblieben.;Elle est restée médecin.;She stayed a doctor.
A1;bleiben;rester;Nominativ;;;;Präteritum;Sie blieb Ärztin.;Elle est restée médecin.;She remained a doctor.
A1;bleiben;rester;Nominativ;;;;Konjunktiv II;Ich bliebe gern Lehrer.;Je resterais bien professeur.;I would gladly remain a teacher.
A1;bekommen;recevoir;Akkusativ;;;;Präsens;Ich bekomme ein Geschenk.;Je reçois un cadeau.;I am getting a gift.
A1;bekommen;recevoir;Akkusativ;;;;Perfekt;Ich habe ein Geschenk bekommen.;J'ai reçu un cadeau.;I got a present.
A1;bekommen;recevoir;Akkusativ;;;;Präteritum;Ich bekam ein Geschenk.;J'ai reçu un cadeau.;I received a gift.
A1;bekommen;recevoir;Akkusativ;;;;Konjunktiv II;Ich würde gern mehr Informationen bekommen.;J'aimerais recevoir plus d'informations.;I would like to get more information.
A1;verstehen;comprendre;Akkusativ;;;;Präsens;Ich verstehe die Frage nicht.;Je ne comprends pas la question.;I don't understand the question.
A1;verstehen;comprendre;Akkusativ;;;;Perfekt;Ich habe die Frage nicht verstanden.;Je n'ai pas compris la question.;I didn't understand the question.
A1;verstehen;comprendre;Akkusativ;;;;Präteritum;Ich verstand die Frage nicht.;Je n'ai pas compris la question.;I didn't understand the question.
A1;verstehen;comprendre;Akkusativ;;;;Konjunktiv II;Ich würde die Frage besser verstehen.;Je comprendrais mieux la question.;I would understand the question better.
A1;kennen;connaître;Akkusativ;;;;Präsens;Ich kenne diese Stadt gut.;Je connais bien cette ville.;I know this city well.
A1;kennen;connaître;Akkusativ;;;;Perfekt;Ich habe diese Stadt gut gekannt.;Je connaissais bien cette ville.;I knew this city well.
A1;kennen;connaître;Akkusativ;;;;Präteritum;Ich kannte diese Stadt gut.;Je connaissais bien cette ville.;I knew this city well.
A1;kennen;connaître;Akkusativ;;;;Konjunktiv II;Ich würde ihn gern besser kennen.;J'aimerais mieux le connaître.;I would like to know him better.
A1;treffen;rencontrer;Akkusativ;;;;Präsens;Ich treffe meine Freunde.;Je retrouve mes amis.;I am meeting my friends.
A1;treffen;rencontrer;Akkusativ;;;;Perfekt;Ich habe sie im Park getroffen.;Je l'ai rencontrée au parc.;I met her in the park.
A1;treffen;rencontrer;Akkusativ;;;;Präteritum;Ich traf gestern meine Freunde.;J'ai retrouvé mes amis hier.;I met my friends yesterday.
A1;treffen;rencontrer;Akkusativ;;;;Konjunktiv II;Ich würde dich gern treffen.;J'aimerais bien te rencontrer.;I would like to meet you.
A1;besuchen;visiter, rendre visite;Akkusativ;;;;Präsens;Ich besuche meine Großeltern.;Je rends visite à mes grands-parents.;I am visiting my grandparents.
A1;besuchen;visiter, rendre visite;Akkusativ;;;;Perfekt;Ich habe sie letzte Woche besucht.;Je leur ai rendu visite la semaine dernière.;I visited them last week.
A1;besuchen;visiter, rendre visite;Akkusativ;;;;Präteritum;Ich besuchte meine Großeltern.;J'ai rendu visite à mes grands-parents.;I visited my grandparents.
A1;besuchen;visiter, rendre visite;Akkusativ;;;;Konjunktiv II;Ich würde dich gern besuchen.;J'aimerais bien te rendre visite.;I would like to visit you.
A1;feiern;fêter;Akkusativ;;;;Präsens;Wir feiern seinen Geburtstag.;Nous fêtons son anniversaire.;We are celebrating his birthday.
A1;feiern;fêter;Akkusativ;;;;Perfekt;Wir haben seinen Geburtstag gefeiert.;Nous avons fêté son anniversaire.;We celebrated his birthday.
A1;feiern;fêter;Akkusativ;;;;Präteritum;Wir feierten seinen Geburtstag.;Nous avons fêté son anniversaire.;We celebrated his birthday.
A1;feiern;fêter;Akkusativ;;;;Konjunktiv II;Wir würden seinen Geburtstag gern feiern.;Nous fêterions bien son anniversaire.;We would gladly celebrate his birthday.
A1;tanzen;danser;;;oui;;Präsens;Ich tanze gern.;J'aime danser.;I like to dance.
A1;tanzen;danser;;;oui;;Perfekt;Ich habe mit ihr getanzt.;J'ai dansé avec elle.;I danced with her.
A1;tanzen;danser;;;oui;;Präteritum;Wir tanzten die ganze Nacht.;Nous avons dansé toute la nuit.;We danced all night.
A1;tanzen;danser;;;oui;;Konjunktiv II;Ich würde gern mit dir tanzen.;J'aimerais bien danser avec toi.;I would like to dance with you.
A1;singen;chanter;Akkusativ;;;;Präsens;Sie singt ein Lied.;Elle chante une chanson.;She sings a song.
A1;singen;chanter;Akkusativ;;;;Perfekt;Sie hat ein Lied gesungen.;Elle a chanté une chanson.;She sang a song.
A1;singen;chanter;Akkusativ;;;;Präteritum;Sie sang ein Lied.;Elle chantait une chanson.;She sang a song.
A1;singen;chanter;Akkusativ;;;;Konjunktiv II;Ich würde gern ein Lied singen.;J'aimerais chanter une chanson.;I would like to sing a song.
A1;malen;peindre;Akkusativ;;;;Präsens;Das Kind malt ein Bild.;L'enfant peint un tableau.;The child is painting a picture.
A1;malen;peindre;Akkusativ;;;;Perfekt;Das Kind hat ein Bild gemalt.;L'enfant a peint un tableau.;The child painted a picture.
A1;malen;peindre;Akkusativ;;;;Präteritum;Das Kind malte ein Bild.;L'enfant a peint un tableau.;The child painted a picture.
A1;malen;peindre;Akkusativ;;;;Konjunktiv II;Ich würde gern ein Bild malen.;J'aimerais peindre un tableau.;I would like to paint a picture.
A1;putzen;nettoyer;Akkusativ;;;;Präsens;Ich putze mein Zimmer.;Je nettoie ma chambre.;I am cleaning my room.
A1;putzen;nettoyer;Akkusativ;;;;Perfekt;Ich habe mein Zimmer geputzt.;J'ai nettoyé ma chambre.;I cleaned my room.
A1;putzen;nettoyer;Akkusativ;;;;Präteritum;Ich putzte mein Zimmer.;J'ai nettoyé ma chambre.;I cleaned my room.
A1;putzen;nettoyer;Akkusativ;;;;Konjunktiv II;Ich würde die Wohnung putzen, wenn ich Zeit hätte.;Je nettoierais l'appartement si j'avais le temps.;I would clean the apartment if I had time.
A1;waschen;laver;Akkusativ;;;;Präsens;Ich wasche meine Hände.;Je me lave les mains.;I wash my hands.
A1;waschen;laver;Akkusativ;;;;Perfekt;Ich habe meine Hände gewaschen.;Je me suis lavé les mains.;I washed my hands.
A1;waschen;laver;Akkusativ;;;;Präteritum;Ich wusch meine Hände.;Je me suis lavé les mains.;I washed my hands.
A1;waschen;laver;Akkusativ;;;;Konjunktiv II;Ich würde die Wäsche waschen.;Je ferais la lessive.;I would do the laundry.
A1;duschen;se doucher;;;oui;;Präsens;Ich dusche jeden Morgen.;Je me douche tous les matins.;I shower every morning.
A1;duschen;se doucher;;;oui;;Perfekt;Ich habe schnell geduscht.;Je me suis douché rapidement.;I showered quickly.
A1;duschen;se doucher;;;oui;;Präteritum;Ich duschte am Morgen.;Je me suis douché le matin.;I showered in the morning.
A1;duschen;se doucher;;;oui;;Konjunktiv II;Ich würde jetzt gern duschen.;J'aimerais me doucher maintenant.;I would like to shower now.
A1;packen;emballer, faire (sa valise);Akkusativ;;;;Präsens;Ich packe meinen Koffer.;Je fais ma valise.;I am packing my suitcase.
A1;packen;emballer, faire (sa valise);Akkusativ;;;;Perfekt;Ich habe meinen Koffer schon gepackt.;J'ai déjà fait ma valise.;I have already packed my suitcase.
A1;packen;emballer, faire (sa valise);Akkusativ;;;;Präteritum;Ich packte meinen Koffer.;J'ai fait ma valise.;I packed my suitcase.
A1;packen;emballer, faire (sa valise);Akkusativ;;;;Konjunktiv II;Ich würde den Koffer heute packen.;Je ferais la valise aujourd'hui.;I would pack the suitcase today.
A1;reisen;voyager;;;oui;;Präsens;Wir reisen gern nach Italien.;Nous aimons voyager en Italie.;We like to travel to Italy.
A1;reisen;voyager;;;oui;;Perfekt;Wir sind nach Italien gereist.;Nous sommes allés en Italie.;We travelled to Italy.
A1;reisen;voyager;;;oui;;Präteritum;Wir reisten letztes Jahr nach Italien.;Nous avons voyagé en Italie l'année dernière.;We traveled to Italy last year.
A1;reisen;voyager;;;oui;;Konjunktiv II;Ich würde gern mehr reisen.;J'aimerais voyager davantage.;I would like to travel more.
A1;parken;se garer;;;oui;;Präsens;Ich parke vor dem Haus.;Je me gare devant la maison.;I park the car in front of the house.
A1;parken;se garer;;;oui;;Perfekt;Ich habe hier geparkt.;Je me suis garé ici.;I parked here.
A1;parken;se garer;;;oui;;Präteritum;Ich parkte vor dem Haus.;Je me suis garé devant la maison.;I parked in front of the house.
A1;parken;se garer;;;oui;;Konjunktiv II;Ich würde hier nicht parken.;Je ne me garerais pas ici.;I would not park here.
A1;bezahlen;payer;Akkusativ;;;;Präsens;Ich bezahle die Rechnung.;Je paie la facture.;I pay the bill.
A1;bezahlen;payer;Akkusativ;;;;Perfekt;Ich habe die Rechnung bezahlt.;J'ai payé la facture.;I paid the bill.
A1;bezahlen;payer;Akkusativ;;;;Präteritum;Ich bezahlte die Rechnung.;J'ai payé la facture.;I paid the bill.
A1;bezahlen;payer;Akkusativ;;;;Konjunktiv II;Ich würde die Rechnung gern für dich bezahlen.;Je paierais bien la facture pour toi.;I would gladly pay the bill for you.
A1;sparen;économiser;Akkusativ;;;;Präsens;Ich spare Geld.;J'économise de l'argent.;I save money.
A1;sparen;économiser;Akkusativ;;;;Perfekt;Ich habe viel Geld gespart.;J'ai économisé beaucoup d'argent.;I saved a lot of money.
A1;sparen;économiser;Akkusativ;;;;Präteritum;Ich sparte Geld.;J'économisais de l'argent.;I saved money.
A1;sparen;économiser;Akkusativ;;;;Konjunktiv II;Ich würde mehr Geld sparen.;J'économiserais plus d'argent.;I would save more money.
A1;verdienen;gagner (de l'argent);Akkusativ;;;;Präsens;Sie verdient gutes Geld.;Elle gagne bien sa vie.;She earns good money.
A1;verdienen;gagner (de l'argent);Akkusativ;;;;Perfekt;Sie hat gutes Geld verdient.;Elle a bien gagné sa vie.;She earned good money.
A1;verdienen;gagner (de l'argent);Akkusativ;;;;Präteritum;Sie verdiente gutes Geld.;Elle gagnait bien sa vie.;She earned good money.
A1;verdienen;gagner (de l'argent);Akkusativ;;;;Konjunktiv II;Ich würde gern mehr Geld verdienen.;J'aimerais gagner plus d'argent.;I would like to earn more money.
A1;heißen;s'appeler;Nominativ;;;;Präsens;Ich heiße Anna.;Je m'appelle Anna.;My name is Anna.
A1;heißen;s'appeler;Nominativ;;;;Perfekt;Sie hat Anna geheißen.;Elle s'appelait Anna.;Her name was Anna.
A1;heißen;s'appeler;Nominativ;;;;Präteritum;Der Hund hieß Bello.;Le chien s'appelait Bello.;The dog was called Bello.
A1;heißen;s'appeler;Nominativ;;;;Konjunktiv II;Ich würde gern Anna heißen.;J'aimerais bien m'appeler Anna.;I would like to be named Anna.
A1;studieren;faire des études;Akkusativ;;;;Präsens;Ich studiere Medizin.;J'étudie la médecine.;I am studying medicine.
A1;studieren;faire des études;Akkusativ;;;;Perfekt;Ich habe Medizin studiert.;J'ai étudié la médecine.;I studied medicine.
A1;studieren;faire des études;Akkusativ;;;;Präteritum;Ich studierte Medizin.;J'ai étudié la médecine.;I studied medicine.
A1;studieren;faire des études;Akkusativ;;;;Konjunktiv II;Ich würde gern Medizin studieren.;J'aimerais étudier la médecine.;I would like to study medicine.
A1;zeigen;montrer;Akkusativ+Dativ;;;;Präsens;Ich zeige dir den Weg.;Je te montre le chemin.;I show you the way.
A1;zeigen;montrer;Akkusativ+Dativ;;;;Perfekt;Ich habe dir den Weg gezeigt.;Je t'ai montré le chemin.;I showed you the way.
A1;zeigen;montrer;Akkusativ+Dativ;;;;Präteritum;Ich zeigte ihm den Weg.;Je lui ai montré le chemin.;I showed him the way.
A1;zeigen;montrer;Akkusativ+Dativ;;;;Konjunktiv II;Ich würde dir das Foto gern zeigen.;Je te montrerais bien la photo.;I would like to show you the photo.
A1;erzählen;raconter;Akkusativ+Dativ;;;;Präsens;Ich erzähle dir eine Geschichte.;Je te raconte une histoire.;I am telling you a story.
A1;erzählen;raconter;Akkusativ+Dativ;;;;Perfekt;Ich habe dir eine Geschichte erzählt.;Je t'ai raconté une histoire.;I told you a story.
A1;erzählen;raconter;Akkusativ+Dativ;;;;Präteritum;Ich erzählte ihm eine Geschichte.;Je lui ai raconté une histoire.;I told him a story.
A1;erzählen;raconter;Akkusativ+Dativ;;;;Konjunktiv II;Ich würde dir gern die Geschichte erzählen.;Je te raconterais bien l'histoire.;I would like to tell you the story.
A1;erklären;expliquer;Akkusativ+Dativ;;;;Präsens;Der Lehrer erklärt uns die Grammatik.;Le professeur nous explique la grammaire.;The teacher explains the grammar to us.
A1;erklären;expliquer;Akkusativ+Dativ;;;;Perfekt;Der Lehrer hat uns die Grammatik erklärt.;Le professeur nous a expliqué la grammaire.;The teacher explained the grammar to us.
A1;erklären;expliquer;Akkusativ+Dativ;;;;Präteritum;Der Lehrer erklärte uns die Grammatik.;Le professeur nous a expliqué la grammaire.;The teacher explained the grammar to us.
A1;erklären;expliquer;Akkusativ+Dativ;;;;Konjunktiv II;Ich würde ihm die Regeln erklären.;Je lui expliquerais les règles.;I would explain the rules to him.
A1;vergessen;oublier;Akkusativ;;;;Präsens;Ich vergesse oft meinen Schlüssel.;J'oublie souvent ma clé.;I often forget my key.
A1;vergessen;oublier;Akkusativ;;;;Perfekt;Ich habe gestern meinen Schlüssel vergessen.;J'ai oublié ma clé hier.;I forgot my key yesterday.
A1;vergessen;oublier;Akkusativ;;;;Präteritum;Ich vergaß meinen Schlüssel.;J'ai oublié ma clé.;I forgot my key.
A1;vergessen;oublier;Akkusativ;;;;Konjunktiv II;Ich würde deinen Namen nie vergessen.;Je n'oublierais jamais ton nom.;I would never forget your name.
A1;sich erinnern;se souvenir;;an + Akkusativ;;oui;Präsens;Ich erinnere mich an den Urlaub.;Je me souviens des vacances.;I remember the vacation.
A1;sich erinnern;se souvenir;;an + Akkusativ;;oui;Perfekt;Ich habe mich daran erinnert.;Je m'en suis souvenu.;I remembered it.
A1;sich erinnern;se souvenir;;an + Akkusativ;;oui;Präteritum;Ich erinnerte mich an den Urlaub.;Je me souvenais des vacances.;I remembered the vacation.
A1;sich erinnern;se souvenir;;an + Akkusativ;;oui;Konjunktiv II;Ich würde mich gern an den Urlaub erinnern.;J'aimerais me souvenir des vacances.;I would like to remember the vacation.
A1;fühlen;sentir, ressentir;Akkusativ;;;;Präsens;Ich fühle den Schmerz.;Je sens la douleur.;I feel the pain.
A1;fühlen;sentir, ressentir;Akkusativ;;;;Perfekt;Ich habe den Schmerz gefühlt.;J'ai senti la douleur.;I felt the pain.
A1;fühlen;sentir, ressentir;Akkusativ;;;;Präteritum;Ich fühlte den Schmerz.;Je sentais la douleur.;I felt the pain.
A1;fühlen;sentir, ressentir;Akkusativ;;;;Konjunktiv II;Ich würde den Unterschied fühlen.;Je sentirais la différence.;I would feel the difference.
A1;riechen;sentir (une odeur);Akkusativ;;;;Präsens;Ich rieche das Parfüm.;Je sens le parfum.;I smell the perfume.
A1;riechen;sentir (une odeur);Akkusativ;;;;Perfekt;Ich habe das Parfüm gerochen.;J'ai senti le parfum.;I smelled the perfume.
A1;riechen;sentir (une odeur);Akkusativ;;;;Präteritum;Ich roch das Parfüm.;J'ai senti le parfum.;I smelled the perfume.
A1;riechen;sentir (une odeur);Akkusativ;;;;Konjunktiv II;Ich würde das Parfüm riechen.;Je sentirais le parfum.;I would smell the perfume.
A1;schmecken;avoir bon goût, plaire (au goût);Dativ;;;;Präsens;Der Kuchen schmeckt mir.;Le gâteau me plaît.;The cake tastes good to me.
A1;schmecken;avoir bon goût, plaire (au goût);Dativ;;;;Perfekt;Der Kuchen hat mir gut geschmeckt.;Le gâteau m'a plu.;The cake tasted good to me.
A1;schmecken;avoir bon goût, plaire (au goût);Dativ;;;;Präteritum;Der Kuchen schmeckte mir gut.;Le gâteau me plaisait.;The cake tasted good to me.
A1;schmecken;avoir bon goût, plaire (au goût);Dativ;;;;Konjunktiv II;Der Kuchen würde mir bestimmt gut schmecken.;Le gâteau me plairait sûrement.;The cake would surely taste good to me.
A1;rufen;appeler, crier;Akkusativ;;;;Präsens;Die Mutter ruft die Kinder.;La mère appelle les enfants.;The mother calls the children.
A1;rufen;appeler, crier;Akkusativ;;;;Perfekt;Die Mutter hat die Kinder gerufen.;La mère a appelé les enfants.;The mother called the children.
A1;rufen;appeler, crier;Akkusativ;;;;Präteritum;Die Mutter rief die Kinder.;La mère a appelé les enfants.;The mother called the children.
A1;rufen;appeler, crier;Akkusativ;;;;Konjunktiv II;Ich würde einen Arzt rufen.;J'appellerais un médecin.;I would call a doctor.
A1;stellen;poser (debout);Akkusativ;;;;Präsens;Ich stelle das Glas auf den Tisch.;Je pose le verre sur la table.;I put the glass on the table.
A1;stellen;poser (debout);Akkusativ;;;;Perfekt;Ich habe das Glas auf den Tisch gestellt.;J'ai posé le verre sur la table.;I put the glass on the table.
A1;stellen;poser (debout);Akkusativ;;;;Präteritum;Ich stellte das Glas auf den Tisch.;J'ai posé le verre sur la table.;I put the glass on the table.
A1;stellen;poser (debout);Akkusativ;;;;Konjunktiv II;Ich würde die Frage anders stellen.;Je poserais la question autrement.;I would phrase the question differently.
A1;legen;poser (à plat);Akkusativ;;;;Präsens;Ich lege das Buch auf den Tisch.;Je pose le livre sur la table.;I put the book on the table.
A1;legen;poser (à plat);Akkusativ;;;;Perfekt;Ich habe das Buch auf den Tisch gelegt.;J'ai posé le livre sur la table.;I put the book on the table.
A1;legen;poser (à plat);Akkusativ;;;;Präteritum;Ich legte das Buch auf den Tisch.;J'ai posé le livre sur la table.;I put the book on the table.
A1;legen;poser (à plat);Akkusativ;;;;Konjunktiv II;Ich würde das Buch woanders hinlegen.;Je poserais le livre ailleurs.;I would put the book somewhere else.
A1;setzen;poser, installer (qqn);Akkusativ;;;;Präsens;Ich setze das Kind auf den Stuhl.;J'assois l'enfant sur la chaise.;I sit the child on the chair.
A1;setzen;poser, installer (qqn);Akkusativ;;;;Perfekt;Ich habe das Kind auf den Stuhl gesetzt.;J'ai assis l'enfant sur la chaise.;I sat the child on the chair.
A1;setzen;poser, installer (qqn);Akkusativ;;;;Präteritum;Ich setzte das Kind auf den Stuhl.;J'ai assis l'enfant sur la chaise.;I sat the child on the chair.
A1;setzen;poser, installer (qqn);Akkusativ;;;;Konjunktiv II;Ich würde das Kind hierhin setzen.;J'assoirais bien l'enfant ici.;I would sit the child here.
A1;sitzen;être assis;;;oui;;Präsens;Ich sitze auf dem Sofa.;Je suis assis sur le canapé.;I am sitting on the sofa.
A1;sitzen;être assis;;;oui;;Perfekt;Ich habe lange auf dem Sofa gesessen.;Je suis resté longtemps assis sur le canapé.;I sat on the sofa for a long time.
A1;sitzen;être assis;;;oui;;Präteritum;Ich saß auf dem Sofa.;J'étais assis sur le canapé.;I was sitting on the sofa.
A1;sitzen;être assis;;;oui;;Konjunktiv II;Ich würde lieber draußen sitzen.;Je préférerais être assis dehors.;I would rather sit outside.
A1;stehen;être debout;;;oui;;Präsens;Das Auto steht vor dem Haus.;La voiture est garée devant la maison.;The car is parked in front of the house.
A1;stehen;être debout;;;oui;;Perfekt;Das Auto hat vor dem Haus gestanden.;La voiture était garée devant la maison.;The car was parked in front of the house.
A1;stehen;être debout;;;oui;;Präteritum;Das Auto stand vor dem Haus.;La voiture était garée devant la maison.;The car was parked in front of the house.
A1;stehen;être debout;;;oui;;Konjunktiv II;Ich würde nicht so lange stehen wollen.;Je ne voudrais pas rester debout aussi longtemps.;I wouldn't want to stand that long.
A1;liegen;être allongé;;;oui;;Präsens;Das Buch liegt auf dem Tisch.;Le livre est posé sur la table.;The book is on the table.
A1;liegen;être allongé;;;oui;;Perfekt;Das Buch hat auf dem Tisch gelegen.;Le livre était posé sur la table.;The book was lying on the table.
A1;liegen;être allongé;;;oui;;Präteritum;Das Buch lag auf dem Tisch.;Le livre était posé sur la table.;The book was on the table.
A1;liegen;être allongé;;;oui;;Konjunktiv II;Ich würde lieber am Strand liegen.;Je préférerais être allongé à la plage.;I would rather lie on the beach.
A1;hängen;être suspendu, accrocher;;;oui;;Präsens;Das Bild hängt an der Wand.;Le tableau est accroché au mur.;The picture is hanging on the wall.
A1;hängen;être suspendu, accrocher;;;oui;;Perfekt;Das Bild hat an der Wand gehangen.;Le tableau était accroché au mur.;The picture was hanging on the wall.
A1;hängen;être suspendu, accrocher;;;oui;;Präteritum;Das Bild hing an der Wand.;Le tableau était accroché au mur.;The picture was hanging on the wall.
A1;hängen;être suspendu, accrocher;;;oui;;Konjunktiv II;Ich würde das Bild woanders aufhängen.;J'accrocherais le tableau ailleurs.;I would hang the picture somewhere else.
A1;tun;faire;Akkusativ;;;;Präsens;Ich tue mein Bestes.;Je fais de mon mieux.;I do my best.
A1;tun;faire;Akkusativ;;;;Perfekt;Ich habe mein Bestes getan.;J'ai fait de mon mieux.;I did my best.
A1;tun;faire;Akkusativ;;;;Präteritum;Ich tat mein Bestes.;J'ai fait de mon mieux.;I did my best.
A1;tun;faire;Akkusativ;;;;Konjunktiv II;Das würde ich nicht tun.;Je ne ferais pas ça.;I wouldn't do that.
A1;anfangen;commencer;Akkusativ;;;;Präsens;Ich fange die Arbeit an.;Je commence le travail.;I am starting the work.
A1;anfangen;commencer;Akkusativ;;;;Perfekt;Ich habe die Arbeit angefangen.;J'ai commencé le travail.;I started the work.
A1;anfangen;commencer;Akkusativ;;;;Präteritum;Ich fing die Arbeit an.;J'ai commencé le travail.;I started the work.
A1;anfangen;commencer;Akkusativ;;;;Konjunktiv II;Ich würde die Arbeit gern früher anfangen.;J'aimerais commencer le travail plus tôt.;I would like to start the work earlier.
A1;aufhören;arrêter;;mit + Dativ;;;Präsens;Ich höre um fünf Uhr mit der Arbeit auf.;Je termine le travail à cinq heures.;I stop working at five o'clock.
A1;aufhören;arrêter;;mit + Dativ;;;Perfekt;Ich habe mit der Arbeit aufgehört.;J'ai arrêté le travail.;I stopped the work.
A1;aufhören;arrêter;;mit + Dativ;;;Präteritum;Ich hörte um fünf mit der Arbeit auf.;J'ai arrêté de travailler à cinq heures.;I stopped working at five.
A1;aufhören;arrêter;;mit + Dativ;;;Konjunktiv II;Ich würde gern früher mit der Arbeit aufhören.;J'aimerais arrêter le travail plus tôt.;I would like to stop work earlier.
A1;aufstehen;se lever;;;oui;;Präsens;Ich stehe um sieben Uhr auf.;Je me lève à sept heures.;I get up at seven o'clock.
A1;aufstehen;se lever;;;oui;;Perfekt;Ich bin spät aufgestanden.;Je me suis levé tard.;I got up late.
A1;aufstehen;se lever;;;oui;;Präteritum;Ich stand um sieben auf.;Je me suis levé à sept heures.;I got up at seven.
A1;aufstehen;se lever;;;oui;;Konjunktiv II;Ich würde gern später aufstehen.;J'aimerais me lever plus tard.;I would like to get up later.
A1;anziehen;mettre (un vêtement);Akkusativ;;;;Präsens;Ich ziehe eine Jacke an.;Je mets une veste.;I put on a jacket.
A1;anziehen;mettre (un vêtement);Akkusativ;;;;Perfekt;Ich habe eine Jacke angezogen.;J'ai mis une veste.;I put on a jacket.
A1;anziehen;mettre (un vêtement);Akkusativ;;;;Präteritum;Ich zog eine Jacke an.;J'ai mis une veste.;I put on a jacket.
A1;anziehen;mettre (un vêtement);Akkusativ;;;;Konjunktiv II;Ich würde etwas Wärmeres anziehen.;Je mettrais quelque chose de plus chaud.;I would put on something warmer.
A1;ausziehen;enlever (un vêtement), déménager;Akkusativ;;;;Präsens;Ich ziehe meine Schuhe aus.;J'enlève mes chaussures.;I take off my shoes.
A1;ausziehen;enlever (un vêtement), déménager;Akkusativ;;;;Perfekt;Ich habe meine Schuhe ausgezogen.;J'ai enlevé mes chaussures.;I took off my shoes.
A1;ausziehen;enlever (un vêtement), déménager;Akkusativ;;;;Präteritum;Ich zog meine Schuhe aus.;J'ai enlevé mes chaussures.;I took off my shoes.
A1;ausziehen;enlever (un vêtement), déménager;Akkusativ;;;;Konjunktiv II;Ich würde die Schuhe ausziehen.;J'enlèverais mes chaussures.;I would take off my shoes.
A1;einkaufen;faire les courses;;;oui;;Präsens;Ich kaufe samstags ein.;Je fais les courses le samedi.;I go shopping on Saturdays.
A1;einkaufen;faire les courses;;;oui;;Perfekt;Ich habe heute eingekauft.;J'ai fait les courses aujourd'hui.;I went shopping today.
A1;einkaufen;faire les courses;;;oui;;Präteritum;Ich kaufte samstags ein.;Je faisais les courses le samedi.;I went shopping on Saturdays.
A1;einkaufen;faire les courses;;;oui;;Konjunktiv II;Ich würde heute gern einkaufen gehen.;J'aimerais bien faire les courses aujourd'hui.;I would like to go shopping today.
A1;fernsehen;regarder la télévision;;;oui;;Präsens;Ich sehe abends gern fern.;J'aime bien regarder la télévision le soir.;I like watching TV in the evening.
A1;fernsehen;regarder la télévision;;;oui;;Perfekt;Ich habe gestern ferngesehen.;J'ai regardé la télévision hier.;I watched TV yesterday.
A1;fernsehen;regarder la télévision;;;oui;;Präteritum;Ich sah abends gern fern.;J'aimais regarder la télévision le soir.;I liked watching TV in the evening.
A1;fernsehen;regarder la télévision;;;oui;;Konjunktiv II;Ich würde jetzt gern fernsehen.;J'aimerais regarder la télévision maintenant.;I would like to watch TV now.
A1;abholen;aller chercher (quelqu'un);Akkusativ;;;;Präsens;Ich hole dich am Bahnhof ab.;Je viens te chercher à la gare.;I'll pick you up at the station.
A1;abholen;aller chercher (quelqu'un);Akkusativ;;;;Perfekt;Ich habe dich abgeholt.;Je suis allé te chercher.;I picked you up.
A1;abholen;aller chercher (quelqu'un);Akkusativ;;;;Präteritum;Ich holte ihn am Bahnhof ab.;Je suis allé le chercher à la gare.;I picked him up at the station.
A1;abholen;aller chercher (quelqu'un);Akkusativ;;;;Konjunktiv II;Ich würde dich gern abholen.;J'aimerais bien venir te chercher.;I would like to pick you up.
A1;anrufen;appeler (au téléphone);Akkusativ;;;;Präsens;Ich rufe meine Mutter an.;J'appelle ma mère.;I call my mother.
A1;anrufen;appeler (au téléphone);Akkusativ;;;;Perfekt;Ich habe meine Mutter angerufen.;J'ai appelé ma mère.;I called my mother.
A1;anrufen;appeler (au téléphone);Akkusativ;;;;Präteritum;Ich rief meine Mutter an.;J'ai appelé ma mère.;I called my mother.
A1;anrufen;appeler (au téléphone);Akkusativ;;;;Konjunktiv II;Ich würde dich später anrufen.;Je t'appellerais plus tard.;I would call you later.
A1;mitbringen;apporter;Akkusativ+Dativ;;;;Präsens;Ich bringe dir einen Kuchen mit.;Je t'apporte un gâteau.;I am bringing you a cake.
A1;mitbringen;apporter;Akkusativ+Dativ;;;;Perfekt;Ich habe dir einen Kuchen mitgebracht.;Je t'ai apporté un gâteau.;I brought you a cake.
A1;mitbringen;apporter;Akkusativ+Dativ;;;;Präteritum;Ich brachte dir einen Kuchen mit.;Je t'ai apporté un gâteau.;I brought you a cake.
A1;mitbringen;apporter;Akkusativ+Dativ;;;;Konjunktiv II;Ich würde dir gern etwas mitbringen.;Je t'apporterais bien quelque chose.;I would like to bring you something.
A1;vorbereiten;préparer;Akkusativ;;;;Präsens;Ich bereite das Abendessen vor.;Je prépare le dîner.;I am preparing dinner.
A1;vorbereiten;préparer;Akkusativ;;;;Perfekt;Ich habe das Abendessen vorbereitet.;J'ai préparé le dîner.;I prepared dinner.
A1;vorbereiten;préparer;Akkusativ;;;;Präteritum;Ich bereitete das Abendessen vor.;J'ai préparé le dîner.;I prepared dinner.
A1;vorbereiten;préparer;Akkusativ;;;;Konjunktiv II;Ich würde das Abendessen besser vorbereiten.;Je préparerais mieux le dîner.;I would prepare dinner better.
A1;aufräumen;ranger;Akkusativ;;;;Präsens;Ich räume mein Zimmer auf.;Je range ma chambre.;I am tidying my room.
A1;aufräumen;ranger;Akkusativ;;;;Perfekt;Ich habe mein Zimmer aufgeräumt.;J'ai rangé ma chambre.;I tidied my room.
A1;aufräumen;ranger;Akkusativ;;;;Präteritum;Ich räumte mein Zimmer auf.;J'ai rangé ma chambre.;I tidied my room.
A1;aufräumen;ranger;Akkusativ;;;;Konjunktiv II;Ich würde das Zimmer sofort aufräumen.;Je rangerais la chambre tout de suite.;I would tidy the room right away.
A1;schwimmen;nager;;;oui;;Präsens;Im Sommer schwimme ich jeden Tag.;En été, je nage tous les jours.;In summer I swim every day.
A1;schwimmen;nager;;;oui;;Perfekt;Wir sind bis zur Insel geschwommen.;Nous avons nagé jusqu'à l'île.;We swam to the island.
A1;schwimmen;nager;;;oui;;Präteritum;Als Kind schwamm er sehr gut.;Enfant, il nageait très bien.;As a child he swam very well.
A1;schwimmen;nager;;;oui;;Konjunktiv II;Bei diesem Wetter würde ich nicht schwimmen.;Par ce temps, je ne nagerais pas.;In this weather I wouldn't swim.
A1;rauchen;fumer;Akkusativ;;;;Präsens;Hier darf man nicht rauchen.;Il est interdit de fumer ici.;You may not smoke here.
A1;rauchen;fumer;Akkusativ;;;;Perfekt;Er hat zwanzig Jahre lang geraucht.;Il a fumé pendant vingt ans.;He smoked for twenty years.
A1;rauchen;fumer;Akkusativ;;;;Präteritum;Früher rauchte man auch im Zug.;Autrefois, on fumait même dans le train.;People used to smoke on the train too.
A1;rauchen;fumer;Akkusativ;;;;Konjunktiv II;An deiner Stelle würde ich nicht mehr rauchen.;À ta place, je ne fumerais plus.;In your place I would stop smoking.
A1;aufmachen;ouvrir;Akkusativ;;;;Präsens;Mach bitte das Fenster auf.;Ouvre la fenêtre, s'il te plaît.;Please open the window.
A1;aufmachen;ouvrir;Akkusativ;;;;Perfekt;Sie hat den Brief sofort aufgemacht.;Elle a ouvert la lettre tout de suite.;She opened the letter straight away.
A1;aufmachen;ouvrir;Akkusativ;;;;Präteritum;Der Laden machte erst um zehn auf.;Le magasin n'a ouvert qu'à dix heures.;The shop didn't open until ten.
A1;aufmachen;ouvrir;Akkusativ;;;;Konjunktiv II;Bei der Hitze würde ich alle Fenster aufmachen.;Avec cette chaleur, j'ouvrirais toutes les fenêtres.;In this heat I would open all the windows.
A1;zumachen;fermer;Akkusativ;;;;Präsens;Mach bitte die Tür zu.;Ferme la porte, s'il te plaît.;Please close the door.
A1;zumachen;fermer;Akkusativ;;;;Perfekt;Er hat den Koffer schnell zugemacht.;Il a vite fermé la valise.;He quickly closed the suitcase.
A1;zumachen;fermer;Akkusativ;;;;Präteritum;Das Café machte um Mitternacht zu.;Le café a fermé à minuit.;The café closed at midnight.
A1;zumachen;fermer;Akkusativ;;;;Konjunktiv II;Ich würde die Fenster wegen des Lärms zumachen.;Je fermerais les fenêtres à cause du bruit.;I would close the windows because of the noise.
A1;schauen;regarder;;;oui;;Präsens;Schau mal aus dem Fenster!;Regarde par la fenêtre !;Look out of the window!
A1;schauen;regarder;;;oui;;Perfekt;Wir haben lange auf das Meer geschaut.;Nous avons longtemps regardé la mer.;We looked at the sea for a long time.
A1;schauen;regarder;;;oui;;Präteritum;Sie schaute ihn überrascht an.;Elle l'a regardé, surprise.;She looked at him in surprise.
A1;schauen;regarder;;;oui;;Konjunktiv II;Ich würde zuerst auf den Preis schauen.;Je regarderais d'abord le prix.;I would look at the price first.
A1;zählen;compter;Akkusativ;;;;Präsens;Das Kind zählt schon bis zwanzig.;L'enfant compte déjà jusqu'à vingt.;The child can already count to twenty.
A1;zählen;compter;Akkusativ;;;;Perfekt;Ich habe das Geld zweimal gezählt.;J'ai compté l'argent deux fois.;I counted the money twice.
A1;zählen;compter;Akkusativ;;;;Präteritum;Er zählte die Tage bis zu den Ferien.;Il comptait les jours jusqu'aux vacances.;He counted the days until the holidays.
A1;zählen;compter;Akkusativ;;;;Konjunktiv II;Ohne Liste würde ich mich beim Zählen verlieren.;Sans liste, je me perdrais en comptant.;Without a list I would lose track when counting.
A1;weggehen;partir, s'en aller;;;oui;;Präsens;Ich gehe jetzt weg, bis später!;Je m'en vais maintenant, à plus tard !;I'm leaving now, see you later!
A1;weggehen;partir, s'en aller;;;oui;;Perfekt;Sie ist ohne ein Wort weggegangen.;Elle est partie sans un mot.;She left without a word.
A1;weggehen;partir, s'en aller;;;oui;;Präteritum;Er ging früh weg, weil er müde war.;Il est parti tôt parce qu'il était fatigué.;He left early because he was tired.
A1;weggehen;partir, s'en aller;;;oui;;Konjunktiv II;An deiner Stelle würde ich jetzt weggehen.;À ta place, je m'en irais maintenant.;In your place I would leave now.
A1;abfahren;partir (véhicule);;;oui;;Präsens;Der Zug fährt um acht Uhr ab.;Le train part à huit heures.;The train departs at eight.
A1;abfahren;partir (véhicule);;;oui;;Perfekt;Der Bus ist schon abgefahren.;L'autobus est déjà parti.;The bus has already left.
A1;abfahren;partir (véhicule);;;oui;;Präteritum;Wir fuhren im Morgengrauen ab.;Nous sommes partis à l'aube.;We set off at dawn.
A1;abfahren;partir (véhicule);;;oui;;Konjunktiv II;Ohne Stau würden wir früher abfahren.;Sans embouteillage, nous partirions plus tôt.;Without traffic we would leave earlier.
A1;sich setzen;s'asseoir;;;;oui;Präsens;Ich setze mich auf den Stuhl.;Je m'assois sur la chaise.;I sit down on the chair.
A1;sich setzen;s'asseoir;;;;oui;Perfekt;Ich habe mich auf die Bank gesetzt.;Je me suis assis sur le banc.;I sat down on the bench.
A1;sich setzen;s'asseoir;;;;oui;Präteritum;Er setzte sich neben mich.;Il s'est assis à côté de moi.;He sat down next to me.
A1;sich setzen;s'asseoir;;;;oui;Konjunktiv II;Ich würde mich gern ans Fenster setzen.;J'aimerais bien m'asseoir près de la fenêtre.;I would like to sit by the window.
A1;entschuldigen;excuser (qn, qch);Akkusativ;;;;Präsens;Die Lehrerin entschuldigt sein Fehlen.;La professeure excuse son absence.;The teacher excuses his absence.
A1;entschuldigen;excuser (qn, qch);Akkusativ;;;;Perfekt;Sie hat seine Verspätung entschuldigt.;Elle a excusé son retard.;She excused his lateness.
A1;entschuldigen;excuser (qn, qch);Akkusativ;;;;Präteritum;Der Chef entschuldigte den Fehler.;Le patron a excusé l'erreur.;The boss excused the mistake.
A1;entschuldigen;excuser (qn, qch);Akkusativ;;;;Konjunktiv II;Ich würde diesen Fehler nicht entschuldigen.;Je n'excuserais pas cette erreur.;I wouldn't excuse this mistake.
A2;sich freuen;se réjouir;;auf + Akkusativ;;oui;Präsens;Ich freue mich auf die Ferien.;Je me réjouis des vacances.;I'm looking forward to the holidays.
A2;sich freuen;se réjouir;;auf + Akkusativ;;oui;Perfekt;Ich habe mich auf die Ferien gefreut.;Je me suis réjoui des vacances.;I was looking forward to the vacation.
A2;sich freuen;se réjouir;;auf + Akkusativ;;oui;Präteritum;Ich freute mich auf die Ferien.;Je me réjouissais des vacances.;I was looking forward to the vacation.
A2;sich freuen;se réjouir;;auf + Akkusativ;;oui;Konjunktiv II;Ich würde mich auf die Ferien freuen.;Je me réjouirais des vacances.;I would look forward to the vacation.
A2;sich ärgern;s'énerver;;über + Akkusativ;;oui;Präsens;Ich ärgere mich über den Stau.;Je m'énerve à cause des embouteillages.;I get annoyed about the traffic jam.
A2;sich ärgern;s'énerver;;über + Akkusativ;;oui;Perfekt;Ich habe mich über den Stau geärgert.;Je me suis énervé à cause du bouchon.;I got annoyed about the traffic jam.
A2;sich ärgern;s'énerver;;über + Akkusativ;;oui;Präteritum;Ich ärgerte mich über den Fehler.;Je m'énervais à cause de l'erreur.;I was annoyed about the mistake.
A2;sich ärgern;s'énerver;;über + Akkusativ;;oui;Konjunktiv II;Ich würde mich darüber ärgern.;Ça m'énerverait.;I would be annoyed about that.
A2;sich beeilen;se dépêcher;;;oui;oui;Präsens;Ich beeile mich, weil der Bus gleich kommt.;Je me dépêche parce que le bus arrive bientôt.;I'm hurrying because the bus is coming soon.
A2;sich beeilen;se dépêcher;;;oui;oui;Perfekt;Ich habe mich sehr beeilt.;Je me suis beaucoup dépêché.;I hurried a lot.
A2;sich beeilen;se dépêcher;;;oui;oui;Präteritum;Ich beeilte mich, um den Zug zu erreichen.;Je me suis dépêché pour attraper le train.;I hurried to catch the train.
A2;sich beeilen;se dépêcher;;;oui;oui;Konjunktiv II;Ich würde mich mehr beeilen.;Je me dépêcherais davantage.;I would hurry more.
A2;sich entscheiden;se décider;;für + Akkusativ;;oui;Präsens;Ich entscheide mich für das blaue Kleid.;Je me décide pour la robe bleue.;I'm deciding on the blue dress.
A2;sich entscheiden;se décider;;für + Akkusativ;;oui;Perfekt;Ich habe mich für das Kleid entschieden.;Je me suis décidé pour la robe.;I decided on the dress.
A2;sich entscheiden;se décider;;für + Akkusativ;;oui;Präteritum;Ich entschied mich für die neue Stelle.;Je me suis décidé pour le nouveau poste.;I decided on the new job.
A2;sich entscheiden;se décider;;für + Akkusativ;;oui;Konjunktiv II;Ich würde mich für das blaue Kleid entscheiden.;Je me déciderais pour la robe bleue.;I would decide on the blue dress.
A2;sich verspäten;être en retard;;;oui;oui;Präsens;Ich verspäte mich heute ein bisschen.;Je suis un peu en retard aujourd'hui.;I'm a bit late today.
A2;sich verspäten;être en retard;;;oui;oui;Perfekt;Ich habe mich leider verspätet.;Je suis malheureusement en retard.;Unfortunately, I was late.
A2;sich verspäten;être en retard;;;oui;oui;Präteritum;Der Zug verspätete sich um zehn Minuten.;Le train avait dix minutes de retard.;The train was ten minutes late.
A2;sich verspäten;être en retard;;;oui;oui;Konjunktiv II;Ich würde mich nicht gern verspäten.;Je n'aimerais pas être en retard.;I wouldn't like to be late.
A2;sich verlieben;tomber amoureux;;in + Akkusativ;;oui;Präsens;Ich verliebe mich in ihn.;Je tombe amoureux de lui.;I am falling in love with him.
A2;sich verlieben;tomber amoureux;;in + Akkusativ;;oui;Perfekt;Ich habe mich in sie verliebt.;Je suis tombé amoureux d'elle.;I fell in love with her.
A2;sich verlieben;tomber amoureux;;in + Akkusativ;;oui;Präteritum;Sie verliebte sich in ihn.;Elle est tombée amoureuse de lui.;She fell in love with him.
A2;sich verlieben;tomber amoureux;;in + Akkusativ;;oui;Konjunktiv II;Ich würde mich sofort in ihn verlieben.;Je tomberais tout de suite amoureux de lui.;I would immediately fall in love with him.
A2;sich vorstellen;s'imaginer, se présenter;;;oui;oui;Präsens;Ich stelle mir das schwierig vor.;Je m'imagine que c'est difficile.;I imagine that's difficult.
A2;sich vorstellen;s'imaginer, se présenter;;;oui;oui;Perfekt;Ich habe mich kurz vorgestellt.;Je me suis brièvement présenté.;I briefly introduced myself.
A2;sich vorstellen;s'imaginer, se présenter;;;oui;oui;Präteritum;Ich stellte mich der Gruppe vor.;Je me suis présenté au groupe.;I introduced myself to the group.
A2;sich vorstellen;s'imaginer, se présenter;;;oui;oui;Konjunktiv II;Ich könnte mir das gut vorstellen.;Je pourrais bien me l'imaginer.;I could easily imagine that.
A2;sich anmelden;s'inscrire;;für + Akkusativ;;oui;Präsens;Ich melde mich für den Kurs an.;Je m'inscris au cours.;I'm signing up for the course.
A2;sich anmelden;s'inscrire;;für + Akkusativ;;oui;Perfekt;Ich habe mich für den Kurs angemeldet.;Je me suis inscrit au cours.;I signed up for the course.
A2;sich anmelden;s'inscrire;;für + Akkusativ;;oui;Präteritum;Ich meldete mich für den Wettbewerb an.;Je me suis inscrit au concours.;I registered for the competition.
A2;sich anmelden;s'inscrire;;für + Akkusativ;;oui;Konjunktiv II;Ich würde mich sofort für den Kurs anmelden.;Je m'inscrirais tout de suite au cours.;I would sign up for the course right away.
A2;sich abmelden;se désinscrire;;;oui;oui;Präsens;Ich melde mich vom Kurs ab.;Je me désinscris du cours.;I'm unregistering from the course.
A2;sich abmelden;se désinscrire;;;oui;oui;Perfekt;Ich habe mich abgemeldet.;Je me suis désinscrit.;I unregistered.
A2;sich abmelden;se désinscrire;;;oui;oui;Präteritum;Er meldete sich vom Verein ab.;Il s'est désinscrit du club.;He unregistered from the club.
A2;sich abmelden;se désinscrire;;;oui;oui;Konjunktiv II;Ich würde mich sofort abmelden.;Je me désinscrirais tout de suite.;I would unregister right away.
A2;sich entschuldigen;s'excuser;;für + Akkusativ;;oui;Präsens;Ich entschuldige mich für die Verspätung.;Je m'excuse pour le retard.;I apologize for being late.
A2;sich entschuldigen;s'excuser;;für + Akkusativ;;oui;Perfekt;Ich habe mich für die Verspätung entschuldigt.;Je me suis excusé pour le retard.;I apologized for being late.
A2;sich entschuldigen;s'excuser;;für + Akkusativ;;oui;Präteritum;Er entschuldigte sich für den Fehler.;Il s'est excusé pour l'erreur.;He apologized for the mistake.
A2;sich entschuldigen;s'excuser;;für + Akkusativ;;oui;Konjunktiv II;Ich würde mich für den Fehler entschuldigen.;Je m'excuserais pour l'erreur.;I would apologize for the mistake.
A2;sich beschweren;se plaindre;;über + Akkusativ;;oui;Präsens;Ich beschwere mich über den Service.;Je me plains du service.;I complain about the service.
A2;sich beschweren;se plaindre;;über + Akkusativ;;oui;Perfekt;Ich habe mich über den Service beschwert.;Je me suis plaint du service.;I complained about the service.
A2;sich beschweren;se plaindre;;über + Akkusativ;;oui;Präteritum;Sie beschwerte sich über den Lärm.;Elle s'est plainte du bruit.;She complained about the noise.
A2;sich beschweren;se plaindre;;über + Akkusativ;;oui;Konjunktiv II;Ich würde mich darüber beschweren.;Je m'en plaindrais.;I would complain about that.
A2;sich unterhalten;discuter;;mit + Dativ;;oui;Präsens;Wir unterhalten uns mit den Nachbarn.;Nous discutons avec les voisins.;We are talking with the neighbors.
A2;sich unterhalten;discuter;;mit + Dativ;;oui;Perfekt;Wir haben uns mit den Nachbarn unterhalten.;Nous avons discuté avec les voisins.;We talked with the neighbors.
A2;sich unterhalten;discuter;;mit + Dativ;;oui;Präteritum;Wir unterhielten uns mit den Nachbarn.;Nous discutions avec les voisins.;We talked with the neighbors.
A2;sich unterhalten;discuter;;mit + Dativ;;oui;Konjunktiv II;Ich würde mich gern mit dir unterhalten.;J'aimerais discuter avec toi.;I would like to chat with you.
A2;sich verabreden;se donner rendez-vous;;mit + Dativ;;oui;Präsens;Ich verabrede mich mit Freunden.;Je me donne rendez-vous avec des amis.;I'm arranging to meet with friends.
A2;sich verabreden;se donner rendez-vous;;mit + Dativ;;oui;Perfekt;Ich habe mich mit ihr verabredet.;Je me suis donné rendez-vous avec elle.;I arranged to meet her.
A2;sich verabreden;se donner rendez-vous;;mit + Dativ;;oui;Präteritum;Wir verabredeten uns mit Freunden.;Nous avons pris rendez-vous avec des amis.;We arranged to meet with friends.
A2;sich verabreden;se donner rendez-vous;;mit + Dativ;;oui;Konjunktiv II;Ich würde mich gern mit dir verabreden.;J'aimerais bien te donner rendez-vous.;I would like to arrange to meet you.
A2;sich verabschieden;dire au revoir;;von + Dativ;;oui;Präsens;Ich verabschiede mich von meinen Kollegen.;Je dis au revoir à mes collègues.;I'm saying goodbye to my colleagues.
A2;sich verabschieden;dire au revoir;;von + Dativ;;oui;Perfekt;Ich habe mich von meinen Kollegen verabschiedet.;J'ai dit au revoir à mes collègues.;I said goodbye to my colleagues.
A2;sich verabschieden;dire au revoir;;von + Dativ;;oui;Präteritum;Er verabschiedete sich von seinen Kollegen.;Il a dit au revoir à ses collègues.;He said goodbye to his colleagues.
A2;sich verabschieden;dire au revoir;;von + Dativ;;oui;Konjunktiv II;Ich würde mich gern von dir verabschieden.;J'aimerais te dire au revoir.;I would like to say goodbye to you.
A2;sich interessieren;s'intéresser;;für + Akkusativ;;oui;Präsens;Ich interessiere mich für Musik.;Je m'intéresse à la musique.;I'm interested in music.
A2;sich interessieren;s'intéresser;;für + Akkusativ;;oui;Perfekt;Ich habe mich dafür interessiert.;Je m'y suis intéressé.;I was interested in it.
A2;sich interessieren;s'intéresser;;für + Akkusativ;;oui;Präteritum;Er interessierte sich für Geschichte.;Il s'intéressait à l'histoire.;He was interested in history.
A2;sich interessieren;s'intéresser;;für + Akkusativ;;oui;Konjunktiv II;Ich würde mich dafür interessieren.;Je m'y intéresserais.;I would be interested in it.
A2;sich konzentrieren;se concentrer;;auf + Akkusativ;;oui;Präsens;Ich konzentriere mich auf die Arbeit.;Je me concentre sur le travail.;I'm concentrating on the work.
A2;sich konzentrieren;se concentrer;;auf + Akkusativ;;oui;Perfekt;Ich habe mich auf die Arbeit konzentriert.;Je me suis concentré sur le travail.;I concentrated on the work.
A2;sich konzentrieren;se concentrer;;auf + Akkusativ;;oui;Präteritum;Ich konzentrierte mich auf die Prüfung.;Je me concentrais sur l'examen.;I concentrated on the exam.
A2;sich konzentrieren;se concentrer;;auf + Akkusativ;;oui;Konjunktiv II;Ich müsste mich mehr auf die Arbeit konzentrieren.;Je devrais me concentrer davantage sur le travail.;I would need to concentrate more on the work.
A2;sich ausruhen;se reposer;;;oui;oui;Präsens;Ich ruhe mich am Wochenende aus.;Je me repose le week-end.;I rest on the weekend.
A2;sich ausruhen;se reposer;;;oui;oui;Perfekt;Ich habe mich gut ausgeruht.;Je me suis bien reposé.;I rested well.
A2;sich ausruhen;se reposer;;;oui;oui;Präteritum;Ich ruhte mich nach der Reise aus.;Je me suis reposé après le voyage.;I rested after the trip.
A2;sich ausruhen;se reposer;;;oui;oui;Konjunktiv II;Ich würde mich gern etwas ausruhen.;J'aimerais bien me reposer un peu.;I would like to rest a bit.
A2;sich verletzen;se blesser;;an + Dativ;;oui;Präsens;Ich verletze mich beim Sport oft.;Je me blesse souvent en faisant du sport.;I often get hurt playing sports.
A2;sich verletzen;se blesser;;an + Dativ;;oui;Perfekt;Ich habe mich leicht verletzt.;Je me suis légèrement blessé.;I got slightly injured.
A2;sich verletzen;se blesser;;an + Dativ;;oui;Präteritum;Er verletzte sich am Knie.;Il s'est blessé au genou.;He injured his knee.
A2;sich verletzen;se blesser;;an + Dativ;;oui;Konjunktiv II;Ich würde mich dabei nicht verletzen wollen.;Je ne voudrais pas me blesser en faisant ça.;I wouldn't want to get hurt doing that.
A2;sich verändern;changer;;;oui;oui;Präsens;Die Stadt verändert sich schnell.;La ville change vite.;The city is changing quickly.
A2;sich verändern;changer;;;oui;oui;Perfekt;Vieles hat sich verändert.;Beaucoup de choses ont changé.;Much has changed.
A2;sich verändern;changer;;;oui;oui;Präteritum;Er veränderte sich sehr.;Il a beaucoup changé.;He changed a lot.
A2;sich verändern;changer;;;oui;oui;Konjunktiv II;Ich würde mich für dich verändern.;Je changerais pour toi.;I would change for you.
A2;wechseln;changer;Akkusativ;;;;Präsens;Ich wechsle den Job.;Je change de travail.;I'm changing jobs.
A2;wechseln;changer;Akkusativ;;;;Perfekt;Ich habe die Karte gewechselt.;J'ai changé la carte.;I changed the card.
A2;wechseln;changer;Akkusativ;;;;Präteritum;Ich wechselte die Schule.;J'ai changé d'école.;I changed schools.
A2;wechseln;changer;Akkusativ;;;;Konjunktiv II;Ich würde gern den Job wechseln.;J'aimerais changer de travail.;I would like to change jobs.
A2;verbessern;améliorer;Akkusativ;;;;Präsens;Ich verbessere mein Deutsch.;J'améliore mon allemand.;I'm improving my German.
A2;verbessern;améliorer;Akkusativ;;;;Perfekt;Ich habe meine Aussprache verbessert.;J'ai amélioré ma prononciation.;I improved my pronunciation.
A2;verbessern;améliorer;Akkusativ;;;;Präteritum;Er verbesserte seine Note.;Il a amélioré sa note.;He improved his grade.
A2;verbessern;améliorer;Akkusativ;;;;Konjunktiv II;Ich würde das gern verbessern.;J'aimerais améliorer ça.;I would like to improve that.
A2;vergleichen;comparer;Akkusativ;;;;Präsens;Ich vergleiche die Preise.;Je compare les prix.;I'm comparing the prices.
A2;vergleichen;comparer;Akkusativ;;;;Perfekt;Ich habe die Preise verglichen.;J'ai comparé les prix.;I compared the prices.
A2;vergleichen;comparer;Akkusativ;;;;Präteritum;Ich verglich die zwei Angebote.;J'ai comparé les deux offres.;I compared the two offers.
A2;vergleichen;comparer;Akkusativ;;;;Konjunktiv II;Ich würde die Angebote vergleichen.;Je comparerais les offres.;I would compare the offers.
A2;verlieren;perdre;Akkusativ;;;;Präsens;Ich verliere oft meine Schlüssel.;Je perds souvent mes clés.;I often lose my keys.
A2;verlieren;perdre;Akkusativ;;;;Perfekt;Ich habe mein Handy verloren.;J'ai perdu mon téléphone.;I lost my phone.
A2;verlieren;perdre;Akkusativ;;;;Präteritum;Ich verlor das Spiel.;J'ai perdu le match.;I lost the game.
A2;verlieren;perdre;Akkusativ;;;;Konjunktiv II;Ich würde das Spiel nicht gern verlieren.;Je n'aimerais pas perdre le match.;I would not like to lose the game.
A2;gewinnen;gagner;Akkusativ;;;;Präsens;Unsere Mannschaft gewinnt das Spiel.;Notre équipe gagne le match.;Our team wins the game.
A2;gewinnen;gagner;Akkusativ;;;;Perfekt;Ich habe den Preis gewonnen.;J'ai gagné le prix.;I won the prize.
A2;gewinnen;gagner;Akkusativ;;;;Präteritum;Wir gewannen das Finale.;Nous avons gagné la finale.;We won the final.
A2;gewinnen;gagner;Akkusativ;;;;Konjunktiv II;Ich würde gern das Spiel gewinnen.;J'aimerais gagner le match.;I would like to win the game.
A2;verlassen;quitter;Akkusativ;;;;Präsens;Ich verlasse morgen die Stadt.;Je quitte la ville demain.;I'm leaving the city tomorrow.
A2;verlassen;quitter;Akkusativ;;;;Perfekt;Ich habe die Firma verlassen.;J'ai quitté l'entreprise.;I left the company.
A2;verlassen;quitter;Akkusativ;;;;Präteritum;Er verließ das Haus früh.;Il a quitté la maison tôt.;He left the house early.
A2;verlassen;quitter;Akkusativ;;;;Konjunktiv II;Ich würde die Stadt nicht verlassen.;Je ne quitterais pas la ville.;I wouldn't leave the city.
A2;erreichen;atteindre;Akkusativ;;;;Präsens;Ich erreiche mein Ziel.;J'atteins mon objectif.;I'm reaching my goal.
A2;erreichen;atteindre;Akkusativ;;;;Perfekt;Ich habe mein Ziel erreicht.;J'ai atteint mon objectif.;I reached my goal.
A2;erreichen;atteindre;Akkusativ;;;;Präteritum;Ich erreichte den Zug gerade noch.;J'ai attrapé le train de justesse.;I just barely caught the train.
A2;erreichen;atteindre;Akkusativ;;;;Konjunktiv II;Ich würde das Ziel gern erreichen.;J'aimerais atteindre l'objectif.;I would like to reach the goal.
A2;erwarten;attendre, s'attendre à;Akkusativ;;;;Präsens;Ich erwarte eine Antwort.;J'attends une réponse.;I'm expecting an answer.
A2;erwarten;attendre, s'attendre à;Akkusativ;;;;Perfekt;Ich habe das nicht erwartet.;Je ne m'y attendais pas.;I didn't expect that.
A2;erwarten;attendre, s'attendre à;Akkusativ;;;;Präteritum;Ich erwartete ihn am Bahnhof.;Je l'attendais à la gare.;I was expecting him at the station.
A2;erwarten;attendre, s'attendre à;Akkusativ;;;;Konjunktiv II;Ich würde das nicht erwarten.;Je ne m'y attendrais pas.;I wouldn't expect that.
A2;entdecken;découvrir;Akkusativ;;;;Präsens;Ich entdecke gern neue Orte.;J'aime découvrir de nouveaux endroits.;I like discovering new places.
A2;entdecken;découvrir;Akkusativ;;;;Perfekt;Ich habe einen Fehler entdeckt.;J'ai découvert une erreur.;I discovered a mistake.
A2;entdecken;découvrir;Akkusativ;;;;Präteritum;Wir entdeckten ein kleines Café.;Nous avons découvert un petit café.;We discovered a small café.
A2;entdecken;découvrir;Akkusativ;;;;Konjunktiv II;Ich würde das gern entdecken.;J'aimerais découvrir ça.;I would like to discover that.
A2;entwickeln;développer;Akkusativ;;;;Präsens;Die Firma entwickelt eine neue App.;L'entreprise développe une nouvelle application.;The company is developing a new app.
A2;entwickeln;développer;Akkusativ;;;;Perfekt;Wir haben eine Lösung entwickelt.;Nous avons développé une solution.;We developed a solution.
A2;entwickeln;développer;Akkusativ;;;;Präteritum;Er entwickelte ein neues Produkt.;Il a développé un nouveau produit.;He developed a new product.
A2;entwickeln;développer;Akkusativ;;;;Konjunktiv II;Ich würde das Projekt weiterentwickeln.;Je continuerais à développer le projet.;I would continue developing the project.
A2;entstehen;naître, se former;;;oui;;Präsens;Hier entsteht ein neues Gebäude.;Un nouveau bâtiment est en train de naître ici.;A new building is being built here.
A2;entstehen;naître, se former;;;oui;;Perfekt;Ein neues Projekt ist entstanden.;Un nouveau projet est né.;A new project has emerged.
A2;entstehen;naître, se former;;;oui;;Präteritum;Das Problem entstand durch einen Fehler.;Le problème est né d'une erreur.;The problem arose from a mistake.
A2;entstehen;naître, se former;;;oui;;Konjunktiv II;Daraus könnte ein Problem entstehen.;Un problème pourrait en découler.;A problem could arise from that.
A2;entfernen;enlever;Akkusativ;;;;Präsens;Ich entferne den Fleck.;J'enlève la tache.;I'm removing the stain.
A2;entfernen;enlever;Akkusativ;;;;Perfekt;Ich habe die Datei entfernt.;J'ai supprimé le fichier.;I removed the file.
A2;entfernen;enlever;Akkusativ;;;;Präteritum;Er entfernte die alte Software.;Il a enlevé l'ancien logiciel.;He removed the old software.
A2;entfernen;enlever;Akkusativ;;;;Konjunktiv II;Ich würde das sofort entfernen.;Je supprimerais ça tout de suite.;I would remove that right away.
A2;entscheiden;décider;Akkusativ;;;;Präsens;Der Chef entscheidet den Fall allein.;Le patron décide de l'affaire seul.;The boss decides the matter alone.
A2;entscheiden;décider;Akkusativ;;;;Perfekt;Wir haben noch nichts entschieden.;Nous n'avons encore rien décidé.;We haven't decided anything yet.
A2;entscheiden;décider;Akkusativ;;;;Präteritum;Sie entschied den Fall schnell.;Elle a décidé de l'affaire rapidement.;She decided the matter quickly.
A2;entscheiden;décider;Akkusativ;;;;Konjunktiv II;Ich würde den Fall anders entscheiden.;Je déciderais l'affaire autrement.;I would decide the case differently.
A2;beeindrucken;impressionner;Akkusativ;;;;Präsens;Das Konzert beeindruckt mich sehr.;Le concert m'impressionne beaucoup.;The concert impresses me a lot.
A2;beeindrucken;impressionner;Akkusativ;;;;Perfekt;Die Leistung hat mich beeindruckt.;La performance m'a impressionné.;The performance impressed me.
A2;beeindrucken;impressionner;Akkusativ;;;;Präteritum;Der Film beeindruckte mich.;Le film m'a impressionné.;The movie impressed me.
A2;beeindrucken;impressionner;Akkusativ;;;;Konjunktiv II;Das würde mich sehr beeindrucken.;Ça m'impressionnerait beaucoup.;That would impress me a lot.
A2;beeinflussen;influencer;Akkusativ;;;;Präsens;Das Wetter beeinflusst meine Laune.;Le temps influence mon humeur.;The weather influences my mood.
A2;beeinflussen;influencer;Akkusativ;;;;Perfekt;Das hat meine Entscheidung beeinflusst.;Ça a influencé ma décision.;That influenced my decision.
A2;beeinflussen;influencer;Akkusativ;;;;Präteritum;Die Musik beeinflusste seine Kindheit.;La musique a influencé son enfance.;Music influenced his childhood.
A2;beeinflussen;influencer;Akkusativ;;;;Konjunktiv II;Das würde meine Entscheidung beeinflussen.;Ça influencerait ma décision.;That would influence my decision.
A2;beobachten;observer;Akkusativ;;;;Präsens;Ich beobachte die Vögel.;J'observe les oiseaux.;I'm observing the birds.
A2;beobachten;observer;Akkusativ;;;;Perfekt;Ich habe die Situation beobachtet.;J'ai observé la situation.;I observed the situation.
A2;beobachten;observer;Akkusativ;;;;Präteritum;Wir beobachteten den Sonnenuntergang.;Nous avons observé le coucher de soleil.;We watched the sunset.
A2;beobachten;observer;Akkusativ;;;;Konjunktiv II;Ich würde das gern beobachten.;J'aimerais observer ça.;I would like to observe that.
A2;bemerken;remarquer;Akkusativ;;;;Präsens;Ich bemerke den Unterschied sofort.;Je remarque la différence tout de suite.;I notice the difference right away.
A2;bemerken;remarquer;Akkusativ;;;;Perfekt;Ich habe das nicht bemerkt.;Je ne l'ai pas remarqué.;I didn't notice that.
A2;bemerken;remarquer;Akkusativ;;;;Präteritum;Sie bemerkte den Fehler nicht.;Elle n'a pas remarqué l'erreur.;She didn't notice the mistake.
A2;bemerken;remarquer;Akkusativ;;;;Konjunktiv II;Ich würde das sofort bemerken.;Je le remarquerais tout de suite.;I would notice that right away.
A2;besitzen;posséder;Akkusativ;;;;Präsens;Ich besitze ein altes Auto.;Je possède une vieille voiture.;I own an old car.
A2;besitzen;posséder;Akkusativ;;;;Perfekt;Sie hat viel Geduld besessen.;Elle a eu beaucoup de patience.;She had a lot of patience.
A2;besitzen;posséder;Akkusativ;;;;Präteritum;Er besaß ein großes Haus.;Il possédait une grande maison.;He owned a big house.
A2;besitzen;posséder;Akkusativ;;;;Konjunktiv II;Ich würde gern ein Haus besitzen.;J'aimerais posséder une maison.;I would like to own a house.
A2;bestellen;commander;Akkusativ;;;;Präsens;Ich bestelle eine Pizza.;Je commande une pizza.;I'm ordering a pizza.
A2;bestellen;commander;Akkusativ;;;;Perfekt;Ich habe das Buch bestellt.;J'ai commandé le livre.;I ordered the book.
A2;bestellen;commander;Akkusativ;;;;Präteritum;Wir bestellten ein Taxi.;Nous avons commandé un taxi.;We ordered a taxi.
A2;bestellen;commander;Akkusativ;;;;Konjunktiv II;Ich würde das online bestellen.;Je commanderais ça en ligne.;I would order that online.
A2;bestehen;réussir, consister;Akkusativ;;;;Präsens;Ich bestehe die Prüfung.;Je réussis l'examen.;I'm passing the exam.
A2;bestehen;réussir, consister;Akkusativ;;;;Perfekt;Ich habe die Prüfung bestanden.;J'ai réussi l'examen.;I passed the exam.
A2;bestehen;réussir, consister;Akkusativ;;;;Präteritum;Er bestand die Prüfung mit Bravour.;Il a réussi l'examen haut la main.;He passed the exam with flying colors.
A2;bestehen;réussir, consister;Akkusativ;;;;Konjunktiv II;Ich würde die Prüfung sicher bestehen.;Je réussirais sûrement l'examen.;I would surely pass the exam.
A2;bestimmen;déterminer;Akkusativ;;;;Präsens;Ich bestimme den Termin.;Je détermine la date.;I'm determining the date.
A2;bestimmen;déterminer;Akkusativ;;;;Perfekt;Wir haben den Ort bestimmt.;Nous avons déterminé le lieu.;We determined the place.
A2;bestimmen;déterminer;Akkusativ;;;;Präteritum;Der Chef bestimmte die Regeln.;Le patron a déterminé les règles.;The boss determined the rules.
A2;bestimmen;déterminer;Akkusativ;;;;Konjunktiv II;Ich würde das anders bestimmen.;Je le déterminerais autrement.;I would determine that differently.
A2;betreten;entrer dans;Akkusativ;;;;Präsens;Ich betrete den Raum.;J'entre dans la pièce.;I'm entering the room.
A2;betreten;entrer dans;Akkusativ;;;;Perfekt;Ich habe das Gebäude betreten.;Je suis entré dans le bâtiment.;I entered the building.
A2;betreten;entrer dans;Akkusativ;;;;Präteritum;Er betrat leise das Zimmer.;Il est entré doucement dans la pièce.;He entered the room quietly.
A2;betreten;entrer dans;Akkusativ;;;;Konjunktiv II;Ich würde den Raum nicht betreten.;Je n'entrerais pas dans la pièce.;I wouldn't enter the room.
A2;betreuen;s'occuper de;Akkusativ;;;;Präsens;Ich betreue die neuen Mitarbeiter.;Je m'occupe des nouveaux employés.;I'm looking after the new employees.
A2;betreuen;s'occuper de;Akkusativ;;;;Perfekt;Ich habe das Projekt betreut.;Je me suis occupé du projet.;I took care of the project.
A2;betreuen;s'occuper de;Akkusativ;;;;Präteritum;Sie betreute die Kinder.;Elle s'occupait des enfants.;She looked after the children.
A2;betreuen;s'occuper de;Akkusativ;;;;Konjunktiv II;Ich würde das Projekt gern betreuen.;J'aimerais m'occuper du projet.;I would like to take care of the project.
A2;beurteilen;juger;Akkusativ;;;;Präsens;Ich beurteile die Lage realistisch.;Je juge la situation de façon réaliste.;I assess the situation realistically.
A2;beurteilen;juger;Akkusativ;;;;Perfekt;Ich habe die Situation falsch beurteilt.;J'ai mal jugé la situation.;I misjudged the situation.
A2;beurteilen;juger;Akkusativ;;;;Präteritum;Der Lehrer beurteilte die Arbeit fair.;Le professeur a jugé le travail équitablement.;The teacher judged the work fairly.
A2;beurteilen;juger;Akkusativ;;;;Konjunktiv II;Ich würde das anders beurteilen.;Je jugerais ça différemment.;I would judge that differently.
A2;bewegen;bouger;Akkusativ;;;;Präsens;Ich bewege den Stuhl.;Je déplace la chaise.;I move the chair.
A2;bewegen;bouger;Akkusativ;;;;Perfekt;Ich habe den Stuhl bewegt.;J'ai déplacé la chaise.;I moved the chair.
A2;bewegen;bouger;Akkusativ;;;;Präteritum;Er bewegte den Stuhl.;Il a déplacé la chaise.;He moved the chair.
A2;bewegen;bouger;Akkusativ;;;;Konjunktiv II;Ich würde den Stuhl bewegen.;Je déplacerais la chaise.;I would move the chair.
A2;sich bewerben;postuler;;um + Akkusativ;;oui;Präsens;Ich bewerbe mich um die Stelle.;Je postule pour le poste.;I'm applying for the position.
A2;sich bewerben;postuler;;um + Akkusativ;;oui;Perfekt;Ich habe mich um die Stelle beworben.;J'ai postulé pour le poste.;I applied for the position.
A2;sich bewerben;postuler;;um + Akkusativ;;oui;Präteritum;Ich bewarb mich um die Stelle.;J'ai postulé pour le poste.;I applied for the position.
A2;sich bewerben;postuler;;um + Akkusativ;;oui;Konjunktiv II;Ich würde mich um die Stelle bewerben.;Je postulerais pour le poste.;I would apply for the position.
A2;bezeichnen;désigner;Akkusativ;;;;Präsens;Man bezeichnet ihn als Experten.;On le désigne comme expert.;He is called an expert.
A2;bezeichnen;désigner;Akkusativ;;;;Perfekt;Ich habe das als wichtig bezeichnet.;J'ai désigné ça comme important.;I called that important.
A2;bezeichnen;désigner;Akkusativ;;;;Präteritum;Sie bezeichnete das als Fehler.;Elle a désigné ça comme une erreur.;She called that a mistake.
A2;bezeichnen;désigner;Akkusativ;;;;Konjunktiv II;Ich würde das anders bezeichnen.;Je le désignerais autrement.;I would call that differently.
A2;buchen;réserver;Akkusativ;;;;Präsens;Ich buche einen Flug.;Je réserve un vol.;I'm booking a flight.
A2;buchen;réserver;Akkusativ;;;;Perfekt;Ich habe die Reise gebucht.;J'ai réservé le voyage.;I booked the trip.
A2;buchen;réserver;Akkusativ;;;;Präteritum;Wir buchten das Hotel online.;Nous avons réservé l'hôtel en ligne.;We booked the hotel online.
A2;buchen;réserver;Akkusativ;;;;Konjunktiv II;Ich würde den Flug jetzt buchen.;Je réserverais le vol maintenant.;I would book the flight now.
A2;dauern;durer;;;oui;;Präsens;Der Film dauert zwei Stunden.;Le film dure deux heures.;The movie lasts two hours.
A2;dauern;durer;;;oui;;Perfekt;Das Meeting hat lange gedauert.;La réunion a duré longtemps.;The meeting lasted a long time.
A2;dauern;durer;;;oui;;Präteritum;Die Reise dauerte drei Tage.;Le voyage a duré trois jours.;The trip lasted three days.
A2;dauern;durer;;;oui;;Konjunktiv II;Das würde zu lange dauern.;Ça durerait trop longtemps.;That would take too long.
A2;diskutieren;discuter;;über + Akkusativ;;;Präsens;Wir diskutieren über Politik.;Nous discutons de politique.;We're discussing politics.
A2;diskutieren;discuter;;über + Akkusativ;;;Perfekt;Wir haben über Politik diskutiert.;Nous avons discuté de politique.;We discussed politics.
A2;diskutieren;discuter;;über + Akkusativ;;;Präteritum;Wir diskutierten lange darüber.;Nous en avons longtemps discuté.;We discussed it for a long time.
A2;diskutieren;discuter;;über + Akkusativ;;;Konjunktiv II;Ich würde gern darüber diskutieren.;J'aimerais en discuter.;I would like to discuss that.
A2;drehen;tourner;Akkusativ;;;;Präsens;Ich drehe den Schlüssel um.;Je tourne la clé.;I'm turning the key.
A2;drehen;tourner;Akkusativ;;;;Perfekt;Ich habe das Video gedreht.;J'ai tourné la vidéo.;I shot the video.
A2;drehen;tourner;Akkusativ;;;;Präteritum;Er drehte den Schlüssel um.;Il a tourné la clé.;He turned the key.
A2;drehen;tourner;Akkusativ;;;;Konjunktiv II;Ich würde den Schlüssel drehen.;Je tournerais la clé.;I would turn the key.
A2;drucken;imprimer;Akkusativ;;;;Präsens;Ich drucke das Dokument.;J'imprime le document.;I'm printing the document.
A2;drucken;imprimer;Akkusativ;;;;Perfekt;Ich habe die Seite gedruckt.;J'ai imprimé la page.;I printed the page.
A2;drucken;imprimer;Akkusativ;;;;Präteritum;Ich druckte die Rechnung aus.;J'ai imprimé la facture.;I printed the invoice.
A2;drucken;imprimer;Akkusativ;;;;Konjunktiv II;Ich würde das später drucken.;J'imprimerais ça plus tard.;I would print that later.
A2;drücken;appuyer, presser;Akkusativ;;;;Präsens;Ich drücke den Knopf.;J'appuie sur le bouton.;I press the button.
A2;drücken;appuyer, presser;Akkusativ;;;;Perfekt;Ich habe den Knopf gedrückt.;J'ai appuyé sur le bouton.;I pressed the button.
A2;drücken;appuyer, presser;Akkusativ;;;;Präteritum;Er drückte die Tür auf.;Il a poussé la porte.;He pushed the door open.
A2;drücken;appuyer, presser;Akkusativ;;;;Konjunktiv II;Ich würde den Knopf fest drücken.;J'appuierais fort sur le bouton.;I would press the button firmly.
A2;einladen;inviter;Akkusativ;;;;Präsens;Ich lade dich zum Essen ein.;Je t'invite à manger.;I'm inviting you to eat.
A2;einladen;inviter;Akkusativ;;;;Perfekt;Ich habe sie zur Party eingeladen.;Je l'ai invitée à la fête.;I invited her to the party.
A2;einladen;inviter;Akkusativ;;;;Präteritum;Ich lud meine Freunde ein.;J'ai invité mes amis.;I invited my friends.
A2;einladen;inviter;Akkusativ;;;;Konjunktiv II;Ich würde dich gern einladen.;J'aimerais t'inviter.;I would like to invite you.
A2;einsteigen;monter (dans un véhicule);;in + Akkusativ;;;Präsens;Ich steige in den Bus ein.;Je monte dans le bus.;I'm getting on the bus.
A2;einsteigen;monter (dans un véhicule);;in + Akkusativ;;;Perfekt;Ich bin in den Zug eingestiegen.;Je suis monté dans le train.;I got on the train.
A2;einsteigen;monter (dans un véhicule);;in + Akkusativ;;;Präteritum;Wir stiegen in den Bus ein.;Nous sommes montés dans le bus.;We got on the bus.
A2;einsteigen;monter (dans un véhicule);;in + Akkusativ;;;Konjunktiv II;Ich würde jetzt in den Bus einsteigen.;Je monterais maintenant dans le bus.;I would get on the bus now.
A2;aussteigen;descendre (d'un véhicule);;aus + Dativ;;;Präsens;Ich steige aus dem Bus aus.;Je descends du bus.;I get off the bus.
A2;aussteigen;descendre (d'un véhicule);;aus + Dativ;;;Perfekt;Ich bin aus dem Bus ausgestiegen.;Je suis descendu du bus.;I got off the bus.
A2;aussteigen;descendre (d'un véhicule);;aus + Dativ;;;Präteritum;Er stieg aus dem Zug aus.;Il est descendu du train.;He got off the train.
A2;aussteigen;descendre (d'un véhicule);;aus + Dativ;;;Konjunktiv II;Ich würde hier aus dem Bus aussteigen.;Je descendrais du bus ici.;I would get off the bus here.
A2;umsteigen;changer (de train, bus);;;oui;;Präsens;Ich steige in München um.;Je change à Munich.;I'm changing in Munich.
A2;umsteigen;changer (de train, bus);;;oui;;Perfekt;Ich bin einmal umgestiegen.;J'ai changé une fois.;I changed once.
A2;umsteigen;changer (de train, bus);;;oui;;Präteritum;Wir stiegen in Frankfurt um.;Nous avons changé à Francfort.;We changed in Frankfurt.
A2;umsteigen;changer (de train, bus);;;oui;;Konjunktiv II;Ich würde lieber nicht umsteigen.;Je préférerais ne pas changer.;I would rather not change.
A2;empfehlen;recommander;Akkusativ+Dativ;;;;Präsens;Ich empfehle dir dieses Restaurant.;Je te recommande ce restaurant.;I recommend this restaurant to you.
A2;empfehlen;recommander;Akkusativ+Dativ;;;;Perfekt;Ich habe ihm den Film empfohlen.;Je lui ai recommandé le film.;I recommended him the movie.
A2;empfehlen;recommander;Akkusativ+Dativ;;;;Präteritum;Er empfahl mir das Buch.;Il m'a recommandé le livre.;He recommended me the book.
A2;empfehlen;recommander;Akkusativ+Dativ;;;;Konjunktiv II;Ich würde dir das Hotel empfehlen.;Je te recommanderais l'hôtel.;I would recommend the hotel to you.
A2;enthalten;contenir;Akkusativ;;;;Präsens;Das Getränk enthält Zucker.;La boisson contient du sucre.;The drink contains sugar.
A2;enthalten;contenir;Akkusativ;;;;Perfekt;Der Brief hat wichtige Informationen enthalten.;La lettre contenait des informations importantes.;The letter contained important information.
A2;enthalten;contenir;Akkusativ;;;;Präteritum;Die Box enthielt viele Bücher.;La boîte contenait beaucoup de livres.;The box contained many books.
A2;enthalten;contenir;Akkusativ;;;;Konjunktiv II;Das würde zu viel Zucker enthalten.;Ça contiendrait trop de sucre.;That would contain too much sugar.
A2;sich entspannen;se détendre;;;oui;oui;Präsens;Ich entspanne mich am Wochenende.;Je me détends le week-end.;I relax on the weekend.
A2;sich entspannen;se détendre;;;oui;oui;Perfekt;Ich habe mich gut entspannt.;Je me suis bien détendu.;I relaxed well.
A2;sich entspannen;se détendre;;;oui;oui;Präteritum;Ich entspannte mich im Urlaub.;Je me détendais pendant les vacances.;I relaxed during the holiday.
A2;sich entspannen;se détendre;;;oui;oui;Konjunktiv II;Ich würde mich gern entspannen.;J'aimerais me détendre.;I would like to relax.
A2;erfahren;apprendre (une info);Akkusativ;;;;Präsens;Ich erfahre die Neuigkeiten spät.;J'apprends les nouvelles tard.;I find out the news late.
A2;erfahren;apprendre (une info);Akkusativ;;;;Perfekt;Ich habe es gerade erfahren.;Je viens de l'apprendre.;I just found out.
A2;erfahren;apprendre (une info);Akkusativ;;;;Präteritum;Ich erfuhr es von meiner Schwester.;Je l'ai appris par ma sœur.;I found out from my sister.
A2;erfahren;apprendre (une info);Akkusativ;;;;Konjunktiv II;Ich würde das gern erfahren.;J'aimerais bien l'apprendre.;I would like to find that out.
A2;erfinden;inventer;Akkusativ;;;;Präsens;Er erfindet gute Ausreden.;Il invente de bonnes excuses.;He invents good excuses.
A2;erfinden;inventer;Akkusativ;;;;Perfekt;Er hat eine Geschichte erfunden.;Il a inventé une histoire.;He invented a story.
A2;erfinden;inventer;Akkusativ;;;;Präteritum;Sie erfand eine neue Methode.;Elle a inventé une nouvelle méthode.;She invented a new method.
A2;erfinden;inventer;Akkusativ;;;;Konjunktiv II;Ich würde nichts erfinden.;Je n'inventerais rien.;I wouldn't invent anything.
A2;ergänzen;compléter;Akkusativ;;;;Präsens;Ich ergänze die Liste.;Je complète la liste.;I'm completing the list.
A2;ergänzen;compléter;Akkusativ;;;;Perfekt;Ich habe die Tabelle ergänzt.;J'ai complété le tableau.;I completed the table.
A2;ergänzen;compléter;Akkusativ;;;;Präteritum;Sie ergänzte den Satz.;Elle a complété la phrase.;She completed the sentence.
A2;ergänzen;compléter;Akkusativ;;;;Konjunktiv II;Ich würde das noch ergänzen.;Je compléterais encore ça.;I would still add to that.
A2;erhalten;recevoir, conserver;Akkusativ;;;;Präsens;Ich erhalte eine E-Mail.;Je reçois un e-mail.;I'm receiving an email.
A2;erhalten;recevoir, conserver;Akkusativ;;;;Perfekt;Ich habe die Antwort erhalten.;J'ai reçu la réponse.;I received the answer.
A2;erhalten;recevoir, conserver;Akkusativ;;;;Präteritum;Er erhielt einen Preis.;Il a reçu un prix.;He received a prize.
A2;erhalten;recevoir, conserver;Akkusativ;;;;Konjunktiv II;Ich würde gern eine Antwort erhalten.;J'aimerais recevoir une réponse.;I would like to receive an answer.
A2;erhöhen;augmenter;Akkusativ;;;;Präsens;Die Firma erhöht die Preise.;L'entreprise augmente les prix.;The company is raising the prices.
A2;erhöhen;augmenter;Akkusativ;;;;Perfekt;Wir haben das Budget erhöht.;Nous avons augmenté le budget.;We increased the budget.
A2;erhöhen;augmenter;Akkusativ;;;;Präteritum;Sie erhöhten das Gehalt.;Ils ont augmenté le salaire.;They raised the salary.
A2;erhöhen;augmenter;Akkusativ;;;;Konjunktiv II;Ich würde die Preise nicht erhöhen.;Je n'augmenterais pas les prix.;I wouldn't raise the prices.
A2;erinnern;rappeler;Akkusativ;an + Akkusativ;;;Präsens;Das erinnert mich an meine Kindheit.;Ça me rappelle mon enfance.;That reminds me of my childhood.
A2;erinnern;rappeler;Akkusativ;an + Akkusativ;;;Perfekt;Das hat mich an dich erinnert.;Ça m'a fait penser à toi.;That reminded me of you.
A2;erinnern;rappeler;Akkusativ;an + Akkusativ;;;Präteritum;Das erinnerte ihn an seine Kindheit.;Cela lui rappelait son enfance.;That reminded him of his childhood.
A2;erinnern;rappeler;Akkusativ;an + Akkusativ;;;Konjunktiv II;Das würde mich daran erinnern.;Ça me le rappellerait.;That would remind me of it.
A2;erkennen;reconnaître;Akkusativ;;;;Präsens;Ich erkenne ihn sofort.;Je le reconnais tout de suite.;I recognize him right away.
A2;erkennen;reconnaître;Akkusativ;;;;Perfekt;Ich habe das Problem erkannt.;J'ai reconnu le problème.;I recognized the problem.
A2;erkennen;reconnaître;Akkusativ;;;;Präteritum;Ich erkannte sie nicht.;Je ne l'ai pas reconnue.;I didn't recognize her.
A2;erkennen;reconnaître;Akkusativ;;;;Konjunktiv II;Ich würde ihn sofort erkennen.;Je le reconnaîtrais tout de suite.;I would recognize him right away.
A2;erledigen;régler, s'occuper de;Akkusativ;;;;Präsens;Ich erledige die Einkäufe.;Je fais les courses.;I'm doing the shopping.
A2;erledigen;régler, s'occuper de;Akkusativ;;;;Perfekt;Ich habe alles erledigt.;J'ai tout réglé.;I took care of everything.
A2;erledigen;régler, s'occuper de;Akkusativ;;;;Präteritum;Ich erledigte die Aufgabe schnell.;J'ai réglé la tâche rapidement.;I handled the task quickly.
A2;erledigen;régler, s'occuper de;Akkusativ;;;;Konjunktiv II;Ich würde das sofort erledigen.;Je réglerais ça tout de suite.;I would take care of that right away.
A2;ermöglichen;permettre;Akkusativ+Dativ;;;;Präsens;Das Stipendium ermöglicht ihm das Studium.;La bourse lui permet de faire des études.;The scholarship makes the studies possible for him.
A2;ermöglichen;permettre;Akkusativ+Dativ;;;;Perfekt;Das hat ihm den Erfolg ermöglicht.;Cela lui a permis le succès.;That made success possible for him.
A2;ermöglichen;permettre;Akkusativ+Dativ;;;;Präteritum;Das Geld ermöglichte ihr die Reise.;L'argent lui a permis le voyage.;The money made the trip possible for her.
A2;ermöglichen;permettre;Akkusativ+Dativ;;;;Konjunktiv II;Das würde ihm vieles ermöglichen.;Cela lui permettrait beaucoup de choses.;That would make a lot possible for him.
A2;eröffnen;ouvrir, inaugurer;Akkusativ;;;;Präsens;Wir eröffnen ein neues Geschäft.;Nous ouvrons un nouveau magasin.;We're opening a new store.
A2;eröffnen;ouvrir, inaugurer;Akkusativ;;;;Perfekt;Wir haben die Ausstellung eröffnet.;Nous avons inauguré l'exposition.;We opened the exhibition.
A2;eröffnen;ouvrir, inaugurer;Akkusativ;;;;Präteritum;Sie eröffneten das Museum.;Ils ont inauguré le musée.;They opened the museum.
A2;eröffnen;ouvrir, inaugurer;Akkusativ;;;;Konjunktiv II;Ich würde gern ein Café eröffnen.;J'aimerais ouvrir un café.;I would like to open a café.
A2;erscheinen;apparaître, paraître;;;oui;;Präsens;Das Buch erscheint im Herbst.;Le livre paraît en automne.;The book comes out in the fall.
A2;erscheinen;apparaître, paraître;;;oui;;Perfekt;Das Buch ist letzte Woche erschienen.;Le livre est paru la semaine dernière.;The book came out last week.
A2;erscheinen;apparaître, paraître;;;oui;;Präteritum;Er erschien plötzlich.;Il est apparu soudainement.;He appeared suddenly.
A2;erscheinen;apparaître, paraître;;;oui;;Konjunktiv II;Das würde seltsam erscheinen.;Ça paraîtrait bizarre.;That would seem strange.
A2;ersetzen;remplacer;Akkusativ;;;;Präsens;Ich ersetze die alte Lampe.;Je remplace la vieille lampe.;I'm replacing the old lamp.
A2;ersetzen;remplacer;Akkusativ;;;;Perfekt;Ich habe das Teil ersetzt.;J'ai remplacé la pièce.;I replaced the part.
A2;ersetzen;remplacer;Akkusativ;;;;Präteritum;Er ersetzte den Reifen.;Il a remplacé le pneu.;He replaced the tire.
A2;ersetzen;remplacer;Akkusativ;;;;Konjunktiv II;Ich würde das sofort ersetzen.;Je remplacerais ça tout de suite.;I would replace that right away.
A2;erwähnen;mentionner;Akkusativ;;;;Präsens;Ich erwähne das kurz.;Je mentionne ça brièvement.;I mention that briefly.
A2;erwähnen;mentionner;Akkusativ;;;;Perfekt;Ich habe das schon erwähnt.;Je l'ai déjà mentionné.;I already mentioned that.
A2;erwähnen;mentionner;Akkusativ;;;;Präteritum;Sie erwähnte das Problem.;Elle a mentionné le problème.;She mentioned the problem.
A2;erwähnen;mentionner;Akkusativ;;;;Konjunktiv II;Ich würde das nicht erwähnen.;Je ne le mentionnerais pas.;I wouldn't mention that.
A2;existieren;exister;;;oui;;Präsens;Diese Firma existiert seit 1990.;Cette entreprise existe depuis 1990.;This company has existed since 1990.
A2;existieren;exister;;;oui;;Perfekt;Diese Regel hat schon immer existiert.;Cette règle a toujours existé.;This rule has always existed.
A2;existieren;exister;;;oui;;Präteritum;Das Problem existierte schon lange.;Le problème existait déjà depuis longtemps.;The problem had existed for a long time.
A2;existieren;exister;;;oui;;Konjunktiv II;Das würde nicht existieren.;Ça n'existerait pas.;That wouldn't exist.
A2;fehlen;manquer;Dativ;;;;Präsens;Du fehlst mir sehr.;Tu me manques beaucoup.;I miss you a lot.
A2;fehlen;manquer;Dativ;;;;Perfekt;Du hast mir gefehlt.;Tu m'as manqué.;I missed you.
A2;fehlen;manquer;Dativ;;;;Präteritum;Er fehlte mir sehr.;Il m'a beaucoup manqué.;I missed him a lot.
A2;fehlen;manquer;Dativ;;;;Konjunktiv II;Das würde mir fehlen.;Ça me manquerait.;I would miss that.
A2;feststellen;constater;Akkusativ;;;;Präsens;Ich stelle einen Fehler fest.;Je constate une erreur.;I notice a mistake.
A2;feststellen;constater;Akkusativ;;;;Perfekt;Ich habe einen Unterschied festgestellt.;J'ai constaté une différence.;I noticed a difference.
A2;feststellen;constater;Akkusativ;;;;Präteritum;Er stellte einen Fehler fest.;Il a constaté une erreur.;He noticed a mistake.
A2;feststellen;constater;Akkusativ;;;;Konjunktiv II;Ich würde das sofort feststellen.;Je le constaterais tout de suite.;I would notice that right away.
A2;folgen;suivre;Dativ;;;;Präsens;Ich folge dir auf Instagram.;Je te suis sur Instagram.;I follow you on Instagram.
A2;folgen;suivre;Dativ;;;;Perfekt;Ich bin dem Rat gefolgt.;J'ai suivi le conseil.;I followed the advice.
A2;folgen;suivre;Dativ;;;;Präteritum;Der Hund folgte ihm überallhin.;Le chien le suivait partout.;The dog followed him everywhere.
A2;folgen;suivre;Dativ;;;;Konjunktiv II;Ich würde dir gern folgen.;J'aimerais bien te suivre.;I would like to follow you.
A2;fordern;exiger;Akkusativ;;;;Präsens;Die Mitarbeiter fordern mehr Gehalt.;Les employés exigent plus de salaire.;The employees demand more salary.
A2;fordern;exiger;Akkusativ;;;;Perfekt;Wir haben eine Erklärung gefordert.;Nous avons exigé une explication.;We demanded an explanation.
A2;fordern;exiger;Akkusativ;;;;Präteritum;Sie forderten eine Antwort.;Ils exigeaient une réponse.;They demanded an answer.
A2;fordern;exiger;Akkusativ;;;;Konjunktiv II;Ich würde das nicht fordern.;Je n'exigerais pas ça.;I wouldn't demand that.
A2;fördern;encourager, promouvoir;Akkusativ;;;;Präsens;Die Schule fördert kreative Kinder.;L'école encourage les enfants créatifs.;The school supports creative children.
A2;fördern;encourager, promouvoir;Akkusativ;;;;Perfekt;Wir haben das Talent gefördert.;Nous avons encouragé le talent.;We supported the talent.
A2;fördern;encourager, promouvoir;Akkusativ;;;;Präteritum;Der Staat förderte das Projekt.;L'État a soutenu le projet.;The state supported the project.
A2;fördern;encourager, promouvoir;Akkusativ;;;;Konjunktiv II;Ich würde dieses Projekt fördern.;Je soutiendrais ce projet.;I would support this project.
A2;formulieren;formuler;Akkusativ;;;;Präsens;Ich formuliere die Frage neu.;Je reformule la question.;I'm rephrasing the question.
A2;formulieren;formuler;Akkusativ;;;;Perfekt;Ich habe die Antwort formuliert.;J'ai formulé la réponse.;I formulated the answer.
A2;formulieren;formuler;Akkusativ;;;;Präteritum;Sie formulierte den Satz klar.;Elle a formulé la phrase clairement.;She phrased the sentence clearly.
A2;formulieren;formuler;Akkusativ;;;;Konjunktiv II;Ich würde das anders formulieren.;Je le formulerais différemment.;I would phrase that differently.
A2;fortsetzen;continuer;Akkusativ;;;;Präsens;Wir setzen das Gespräch morgen fort.;Nous continuons la conversation demain.;We're continuing the conversation tomorrow.
A2;fortsetzen;continuer;Akkusativ;;;;Perfekt;Wir haben das Projekt fortgesetzt.;Nous avons continué le projet.;We continued the project.
A2;fortsetzen;continuer;Akkusativ;;;;Präteritum;Er setzte die Arbeit fort.;Il a continué le travail.;He continued the work.
A2;fortsetzen;continuer;Akkusativ;;;;Konjunktiv II;Ich würde das gern fortsetzen.;J'aimerais continuer ça.;I would like to continue that.
A2;funktionieren;fonctionner;;;oui;;Präsens;Der Computer funktioniert nicht.;L'ordinateur ne fonctionne pas.;The computer doesn't work.
A2;funktionieren;fonctionner;;;oui;;Perfekt;Es hat sofort funktioniert.;Ça a fonctionné tout de suite.;It worked right away.
A2;funktionieren;fonctionner;;;oui;;Präteritum;Der Plan funktionierte gut.;Le plan a bien fonctionné.;The plan worked well.
A2;funktionieren;fonctionner;;;oui;;Konjunktiv II;Das würde bestimmt funktionieren.;Ça fonctionnerait sûrement.;That would surely work.
A2;gehören;appartenir;Dativ;;;;Präsens;Das Buch gehört mir.;Le livre m'appartient.;The book belongs to me.
A2;gehören;appartenir;Dativ;;;;Perfekt;Das Auto hat meinem Vater gehört.;La voiture appartenait à mon père.;The car belonged to my father.
A2;gehören;appartenir;Dativ;;;;Präteritum;Das Haus gehörte meinem Opa.;La maison appartenait à mon grand-père.;The house belonged to my grandfather.
A2;gehören;appartenir;Dativ;;;;Konjunktiv II;Das Bild würde mir gehören.;Le tableau m'appartiendrait.;The painting would belong to me.
A2;gelingen;réussir (impersonnel);Dativ;;;;Präsens;Der Kuchen gelingt mir immer.;Le gâteau me réussit toujours.;The cake always turns out well for me.
A2;gelingen;réussir (impersonnel);Dativ;;;;Perfekt;Es ist mir gelungen.;J'y suis parvenu.;I succeeded.
A2;gelingen;réussir (impersonnel);Dativ;;;;Präteritum;Der Plan gelang mir perfekt.;Le plan m'a parfaitement réussi.;The plan worked out perfectly for me.
A2;gelingen;réussir (impersonnel);Dativ;;;;Konjunktiv II;Es würde mir bestimmt gelingen.;J'y parviendrais sûrement.;I would surely succeed.
A2;genießen;profiter de, savourer;Akkusativ;;;;Präsens;Ich genieße die Sonne.;Je profite du soleil.;I'm enjoying the sun.
A2;genießen;profiter de, savourer;Akkusativ;;;;Perfekt;Ich habe das Essen genossen.;J'ai savouré le repas.;I enjoyed the meal.
A2;genießen;profiter de, savourer;Akkusativ;;;;Präteritum;Wir genossen den Urlaub.;Nous avons profité des vacances.;We enjoyed the vacation.
A2;genießen;profiter de, savourer;Akkusativ;;;;Konjunktiv II;Ich würde das sehr genießen.;J'apprécierais beaucoup ça.;I would enjoy that a lot.
A2;geschehen;se passer, arriver;;;oui;;Präsens;Das geschieht oft.;Ça arrive souvent.;That happens often.
A2;geschehen;se passer, arriver;;;oui;;Perfekt;Nichts ist geschehen.;Rien ne s'est passé.;Nothing happened.
A2;geschehen;se passer, arriver;;;oui;;Präteritum;Der Unfall geschah gestern.;L'accident s'est produit hier.;The accident happened yesterday.
A2;geschehen;se passer, arriver;;;oui;;Konjunktiv II;Das könnte jederzeit geschehen.;Ça pourrait arriver à tout moment.;That could happen at any time.
A2;gestalten;concevoir, façonner;Akkusativ;;;;Präsens;Ich gestalte die Webseite neu.;Je reconçois le site web.;I'm redesigning the website.
A2;gestalten;concevoir, façonner;Akkusativ;;;;Perfekt;Wir haben die Party schön gestaltet.;Nous avons bien organisé la fête.;We designed the party nicely.
A2;gestalten;concevoir, façonner;Akkusativ;;;;Präteritum;Sie gestaltete das Zimmer bunt.;Elle a aménagé la chambre de façon colorée.;She decorated the room colorfully.
A2;gestalten;concevoir, façonner;Akkusativ;;;;Konjunktiv II;Ich würde das anders gestalten.;Je le concevrais différemment.;I would design that differently.
A2;sich gewöhnen;s'habituer;;an + Akkusativ;;oui;Präsens;Ich gewöhne mich an das Klima.;Je m'habitue au climat.;I'm getting used to the climate.
A2;sich gewöhnen;s'habituer;;an + Akkusativ;;oui;Perfekt;Ich habe mich daran gewöhnt.;Je m'y suis habitué.;I got used to it.
A2;sich gewöhnen;s'habituer;;an + Akkusativ;;oui;Präteritum;Ich gewöhnte mich schnell daran.;Je m'y suis vite habitué.;I got used to it quickly.
A2;sich gewöhnen;s'habituer;;an + Akkusativ;;oui;Konjunktiv II;Ich würde mich daran gewöhnen.;Je m'y habituerais.;I would get used to it.
A2;gratulieren;féliciter;Dativ;;;;Präsens;Ich gratuliere dir zum Geburtstag.;Je te félicite pour ton anniversaire.;I congratulate you on your birthday.
A2;gratulieren;féliciter;Dativ;;;;Perfekt;Ich habe ihm gratuliert.;Je l'ai félicité.;I congratulated him.
A2;gratulieren;féliciter;Dativ;;;;Präteritum;Alle gratulierten ihr herzlich.;Tout le monde l'a chaleureusement félicitée.;Everyone congratulated her warmly.
A2;gratulieren;féliciter;Dativ;;;;Konjunktiv II;Ich würde dir herzlich gratulieren.;Je te féliciterais chaleureusement.;I would congratulate you warmly.
A2;handeln;agir;;;oui;;Präsens;Ich handle sofort.;J'agis tout de suite.;I act right away.
A2;handeln;agir;;;oui;;Perfekt;Ich habe richtig gehandelt.;J'ai bien agi.;I acted correctly.
A2;handeln;agir;;;oui;;Präteritum;Er handelte schnell.;Il a agi rapidement.;He acted quickly.
A2;handeln;agir;;;oui;;Konjunktiv II;Ich würde anders handeln.;J'agirais différemment.;I would act differently.
A2;herausfinden;découvrir, tirer au clair;Akkusativ;;;;Präsens;Ich finde die Wahrheit heraus.;Je découvre la vérité.;I'm finding out the truth.
A2;herausfinden;découvrir, tirer au clair;Akkusativ;;;;Perfekt;Ich habe es schließlich herausgefunden.;Je l'ai finalement découvert.;I finally found it out.
A2;herausfinden;découvrir, tirer au clair;Akkusativ;;;;Präteritum;Ich fand die Lösung heraus.;J'ai découvert la solution.;I found out the solution.
A2;herausfinden;découvrir, tirer au clair;Akkusativ;;;;Konjunktiv II;Ich würde das gern herausfinden.;J'aimerais bien tirer ça au clair.;I would like to find that out.
A2;herstellen;fabriquer;Akkusativ;;;;Präsens;Die Firma stellt Autos her.;L'entreprise fabrique des voitures.;The company manufactures cars.
A2;herstellen;fabriquer;Akkusativ;;;;Perfekt;Wir haben das Gerät hergestellt.;Nous avons fabriqué l'appareil.;We manufactured the device.
A2;herstellen;fabriquer;Akkusativ;;;;Präteritum;Sie stellten das Produkt selbst her.;Ils ont fabriqué le produit eux-mêmes.;They manufactured the product themselves.
A2;herstellen;fabriquer;Akkusativ;;;;Konjunktiv II;Ich würde das selbst herstellen.;Je le fabriquerais moi-même.;I would manufacture that myself.
A2;hinweisen;signaler;;auf + Akkusativ;;;Präsens;Ich weise auf das Problem hin.;Je signale le problème.;I'm pointing out the problem.
A2;hinweisen;signaler;;auf + Akkusativ;;;Perfekt;Ich habe darauf hingewiesen.;Je l'ai signalé.;I pointed that out.
A2;hinweisen;signaler;;auf + Akkusativ;;;Präteritum;Er wies auf den Fehler hin.;Il a signalé l'erreur.;He pointed out the mistake.
A2;hinweisen;signaler;;auf + Akkusativ;;;Konjunktiv II;Ich würde darauf hinweisen.;Je le signalerais.;I would point that out.
A2;hoffen;espérer;;auf + Akkusativ;;;Präsens;Ich hoffe auf gutes Wetter.;J'espère qu'il fera beau.;I'm hoping for good weather.
A2;hoffen;espérer;;auf + Akkusativ;;;Perfekt;Ich habe auf gutes Wetter gehofft.;J'ai espéré du beau temps.;I hoped for good weather.
A2;hoffen;espérer;;auf + Akkusativ;;;Präteritum;Ich hoffte auf eine Antwort.;J'espérais une réponse.;I was hoping for an answer.
A2;hoffen;espérer;;auf + Akkusativ;;;Konjunktiv II;Ich würde auf gutes Wetter hoffen.;J'espérerais du beau temps.;I would hope for good weather.
A2;informieren;informer;Akkusativ;über + Akkusativ;;;Präsens;Ich informiere dich über die Neuigkeiten.;Je t'informe des nouvelles.;I inform you about the news.
A2;informieren;informer;Akkusativ;über + Akkusativ;;;Perfekt;Ich habe dich über die Lage informiert.;Je t'ai informé de la situation.;I informed you about the situation.
A2;informieren;informer;Akkusativ;über + Akkusativ;;;Präteritum;Er informierte uns über die Lage.;Il nous a informés de la situation.;He informed us about the situation.
A2;informieren;informer;Akkusativ;über + Akkusativ;;;Konjunktiv II;Ich würde dich über die Lage informieren.;Je t'informerais de la situation.;I would inform you about the situation.
A2;installieren;installer;Akkusativ;;;;Präsens;Ich installiere die App.;J'installe l'application.;I'm installing the app.
A2;installieren;installer;Akkusativ;;;;Perfekt;Ich habe das Update installiert.;J'ai installé la mise à jour.;I installed the update.
A2;installieren;installer;Akkusativ;;;;Präteritum;Er installierte das Programm.;Il a installé le programme.;He installed the program.
A2;installieren;installer;Akkusativ;;;;Konjunktiv II;Ich würde das gleich installieren.;Je l'installerais tout de suite.;I would install that right away.
A2;interessieren;intéresser;Akkusativ;;;;Präsens;Das Thema interessiert mich.;Le sujet m'intéresse.;The topic interests me.
A2;interessieren;intéresser;Akkusativ;;;;Perfekt;Das hat mich sehr interessiert.;Ça m'a beaucoup intéressé.;That interested me a lot.
A2;interessieren;intéresser;Akkusativ;;;;Präteritum;Politik interessierte ihn nicht.;La politique ne l'intéressait pas.;Politics didn't interest him.
A2;interessieren;intéresser;Akkusativ;;;;Konjunktiv II;Das würde mich interessieren.;Ça m'intéresserait.;That would interest me.
A2;investieren;investir;Akkusativ;in + Akkusativ;;;Präsens;Ich investiere Geld in Aktien.;J'investis de l'argent en actions.;I invest money in stocks.
A2;investieren;investir;Akkusativ;in + Akkusativ;;;Perfekt;Wir haben Geld in die Firma investiert.;Nous avons investi de l'argent dans l'entreprise.;We invested money in the company.
A2;investieren;investir;Akkusativ;in + Akkusativ;;;Präteritum;Sie investierten viel Geld in Aktien.;Ils ont investi beaucoup d'argent en actions.;They invested a lot of money in stocks.
A2;investieren;investir;Akkusativ;in + Akkusativ;;;Konjunktiv II;Ich würde Geld in Aktien investieren.;J'investirais de l'argent en actions.;I would invest money in stocks.
A2;klingen;sonner, avoir l'air;;;oui;;Präsens;Das klingt gut.;Ça sonne bien.;That sounds good.
A2;klingen;sonner, avoir l'air;;;oui;;Perfekt;Das hat komisch geklungen.;Ça a sonné bizarre.;That sounded strange.
A2;klingen;sonner, avoir l'air;;;oui;;Präteritum;Seine Stimme klang traurig.;Sa voix semblait triste.;His voice sounded sad.
A2;klingen;sonner, avoir l'air;;;oui;;Konjunktiv II;Das würde seltsam klingen.;Ça sonnerait bizarre.;That would sound strange.
A2;kontrollieren;contrôler;Akkusativ;;;;Präsens;Ich kontrolliere die Tickets.;Je contrôle les billets.;I'm checking the tickets.
A2;kontrollieren;contrôler;Akkusativ;;;;Perfekt;Ich habe alles kontrolliert.;J'ai tout contrôlé.;I checked everything.
A2;kontrollieren;contrôler;Akkusativ;;;;Präteritum;Er kontrollierte die Bremsen.;Il a contrôlé les freins.;He checked the brakes.
A2;kontrollieren;contrôler;Akkusativ;;;;Konjunktiv II;Ich würde das nochmal kontrollieren.;Je le contrôlerais encore une fois.;I would check that again.
A2;kritisieren;critiquer;Akkusativ;;;;Präsens;Er kritisiert oft meine Arbeit.;Il critique souvent mon travail.;He often criticizes my work.
A2;kritisieren;critiquer;Akkusativ;;;;Perfekt;Ich habe die Entscheidung kritisiert.;J'ai critiqué la décision.;I criticized the decision.
A2;kritisieren;critiquer;Akkusativ;;;;Präteritum;Sie kritisierte den Plan scharf.;Elle a vivement critiqué le plan.;She sharply criticized the plan.
A2;kritisieren;critiquer;Akkusativ;;;;Konjunktiv II;Ich würde das nicht kritisieren.;Je ne critiquerais pas ça.;I wouldn't criticize that.
A2;sich kümmern;s'occuper de;;um + Akkusativ;;oui;Präsens;Ich kümmere mich um die Kinder.;Je m'occupe des enfants.;I take care of the children.
A2;sich kümmern;s'occuper de;;um + Akkusativ;;oui;Perfekt;Ich habe mich darum gekümmert.;Je m'en suis occupé.;I took care of it.
A2;sich kümmern;s'occuper de;;um + Akkusativ;;oui;Präteritum;Sie kümmerte sich um den Garten.;Elle s'occupait du jardin.;She took care of the garden.
A2;sich kümmern;s'occuper de;;um + Akkusativ;;oui;Konjunktiv II;Ich würde mich darum kümmern.;Je m'en occuperais.;I would take care of it.
A2;laden;charger;Akkusativ;;;;Präsens;Wir laden das Auto.;Nous chargeons la voiture.;We're loading the car.
A2;laden;charger;Akkusativ;;;;Perfekt;Ich habe die Kisten geladen.;J'ai chargé les caisses.;I loaded the boxes.
A2;laden;charger;Akkusativ;;;;Präteritum;Wir luden den Lastwagen.;Nous avons chargé le camion.;We loaded the truck.
A2;laden;charger;Akkusativ;;;;Konjunktiv II;Ich würde das Auto voll laden.;Je chargerais la voiture à fond.;I would load the car fully.
A2;landen;atterrir;;;oui;;Präsens;Das Flugzeug landet pünktlich.;L'avion atterrit à l'heure.;The plane lands on time.
A2;landen;atterrir;;;oui;;Perfekt;Das Flugzeug ist gelandet.;L'avion a atterri.;The plane landed.
A2;landen;atterrir;;;oui;;Präteritum;Wir landeten in Berlin.;Nous avons atterri à Berlin.;We landed in Berlin.
A2;landen;atterrir;;;oui;;Konjunktiv II;Das Flugzeug würde bald landen.;L'avion atterrirait bientôt.;The plane would land soon.
A2;lassen;laisser;Akkusativ;;;;Präsens;Ich lasse das Fenster offen.;Je laisse la fenêtre ouverte.;I'm leaving the window open.
A2;lassen;laisser;Akkusativ;;;;Perfekt;Ich habe das Auto reparieren lassen.;J'ai fait réparer la voiture.;I had the car repaired.
A2;lassen;laisser;Akkusativ;;;;Präteritum;Er ließ die Tür offen.;Il a laissé la porte ouverte.;He left the door open.
A2;lassen;laisser;Akkusativ;;;;Konjunktiv II;Ich würde das nicht zulassen.;Je ne permettrais pas ça.;I wouldn't allow that.
A2;leihen;prêter, emprunter;Akkusativ+Dativ;;;;Präsens;Ich leihe dir mein Buch.;Je te prête mon livre.;I'm lending you my book.
A2;leihen;prêter, emprunter;Akkusativ+Dativ;;;;Perfekt;Ich habe ihm mein Auto geliehen.;Je lui ai prêté ma voiture.;I lent him my car.
A2;leihen;prêter, emprunter;Akkusativ+Dativ;;;;Präteritum;Er lieh mir sein Auto.;Il m'a prêté sa voiture.;He lent me his car.
A2;leihen;prêter, emprunter;Akkusativ+Dativ;;;;Konjunktiv II;Ich würde dir gern etwas leihen.;J'aimerais bien te prêter quelque chose.;I would like to lend you something.
A2;leiten;diriger;Akkusativ;;;;Präsens;Ich leite ein kleines Team.;Je dirige une petite équipe.;I lead a small team.
A2;leiten;diriger;Akkusativ;;;;Perfekt;Ich habe das Meeting geleitet.;J'ai dirigé la réunion.;I led the meeting.
A2;leiten;diriger;Akkusativ;;;;Präteritum;Sie leitete das Projekt.;Elle dirigeait le projet.;She led the project.
A2;leiten;diriger;Akkusativ;;;;Konjunktiv II;Ich würde das Team gern leiten.;J'aimerais diriger l'équipe.;I would like to lead the team.
A2;sich lohnen;valoir la peine;;;oui;oui;Präsens;Das lohnt sich wirklich.;Ça vaut vraiment la peine.;That's really worth it.
A2;sich lohnen;valoir la peine;;;oui;oui;Perfekt;Es hat sich gelohnt.;Ça en a valu la peine.;It was worth it.
A2;sich lohnen;valoir la peine;;;oui;oui;Präteritum;Die Mühe lohnte sich.;L'effort en valait la peine.;The effort was worth it.
A2;sich lohnen;valoir la peine;;;oui;oui;Konjunktiv II;Das würde sich lohnen.;Ça vaudrait la peine.;That would be worth it.
A2;lösen;résoudre;Akkusativ;;;;Präsens;Ich löse das Problem.;Je résous le problème.;I'm solving the problem.
A2;lösen;résoudre;Akkusativ;;;;Perfekt;Ich habe das Rätsel gelöst.;J'ai résolu l'énigme.;I solved the riddle.
A2;lösen;résoudre;Akkusativ;;;;Präteritum;Sie löste die Aufgabe schnell.;Elle a résolu l'exercice rapidement.;She solved the exercise quickly.
A2;lösen;résoudre;Akkusativ;;;;Konjunktiv II;Ich würde das Problem lösen.;Je résoudrais le problème.;I would solve the problem.
A2;löschen;effacer, éteindre;Akkusativ;;;;Präsens;Ich lösche die Datei.;J'efface le fichier.;I'm deleting the file.
A2;löschen;effacer, éteindre;Akkusativ;;;;Perfekt;Ich habe die E-Mail gelöscht.;J'ai supprimé l'e-mail.;I deleted the email.
A2;löschen;effacer, éteindre;Akkusativ;;;;Präteritum;Er löschte das Feuer.;Il a éteint le feu.;He put out the fire.
A2;löschen;effacer, éteindre;Akkusativ;;;;Konjunktiv II;Ich würde das nicht löschen.;Je ne supprimerais pas ça.;I wouldn't delete that.
A2;markieren;marquer;Akkusativ;;;;Präsens;Ich markiere den Text.;Je marque le texte.;I'm marking the text.
A2;markieren;marquer;Akkusativ;;;;Perfekt;Ich habe das Datum markiert.;J'ai marqué la date.;I marked the date.
A2;markieren;marquer;Akkusativ;;;;Präteritum;Sie markierte die wichtigen Stellen.;Elle a marqué les passages importants.;She marked the important passages.
A2;markieren;marquer;Akkusativ;;;;Konjunktiv II;Ich würde das gelb markieren.;Je marquerais ça en jaune.;I would mark that in yellow.
A2;meinen;penser, vouloir dire;Akkusativ;;;;Präsens;Ich meine dich.;Je parle de toi.;I mean you.
A2;meinen;penser, vouloir dire;Akkusativ;;;;Perfekt;Das habe ich nicht so gemeint.;Je ne le pensais pas comme ça.;I didn't mean it that way.
A2;meinen;penser, vouloir dire;Akkusativ;;;;Präteritum;Er meinte es nicht böse.;Il ne le pensait pas méchamment.;He didn't mean it badly.
A2;meinen;penser, vouloir dire;Akkusativ;;;;Konjunktiv II;Ich würde das anders meinen.;Je le penserais différemment.;I would mean that differently.
A2;melden;signaler;Akkusativ;;;;Präsens;Ich melde den Vorfall.;Je signale l'incident.;I'm reporting the incident.
A2;melden;signaler;Akkusativ;;;;Perfekt;Ich habe das der Polizei gemeldet.;Je l'ai signalé à la police.;I reported that to the police.
A2;melden;signaler;Akkusativ;;;;Präteritum;Er meldete den Diebstahl.;Il a signalé le vol.;He reported the theft.
A2;melden;signaler;Akkusativ;;;;Konjunktiv II;Ich würde das sofort melden.;Je le signalerais tout de suite.;I would report that right away.
A2;merken;remarquer, retenir;Akkusativ;;;;Präsens;Ich merke den Unterschied.;Je remarque la différence.;I notice the difference.
A2;merken;remarquer, retenir;Akkusativ;;;;Perfekt;Ich habe den Unterschied gemerkt.;J'ai remarqué la différence.;I noticed the difference.
A2;merken;remarquer, retenir;Akkusativ;;;;Präteritum;Ich merkte den Unterschied.;J'ai remarqué la différence.;I noticed the difference.
A2;merken;remarquer, retenir;Akkusativ;;;;Konjunktiv II;Ich würde den Unterschied merken.;Je remarquerais la différence.;I would notice the difference.
A2;mieten;louer;Akkusativ;;;;Präsens;Ich miete eine Wohnung.;Je loue un appartement.;I'm renting an apartment.
A2;mieten;louer;Akkusativ;;;;Perfekt;Ich habe ein Zimmer gemietet.;J'ai loué une chambre.;I rented a room.
A2;mieten;louer;Akkusativ;;;;Präteritum;Wir mieteten ein Auto.;Nous avons loué une voiture.;We rented a car.
A2;mieten;louer;Akkusativ;;;;Konjunktiv II;Ich würde das Haus mieten.;Je louerais la maison.;I would rent the house.
A2;vermieten;louer (à quelqu'un);Akkusativ;an + Akkusativ;;;Präsens;Ich vermiete die Wohnung an Studenten.;Je loue l'appartement à des étudiants.;I rent the apartment to students.
A2;vermieten;louer (à quelqu'un);Akkusativ;an + Akkusativ;;;Perfekt;Ich habe die Wohnung an Studenten vermietet.;J'ai loué l'appartement à des étudiants.;I rented the apartment to students.
A2;vermieten;louer (à quelqu'un);Akkusativ;an + Akkusativ;;;Präteritum;Sie vermieteten das Zimmer an Studenten.;Ils louaient la chambre à des étudiants.;They rented the room to students.
A2;vermieten;louer (à quelqu'un);Akkusativ;an + Akkusativ;;;Konjunktiv II;Ich würde das Zimmer an Studenten vermieten.;Je louerais la chambre à des étudiants.;I would rent the room to students.
A2;nutzen;utiliser;Akkusativ;;;;Präsens;Ich nutze die Zeit gut.;J'utilise bien le temps.;I'm using the time well.
A2;nutzen;utiliser;Akkusativ;;;;Perfekt;Ich habe die Chance genutzt.;J'ai saisi la chance.;I used the opportunity.
A2;nutzen;utiliser;Akkusativ;;;;Präteritum;Er nutzte die Gelegenheit.;Il a saisi l'occasion.;He used the opportunity.
A2;nutzen;utiliser;Akkusativ;;;;Konjunktiv II;Ich würde die Gelegenheit nutzen.;Je saisirais l'occasion.;I would use the opportunity.
A2;organisieren;organiser;Akkusativ;;;;Präsens;Ich organisiere die Party.;J'organise la fête.;I'm organizing the party.
A2;organisieren;organiser;Akkusativ;;;;Perfekt;Wir haben alles organisiert.;Nous avons tout organisé.;We organized everything.
A2;organisieren;organiser;Akkusativ;;;;Präteritum;Sie organisierte das Treffen.;Elle a organisé la rencontre.;She organized the meeting.
A2;organisieren;organiser;Akkusativ;;;;Konjunktiv II;Ich würde das besser organisieren.;Je l'organiserais mieux.;I would organize that better.
A2;passieren;se passer, arriver;;;oui;;Präsens;Das passiert oft.;Ça arrive souvent.;That happens often.
A2;passieren;se passer, arriver;;;oui;;Perfekt;Was ist passiert?;Qu'est-ce qui s'est passé ?;What happened?
A2;passieren;se passer, arriver;;;oui;;Präteritum;Der Unfall passierte gestern.;L'accident s'est produit hier.;The accident happened yesterday.
A2;passieren;se passer, arriver;;;oui;;Konjunktiv II;Das könnte jedem passieren.;Ça pourrait arriver à n'importe qui.;That could happen to anyone.
A2;planen;planifier;Akkusativ;;;;Präsens;Ich plane die Reise.;Je planifie le voyage.;I'm planning the trip.
A2;planen;planifier;Akkusativ;;;;Perfekt;Ich habe alles geplant.;J'ai tout planifié.;I planned everything.
A2;planen;planifier;Akkusativ;;;;Präteritum;Wir planten die Hochzeit.;Nous planifiions le mariage.;We were planning the wedding.
A2;planen;planifier;Akkusativ;;;;Konjunktiv II;Ich würde das anders planen.;Je le planifierais autrement.;I would plan that differently.
A2;prüfen;vérifier, examiner;Akkusativ;;;;Präsens;Ich prüfe die Rechnung.;Je vérifie la facture.;I'm checking the invoice.
A2;prüfen;vérifier, examiner;Akkusativ;;;;Perfekt;Ich habe alles geprüft.;J'ai tout vérifié.;I checked everything.
A2;prüfen;vérifier, examiner;Akkusativ;;;;Präteritum;Er prüfte die Daten genau.;Il a vérifié les données avec précision.;He checked the data carefully.
A2;prüfen;vérifier, examiner;Akkusativ;;;;Konjunktiv II;Ich würde das nochmal prüfen.;Je le vérifierais encore une fois.;I would check that again.
A2;rechnen;calculer;Akkusativ;;;;Präsens;Ich rechne die Kosten.;Je calcule les coûts.;I'm calculating the costs.
A2;rechnen;calculer;Akkusativ;;;;Perfekt;Ich habe die Summe gerechnet.;J'ai calculé la somme.;I calculated the sum.
A2;rechnen;calculer;Akkusativ;;;;Präteritum;Sie rechnete die Kosten schnell.;Elle a calculé les coûts rapidement.;She calculated the costs quickly.
A2;rechnen;calculer;Akkusativ;;;;Konjunktiv II;Ich würde die Kosten genau rechnen.;Je calculerais les coûts précisément.;I would calculate the costs precisely.
A2;reagieren;réagir;;auf + Akkusativ;;;Präsens;Ich reagiere schnell auf die Nachricht.;Je réagis vite au message.;I react quickly to the message.
A2;reagieren;réagir;;auf + Akkusativ;;;Perfekt;Ich habe sofort auf die Nachricht reagiert.;J'ai réagi immédiatement au message.;I reacted immediately to the message.
A2;reagieren;réagir;;auf + Akkusativ;;;Präteritum;Er reagierte ruhig auf die Kritik.;Il a réagi calmement à la critique.;He reacted calmly to the criticism.
A2;reagieren;réagir;;auf + Akkusativ;;;Konjunktiv II;Ich würde anders auf die Kritik reagieren.;Je réagirais différemment à la critique.;I would react differently to the criticism.
A2;reduzieren;réduire;Akkusativ;;;;Präsens;Ich reduziere meinen Konsum.;Je réduis ma consommation.;I'm reducing my consumption.
A2;reduzieren;réduire;Akkusativ;;;;Perfekt;Wir haben den Preis reduziert.;Nous avons réduit le prix.;We reduced the price.
A2;reduzieren;réduire;Akkusativ;;;;Präteritum;Die Firma reduzierte die Kosten.;L'entreprise a réduit les coûts.;The company reduced the costs.
A2;reduzieren;réduire;Akkusativ;;;;Konjunktiv II;Ich würde den Preis reduzieren.;Je réduirais le prix.;I would reduce the price.
A2;regnen;pleuvoir;;;oui;;Präsens;Es regnet heute stark.;Il pleut fort aujourd'hui.;It's raining hard today.
A2;regnen;pleuvoir;;;oui;;Perfekt;Es hat den ganzen Tag geregnet.;Il a plu toute la journée.;It rained all day.
A2;regnen;pleuvoir;;;oui;;Präteritum;Es regnete die ganze Nacht.;Il a plu toute la nuit.;It rained all night.
A2;regnen;pleuvoir;;;oui;;Konjunktiv II;Es würde bestimmt regnen.;Il pleuvrait sûrement.;It would surely rain.
A2;reparieren;réparer;Akkusativ;;;;Präsens;Ich repariere das Fahrrad.;Je répare le vélo.;I'm repairing the bike.
A2;reparieren;réparer;Akkusativ;;;;Perfekt;Ich habe den Computer repariert.;J'ai réparé l'ordinateur.;I repaired the computer.
A2;reparieren;réparer;Akkusativ;;;;Präteritum;Er reparierte das Auto selbst.;Il a réparé la voiture lui-même.;He repaired the car himself.
A2;reparieren;réparer;Akkusativ;;;;Konjunktiv II;Ich würde das selbst reparieren.;Je réparerais ça moi-même.;I would repair that myself.
A2;reservieren;réserver;Akkusativ;;;;Präsens;Ich reserviere einen Tisch.;Je réserve une table.;I'm reserving a table.
A2;reservieren;réserver;Akkusativ;;;;Perfekt;Ich habe den Tisch reserviert.;J'ai réservé la table.;I reserved the table.
A2;reservieren;réserver;Akkusativ;;;;Präteritum;Wir reservierten das Zimmer.;Nous avons réservé la chambre.;We reserved the room.
A2;reservieren;réserver;Akkusativ;;;;Konjunktiv II;Ich würde einen Tisch reservieren.;Je réserverais une table.;I would reserve a table.
A2;retten;sauver;Akkusativ;;;;Präsens;Die Feuerwehr rettet die Katze.;Les pompiers sauvent le chat.;The fire department is rescuing the cat.
A2;retten;sauver;Akkusativ;;;;Perfekt;Sie haben ihm das Leben gerettet.;Ils lui ont sauvé la vie.;They saved his life.
A2;retten;sauver;Akkusativ;;;;Präteritum;Er rettete das Kind.;Il a sauvé l'enfant.;He saved the child.
A2;retten;sauver;Akkusativ;;;;Konjunktiv II;Ich würde ihn retten.;Je le sauverais.;I would save him.
A2;schaffen;réussir à faire, y arriver;Akkusativ;;;;Präsens;Ich schaffe das.;J'y arrive.;I can manage that.
A2;schaffen;réussir à faire, y arriver;Akkusativ;;;;Perfekt;Ich habe es geschafft.;J'y suis arrivé.;I managed it.
A2;schaffen;réussir à faire, y arriver;Akkusativ;;;;Präteritum;Ich schaffte die Prüfung.;J'ai réussi l'examen.;I managed to pass the exam.
A2;schaffen;réussir à faire, y arriver;Akkusativ;;;;Konjunktiv II;Ich würde das schaffen.;J'y arriverais.;I would manage that.
A2;scheinen;sembler, briller;;;oui;;Präsens;Die Sonne scheint heute.;Le soleil brille aujourd'hui.;The sun is shining today.
A2;scheinen;sembler, briller;;;oui;;Perfekt;Die Sonne hat geschienen.;Le soleil a brillé.;The sun shone.
A2;scheinen;sembler, briller;;;oui;;Präteritum;Die Sonne schien den ganzen Tag.;Le soleil a brillé toute la journée.;The sun shone all day.
A2;scheinen;sembler, briller;;;oui;;Konjunktiv II;Das würde logisch scheinen.;Ça semblerait logique.;That would seem logical.
A2;schicken;envoyer;Akkusativ+Dativ;;;;Präsens;Ich schicke dir ein Foto.;Je t'envoie une photo.;I'm sending you a photo.
A2;schicken;envoyer;Akkusativ+Dativ;;;;Perfekt;Ich habe dir die E-Mail geschickt.;Je t'ai envoyé l'e-mail.;I sent you the e-mail.
A2;schicken;envoyer;Akkusativ+Dativ;;;;Präteritum;Sie schickte mir den Brief.;Elle m'a envoyé la lettre.;She sent me the letter.
A2;schicken;envoyer;Akkusativ+Dativ;;;;Konjunktiv II;Ich würde dir das schicken.;Je te l'enverrais.;I would send you that.
A2;schneiden;couper;Akkusativ;;;;Präsens;Ich schneide das Brot.;Je coupe le pain.;I'm cutting the bread.
A2;schneiden;couper;Akkusativ;;;;Perfekt;Ich habe mir die Haare geschnitten.;Je me suis coupé les cheveux.;I cut my hair.
A2;schneiden;couper;Akkusativ;;;;Präteritum;Sie schnitt das Brot.;Elle a coupé le pain.;She cut the bread.
A2;schneiden;couper;Akkusativ;;;;Konjunktiv II;Ich würde das kleiner schneiden.;Je le couperais plus petit.;I would cut that smaller.
A2;schützen;protéger;Akkusativ;vor + Dativ;;;Präsens;Ich schütze meine Haut vor der Sonne.;Je protège ma peau du soleil.;I'm protecting my skin from the sun.
A2;schützen;protéger;Akkusativ;vor + Dativ;;;Perfekt;Ich habe die Umwelt vor Plastik geschützt.;J'ai protégé l'environnement du plastique.;I protected the environment from plastic.
A2;schützen;protéger;Akkusativ;vor + Dativ;;;Präteritum;Er schützte seine Familie vor der Kälte.;Il a protégé sa famille du froid.;He protected his family from the cold.
A2;schützen;protéger;Akkusativ;vor + Dativ;;;Konjunktiv II;Ich würde dich vor der Kälte schützen.;Je te protégerais du froid.;I would protect you from the cold.
A2;sinken;baisser, couler;;;oui;;Präsens;Die Preise sinken.;Les prix baissent.;Prices are dropping.
A2;sinken;baisser, couler;;;oui;;Perfekt;Das Schiff ist gesunken.;Le bateau a coulé.;The ship sank.
A2;sinken;baisser, couler;;;oui;;Präteritum;Die Temperatur sank stark.;La température a fortement baissé.;The temperature dropped sharply.
A2;sinken;baisser, couler;;;oui;;Konjunktiv II;Die Preise würden sinken.;Les prix baisseraient.;Prices would drop.
A2;sorgen;s'occuper de, veiller à;;für + Akkusativ;;;Präsens;Ich sorge für meine Familie.;Je m'occupe de ma famille.;I take care of my family.
A2;sorgen;s'occuper de, veiller à;;für + Akkusativ;;;Perfekt;Ich habe dafür gesorgt.;J'y ai veillé.;I made sure of that.
A2;sorgen;s'occuper de, veiller à;;für + Akkusativ;;;Präteritum;Sie sorgte für Ordnung.;Elle veillait à l'ordre.;She saw to it that there was order.
A2;sorgen;s'occuper de, veiller à;;für + Akkusativ;;;Konjunktiv II;Ich würde dafür sorgen.;Je veillerais à ça.;I would make sure of that.
A2;spüren;ressentir;Akkusativ;;;;Präsens;Ich spüre die Kälte.;Je ressens le froid.;I feel the cold.
A2;spüren;ressentir;Akkusativ;;;;Perfekt;Ich habe den Schmerz gespürt.;J'ai ressenti la douleur.;I felt the pain.
A2;spüren;ressentir;Akkusativ;;;;Präteritum;Sie spürte seine Nervosität.;Elle a ressenti sa nervosité.;She sensed his nervousness.
A2;spüren;ressentir;Akkusativ;;;;Konjunktiv II;Ich würde das sofort spüren.;Je le ressentirais tout de suite.;I would feel that right away.
A2;steigen;monter, grimper;;;oui;;Präsens;Die Preise steigen.;Les prix montent.;Prices are rising.
A2;steigen;monter, grimper;;;oui;;Perfekt;Er ist auf den Berg gestiegen.;Il a grimpé la montagne.;He climbed the mountain.
A2;steigen;monter, grimper;;;oui;;Präteritum;Die Temperatur stieg schnell.;La température a rapidement augmenté.;The temperature rose quickly.
A2;steigen;monter, grimper;;;oui;;Konjunktiv II;Die Preise würden weiter steigen.;Les prix continueraient à augmenter.;Prices would continue to rise.
A2;steigern;augmenter;Akkusativ;;;;Präsens;Ich steigere meine Leistung.;J'augmente ma performance.;I'm increasing my performance.
A2;steigern;augmenter;Akkusativ;;;;Perfekt;Wir haben den Absatz gesteigert.;Nous avons augmenté les ventes.;We increased sales.
A2;steigern;augmenter;Akkusativ;;;;Präteritum;Die Firma steigerte den Umsatz.;L'entreprise a augmenté le chiffre d'affaires.;The company increased revenue.
A2;steigern;augmenter;Akkusativ;;;;Konjunktiv II;Ich würde die Leistung steigern.;J'augmenterais la performance.;I would increase the performance.
A2;stimmen;être exact, voter;;;oui;;Präsens;Das stimmt genau.;C'est exactement ça.;That's exactly right.
A2;stimmen;être exact, voter;;;oui;;Perfekt;Das hat nicht gestimmt.;Ce n'était pas correct.;That wasn't correct.
A2;stimmen;être exact, voter;;;oui;;Präteritum;Die Rechnung stimmte nicht.;La facture n'était pas correcte.;The invoice wasn't correct.
A2;stimmen;être exact, voter;;;oui;;Konjunktiv II;Das würde stimmen.;Ce serait correct.;That would be correct.
A2;streiten;se disputer;;mit + Dativ;;;Präsens;Wir streiten oft mit den Nachbarn.;Nous nous disputons souvent avec les voisins.;We often argue with the neighbors.
A2;streiten;se disputer;;mit + Dativ;;;Perfekt;Wir haben uns mit den Nachbarn gestritten.;Nous nous sommes disputés avec les voisins.;We argued with the neighbors.
A2;streiten;se disputer;;mit + Dativ;;;Präteritum;Sie stritten mit den Nachbarn.;Ils se disputaient avec les voisins.;They argued with the neighbors.
A2;streiten;se disputer;;mit + Dativ;;;Konjunktiv II;Ich würde mich nicht mit dir streiten wollen.;Je ne voudrais pas me disputer avec toi.;I would not want to argue with you.
A2;teilen;partager, diviser;Akkusativ;;;;Präsens;Ich teile mein Essen.;Je partage mon repas.;I'm sharing my food.
A2;teilen;partager, diviser;Akkusativ;;;;Perfekt;Ich habe alles geteilt.;J'ai tout partagé.;I shared everything.
A2;teilen;partager, diviser;Akkusativ;;;;Präteritum;Wir teilten die Kosten.;Nous avons partagé les frais.;We shared the costs.
A2;teilen;partager, diviser;Akkusativ;;;;Konjunktiv II;Ich würde das mit dir teilen.;Je partagerais ça avec toi.;I would share that with you.
A2;telefonieren;téléphoner;;mit + Dativ;;;Präsens;Ich telefoniere mit meiner Mutter.;Je téléphone à ma mère.;I'm talking on the phone with my mother.
A2;telefonieren;téléphoner;;mit + Dativ;;;Perfekt;Ich habe mit ihm telefoniert.;J'ai téléphoné avec lui.;I talked to him on the phone.
A2;telefonieren;téléphoner;;mit + Dativ;;;Präteritum;Wir telefonierten mit unseren Eltern.;Nous avons téléphoné à nos parents.;We talked on the phone with our parents.
A2;telefonieren;téléphoner;;mit + Dativ;;;Konjunktiv II;Ich würde jetzt gern mit dir telefonieren.;J'aimerais bien te téléphoner maintenant.;I would like to talk to you on the phone now.
A2;testen;tester;Akkusativ;;;;Präsens;Ich teste die neue App.;Je teste la nouvelle application.;I'm testing the new app.
A2;testen;tester;Akkusativ;;;;Perfekt;Ich habe das Auto getestet.;J'ai testé la voiture.;I tested the car.
A2;testen;tester;Akkusativ;;;;Präteritum;Wir testeten das Produkt.;Nous avons testé le produit.;We tested the product.
A2;testen;tester;Akkusativ;;;;Konjunktiv II;Ich würde das gern testen.;J'aimerais tester ça.;I would like to test that.
A2;träumen;rêver;;von + Dativ;;;Präsens;Ich träume von einer Reise.;Je rêve d'un voyage.;I dream of a trip.
A2;träumen;rêver;;von + Dativ;;;Perfekt;Ich habe von einer Reise geträumt.;J'ai rêvé d'un voyage.;I dreamed of a trip.
A2;träumen;rêver;;von + Dativ;;;Präteritum;Ich träumte letzte Nacht davon.;J'en ai rêvé la nuit dernière.;I dreamed about it last night.
A2;träumen;rêver;;von + Dativ;;;Konjunktiv II;Ich würde davon träumen.;J'en rêverais.;I would dream about it.
A2;trennen;séparer;Akkusativ;;;;Präsens;Ich trenne den Müll.;Je trie les déchets.;I'm sorting the trash.
A2;trennen;séparer;Akkusativ;;;;Perfekt;Wir haben den Müll getrennt.;Nous avons trié les déchets.;We sorted the trash.
A2;trennen;séparer;Akkusativ;;;;Präteritum;Sie trennten den Müll.;Ils ont trié les déchets.;They separated the trash.
A2;trennen;séparer;Akkusativ;;;;Konjunktiv II;Ich würde das trennen.;Je séparerais ça.;I would separate that.
A2;überlegen;réfléchir;Akkusativ;;;;Präsens;Ich überlege meine Optionen.;Je réfléchis à mes options.;I consider my options.
A2;überlegen;réfléchir;Akkusativ;;;;Perfekt;Ich habe meine Optionen überlegt.;J'ai réfléchi à mes options.;I considered my options.
A2;überlegen;réfléchir;Akkusativ;;;;Präteritum;Ich überlegte meine Antwort lange.;J'ai longuement réfléchi à ma réponse.;I thought about my answer for a long time.
A2;überlegen;réfléchir;Akkusativ;;;;Konjunktiv II;Ich würde meine Antwort gut überlegen.;Je réfléchirais bien à ma réponse.;I would think carefully about my answer.
A2;verbieten;interdire;Akkusativ+Dativ;;;;Präsens;Die Schule verbietet uns Handys.;L'école nous interdit les téléphones.;The school forbids us cell phones.
A2;verbieten;interdire;Akkusativ+Dativ;;;;Perfekt;Sie haben uns das Rauchen verboten.;Ils nous ont interdit de fumer.;They forbade us from smoking.
A2;verbieten;interdire;Akkusativ+Dativ;;;;Präteritum;Er verbot ihr das Rauchen.;Il lui a interdit de fumer.;He forbade her from smoking.
A2;verbieten;interdire;Akkusativ+Dativ;;;;Konjunktiv II;Ich würde dir das nicht verbieten.;Je ne te l'interdirais pas.;I would not forbid you that.
A2;erlauben;permettre;Akkusativ+Dativ;;;;Präsens;Meine Eltern erlauben mir das nicht.;Mes parents ne me le permettent pas.;My parents don't allow me that.
A2;erlauben;permettre;Akkusativ+Dativ;;;;Perfekt;Ich habe ihm das erlaubt.;Je le lui ai permis.;I allowed him that.
A2;erlauben;permettre;Akkusativ+Dativ;;;;Präteritum;Sie erlaubte mir die Reise.;Elle m'a permis le voyage.;She allowed me the trip.
A2;erlauben;permettre;Akkusativ+Dativ;;;;Konjunktiv II;Ich würde dir das erlauben.;Je te le permettrais.;I would allow you that.
A2;verzichten;renoncer;;auf + Akkusativ;;;Präsens;Ich verzichte auf Süßigkeiten.;Je renonce aux sucreries.;I'm giving up sweets.
A2;verzichten;renoncer;;auf + Akkusativ;;;Perfekt;Ich habe darauf verzichtet.;J'y ai renoncé.;I gave that up.
A2;verzichten;renoncer;;auf + Akkusativ;;;Präteritum;Er verzichtete auf den Preis.;Il a renoncé au prix.;He gave up the prize.
A2;verzichten;renoncer;;auf + Akkusativ;;;Konjunktiv II;Ich würde darauf verzichten.;J'y renoncerais.;I would give that up.
A2;vermeiden;éviter;Akkusativ;;;;Präsens;Ich vermeide Stress.;J'évite le stress.;I avoid stress.
A2;vermeiden;éviter;Akkusativ;;;;Perfekt;Ich habe den Fehler vermieden.;J'ai évité l'erreur.;I avoided the mistake.
A2;vermeiden;éviter;Akkusativ;;;;Präteritum;Sie vermied das Thema.;Elle a évité le sujet.;She avoided the topic.
A2;vermeiden;éviter;Akkusativ;;;;Konjunktiv II;Ich würde das vermeiden.;J'éviterais ça.;I would avoid that.
A2;widersprechen;contredire;Dativ;;;;Präsens;Ich widerspreche dir nicht.;Je ne te contredis pas.;I'm not contradicting you.
A2;widersprechen;contredire;Dativ;;;;Perfekt;Ich habe ihm widersprochen.;Je l'ai contredit.;I contradicted him.
A2;widersprechen;contredire;Dativ;;;;Präteritum;Er widersprach seinem Chef.;Il a contredit son patron.;He contradicted his boss.
A2;widersprechen;contredire;Dativ;;;;Konjunktiv II;Ich würde dir nicht widersprechen.;Je ne te contredirais pas.;I wouldn't contradict you.
A2;zeichnen;dessiner;Akkusativ;;;;Präsens;Sie zeichnet jeden Abend ein wenig.;Elle dessine un peu chaque soir.;She draws a little every evening.
A2;zeichnen;dessiner;Akkusativ;;;;Perfekt;Er hat mir eine Karte gezeichnet.;Il m'a dessiné une carte.;He drew me a map.
A2;zeichnen;dessiner;Akkusativ;;;;Präteritum;Als Kind zeichnete sie am liebsten Pferde.;Enfant, elle dessinait surtout des chevaux.;As a child she liked drawing horses best.
A2;zeichnen;dessiner;Akkusativ;;;;Konjunktiv II;Ich würde das Haus lieber von vorne zeichnen.;Je dessinerais plutôt la maison de face.;I would rather draw the house from the front.
A2;ziehen;tirer;Akkusativ;;;;Präsens;Zieh bitte fester an dem Seil.;Tire plus fort sur la corde, s'il te plaît.;Please pull harder on the rope.
A2;ziehen;tirer;Akkusativ;;;;Perfekt;Das Pferd hat den Wagen gezogen.;Le cheval a tiré la charrette.;The horse pulled the cart.
A2;ziehen;tirer;Akkusativ;;;;Präteritum;Sie zog die Tür langsam zu.;Elle a lentement tiré la porte.;She slowly pulled the door shut.
A2;ziehen;tirer;Akkusativ;;;;Konjunktiv II;Ich würde den Schrank lieber ziehen als schieben.;Je tirerais l'armoire plutôt que de la pousser.;I would rather pull the cupboard than push it.
A2;brechen;casser, briser;Akkusativ;;;;Präsens;Vorsicht, das Eis bricht leicht.;Attention, la glace casse facilement.;Careful, the ice breaks easily.
A2;brechen;casser, briser;Akkusativ;;;;Perfekt;Er hat sich den Arm gebrochen.;Il s'est cassé le bras.;He broke his arm.
A2;brechen;casser, briser;Akkusativ;;;;Präteritum;Der Ast brach unter seinem Gewicht.;La branche a cassé sous son poids.;The branch broke under his weight.
A2;brechen;casser, briser;Akkusativ;;;;Konjunktiv II;Ohne Handschuhe würde das Glas leichter brechen.;Sans gants, le verre casserait plus facilement.;Without gloves the glass would break more easily.
A2;sterben;mourir;;;oui;;Präsens;Ohne Wasser sterben die Pflanzen.;Sans eau, les plantes meurent.;Without water the plants die.
A2;sterben;mourir;;;oui;;Perfekt;Ihre Großmutter ist letztes Jahr gestorben.;Sa grand-mère est morte l'an dernier.;Her grandmother died last year.
A2;sterben;mourir;;;oui;;Präteritum;Der Dichter starb mit vierzig Jahren.;Le poète est mort à quarante ans.;The poet died at the age of forty.
A2;sterben;mourir;;;oui;;Konjunktiv II;Ohne diese Behandlung würden viele Menschen sterben.;Sans ce traitement, beaucoup de gens mourraient.;Without this treatment many people would die.
A2;springen;sauter;;;oui;;Präsens;Der Hund springt über den Zaun.;Le chien saute par-dessus la clôture.;The dog jumps over the fence.
A2;springen;sauter;;;oui;;Perfekt;Sie ist vom Brett ins Wasser gesprungen.;Elle a sauté du plongeoir dans l'eau.;She jumped from the board into the water.
A2;springen;sauter;;;oui;;Präteritum;Das Kind sprang vor Freude auf.;L'enfant a bondi de joie.;The child jumped up with joy.
A2;springen;sauter;;;oui;;Konjunktiv II;Von hier oben würde ich nicht springen.;D'ici en haut, je ne sauterais pas.;I wouldn't jump from up here.
A2;fangen;attraper;Akkusativ;;;;Präsens;Der Torwart fängt den Ball sicher.;Le gardien attrape le ballon sans problème.;The goalkeeper catches the ball safely.
A2;fangen;attraper;Akkusativ;;;;Perfekt;Die Katze hat eine Maus gefangen.;Le chat a attrapé une souris.;The cat caught a mouse.
A2;fangen;attraper;Akkusativ;;;;Präteritum;Er fing den Ball mit einer Hand.;Il a attrapé le ballon d'une seule main.;He caught the ball with one hand.
A2;fangen;attraper;Akkusativ;;;;Konjunktiv II;Mit einem Netz würde man mehr Fische fangen.;Avec un filet, on attraperait plus de poissons.;With a net you would catch more fish.
A2;nennen;appeler, nommer;Akkusativ;;;;Präsens;Alle nennen ihn nur Toni.;Tout le monde l'appelle simplement Toni.;Everyone just calls him Toni.
A2;nennen;appeler, nommer;Akkusativ;;;;Perfekt;Sie haben ihre Tochter Anna genannt.;Ils ont appelé leur fille Anna.;They named their daughter Anna.
A2;nennen;appeler, nommer;Akkusativ;;;;Präteritum;Er nannte drei Gründe für seine Entscheidung.;Il a cité trois raisons à sa décision.;He gave three reasons for his decision.
A2;nennen;appeler, nommer;Akkusativ;;;;Konjunktiv II;Ich würde das eher einen Zufall nennen.;J'appellerais plutôt ça un hasard.;I would rather call that a coincidence.
A2;passen;aller (taille), convenir;Dativ;;;;Präsens;Diese Hose passt mir nicht mehr.;Ce pantalon ne me va plus.;These trousers don't fit me any more.
A2;passen;aller (taille), convenir;Dativ;;;;Perfekt;Der Termin hat allen gut gepasst.;Le rendez-vous convenait bien à tout le monde.;The appointment suited everyone well.
A2;passen;aller (taille), convenir;Dativ;;;;Präteritum;Der Schlüssel passte nicht ins Schloss.;La clé n'entrait pas dans la serrure.;The key didn't fit the lock.
A2;passen;aller (taille), convenir;Dativ;;;;Konjunktiv II;Mittwoch würde mir besser passen.;Mercredi me conviendrait mieux.;Wednesday would suit me better.
A2;anhalten;s'arrêter, arrêter;Akkusativ;;;;Präsens;Bitte halten Sie an der nächsten Ecke an.;Arrêtez-vous au prochain coin, s'il vous plaît.;Please stop at the next corner.
A2;anhalten;s'arrêter, arrêter;Akkusativ;;;;Perfekt;Der Fahrer hat sofort angehalten.;Le conducteur s'est arrêté immédiatement.;The driver stopped immediately.
A2;anhalten;s'arrêter, arrêter;Akkusativ;;;;Präteritum;Das Auto hielt vor dem Haus an.;La voiture s'est arrêtée devant la maison.;The car stopped in front of the house.
A2;anhalten;s'arrêter, arrêter;Akkusativ;;;;Konjunktiv II;Ich würde hier kurz anhalten und nachfragen.;Je m'arrêterais un instant ici pour demander.;I would stop here briefly and ask.
A2;umziehen;déménager;;nach + Dativ;;;Präsens;Im Mai ziehen wir nach Bremen um.;En mai, nous déménageons à Brême.;In May we're moving to Bremen.
A2;umziehen;déménager;;nach + Dativ;;;Perfekt;Sie sind letztes Jahr aufs Land umgezogen.;Ils ont déménagé à la campagne l'an dernier.;They moved to the countryside last year.
A2;umziehen;déménager;;nach + Dativ;;;Präteritum;Die Familie zog dreimal in zehn Jahren um.;La famille a déménagé trois fois en dix ans.;The family moved three times in ten years.
A2;umziehen;déménager;;nach + Dativ;;;Konjunktiv II;Für diese Stelle würde ich sofort umziehen.;Pour ce poste, je déménagerais tout de suite.;For this job I would move straight away.
A2;küssen;embrasser;Akkusativ;;;;Präsens;Sie küsst ihre Kinder zum Abschied.;Elle embrasse ses enfants pour leur dire au revoir.;She kisses her children goodbye.
A2;küssen;embrasser;Akkusativ;;;;Perfekt;Er hat sie auf die Stirn geküsst.;Il l'a embrassée sur le front.;He kissed her on the forehead.
A2;küssen;embrasser;Akkusativ;;;;Präteritum;Zum Abschied küsste sie ihn kurz.;Pour se quitter, elle l'a brièvement embrassé.;She kissed him briefly goodbye.
A2;küssen;embrasser;Akkusativ;;;;Konjunktiv II;In der Öffentlichkeit würde er niemanden küssen.;En public, il n'embrasserait personne.;He wouldn't kiss anyone in public.
A2;lügen;mentir;;;oui;;Präsens;Er lügt, wenn er nervös ist.;Il ment quand il est nerveux.;He lies when he is nervous.
A2;lügen;mentir;;;oui;;Perfekt;Sie hat mich nie angelogen.;Elle ne m'a jamais menti.;She has never lied to me.
A2;lügen;mentir;;;oui;;Präteritum;Das Kind log aus Angst vor der Strafe.;L'enfant a menti par peur de la punition.;The child lied out of fear of punishment.
A2;lügen;mentir;;;oui;;Konjunktiv II;Ich würde in dieser Lage nicht lügen.;Dans cette situation, je ne mentirais pas.;In this situation I would not lie.
A2;rennen;courir (vite);;;oui;;Präsens;Die Kinder rennen über den Hof.;Les enfants courent dans la cour.;The children are running across the yard.
A2;rennen;courir (vite);;;oui;;Perfekt;Ich bin zum Bus gerannt.;J'ai couru jusqu'à l'autobus.;I ran to the bus.
A2;rennen;courir (vite);;;oui;;Präteritum;Er rannte, so schnell er konnte.;Il a couru aussi vite qu'il a pu.;He ran as fast as he could.
A2;rennen;courir (vite);;;oui;;Konjunktiv II;Bei diesem Regen würde ich auch rennen.;Sous cette pluie, je courrais aussi.;In this rain I would run too.
A2;bedeuten;signifier, vouloir dire;Akkusativ;;;;Präsens;Was bedeutet dieses Wort?;Que signifie ce mot ?;What does this word mean?
A2;bedeuten;signifier, vouloir dire;Akkusativ;;;;Perfekt;Seine Hilfe hat mir viel bedeutet.;Son aide a beaucoup compté pour moi.;His help meant a lot to me.
A2;bedeuten;signifier, vouloir dire;Akkusativ;;;;Präteritum;Das Zeichen bedeutete Gefahr.;Le signe signifiait un danger.;The sign meant danger.
A2;bedeuten;signifier, vouloir dire;Akkusativ;;;;Konjunktiv II;Ein Nein würde das Ende des Projekts bedeuten.;Un non signifierait la fin du projet.;A no would mean the end of the project.
A2;beißen;mordre;Akkusativ;;;;Präsens;Keine Angst, der Hund beißt nicht.;N'aie pas peur, le chien ne mord pas.;Don't worry, the dog doesn't bite.
A2;beißen;mordre;Akkusativ;;;;Perfekt;Die Mücke hat mich ins Bein gebissen.;Le moustique m'a piqué à la jambe.;The mosquito bit me on the leg.
A2;beißen;mordre;Akkusativ;;;;Präteritum;Er biss herzhaft in den Apfel.;Il a mordu à belles dents dans la pomme.;He bit heartily into the apple.
A2;beißen;mordre;Akkusativ;;;;Konjunktiv II;Ein hungriges Tier würde vielleicht beißen.;Un animal affamé mordrait peut-être.;A hungry animal might bite.
A2;fressen;manger (animal);Akkusativ;;;;Präsens;Die Kuh frisst den ganzen Tag Gras.;La vache mange de l'herbe toute la journée.;The cow eats grass all day.
A2;fressen;manger (animal);Akkusativ;;;;Perfekt;Der Hund hat den ganzen Napf leer gefressen.;Le chien a vidé toute sa gamelle.;The dog ate the whole bowl.
A2;fressen;manger (animal);Akkusativ;;;;Präteritum;Die Vögel fraßen die Beeren vom Strauch.;Les oiseaux ont mangé les baies du buisson.;The birds ate the berries off the bush.
A2;fressen;manger (animal);Akkusativ;;;;Konjunktiv II;Ohne Zaun würden die Rehe alles fressen.;Sans clôture, les chevreuils mangeraient tout.;Without a fence the deer would eat everything.
A2;decken;"couvrir ; mettre (la table)";Akkusativ;;;;Präsens;Deckst du bitte den Tisch?;Peux-tu mettre la table, s'il te plaît ?;Could you set the table, please?
A2;decken;"couvrir ; mettre (la table)";Akkusativ;;;;Perfekt;Schnee hat die Felder gedeckt.;La neige a couvert les champs.;Snow covered the fields.
A2;decken;"couvrir ; mettre (la table)";Akkusativ;;;;Präteritum;Sie deckte das Kind mit einer Decke zu.;Elle a couvert l'enfant d'une couverture.;She covered the child with a blanket.
A2;decken;"couvrir ; mettre (la table)";Akkusativ;;;;Konjunktiv II;Für acht Personen würde ich anders decken.;Pour huit personnes, je mettrais la table autrement.;For eight people I would set the table differently.
A2;stecken;"mettre, enfoncer ; être coincé";Akkusativ;;;;Präsens;Steck den Schlüssel in die Tasche.;Mets la clé dans ta poche.;Put the key in your pocket.
A2;stecken;"mettre, enfoncer ; être coincé";Akkusativ;;;;Perfekt;Der Brief hat wochenlang im Fach gesteckt.;La lettre est restée des semaines dans le casier.;The letter sat in the pigeonhole for weeks.
A2;stecken;"mettre, enfoncer ; être coincé";Akkusativ;;;;Präteritum;Wir steckten eine Stunde im Aufzug fest.;Nous sommes restés coincés une heure dans l'ascenseur.;We were stuck in the lift for an hour.
A2;stecken;"mettre, enfoncer ; être coincé";Akkusativ;;;;Konjunktiv II;Ich würde das Geld lieber in den Umschlag stecken.;Je mettrais plutôt l'argent dans l'enveloppe.;I would rather put the money in the envelope.
A2;ärgern;agacer, contrarier;Akkusativ;;;;Präsens;Der Lärm ärgert die Nachbarn.;Le bruit agace les voisins.;The noise annoys the neighbours.
A2;ärgern;agacer, contrarier;Akkusativ;;;;Perfekt;Diese Bemerkung hat ihn sehr geärgert.;Cette remarque l'a beaucoup contrarié.;That remark annoyed him a lot.
A2;ärgern;agacer, contrarier;Akkusativ;;;;Präteritum;Es ärgerte sie, dass niemand anrief.;Ça l'agaçait que personne n'appelle.;It annoyed her that nobody called.
A2;ärgern;agacer, contrarier;Akkusativ;;;;Konjunktiv II;So eine Antwort würde jeden ärgern.;Une telle réponse agacerait n'importe qui.;Such an answer would annoy anyone.
A2;vorstellen;présenter (qn, qch);Akkusativ+Dativ;;;;Präsens;Darf ich dir meine Schwester vorstellen?;Puis-je te présenter ma sœur ?;May I introduce my sister to you?
A2;vorstellen;présenter (qn, qch);Akkusativ+Dativ;;;;Perfekt;Er hat das neue Projekt gestern vorgestellt.;Il a présenté le nouveau projet hier.;He presented the new project yesterday.
A2;vorstellen;présenter (qn, qch);Akkusativ+Dativ;;;;Präteritum;Die Firma stellte ihr neues Modell vor.;L'entreprise a présenté son nouveau modèle.;The company presented its new model.
A2;vorstellen;présenter (qn, qch);Akkusativ+Dativ;;;;Konjunktiv II;Ich würde dir gern meine Kollegin vorstellen.;J'aimerais bien te présenter ma collègue.;I would like to introduce my colleague to you.
A2;abbiegen;tourner (en chemin);;in + Akkusativ;;;Präsens;An der Ampel biegen Sie links ab.;Au feu, tournez à gauche.;Turn left at the traffic lights.
A2;abbiegen;tourner (en chemin);;in + Akkusativ;;;Perfekt;Wir sind zu früh abgebogen.;Nous avons tourné trop tôt.;We turned off too early.
A2;abbiegen;tourner (en chemin);;in + Akkusativ;;;Präteritum;Der Wagen bog in eine schmale Gasse ab.;La voiture a tourné dans une ruelle étroite.;The car turned into a narrow lane.
A2;abbiegen;tourner (en chemin);;in + Akkusativ;;;Konjunktiv II;Ich würde erst nach der Brücke abbiegen.;Je ne tournerais qu'après le pont.;I would only turn off after the bridge.
A2;lüften;aérer;Akkusativ;;;;Präsens;Ich lüfte jeden Morgen das Schlafzimmer.;J'aère la chambre tous les matins.;I air the bedroom every morning.
A2;lüften;aérer;Akkusativ;;;;Perfekt;Hast du heute schon gelüftet?;As-tu déjà aéré aujourd'hui ?;Have you aired the room today?
A2;lüften;aérer;Akkusativ;;;;Präteritum;Sie lüftete den Raum vor dem Treffen.;Elle a aéré la pièce avant la rencontre.;She aired the room before the meeting.
A2;lüften;aérer;Akkusativ;;;;Konjunktiv II;Bei diesem Geruch würde ich sofort lüften.;Avec cette odeur, j'aérerais tout de suite.;With this smell I would air the room at once.
A2;sich treffen;se retrouver, se voir;;;;oui;Präsens;Wir treffen uns um acht am Bahnhof.;Nous nous retrouvons à huit heures à la gare.;We're meeting at eight at the station.
A2;sich treffen;se retrouver, se voir;;;;oui;Perfekt;Wir haben uns letzte Woche getroffen.;Nous nous sommes vus la semaine dernière.;We met last week.
A2;sich treffen;se retrouver, se voir;;;;oui;Präteritum;Sie trafen sich jeden Freitag.;Ils se retrouvaient tous les vendredis.;They met every Friday.
A2;sich treffen;se retrouver, se voir;;;;oui;Konjunktiv II;Wir würden uns gern öfter treffen.;Nous aimerions nous voir plus souvent.;We would like to meet more often.
A2;sich anziehen;s'habiller;;;;oui;Präsens;Ich ziehe mich schnell an.;Je m'habille vite.;I get dressed quickly.
A2;sich anziehen;s'habiller;;;;oui;Perfekt;Sie hat sich warm angezogen.;Elle s'est habillée chaudement.;She dressed warmly.
A2;sich anziehen;s'habiller;;;;oui;Präteritum;Er zog sich in fünf Minuten an.;Il s'est habillé en cinq minutes.;He got dressed in five minutes.
A2;sich anziehen;s'habiller;;;;oui;Konjunktiv II;Bei dem Wetter würde ich mich wärmer anziehen.;Par ce temps, je m'habillerais plus chaudement.;In this weather I would dress more warmly.
A2;sich ausziehen;se déshabiller;;;;oui;Präsens;Die Kinder ziehen sich im Bad aus.;Les enfants se déshabillent dans la salle de bain.;The children get undressed in the bathroom.
A2;sich ausziehen;se déshabiller;;;;oui;Perfekt;Er hat sich schnell ausgezogen.;Il s'est déshabillé rapidement.;He got undressed quickly.
A2;sich ausziehen;se déshabiller;;;;oui;Präteritum;Sie zog sich aus und ging ins Wasser.;Elle s'est déshabillée et est entrée dans l'eau.;She undressed and went into the water.
A2;sich ausziehen;se déshabiller;;;;oui;Konjunktiv II;Ich würde mich hier nicht ausziehen.;Je ne me déshabillerais pas ici.;I wouldn't get undressed here.
A2;sich umziehen;se changer (de vêtements);;;;oui;Präsens;Ich ziehe mich nach der Arbeit um.;Je me change après le travail.;I get changed after work.
A2;sich umziehen;se changer (de vêtements);;;;oui;Perfekt;Sie hat sich für das Fest umgezogen.;Elle s'est changée pour la fête.;She got changed for the party.
A2;sich umziehen;se changer (de vêtements);;;;oui;Präteritum;Er zog sich vor dem Essen um.;Il s'est changé avant le repas.;He got changed before dinner.
A2;sich umziehen;se changer (de vêtements);;;;oui;Konjunktiv II;Für so einen Abend würde ich mich umziehen.;Pour une telle soirée, je me changerais.;For an evening like that I would get changed.
A2;sich fragen;se demander;;;;oui;Präsens;Ich frage mich, ob das stimmt.;Je me demande si c'est vrai.;I wonder whether that's true.
A2;sich fragen;se demander;;;;oui;Perfekt;Wir haben uns das oft gefragt.;Nous nous le sommes souvent demandé.;We've often wondered about that.
A2;sich fragen;se demander;;;;oui;Präteritum;Sie fragte sich, warum er schwieg.;Elle se demandait pourquoi il se taisait.;She wondered why he was silent.
A2;sich fragen;se demander;;;;oui;Konjunktiv II;Ich würde mich das auch fragen.;Je me le demanderais aussi.;I would wonder that too.
A2;freuen;faire plaisir à, réjouir (qn);Akkusativ;;;;Präsens;Deine Nachricht freut mich sehr.;Ta nouvelle me fait très plaisir.;Your message makes me very happy.
A2;freuen;faire plaisir à, réjouir (qn);Akkusativ;;;;Perfekt;Das Geschenk hat sie sehr gefreut.;Le cadeau lui a fait très plaisir.;The gift made her very happy.
A2;freuen;faire plaisir à, réjouir (qn);Akkusativ;;;;Präteritum;Der Besuch freute die ganze Familie.;La visite a fait plaisir à toute la famille.;The visit pleased the whole family.
A2;freuen;faire plaisir à, réjouir (qn);Akkusativ;;;;Konjunktiv II;Eine Antwort würde mich sehr freuen.;Une réponse me ferait très plaisir.;A reply would make me very happy.
A2;abgeben;remettre, rendre;Akkusativ;;;;Präsens;Ich gebe die Hausaufgabe beim Lehrer ab.;Je remets le devoir au professeur.;I hand in the homework to the teacher.
A2;abgeben;remettre, rendre;Akkusativ;;;;Perfekt;Ich habe die Hausaufgabe beim Lehrer abgegeben.;J'ai remis le devoir au professeur.;I handed in the homework to the teacher.
A2;abgeben;remettre, rendre;Akkusativ;;;;Präteritum;Ich gab die Hausaufgabe beim Lehrer ab.;Je remettais le devoir au professeur.;I handed in the homework to the teacher.
A2;abgeben;remettre, rendre;Akkusativ;;;;Konjunktiv II;Ich würde die Hausaufgabe gern früher abgeben.;J'aimerais remettre le devoir plus tôt.;I would like to hand in the homework earlier.
A2;anmelden;inscrire (quelqu'un);Akkusativ;;;;Präsens;Ich melde mein Kind für den Kurs an.;J'inscris mon enfant au cours.;I'm registering my child for the course.
A2;anmelden;inscrire (quelqu'un);Akkusativ;;;;Perfekt;Ich habe mein Kind für den Kurs angemeldet.;J'ai inscrit mon enfant au cours.;I registered my child for the course.
A2;anmelden;inscrire (quelqu'un);Akkusativ;;;;Präteritum;Ich meldete mein Kind für den Kurs an.;J'inscrivais mon enfant au cours.;I was registering my child for the course.
A2;anmelden;inscrire (quelqu'un);Akkusativ;;;;Konjunktiv II;Ich würde mein Kind gern für den Kurs anmelden.;J'aimerais inscrire mon enfant au cours.;I would like to register my child for the course.
A2;ansehen;regarder;Akkusativ;;;;Präsens;Er sieht mich freundlich an.;Il me regarde d'un air aimable.;He looks at me kindly.
A2;ansehen;regarder;Akkusativ;;;;Perfekt;Er hat mich freundlich angesehen.;Il m'a regardé d'un air aimable.;He looked at me kindly.
A2;ansehen;regarder;Akkusativ;;;;Präteritum;Er sah mich freundlich an.;Il me regardait d'un air aimable.;He was looking at me kindly.
A2;ansehen;regarder;Akkusativ;;;;Konjunktiv II;Er würde mich sicher freundlich ansehen.;Il me regarderait sûrement d'un air aimable.;He would surely look at me kindly.
A2;ausfüllen;remplir (un formulaire);Akkusativ;;;;Präsens;Ich fülle das Formular aus.;Je remplis le formulaire.;I'm filling in the form.
A2;ausfüllen;remplir (un formulaire);Akkusativ;;;;Perfekt;Ich habe das Formular ausgefüllt.;J'ai rempli le formulaire.;I filled in the form.
A2;ausfüllen;remplir (un formulaire);Akkusativ;;;;Präteritum;Ich füllte das Formular aus.;Je remplissais le formulaire.;I was filling in the form.
A2;ausfüllen;remplir (un formulaire);Akkusativ;;;;Konjunktiv II;Ich würde das Formular lieber zu Hause ausfüllen.;Je préférerais remplir le formulaire à la maison.;I would rather fill in the form at home.
A2;ausgeben;dépenser;Akkusativ;;;;Präsens;Ich gebe zu viel Geld für Kleidung aus.;Je dépense trop d'argent en vêtements.;I spend too much money on clothes.
A2;ausgeben;dépenser;Akkusativ;;;;Perfekt;Ich habe zu viel Geld für Kleidung ausgegeben.;J'ai dépensé trop d'argent en vêtements.;I have spent too much money on clothes.
A2;ausgeben;dépenser;Akkusativ;;;;Präteritum;Ich gab zu viel Geld für Kleidung aus.;Je dépensais trop d'argent en vêtements.;I spent too much money on clothes.
A2;ausgeben;dépenser;Akkusativ;;;;Konjunktiv II;Ich würde weniger Geld für Kleidung ausgeben.;Je dépenserais moins d'argent en vêtements.;I would spend less money on clothes.
A2;ausmachen;éteindre;Akkusativ;;;;Präsens;Ich mache das Licht aus.;J'éteins la lumière.;I turn off the light.
A2;ausmachen;éteindre;Akkusativ;;;;Perfekt;Ich habe das Licht ausgemacht.;J'ai éteint la lumière.;I turned off the light.
A2;ausmachen;éteindre;Akkusativ;;;;Präteritum;Ich machte das Licht aus.;J'éteignais la lumière.;I was turning off the light.
A2;ausmachen;éteindre;Akkusativ;;;;Konjunktiv II;Ich würde das Licht ausmachen.;J'éteindrais la lumière.;I would turn off the light.
A2;backen;cuire au four, faire (un gâteau);Akkusativ;;;;Präsens;Meine Mutter backt jeden Sonntag einen Kuchen.;Ma mère fait un gâteau tous les dimanches.;My mother bakes a cake every Sunday.
A2;backen;cuire au four, faire (un gâteau);Akkusativ;;;;Perfekt;Meine Mutter hat gestern einen Kuchen gebacken.;Ma mère a fait un gâteau hier.;My mother baked a cake yesterday.
A2;backen;cuire au four, faire (un gâteau);Akkusativ;;;;Präteritum;Meine Mutter backte jeden Sonntag einen Kuchen.;Ma mère faisait un gâteau tous les dimanches.;My mother used to bake a cake every Sunday.
A2;backen;cuire au four, faire (un gâteau);Akkusativ;;;;Konjunktiv II;Ich würde gern einen Kuchen backen.;J'aimerais bien faire un gâteau.;I would like to bake a cake.
A2;bauen;construire;Akkusativ;;;;Präsens;Sie bauen ein neues Haus.;Ils construisent une nouvelle maison.;They are building a new house.
A2;bauen;construire;Akkusativ;;;;Perfekt;Sie haben ein neues Haus gebaut.;Ils ont construit une nouvelle maison.;They have built a new house.
A2;bauen;construire;Akkusativ;;;;Präteritum;Sie bauten ein neues Haus.;Ils construisaient une nouvelle maison.;They were building a new house.
A2;bauen;construire;Akkusativ;;;;Konjunktiv II;Wir würden gern ein Haus bauen.;Nous aimerions construire une maison.;We would like to build a house.
A2;beantworten;répondre à;Akkusativ;;;;Präsens;Ich beantworte deine Frage gern.;Je réponds volontiers à ta question.;I'm happy to answer your question.
A2;beantworten;répondre à;Akkusativ;;;;Perfekt;Ich habe deine Frage gern beantwortet.;J'ai répondu volontiers à ta question.;I was happy to answer your question.
A2;beantworten;répondre à;Akkusativ;;;;Präteritum;Ich beantwortete deine Frage gern.;Je répondais volontiers à ta question.;I gladly answered your question.
A2;beantworten;répondre à;Akkusativ;;;;Konjunktiv II;Ich würde deine Frage gern beantworten.;Je répondrais volontiers à ta question.;I would gladly answer your question.
A2;beenden;terminer;Akkusativ;;;;Präsens;Wir beenden das Projekt im Mai.;Nous terminons le projet en mai.;We finish the project in May.
A2;beenden;terminer;Akkusativ;;;;Perfekt;Wir haben das Projekt im Mai beendet.;Nous avons terminé le projet en mai.;We finished the project in May.
A2;beenden;terminer;Akkusativ;;;;Präteritum;Wir beendeten das Projekt im Mai.;Nous terminions le projet en mai.;We were finishing the project in May.
A2;beenden;terminer;Akkusativ;;;;Konjunktiv II;Wir würden das Projekt gern früher beenden.;Nous aimerions terminer le projet plus tôt.;We would like to finish the project earlier.
A2;beraten;conseiller;Akkusativ;;;;Präsens;Der Verkäufer berät die Kundin.;Le vendeur conseille la cliente.;The shop assistant advises the customer.
A2;beraten;conseiller;Akkusativ;;;;Perfekt;Der Verkäufer hat die Kundin beraten.;Le vendeur a conseillé la cliente.;The shop assistant advised the customer.
A2;beraten;conseiller;Akkusativ;;;;Präteritum;Der Verkäufer beriet die Kundin.;Le vendeur conseillait la cliente.;The shop assistant was advising the customer.
A2;beraten;conseiller;Akkusativ;;;;Konjunktiv II;Der Verkäufer würde die Kundin gern beraten.;Le vendeur conseillerait volontiers la cliente.;The shop assistant would gladly advise the customer.
A2;besichtigen;visiter (un lieu);Akkusativ;;;;Präsens;Wir besichtigen morgen das Schloss.;Nous visitons le château demain.;We're visiting the castle tomorrow.
A2;besichtigen;visiter (un lieu);Akkusativ;;;;Perfekt;Wir haben gestern das Schloss besichtigt.;Nous avons visité le château hier.;We visited the castle yesterday.
A2;besichtigen;visiter (un lieu);Akkusativ;;;;Präteritum;Wir besichtigten das Schloss in aller Ruhe.;Nous visitions le château tranquillement.;We were visiting the castle at our leisure.
A2;besichtigen;visiter (un lieu);Akkusativ;;;;Konjunktiv II;Wir würden das Schloss gern besichtigen.;Nous aimerions visiter le château.;We would like to visit the castle.
A2;bitten;demander, prier;Akkusativ;;;;Präsens;Ich bitte dich um Hilfe.;Je te demande de l'aide.;I'm asking you for help.
A2;bitten;demander, prier;Akkusativ;;;;Perfekt;Ich habe dich um Hilfe gebeten.;Je t'ai demandé de l'aide.;I asked you for help.
A2;bitten;demander, prier;Akkusativ;;;;Präteritum;Ich bat dich um Hilfe.;Je te demandais de l'aide.;I was asking you for help.
A2;bitten;demander, prier;Akkusativ;;;;Konjunktiv II;Ich würde dich um Hilfe bitten.;Je te demanderais de l'aide.;I would ask you for help.
A2;buchstabieren;épeler;Akkusativ;;;;Präsens;Ich buchstabiere meinen Namen.;J'épelle mon nom.;I spell my name.
A2;buchstabieren;épeler;Akkusativ;;;;Perfekt;Ich habe meinen Namen buchstabiert.;J'ai épelé mon nom.;I spelled my name.
A2;buchstabieren;épeler;Akkusativ;;;;Präteritum;Ich buchstabierte meinen Namen.;J'épelais mon nom.;I was spelling my name.
A2;buchstabieren;épeler;Akkusativ;;;;Konjunktiv II;Ich würde meinen Namen langsam buchstabieren.;J'épellerais mon nom lentement.;I would spell my name slowly.
A2;danken;remercier;Dativ;;;;Präsens;Ich danke dir für deine Hilfe.;Je te remercie pour ton aide.;I thank you for your help.
A2;danken;remercier;Dativ;;;;Perfekt;Ich habe dir für deine Hilfe gedankt.;Je t'ai remercié pour ton aide.;I thanked you for your help.
A2;danken;remercier;Dativ;;;;Präteritum;Ich dankte dir für deine Hilfe.;Je te remerciais pour ton aide.;I was thanking you for your help.
A2;danken;remercier;Dativ;;;;Konjunktiv II;Ich würde dir für deine Hilfe danken.;Je te remercierais pour ton aide.;I would thank you for your help.
A2;fotografieren;photographier;Akkusativ;;;;Präsens;Sie fotografiert gern alte Häuser.;Elle aime photographier les vieilles maisons.;She likes photographing old houses.
A2;fotografieren;photographier;Akkusativ;;;;Perfekt;Sie hat gestern das alte Rathaus fotografiert.;Elle a photographié l'ancien hôtel de ville hier.;She photographed the old town hall yesterday.
A2;fotografieren;photographier;Akkusativ;;;;Präteritum;Sie fotografierte jeden Tag etwas anderes.;Elle photographiait chaque jour quelque chose de différent.;She photographed something different every day.
A2;fotografieren;photographier;Akkusativ;;;;Konjunktiv II;Ich würde hier gern fotografieren.;J'aimerais bien photographier ici.;I would like to take photos here.
A2;frühstücken;prendre le petit-déjeuner;;;;;Präsens;Wir frühstücken um sieben Uhr.;Nous prenons le petit-déjeuner à sept heures.;We have breakfast at seven.
A2;frühstücken;prendre le petit-déjeuner;;;;;Perfekt;Wir haben um sieben Uhr gefrühstückt.;Nous avons pris le petit-déjeuner à sept heures.;We had breakfast at seven.
A2;frühstücken;prendre le petit-déjeuner;;;;;Präteritum;Wir frühstückten immer um sieben Uhr.;Nous prenions toujours le petit-déjeuner à sept heures.;We always used to have breakfast at seven.
A2;frühstücken;prendre le petit-déjeuner;;;;;Konjunktiv II;Am Wochenende würde ich gern später frühstücken.;Le week-end, j'aimerais prendre le petit-déjeuner plus tard.;At the weekend I would like to have breakfast later.
A2;gefallen;plaire;Dativ;;;;Präsens;Die Wohnung gefällt mir sehr.;L'appartement me plaît beaucoup.;I like the flat very much.
A2;gefallen;plaire;Dativ;;;;Perfekt;Die Wohnung hat mir sehr gefallen.;L'appartement m'a beaucoup plu.;I liked the flat very much.
A2;gefallen;plaire;Dativ;;;;Präteritum;Die Wohnung gefiel mir sehr.;L'appartement me plaisait beaucoup.;I liked the flat very much.
A2;gefallen;plaire;Dativ;;;;Konjunktiv II;Eine größere Wohnung würde mir besser gefallen.;Un appartement plus grand me plairait davantage.;A bigger flat would suit me better.
A2;grillen;griller, faire un barbecue;;;;;Präsens;Im Sommer grillen wir oft im Garten.;En été, nous faisons souvent un barbecue au jardin.;In summer we often barbecue in the garden.
A2;grillen;griller, faire un barbecue;;;;;Perfekt;Im Sommer haben wir oft im Garten gegrillt.;En été, nous avons souvent fait un barbecue au jardin.;In summer we often barbecued in the garden.
A2;grillen;griller, faire un barbecue;;;;;Präteritum;Im Sommer grillten wir oft im Garten.;En été, nous faisions souvent un barbecue au jardin.;In summer we often used to barbecue in the garden.
A2;grillen;griller, faire un barbecue;;;;;Konjunktiv II;Heute Abend würde ich gern grillen.;Ce soir, j'aimerais bien faire un barbecue.;I'd like to have a barbecue this evening.
A2;holen;aller chercher;Akkusativ;;;;Präsens;Ich hole schnell das Brot.;Je vais vite chercher le pain.;I'll quickly fetch the bread.
A2;holen;aller chercher;Akkusativ;;;;Perfekt;Ich habe schnell das Brot geholt.;Je suis vite allé chercher le pain.;I quickly fetched the bread.
A2;holen;aller chercher;Akkusativ;;;;Präteritum;Ich holte schnell das Brot.;J'allais vite chercher le pain.;I was quickly fetching the bread.
A2;holen;aller chercher;Akkusativ;;;;Konjunktiv II;Ich würde das Brot gern selbst holen.;J'irais volontiers chercher le pain moi-même.;I would like to fetch the bread myself.
A2;husten;tousser;;;;;Präsens;Das Kind hustet die ganze Nacht.;L'enfant tousse toute la nuit.;The child coughs all night.
A2;husten;tousser;;;;;Perfekt;Das Kind hat die ganze Nacht gehustet.;L'enfant a toussé toute la nuit.;The child coughed all night.
A2;husten;tousser;;;;;Präteritum;Das Kind hustete die ganze Nacht.;L'enfant toussait toute la nuit.;The child was coughing all night.
A2;husten;tousser;;;;;Konjunktiv II;Ohne Medikament würde das Kind mehr husten.;Sans médicament, l'enfant tousserait davantage.;Without medicine the child would cough more.
A2;kennenlernen;faire la connaissance de;Akkusativ;;;;Präsens;Im Kurs lerne ich viele Leute kennen.;Au cours, je fais la connaissance de beaucoup de gens.;In the course I get to know a lot of people.
A2;kennenlernen;faire la connaissance de;Akkusativ;;;;Perfekt;Im Kurs habe ich viele Leute kennengelernt.;Au cours, j'ai fait la connaissance de beaucoup de gens.;In the course I got to know a lot of people.
A2;kennenlernen;faire la connaissance de;Akkusativ;;;;Präteritum;Im Kurs lernte ich viele Leute kennen.;Au cours, je faisais la connaissance de beaucoup de gens.;In the course I was getting to know a lot of people.
A2;kennenlernen;faire la connaissance de;Akkusativ;;;;Konjunktiv II;Ich würde deine Familie gern kennenlernen.;J'aimerais bien faire la connaissance de ta famille.;I would like to meet your family.
A2;kosten;coûter;Akkusativ;;;;Präsens;Die Fahrkarte kostet zwölf Euro.;Le billet coûte douze euros.;The ticket costs twelve euros.
A2;kosten;coûter;Akkusativ;;;;Perfekt;Die Fahrkarte hat zwölf Euro gekostet.;Le billet a coûté douze euros.;The ticket cost twelve euros.
A2;kosten;coûter;Akkusativ;;;;Präteritum;Die Fahrkarte kostete zwölf Euro.;Le billet coûtait douze euros.;The ticket cost twelve euros.
A2;kosten;coûter;Akkusativ;;;;Konjunktiv II;Ohne Rabatt würde die Fahrkarte mehr kosten.;Sans réduction, le billet coûterait plus cher.;Without a discount the ticket would cost more.
A2;kriegen;recevoir, avoir (familier);Akkusativ;;;;Präsens;Zum Geburtstag kriege ich ein Fahrrad.;Pour mon anniversaire, je reçois un vélo.;For my birthday I'm getting a bike.
A2;kriegen;recevoir, avoir (familier);Akkusativ;;;;Perfekt;Zum Geburtstag habe ich ein Fahrrad gekriegt.;Pour mon anniversaire, j'ai reçu un vélo.;For my birthday I got a bike.
A2;kriegen;recevoir, avoir (familier);Akkusativ;;;;Präteritum;Zum Geburtstag kriegte ich ein Fahrrad.;Pour mon anniversaire, je recevais un vélo.;For my birthday I used to get a bike.
A2;kriegen;recevoir, avoir (familier);Akkusativ;;;;Konjunktiv II;Ich würde gern ein Fahrrad kriegen.;J'aimerais bien recevoir un vélo.;I'd like to get a bike.
A2;kündigen;résilier, démissionner;Akkusativ;;;;Präsens;Ich kündige meinen Handyvertrag.;Je résilie mon forfait de téléphone.;I'm cancelling my phone contract.
A2;kündigen;résilier, démissionner;Akkusativ;;;;Perfekt;Ich habe meinen Handyvertrag gekündigt.;J'ai résilié mon forfait de téléphone.;I cancelled my phone contract.
A2;kündigen;résilier, démissionner;Akkusativ;;;;Präteritum;Ich kündigte meinen Handyvertrag.;Je résiliais mon forfait de téléphone.;I was cancelling my phone contract.
A2;kündigen;résilier, démissionner;Akkusativ;;;;Konjunktiv II;An deiner Stelle würde ich den Vertrag kündigen.;À ta place, je résilierais le contrat.;In your place I would cancel the contract.
A2;notieren;noter;Akkusativ;;;;Präsens;Ich notiere die Adresse auf einem Zettel.;Je note l'adresse sur un bout de papier.;I note the address on a piece of paper.
A2;notieren;noter;Akkusativ;;;;Perfekt;Ich habe die Adresse auf einem Zettel notiert.;J'ai noté l'adresse sur un bout de papier.;I noted the address on a piece of paper.
A2;notieren;noter;Akkusativ;;;;Präteritum;Ich notierte die Adresse auf einem Zettel.;Je notais l'adresse sur un bout de papier.;I was noting the address on a piece of paper.
A2;notieren;noter;Akkusativ;;;;Konjunktiv II;Ich würde die Adresse lieber notieren.;Je préférerais noter l'adresse.;I would rather write the address down.
A2;raten;"conseiller ; deviner";Dativ;;;;Präsens;Der Arzt rät mir zu mehr Sport.;Le médecin me conseille de faire plus de sport.;The doctor advises me to do more sport.
A2;raten;"conseiller ; deviner";Dativ;;;;Perfekt;Der Arzt hat mir zu mehr Sport geraten.;Le médecin m'a conseillé de faire plus de sport.;The doctor advised me to do more sport.
A2;raten;"conseiller ; deviner";Dativ;;;;Präteritum;Der Arzt riet mir zu mehr Sport.;Le médecin me conseillait de faire plus de sport.;The doctor was advising me to do more sport.
A2;raten;"conseiller ; deviner";Dativ;;;;Konjunktiv II;Ich würde dir zu mehr Geduld raten.;Je te conseillerais plus de patience.;I would advise you to be more patient.
A2;reden;parler, causer;;;;;Präsens;Wir reden über das Wetter.;Nous parlons de la météo.;We're talking about the weather.
A2;reden;parler, causer;;;;;Perfekt;Wir haben über das Wetter geredet.;Nous avons parlé de la météo.;We talked about the weather.
A2;reden;parler, causer;;;;;Präteritum;Wir redeten über das Wetter.;Nous parlions de la météo.;We were talking about the weather.
A2;reden;parler, causer;;;;;Konjunktiv II;Wir würden lieber über etwas anderes reden.;Nous préférerions parler d'autre chose.;We would rather talk about something else.
A2;reiten;monter à cheval;;;;;Präsens;Meine Schwester reitet jeden Samstag.;Ma sœur monte à cheval tous les samedis.;My sister goes riding every Saturday.
A2;reiten;monter à cheval;;;;;Perfekt;Meine Schwester ist am Samstag geritten.;Ma sœur est montée à cheval samedi.;My sister went riding on Saturday.
A2;reiten;monter à cheval;;;;;Präteritum;Meine Schwester ritt jeden Samstag.;Ma sœur montait à cheval tous les samedis.;My sister used to go riding every Saturday.
A2;reiten;monter à cheval;;;;;Konjunktiv II;Ich würde gern einmal reiten.;J'aimerais monter à cheval une fois.;I would like to ride a horse one day.
A2;schimpfen;gronder, râler;;;;;Präsens;Der Chef schimpft selten.;Le chef gronde rarement.;The boss rarely tells anyone off.
A2;schimpfen;gronder, râler;;;;;Perfekt;Der Chef hat selten geschimpft.;Le chef a rarement grondé.;The boss has rarely told anyone off.
A2;schimpfen;gronder, râler;;;;;Präteritum;Der Chef schimpfte selten.;Le chef grondait rarement.;The boss rarely used to tell anyone off.
A2;schimpfen;gronder, râler;;;;;Konjunktiv II;An seiner Stelle würde ich nicht schimpfen.;À sa place, je ne gronderais pas.;In his place I wouldn't tell anyone off.
A2;schneien;neiger;;;;;Präsens;Im Januar schneit es oft.;En janvier, il neige souvent.;It often snows in January.
A2;schneien;neiger;;;;;Perfekt;Es hat die ganze Nacht geschneit.;Il a neigé toute la nuit.;It snowed all night.
A2;schneien;neiger;;;;;Präteritum;Es schneite die ganze Nacht.;Il neigeait toute la nuit.;It was snowing all night.
A2;schneien;neiger;;;;;Konjunktiv II;Bei dieser Kälte würde es sicher schneien.;Avec ce froid, il neigerait sûrement.;In this cold it would surely snow.
A2;speichern;enregistrer, sauvegarder;Akkusativ;;;;Präsens;Ich speichere die Datei auf dem Computer.;J'enregistre le fichier sur l'ordinateur.;I save the file on the computer.
A2;speichern;enregistrer, sauvegarder;Akkusativ;;;;Perfekt;Ich habe die Datei auf dem Computer gespeichert.;J'ai enregistré le fichier sur l'ordinateur.;I saved the file on the computer.
A2;speichern;enregistrer, sauvegarder;Akkusativ;;;;Präteritum;Ich speicherte die Datei auf dem Computer.;J'enregistrais le fichier sur l'ordinateur.;I was saving the file on the computer.
A2;speichern;enregistrer, sauvegarder;Akkusativ;;;;Konjunktiv II;Ich würde die Datei lieber online speichern.;Je préférerais enregistrer le fichier en ligne.;I would rather save the file online.
A2;stattfinden;avoir lieu;;;;;Präsens;Das Konzert findet am Samstag statt.;Le concert a lieu samedi.;The concert takes place on Saturday.
A2;stattfinden;avoir lieu;;;;;Perfekt;Das Konzert hat am Samstag stattgefunden.;Le concert a eu lieu samedi.;The concert took place on Saturday.
A2;stattfinden;avoir lieu;;;;;Präteritum;Das Konzert fand am Samstag statt.;Le concert avait lieu samedi.;The concert took place on Saturday.
A2;stattfinden;avoir lieu;;;;;Konjunktiv II;Bei gutem Wetter würde das Konzert draußen stattfinden.;S'il faisait beau, le concert aurait lieu dehors.;In good weather the concert would take place outside.
A2;unternehmen;entreprendre, faire (quelque chose);Akkusativ;;;;Präsens;Am Wochenende unternehmen wir etwas mit den Kindern.;Le week-end, nous faisons quelque chose avec les enfants.;At the weekend we do something with the children.
A2;unternehmen;entreprendre, faire (quelque chose);Akkusativ;;;;Perfekt;Am Wochenende haben wir etwas mit den Kindern unternommen.;Le week-end, nous avons fait quelque chose avec les enfants.;At the weekend we did something with the children.
A2;unternehmen;entreprendre, faire (quelque chose);Akkusativ;;;;Präteritum;Am Wochenende unternahmen wir etwas mit den Kindern.;Le week-end, nous faisions quelque chose avec les enfants.;At the weekend we used to do something with the children.
A2;unternehmen;entreprendre, faire (quelque chose);Akkusativ;;;;Konjunktiv II;Ich würde am Sonntag gern etwas unternehmen.;Dimanche, j'aimerais bien faire quelque chose.;On Sunday I'd like to do something.
A2;untersuchen;examiner;Akkusativ;;;;Präsens;Die Ärztin untersucht den Patienten.;La médecin examine le patient.;The doctor examines the patient.
A2;untersuchen;examiner;Akkusativ;;;;Perfekt;Die Ärztin hat den Patienten untersucht.;La médecin a examiné le patient.;The doctor examined the patient.
A2;untersuchen;examiner;Akkusativ;;;;Präteritum;Die Ärztin untersuchte den Patienten.;La médecin examinait le patient.;The doctor was examining the patient.
A2;untersuchen;examiner;Akkusativ;;;;Konjunktiv II;Die Ärztin würde den Patienten gern noch einmal untersuchen.;La médecin aimerait examiner le patient encore une fois.;The doctor would like to examine the patient again.
A2;versuchen;essayer;Akkusativ;;;;Präsens;Ich versuche es noch einmal.;J'essaie encore une fois.;I'm trying again.
A2;versuchen;essayer;Akkusativ;;;;Perfekt;Ich habe es noch einmal versucht.;J'ai essayé encore une fois.;I tried again.
A2;versuchen;essayer;Akkusativ;;;;Präteritum;Ich versuchte es noch einmal.;J'essayais encore une fois.;I was trying again.
A2;versuchen;essayer;Akkusativ;;;;Konjunktiv II;An deiner Stelle würde ich es noch einmal versuchen.;À ta place, j'essaierais encore une fois.;In your place I would try again.
A2;wandern;randonner;;;;;Präsens;Im Sommer wandern wir gern in den Bergen.;En été, nous aimons randonner en montagne.;In summer we like hiking in the mountains.
A2;wandern;randonner;;;;;Perfekt;Am Sonntag sind wir vier Stunden gewandert.;Dimanche, nous avons randonné pendant quatre heures.;On Sunday we hiked for four hours.
A2;wandern;randonner;;;;;Präteritum;Früher wanderten wir jedes Wochenende.;Autrefois, nous randonnions chaque week-end.;We used to hike every weekend.
A2;wandern;randonner;;;;;Konjunktiv II;Bei gutem Wetter würde ich gern wandern.;S'il faisait beau, j'aimerais bien faire une randonnée.;In good weather I would like to go hiking.
A2;wählen;"choisir ; voter";Akkusativ;;;;Präsens;Ich wähle das Menü mit Fisch.;Je choisis le menu avec du poisson.;I'm choosing the fish menu.
A2;wählen;"choisir ; voter";Akkusativ;;;;Perfekt;Ich habe das Menü mit Fisch gewählt.;J'ai choisi le menu avec du poisson.;I chose the fish menu.
A2;wählen;"choisir ; voter";Akkusativ;;;;Präteritum;Ich wählte das Menü mit Fisch.;Je choisissais le menu avec du poisson.;I was choosing the fish menu.
A2;wählen;"choisir ; voter";Akkusativ;;;;Konjunktiv II;Ich würde das Menü mit Fleisch wählen.;Je choisirais le menu avec de la viande.;I would choose the meat menu.
A2;zahlen;payer;Akkusativ;;;;Präsens;Ich zahle mit Karte.;Je paie par carte.;I'm paying by card.
A2;zahlen;payer;Akkusativ;;;;Perfekt;Ich habe mit Karte gezahlt.;J'ai payé par carte.;I paid by card.
A2;zahlen;payer;Akkusativ;;;;Präteritum;Ich zahlte mit Karte.;Je payais par carte.;I was paying by card.
A2;zahlen;payer;Akkusativ;;;;Konjunktiv II;Ich würde lieber bar zahlen.;Je préférerais payer en espèces.;I would rather pay cash.
A2;zuhören;écouter;Dativ;;;;Präsens;Die Kinder hören der Lehrerin zu.;Les enfants écoutent la maîtresse.;The children listen to the teacher.
A2;zuhören;écouter;Dativ;;;;Perfekt;Die Kinder haben der Lehrerin zugehört.;Les enfants ont écouté la maîtresse.;The children listened to the teacher.
A2;zuhören;écouter;Dativ;;;;Präteritum;Die Kinder hörten der Lehrerin zu.;Les enfants écoutaient la maîtresse.;The children were listening to the teacher.
A2;zuhören;écouter;Dativ;;;;Konjunktiv II;Die Kinder würden der Lehrerin gern zuhören.;Les enfants écouteraient volontiers la maîtresse.;The children would gladly listen to the teacher.
A2;übersetzen;traduire;Akkusativ;;;;Präsens;Sie übersetzt den Brief ins Deutsche.;Elle traduit la lettre en allemand.;She translates the letter into German.
A2;übersetzen;traduire;Akkusativ;;;;Perfekt;Sie hat den Brief ins Deutsche übersetzt.;Elle a traduit la lettre en allemand.;She translated the letter into German.
A2;übersetzen;traduire;Akkusativ;;;;Präteritum;Sie übersetzte den Brief ins Deutsche.;Elle traduisait la lettre en allemand.;She was translating the letter into German.
A2;übersetzen;traduire;Akkusativ;;;;Konjunktiv II;Ich würde den Brief gern übersetzen.;J'aimerais bien traduire la lettre.;I would like to translate the letter.
A2;aufpassen;faire attention, surveiller;;;;;Präsens;Pass bitte auf die Kinder auf.;Surveille les enfants, s'il te plaît.;Please keep an eye on the children.
A2;aufpassen;faire attention, surveiller;;;;;Perfekt;Ich habe auf die Kinder aufgepasst.;J'ai surveillé les enfants.;I kept an eye on the children.
A2;aufpassen;faire attention, surveiller;;;;;Präteritum;Ich passte auf die Kinder auf.;Je surveillais les enfants.;I was keeping an eye on the children.
A2;aufpassen;faire attention, surveiller;;;;;Konjunktiv II;Ich würde gern auf die Kinder aufpassen.;J'aimerais bien surveiller les enfants.;I would be glad to watch the children.
A2;aussehen;avoir l'air, sembler;;;;;Präsens;Du siehst heute müde aus.;Tu as l'air fatigué aujourd'hui.;You look tired today.
A2;aussehen;avoir l'air, sembler;;;;;Perfekt;Du hast gestern müde ausgesehen.;Hier, tu avais l'air fatigué.;You looked tired yesterday.
A2;aussehen;avoir l'air, sembler;;;;;Präteritum;Er sah damals ganz anders aus.;À l'époque, il avait une tout autre allure.;He looked completely different back then.
A2;aussehen;avoir l'air, sembler;;;;;Konjunktiv II;Mit einem Hut würde er besser aussehen.;Avec un chapeau, il aurait meilleure allure.;He would look better with a hat.
A2;baden;se baigner, prendre un bain;;;;;Präsens;Im Sommer baden wir im See.;En été, nous nous baignons dans le lac.;In summer we swim in the lake.
A2;baden;se baigner, prendre un bain;;;;;Perfekt;Im Sommer haben wir im See gebadet.;En été, nous nous sommes baignés dans le lac.;In summer we swam in the lake.
A2;baden;se baigner, prendre un bain;;;;;Präteritum;Als Kind badete ich jeden Tag.;Enfant, je me baignais tous les jours.;As a child I bathed every day.
A2;baden;se baigner, prendre un bain;;;;;Konjunktiv II;Bei dieser Hitze würde ich gern baden.;Par cette chaleur, j'aimerais bien me baigner.;In this heat I'd like to go for a swim.
A2;basteln;bricoler, faire des travaux manuels;Akkusativ;;;;Präsens;Die Kinder basteln eine Karte für Oma.;Les enfants bricolent une carte pour mamie.;The children are making a card for grandma.
A2;basteln;bricoler, faire des travaux manuels;Akkusativ;;;;Perfekt;Die Kinder haben eine Karte gebastelt.;Les enfants ont bricolé une carte.;The children made a card.
A2;basteln;bricoler, faire des travaux manuels;Akkusativ;;;;Präteritum;Die Kinder bastelten den ganzen Nachmittag.;Les enfants ont bricolé tout l'après-midi.;The children did craftwork all afternoon.
A2;basteln;bricoler, faire des travaux manuels;Akkusativ;;;;Konjunktiv II;Bei Regen würden die Kinder lieber basteln.;S'il pleuvait, les enfants préféreraient bricoler.;If it rained the children would rather do craftwork.
A2;benutzen;utiliser;Akkusativ;;;;Präsens;Ich benutze jeden Tag den Bus.;J'utilise le bus tous les jours.;I use the bus every day.
A2;benutzen;utiliser;Akkusativ;;;;Perfekt;Ich habe jeden Tag den Bus benutzt.;J'ai utilisé le bus tous les jours.;I used the bus every day.
A2;benutzen;utiliser;Akkusativ;;;;Präteritum;Ich benutzte jeden Tag den Bus.;J'utilisais le bus tous les jours.;I used to take the bus every day.
A2;benutzen;utiliser;Akkusativ;;;;Konjunktiv II;Ich würde lieber das Fahrrad benutzen.;Je préférerais utiliser le vélo.;I would rather use the bike.
A2;braten;faire revenir, frire;Akkusativ;;;;Präsens;Ich brate das Fleisch in der Pfanne.;Je fais revenir la viande à la poêle.;I'm frying the meat in the pan.
A2;braten;faire revenir, frire;Akkusativ;;;;Perfekt;Ich habe das Fleisch in der Pfanne gebraten.;J'ai fait revenir la viande à la poêle.;I fried the meat in the pan.
A2;braten;faire revenir, frire;Akkusativ;;;;Präteritum;Ich briet das Fleisch in der Pfanne.;Je faisais revenir la viande à la poêle.;I was frying the meat in the pan.
A2;braten;faire revenir, frire;Akkusativ;;;;Konjunktiv II;Ich würde das Fleisch lieber im Ofen braten.;Je préférerais faire cuire la viande au four.;I would rather roast the meat in the oven.
A2;einpacken;emballer, mettre dans la valise;Akkusativ;;;;Präsens;Ich packe das Geschenk ein.;J'emballe le cadeau.;I'm wrapping the present.
A2;einpacken;emballer, mettre dans la valise;Akkusativ;;;;Perfekt;Ich habe das Geschenk eingepackt.;J'ai emballé le cadeau.;I wrapped the present.
A2;einpacken;emballer, mettre dans la valise;Akkusativ;;;;Präteritum;Ich packte das Geschenk ein.;J'emballais le cadeau.;I was wrapping the present.
A2;einpacken;emballer, mettre dans la valise;Akkusativ;;;;Konjunktiv II;Ich würde noch einen Pullover einpacken.;J'emporterais encore un pull.;I would pack another jumper.
A2;heiraten;épouser, se marier;Akkusativ;;;;Präsens;Im Mai heiraten sie in Wien.;En mai, ils se marient à Vienne.;In May they're getting married in Vienna.
A2;heiraten;épouser, se marier;Akkusativ;;;;Perfekt;Sie haben im Mai in Wien geheiratet.;Ils se sont mariés à Vienne en mai.;They got married in Vienna in May.
A2;heiraten;épouser, se marier;Akkusativ;;;;Präteritum;Sie heirateten im Mai in Wien.;Ils se mariaient à Vienne en mai.;They were marrying in Vienna in May.
A2;heiraten;épouser, se marier;Akkusativ;;;;Konjunktiv II;Ich würde lieber im Sommer heiraten.;Je préférerais me marier en été.;I would rather get married in the summer.
A2;joggen;faire du jogging;;;;;Präsens;Morgens jogge ich im Park.;Le matin, je fais du jogging au parc.;In the morning I jog in the park.
A2;joggen;faire du jogging;;;;;Perfekt;Heute Morgen bin ich im Park gejoggt.;Ce matin, j'ai fait du jogging au parc.;This morning I jogged in the park.
A2;joggen;faire du jogging;;;;;Präteritum;Früher joggte ich jeden Tag.;Autrefois, je faisais du jogging tous les jours.;I used to jog every day.
A2;joggen;faire du jogging;;;;;Konjunktiv II;Bei besserem Wetter würde ich joggen.;S'il faisait meilleur, je ferais du jogging.;If the weather were better I would jog.
A2;schenken;offrir (un cadeau);Akkusativ+Dativ;;;;Präsens;Ich schenke ihr ein Buch.;Je lui offre un livre.;I'm giving her a book.
A2;schenken;offrir (un cadeau);Akkusativ+Dativ;;;;Perfekt;Ich habe ihr ein Buch geschenkt.;Je lui ai offert un livre.;I gave her a book.
A2;schenken;offrir (un cadeau);Akkusativ+Dativ;;;;Präteritum;Ich schenkte ihr ein Buch.;Je lui offrais un livre.;I was giving her a book.
A2;schenken;offrir (un cadeau);Akkusativ+Dativ;;;;Konjunktiv II;Ich würde ihr lieber Blumen schenken.;Je préférerais lui offrir des fleurs.;I would rather give her flowers.
A2;surfen;surfer (sur Internet);;;;;Präsens;Abends surfe ich im Internet.;Le soir, je surfe sur Internet.;In the evening I surf the internet.
A2;surfen;surfer (sur Internet);;;;;Perfekt;Ich habe zwei Stunden im Internet gesurft.;J'ai surfé deux heures sur Internet.;I surfed the internet for two hours.
A2;surfen;surfer (sur Internet);;;;;Präteritum;Ich surfte jeden Abend im Internet.;Je surfais sur Internet tous les soirs.;I used to surf the internet every evening.
A2;surfen;surfer (sur Internet);;;;;Konjunktiv II;Ohne WLAN würde ich nicht surfen.;Sans wifi, je ne surferais pas.;Without wifi I wouldn't surf.
A2;unterschreiben;signer;Akkusativ;;;;Präsens;Unterschreiben Sie bitte hier unten.;Signez ici en bas, s'il vous plaît.;Please sign here at the bottom.
A2;unterschreiben;signer;Akkusativ;;;;Perfekt;Ich habe den Vertrag unterschrieben.;J'ai signé le contrat.;I signed the contract.
A2;unterschreiben;signer;Akkusativ;;;;Präteritum;Ich unterschrieb den Vertrag ohne zu lesen.;Je signais le contrat sans le lire.;I signed the contract without reading it.
A2;unterschreiben;signer;Akkusativ;;;;Konjunktiv II;Ohne Übersetzung würde ich nichts unterschreiben.;Sans traduction, je ne signerais rien.;Without a translation I wouldn't sign anything.
A2;anmachen;allumer;Akkusativ;;;;Präsens;Mach bitte das Licht an.;Allume la lumière, s'il te plaît.;Please switch the light on.
A2;anmachen;allumer;Akkusativ;;;;Perfekt;Ich habe das Licht angemacht.;J'ai allumé la lumière.;I switched the light on.
A2;anmachen;allumer;Akkusativ;;;;Präteritum;Ich machte das Licht an.;J'allumais la lumière.;I was switching the light on.
A2;anmachen;allumer;Akkusativ;;;;Konjunktiv II;Bei dem Nebel würde ich die Lampen anmachen.;Avec ce brouillard, j'allumerais les lampes.;In this fog I would switch the lamps on.
A2;auspacken;déballer;Akkusativ;;;;Präsens;Die Kinder packen die Geschenke aus.;Les enfants déballent les cadeaux.;The children unwrap the presents.
A2;auspacken;déballer;Akkusativ;;;;Perfekt;Die Kinder haben die Geschenke ausgepackt.;Les enfants ont déballé les cadeaux.;The children unwrapped the presents.
A2;auspacken;déballer;Akkusativ;;;;Präteritum;Die Kinder packten die Geschenke aus.;Les enfants déballaient les cadeaux.;The children were unwrapping the presents.
A2;auspacken;déballer;Akkusativ;;;;Konjunktiv II;Ich würde den Koffer erst morgen auspacken.;Je ne déferais la valise que demain.;I would only unpack the suitcase tomorrow.
A2;austragen;distribuer (à domicile);Akkusativ;;;;Präsens;Er trägt morgens Zeitungen aus.;Le matin, il distribue des journaux.;In the morning he delivers newspapers.
A2;austragen;distribuer (à domicile);Akkusativ;;;;Perfekt;Er hat morgens Zeitungen ausgetragen.;Le matin, il a distribué des journaux.;In the morning he delivered newspapers.
A2;austragen;distribuer (à domicile);Akkusativ;;;;Präteritum;Als Schüler trug er Zeitungen aus.;Quand il était élève, il distribuait des journaux.;As a pupil he used to deliver newspapers.
A2;austragen;distribuer (à domicile);Akkusativ;;;;Konjunktiv II;Für das Geld würde ich auch Zeitungen austragen.;Pour cet argent, je distribuerais aussi des journaux.;For that money I would deliver newspapers too.
A2;renovieren;rénover, refaire;Akkusativ;;;;Präsens;Wir renovieren die Küche selbst.;Nous rénovons la cuisine nous-mêmes.;We're renovating the kitchen ourselves.
A2;renovieren;rénover, refaire;Akkusativ;;;;Perfekt;Wir haben die Küche selbst renoviert.;Nous avons rénové la cuisine nous-mêmes.;We renovated the kitchen ourselves.
A2;renovieren;rénover, refaire;Akkusativ;;;;Präteritum;Wir renovierten die Küche im Sommer.;Nous rénovions la cuisine en été.;We were renovating the kitchen in the summer.
A2;renovieren;rénover, refaire;Akkusativ;;;;Konjunktiv II;Vor dem Einzug würde ich renovieren.;Avant d'emménager, je ferais les travaux.;I would renovate before moving in.
A2;wünschen;souhaiter;Akkusativ+Dativ;;;;Präsens;Ich wünsche dir einen schönen Tag.;Je te souhaite une belle journée.;I wish you a nice day.
A2;wünschen;souhaiter;Akkusativ+Dativ;;;;Perfekt;Ich habe dir alles Gute gewünscht.;Je t'ai souhaité tout le meilleur.;I wished you all the best.
A2;wünschen;souhaiter;Akkusativ+Dativ;;;;Präteritum;Ich wünschte dir einen schönen Tag.;Je te souhaitais une belle journée.;I wished you a nice day.
A2;wünschen;souhaiter;Akkusativ+Dativ;;;;Konjunktiv II;Ich würde mir mehr Zeit wünschen.;Je souhaiterais avoir plus de temps.;I would wish for more time.
B1;behaupten;prétendre, affirmer;Akkusativ;;;;Präsens;Er behauptet seine Unschuld.;Il affirme son innocence.;He claims his innocence.
B1;behaupten;prétendre, affirmer;Akkusativ;;;;Perfekt;Ich habe das nie behauptet.;Je n'ai jamais prétendu ça.;I never claimed that.
B1;behaupten;prétendre, affirmer;Akkusativ;;;;Präteritum;Sie behauptete ihre Unschuld.;Elle affirmait son innocence.;She claimed her innocence.
B1;behaupten;prétendre, affirmer;Akkusativ;;;;Konjunktiv II;Ich würde das nicht behaupten.;Je ne prétendrais pas ça.;I wouldn't claim that.
B1;betonen;souligner;Akkusativ;;;;Präsens;Der Chef betont die Wichtigkeit des Projekts.;Le patron souligne l'importance du projet.;The boss emphasizes the importance of the project.
B1;betonen;souligner;Akkusativ;;;;Perfekt;Ich habe das mehrmals betont.;Je l'ai souligné plusieurs fois.;I emphasized that several times.
B1;betonen;souligner;Akkusativ;;;;Präteritum;Sie betonte ihre Meinung deutlich.;Elle a clairement souligné son opinion.;She clearly emphasized her opinion.
B1;betonen;souligner;Akkusativ;;;;Konjunktiv II;Ich würde das noch einmal betonen.;Je le soulignerais encore une fois.;I would emphasize that once more.
B1;bewerten;évaluer;Akkusativ;;;;Präsens;Der Lehrer bewertet die Prüfung.;Le professeur évalue l'examen.;The teacher is grading the exam.
B1;bewerten;évaluer;Akkusativ;;;;Perfekt;Ich habe die Arbeit positiv bewertet.;J'ai évalué le travail positivement.;I rated the work positively.
B1;bewerten;évaluer;Akkusativ;;;;Präteritum;Er bewertete das Risiko falsch.;Il a mal évalué le risque.;He assessed the risk incorrectly.
B1;bewerten;évaluer;Akkusativ;;;;Konjunktiv II;Ich würde das anders bewerten.;J'évaluerais ça différemment.;I would evaluate that differently.
B1;überzeugen;convaincre;Akkusativ;von + Dativ;;;Präsens;Das Argument überzeugt mich von seinem Plan.;L'argument me convainc de son plan.;The argument convinces me of his plan.
B1;überzeugen;convaincre;Akkusativ;von + Dativ;;;Perfekt;Sie hat mich von ihrem Plan überzeugt.;Elle m'a convaincu de son plan.;She convinced me of her plan.
B1;überzeugen;convaincre;Akkusativ;von + Dativ;;;Präteritum;Er überzeugte alle von seiner Idee.;Il a convaincu tout le monde de son idée.;He convinced everyone of his idea.
B1;überzeugen;convaincre;Akkusativ;von + Dativ;;;Konjunktiv II;Das würde mich von seinem Plan überzeugen.;Cela me convaincrait de son plan.;That would convince me of his plan.
B1;überraschen;surprendre;Akkusativ;;;;Präsens;Die Nachricht überrascht mich.;La nouvelle me surprend.;The news surprises me.
B1;überraschen;surprendre;Akkusativ;;;;Perfekt;Das Ergebnis hat uns überrascht.;Le résultat nous a surpris.;The result surprised us.
B1;überraschen;surprendre;Akkusativ;;;;Präteritum;Sein Besuch überraschte mich sehr.;Sa visite m'a beaucoup surpris.;His visit surprised me a lot.
B1;überraschen;surprendre;Akkusativ;;;;Konjunktiv II;Das würde mich nicht überraschen.;Ça ne me surprendrait pas.;That wouldn't surprise me.
B1;gestehen;avouer;Akkusativ+Dativ;;;;Präsens;Ich gestehe dir meinen Fehler.;Je t'avoue mon erreur.;I confess my mistake to you.
B1;gestehen;avouer;Akkusativ+Dativ;;;;Perfekt;Er hat mir alles gestanden.;Il m'a tout avoué.;He confessed everything to me.
B1;gestehen;avouer;Akkusativ+Dativ;;;;Präteritum;Sie gestand ihm ihre Angst.;Elle lui a avoué sa peur.;She confessed her fear to him.
B1;gestehen;avouer;Akkusativ+Dativ;;;;Konjunktiv II;Ich würde dir das nie gestehen.;Je ne te l'avouerais jamais.;I would never confess that to you.
B1;zugeben;admettre;Akkusativ;;;;Präsens;Ich gebe meinen Fehler zu.;J'admets mon erreur.;I admit my mistake.
B1;zugeben;admettre;Akkusativ;;;;Perfekt;Er hat seinen Fehler zugegeben.;Il a admis son erreur.;He admitted his mistake.
B1;zugeben;admettre;Akkusativ;;;;Präteritum;Sie gab ihren Fehler zu.;Elle a admis son erreur.;She admitted her mistake.
B1;zugeben;admettre;Akkusativ;;;;Konjunktiv II;Ich würde das sofort zugeben.;Je l'admettrais tout de suite.;I would admit that right away.
B1;vermuten;supposer;Akkusativ;;;;Präsens;Ich vermute einen Fehler.;Je suppose une erreur.;I suspect a mistake.
B1;vermuten;supposer;Akkusativ;;;;Perfekt;Wir haben das schon vermutet.;Nous l'avions déjà supposé.;We had already suspected that.
B1;vermuten;supposer;Akkusativ;;;;Präteritum;Sie vermutete einen Fehler im System.;Elle soupçonnait une erreur dans le système.;She suspected an error in the system.
B1;vermuten;supposer;Akkusativ;;;;Konjunktiv II;Ich würde das auch vermuten.;Je le supposerais aussi.;I would suspect that too.
B1;bezweifeln;douter de;Akkusativ;;;;Präsens;Ich bezweifle seine Worte.;Je doute de ses paroles.;I doubt his words.
B1;bezweifeln;douter de;Akkusativ;;;;Perfekt;Er hat das immer bezweifelt.;Il en a toujours douté.;He always doubted that.
B1;bezweifeln;douter de;Akkusativ;;;;Präteritum;Sie bezweifelte seine Worte.;Elle doutait de ses paroles.;She doubted his words.
B1;bezweifeln;douter de;Akkusativ;;;;Konjunktiv II;Ich würde das stark bezweifeln.;J'en douterais fortement.;I would strongly doubt that.
B1;unterstützen;soutenir;Akkusativ;;;;Präsens;Meine Familie unterstützt mich sehr.;Ma famille me soutient beaucoup.;My family supports me a lot.
B1;unterstützen;soutenir;Akkusativ;;;;Perfekt;Sie haben das Projekt finanziell unterstützt.;Ils ont soutenu le projet financièrement.;They supported the project financially.
B1;unterstützen;soutenir;Akkusativ;;;;Präteritum;Er unterstützte seine Kollegen immer.;Il soutenait toujours ses collègues.;He always supported his colleagues.
B1;unterstützen;soutenir;Akkusativ;;;;Konjunktiv II;Ich würde dich gern unterstützen.;J'aimerais bien te soutenir.;I would like to support you.
B1;ablehnen;refuser;Akkusativ;;;;Präsens;Ich lehne das Angebot ab.;Je refuse l'offre.;I'm rejecting the offer.
B1;ablehnen;refuser;Akkusativ;;;;Perfekt;Er hat den Vorschlag abgelehnt.;Il a refusé la proposition.;He rejected the proposal.
B1;ablehnen;refuser;Akkusativ;;;;Präteritum;Sie lehnte die Einladung ab.;Elle a refusé l'invitation.;She declined the invitation.
B1;ablehnen;refuser;Akkusativ;;;;Konjunktiv II;Ich würde das Angebot ablehnen.;Je refuserais l'offre.;I would reject the offer.
B1;akzeptieren;accepter;Akkusativ;;;;Präsens;Ich akzeptiere deine Entscheidung.;J'accepte ta décision.;I accept your decision.
B1;akzeptieren;accepter;Akkusativ;;;;Perfekt;Wir haben die Regeln akzeptiert.;Nous avons accepté les règles.;We accepted the rules.
B1;akzeptieren;accepter;Akkusativ;;;;Präteritum;Er akzeptierte den Kompromiss.;Il a accepté le compromis.;He accepted the compromise.
B1;akzeptieren;accepter;Akkusativ;;;;Konjunktiv II;Ich würde das nicht akzeptieren.;Je n'accepterais pas ça.;I wouldn't accept that.
B1;respektieren;respecter;Akkusativ;;;;Präsens;Ich respektiere deine Meinung.;Je respecte ton avis.;I respect your opinion.
B1;respektieren;respecter;Akkusativ;;;;Perfekt;Sie hat seine Entscheidung respektiert.;Elle a respecté sa décision.;She respected his decision.
B1;respektieren;respecter;Akkusativ;;;;Präteritum;Er respektierte die Regeln immer.;Il respectait toujours les règles.;He always respected the rules.
B1;respektieren;respecter;Akkusativ;;;;Konjunktiv II;Ich würde das respektieren.;Je respecterais ça.;I would respect that.
B1;sich einigen;se mettre d'accord;;auf + Akkusativ;;oui;Präsens;Wir einigen uns auf einen Preis.;Nous nous mettons d'accord sur un prix.;We're agreeing on a price.
B1;sich einigen;se mettre d'accord;;auf + Akkusativ;;oui;Perfekt;Sie haben sich auf einen Preis geeinigt.;Ils se sont mis d'accord sur un prix.;They agreed on a price.
B1;sich einigen;se mettre d'accord;;auf + Akkusativ;;oui;Präteritum;Wir einigten uns auf einen Termin.;Nous nous sommes mis d'accord sur une date.;We agreed on a date.
B1;sich einigen;se mettre d'accord;;auf + Akkusativ;;oui;Konjunktiv II;Wir würden uns bestimmt auf einen Preis einigen.;Nous nous mettrions certainement d'accord sur un prix.;We would certainly agree on a price.
B1;verhandeln;négocier;;über + Akkusativ;;;Präsens;Wir verhandeln über den Preis.;Nous négocions le prix.;We're negotiating the price.
B1;verhandeln;négocier;;über + Akkusativ;;;Perfekt;Sie haben lange über den Preis verhandelt.;Ils ont longtemps négocié le prix.;They negotiated the price for a long time.
B1;verhandeln;négocier;;über + Akkusativ;;;Präteritum;Er verhandelte geschickt über den Preis.;Il a négocié habilement le prix.;He negotiated the price skillfully.
B1;verhandeln;négocier;;über + Akkusativ;;;Konjunktiv II;Ich würde noch über den Preis verhandeln.;Je négocierais encore le prix.;I would still negotiate the price.
B1;sich auseinandersetzen;se confronter à, examiner (mit);;mit + Dativ;;oui;Präsens;Ich setze mich mit dem Thema auseinander.;Je me penche sur le sujet.;I'm engaging with the topic.
B1;sich auseinandersetzen;se confronter à, examiner (mit);;mit + Dativ;;oui;Perfekt;Wir haben uns intensiv damit auseinandergesetzt.;Nous nous y sommes penchés en profondeur.;We engaged with it intensively.
B1;sich auseinandersetzen;se confronter à, examiner (mit);;mit + Dativ;;oui;Präteritum;Sie setzte sich kritisch mit dem Buch auseinander.;Elle a examiné le livre d'un œil critique.;She engaged critically with the book.
B1;sich auseinandersetzen;se confronter à, examiner (mit);;mit + Dativ;;oui;Konjunktiv II;Ich würde mich damit gern auseinandersetzen.;J'aimerais bien me pencher là-dessus.;I would like to engage with that.
B1;sich widmen;se consacrer;Dativ;;;oui;Präsens;Ich widme mich meiner Arbeit.;Je me consacre à mon travail.;I devote myself to my work.
B1;sich widmen;se consacrer;Dativ;;;oui;Perfekt;Sie hat sich der Kunst gewidmet.;Elle s'est consacrée à l'art.;She devoted herself to art.
B1;sich widmen;se consacrer;Dativ;;;oui;Präteritum;Er widmete sich seiner Familie.;Il se consacrait à sa famille.;He devoted himself to his family.
B1;sich widmen;se consacrer;Dativ;;;oui;Konjunktiv II;Ich würde mich dem Projekt widmen.;Je me consacrerais au projet.;I would devote myself to the project.
B1;teilnehmen;participer (an);;an + Dativ;;;Präsens;Ich nehme an dem Kurs teil.;Je participe au cours.;I'm participating in the course.
B1;teilnehmen;participer (an);;an + Dativ;;;Perfekt;Wir haben am Wettbewerb teilgenommen.;Nous avons participé au concours.;We participated in the competition.
B1;teilnehmen;participer (an);;an + Dativ;;;Präteritum;Sie nahm an der Konferenz teil.;Elle a participé à la conférence.;She participated in the conference.
B1;teilnehmen;participer (an);;an + Dativ;;;Konjunktiv II;Ich würde gern daran teilnehmen.;J'aimerais bien y participer.;I would like to participate in that.
B1;mitteilen;communiquer, informer;Akkusativ+Dativ;;;;Präsens;Ich teile dir das Ergebnis mit.;Je te communique le résultat.;I'm telling you the result.
B1;mitteilen;communiquer, informer;Akkusativ+Dativ;;;;Perfekt;Er hat mir seine Entscheidung mitgeteilt.;Il m'a communiqué sa décision.;He told me his decision.
B1;mitteilen;communiquer, informer;Akkusativ+Dativ;;;;Präteritum;Sie teilte uns die Neuigkeit mit.;Elle nous a annoncé la nouvelle.;She informed us of the news.
B1;mitteilen;communiquer, informer;Akkusativ+Dativ;;;;Konjunktiv II;Ich würde dir das sofort mitteilen.;Je te le communiquerais tout de suite.;I would tell you that right away.
B1;benachrichtigen;avertir, notifier;Akkusativ;;;;Präsens;Ich benachrichtige dich sofort.;Je t'avertis tout de suite.;I'll notify you right away.
B1;benachrichtigen;avertir, notifier;Akkusativ;;;;Perfekt;Sie hat mich rechtzeitig benachrichtigt.;Elle m'a averti à temps.;She notified me in time.
B1;benachrichtigen;avertir, notifier;Akkusativ;;;;Präteritum;Er benachrichtigte die Polizei.;Il a averti la police.;He notified the police.
B1;benachrichtigen;avertir, notifier;Akkusativ;;;;Konjunktiv II;Ich würde dich sofort benachrichtigen.;Je t'avertirais tout de suite.;I would notify you right away.
B1;vorschlagen;proposer;Akkusativ+Dativ;;;;Präsens;Ich schlage dir einen anderen Termin vor.;Je te propose un autre rendez-vous.;I suggest another appointment to you.
B1;vorschlagen;proposer;Akkusativ+Dativ;;;;Perfekt;Sie hat mir eine Lösung vorgeschlagen.;Elle m'a proposé une solution.;She suggested a solution to me.
B1;vorschlagen;proposer;Akkusativ+Dativ;;;;Präteritum;Er schlug ihr ein Treffen vor.;Il lui a proposé une rencontre.;He suggested a meeting to her.
B1;vorschlagen;proposer;Akkusativ+Dativ;;;;Konjunktiv II;Ich würde dir etwas anderes vorschlagen.;Je te proposerais autre chose.;I would suggest something else to you.
B1;zustimmen;être d'accord, approuver;Dativ;;;;Präsens;Ich stimme deinem Vorschlag zu.;J'approuve ta proposition.;I agree with your proposal.
B1;zustimmen;être d'accord, approuver;Dativ;;;;Perfekt;Alle haben dem Plan zugestimmt.;Tout le monde a approuvé le plan.;Everyone agreed to the plan.
B1;zustimmen;être d'accord, approuver;Dativ;;;;Präteritum;Sie stimmte dem Plan zu.;Elle a approuvé le plan.;She agreed to the plan.
B1;zustimmen;être d'accord, approuver;Dativ;;;;Konjunktiv II;Ich würde dem nicht zustimmen.;Je n'approuverais pas ça.;I wouldn't agree to that.
B1;sich entschließen;se décider (de façon réfléchie);;zu + Dativ;;oui;Präsens;Ich entschließe mich zum Umzug.;Je me décide pour le déménagement.;I decide on the move.
B1;sich entschließen;se décider (de façon réfléchie);;zu + Dativ;;oui;Perfekt;Er hat sich zu einem Studium entschlossen.;Il s'est décidé pour des études.;He decided on studying.
B1;sich entschließen;se décider (de façon réfléchie);;zu + Dativ;;oui;Präteritum;Sie entschloss sich zur Reise.;Elle s'est décidée pour le voyage.;She decided on the trip.
B1;sich entschließen;se décider (de façon réfléchie);;zu + Dativ;;oui;Konjunktiv II;Ich würde mich dazu entschließen.;Je me déciderais pour ça.;I would decide on that.
B1;verfügen;disposer de (über);;über + Akkusativ;;;Präsens;Ich verfüge über genug Erfahrung.;Je dispose de suffisamment d'expérience.;I have enough experience.
B1;verfügen;disposer de (über);;über + Akkusativ;;;Perfekt;Sie hat über viel Geduld verfügt.;Elle a fait preuve de beaucoup de patience.;She had a lot of patience.
B1;verfügen;disposer de (über);;über + Akkusativ;;;Präteritum;Er verfügte über gute Kontakte.;Il disposait de bons contacts.;He had good contacts.
B1;verfügen;disposer de (über);;über + Akkusativ;;;Konjunktiv II;Ich würde über mehr Zeit verfügen wollen.;J'aimerais disposer de plus de temps.;I would like to have more time.
B1;beitragen;contribuer à (zu);;zu + Dativ;;;Präsens;Jeder trägt zum Erfolg bei.;Chacun contribue au succès.;Everyone contributes to the success.
B1;beitragen;contribuer à (zu);;zu + Dativ;;;Perfekt;Er hat viel zum Projekt beigetragen.;Il a beaucoup contribué au projet.;He contributed a lot to the project.
B1;beitragen;contribuer à (zu);;zu + Dativ;;;Präteritum;Sie trug wesentlich zum Ergebnis bei.;Elle a largement contribué au résultat.;She contributed significantly to the result.
B1;beitragen;contribuer à (zu);;zu + Dativ;;;Konjunktiv II;Ich würde gern dazu beitragen.;J'aimerais bien y contribuer.;I would like to contribute to that.
B1;sich bemühen;s'efforcer;;um + Akkusativ;;oui;Präsens;Ich bemühe mich um Pünktlichkeit.;Je m'efforce d'être ponctuel.;I try hard to be punctual.
B1;sich bemühen;s'efforcer;;um + Akkusativ;;oui;Perfekt;Er hat sich sehr um Pünktlichkeit bemüht.;Il s'est beaucoup efforcé d'être ponctuel.;He tried hard to be punctual.
B1;sich bemühen;s'efforcer;;um + Akkusativ;;oui;Präteritum;Sie bemühte sich um eine Lösung.;Elle s'efforçait de trouver une solution.;She tried hard to find a solution.
B1;sich bemühen;s'efforcer;;um + Akkusativ;;oui;Konjunktiv II;Ich würde mich mehr um Pünktlichkeit bemühen.;Je m'efforcerais davantage d'être ponctuel.;I would try harder to be punctual.
B1;sich anstrengen;faire des efforts;;;oui;oui;Präsens;Ich strenge mich für die Prüfung an.;Je fais des efforts pour l'examen.;I'm making an effort for the exam.
B1;sich anstrengen;faire des efforts;;;oui;oui;Perfekt;Sie hat sich sehr angestrengt.;Elle a beaucoup fait d'efforts.;She made a great effort.
B1;sich anstrengen;faire des efforts;;;oui;oui;Präteritum;Er strengte sich im Training an.;Il faisait des efforts pendant l'entraînement.;He made an effort during training.
B1;sich anstrengen;faire des efforts;;;oui;oui;Konjunktiv II;Ich würde mich mehr anstrengen.;Je ferais plus d'efforts.;I would make more of an effort.
B1;sich auswirken;avoir un effet sur (auf);;auf + Akkusativ;;oui;Präsens;Das wirkt sich negativ auf die Umwelt aus.;Ça a un effet négatif sur l'environnement.;That has a negative effect on the environment.
B1;sich auswirken;avoir un effet sur (auf);;auf + Akkusativ;;oui;Perfekt;Der Stress hat sich auf seine Gesundheit ausgewirkt.;Le stress a eu un effet sur sa santé.;The stress affected his health.
B1;sich auswirken;avoir un effet sur (auf);;auf + Akkusativ;;oui;Präteritum;Die Krise wirkte sich stark auf die Firma aus.;La crise a eu un fort effet sur l'entreprise.;The crisis had a strong effect on the company.
B1;sich auswirken;avoir un effet sur (auf);;auf + Akkusativ;;oui;Konjunktiv II;Das würde sich positiv auf die Umwelt auswirken.;Cela aurait un effet positif sur l'environnement.;That would have a positive effect on the environment.
B1;ändern;changer (quelque chose);Akkusativ;;;;Präsens;Ich ändere meine Pläne.;Je change mes plans.;I'm changing my plans.
B1;ändern;changer (quelque chose);Akkusativ;;;;Perfekt;Er hat seine Meinung geändert.;Il a changé d'avis.;He changed his mind.
B1;ändern;changer (quelque chose);Akkusativ;;;;Präteritum;Sie änderte den Termin.;Elle a changé la date.;She changed the date.
B1;ändern;changer (quelque chose);Akkusativ;;;;Konjunktiv II;Ich würde das gern ändern.;J'aimerais bien changer ça.;I would like to change that.
B1;sich verhalten;se comporter;;;oui;oui;Präsens;Er verhält sich seltsam.;Il se comporte bizarrement.;He's behaving strangely.
B1;sich verhalten;se comporter;;;oui;oui;Perfekt;Sie hat sich vorbildlich verhalten.;Elle s'est comportée de manière exemplaire.;She behaved exemplarily.
B1;sich verhalten;se comporter;;;oui;oui;Präteritum;Er verhielt sich ruhig.;Il se comportait calmement.;He behaved calmly.
B1;sich verhalten;se comporter;;;oui;oui;Konjunktiv II;Ich würde mich anders verhalten.;Je me comporterais autrement.;I would behave differently.
B1;sich befinden;se trouver;;;oui;oui;Präsens;Das Museum befindet sich im Zentrum.;Le musée se trouve dans le centre.;The museum is located in the center.
B1;sich befinden;se trouver;;;oui;oui;Perfekt;Wir haben uns im Stau befunden.;Nous étions coincés dans les embouteillages.;We were stuck in traffic.
B1;sich befinden;se trouver;;;oui;oui;Präteritum;Das Hotel befand sich am Strand.;L'hôtel se trouvait à la plage.;The hotel was located on the beach.
B1;sich befinden;se trouver;;;oui;oui;Konjunktiv II;Ich würde mich lieber zu Hause befinden.;Je préférerais me trouver chez moi.;I would rather be at home.
B1;empfinden;ressentir (un sentiment);Akkusativ;;;;Präsens;Ich empfinde große Freude.;Je ressens une grande joie.;I feel great joy.
B1;empfinden;ressentir (un sentiment);Akkusativ;;;;Perfekt;Sie hat tiefe Trauer empfunden.;Elle a ressenti une profonde tristesse.;She felt deep sadness.
B1;empfinden;ressentir (un sentiment);Akkusativ;;;;Präteritum;Er empfand keine Angst.;Il ne ressentait aucune peur.;He felt no fear.
B1;empfinden;ressentir (un sentiment);Akkusativ;;;;Konjunktiv II;Ich würde das genauso empfinden.;Je ressentirais la même chose.;I would feel the same way.
B1;sich äußern;s'exprimer;;zu + Dativ;;oui;Präsens;Ich äußere mich dazu nicht.;Je ne m'exprime pas là-dessus.;I won't comment on that.
B1;sich äußern;s'exprimer;;zu + Dativ;;oui;Perfekt;Er hat sich kritisch zu dem Vorschlag geäußert.;Il s'est exprimé de façon critique sur la proposition.;He commented critically on the proposal.
B1;sich äußern;s'exprimer;;zu + Dativ;;oui;Präteritum;Sie äußerte sich positiv zu dem Projekt.;Elle s'est exprimée positivement sur le projet.;She commented positively on the project.
B1;sich äußern;s'exprimer;;zu + Dativ;;oui;Konjunktiv II;Ich würde mich dazu nicht äußern.;Je ne m'exprimerais pas là-dessus.;I wouldn't comment on that.
B1;verzeihen;pardonner;Dativ;;;;Präsens;Ich verzeihe dir.;Je te pardonne.;I forgive you.
B1;verzeihen;pardonner;Dativ;;;;Perfekt;Sie hat ihm alles verziehen.;Elle lui a tout pardonné.;She forgave him everything.
B1;verzeihen;pardonner;Dativ;;;;Präteritum;Er verzieh ihr den Fehler.;Il lui pardonnait l'erreur.;He forgave her the mistake.
B1;verzeihen;pardonner;Dativ;;;;Konjunktiv II;Ich würde dir das verzeihen.;Je te pardonnerais ça.;I would forgive you for that.
B1;andeuten;suggérer, laisser entendre;Akkusativ;;;;Präsens;Er deutet ein Problem an.;Il laisse entendre un problème.;He's hinting at a problem.
B1;andeuten;suggérer, laisser entendre;Akkusativ;;;;Perfekt;Sie hat es nur angedeutet.;Elle l'a seulement suggéré.;She only hinted at it.
B1;andeuten;suggérer, laisser entendre;Akkusativ;;;;Präteritum;Er deutete seine Absicht an.;Il laissait entendre son intention.;He hinted at his intention.
B1;andeuten;suggérer, laisser entendre;Akkusativ;;;;Konjunktiv II;Ich würde das nur andeuten.;Je ne ferais que le suggérer.;I would only hint at that.
B1;vertrauen;faire confiance;Dativ;;;;Präsens;Ich vertraue dir völlig.;Je te fais entièrement confiance.;I trust you completely.
B1;vertrauen;faire confiance;Dativ;;;;Perfekt;Sie hat ihm immer vertraut.;Elle lui a toujours fait confiance.;She always trusted him.
B1;vertrauen;faire confiance;Dativ;;;;Präteritum;Er vertraute seinem Gefühl.;Il faisait confiance à son instinct.;He trusted his instinct.
B1;vertrauen;faire confiance;Dativ;;;;Konjunktiv II;Ich würde ihm nicht vertrauen.;Je ne lui ferais pas confiance.;I wouldn't trust him.
B1;misstrauen;se méfier;Dativ;;;;Präsens;Ich misstraue diesem Angebot.;Je me méfie de cette offre.;I distrust this offer.
B1;misstrauen;se méfier;Dativ;;;;Perfekt;Er hat ihr von Anfang an misstraut.;Il s'est méfié d'elle dès le début.;He distrusted her from the beginning.
B1;misstrauen;se méfier;Dativ;;;;Präteritum;Sie misstraute den Zahlen.;Elle se méfiait des chiffres.;She distrusted the figures.
B1;misstrauen;se méfier;Dativ;;;;Konjunktiv II;Ich würde dem misstrauen.;Je m'en méfierais.;I would distrust that.
B1;sich sorgen;s'inquiéter (um);;um + Akkusativ;;oui;Präsens;Ich sorge mich um deine Gesundheit.;Je m'inquiète pour ta santé.;I worry about your health.
B1;sich sorgen;s'inquiéter (um);;um + Akkusativ;;oui;Perfekt;Ich habe mich sehr um dich gesorgt.;Je me suis beaucoup inquiété pour toi.;I worried a lot about you.
B1;sich sorgen;s'inquiéter (um);;um + Akkusativ;;oui;Präteritum;Er sorgte sich um seine Familie.;Il s'inquiétait pour sa famille.;He worried about his family.
B1;sich sorgen;s'inquiéter (um);;um + Akkusativ;;oui;Konjunktiv II;Ich würde mich darum sorgen.;Je m'en inquiéterais.;I would worry about that.
B1;sich beschäftigen;s'occuper de (mit);;mit + Dativ;;oui;Präsens;Ich beschäftige mich mit dem Thema.;Je m'occupe du sujet.;I'm dealing with the topic.
B1;sich beschäftigen;s'occuper de (mit);;mit + Dativ;;oui;Perfekt;Er hat sich lange damit beschäftigt.;Il s'en est occupé longtemps.;He dealt with it for a long time.
B1;sich beschäftigen;s'occuper de (mit);;mit + Dativ;;oui;Präteritum;Sie beschäftigte sich mit Musik.;Elle s'occupait de musique.;She occupied herself with music.
B1;sich beschäftigen;s'occuper de (mit);;mit + Dativ;;oui;Konjunktiv II;Ich würde mich gern damit beschäftigen.;J'aimerais bien m'en occuper.;I would like to deal with that.
B1;verhindern;empêcher;Akkusativ;;;;Präsens;Ich verhindere das Schlimmste.;J'empêche le pire.;I'm preventing the worst.
B1;verhindern;empêcher;Akkusativ;;;;Perfekt;Sie hat den Unfall verhindert.;Elle a empêché l'accident.;She prevented the accident.
B1;verhindern;empêcher;Akkusativ;;;;Präteritum;Er verhinderte die Katastrophe.;Il a empêché la catastrophe.;He prevented the catastrophe.
B1;verhindern;empêcher;Akkusativ;;;;Konjunktiv II;Ich würde das verhindern.;J'empêcherais ça.;I would prevent that.
B1;ermitteln;déterminer, enquêter;Akkusativ;;;;Präsens;Die Polizei ermittelt die Ursache.;La police détermine la cause.;The police determine the cause.
B1;ermitteln;déterminer, enquêter;Akkusativ;;;;Perfekt;Sie haben die Ursache ermittelt.;Ils ont déterminé la cause.;They determined the cause.
B1;ermitteln;déterminer, enquêter;Akkusativ;;;;Präteritum;Er ermittelte die genaue Zahl.;Il a déterminé le chiffre exact.;He determined the exact number.
B1;ermitteln;déterminer, enquêter;Akkusativ;;;;Konjunktiv II;Ich würde die Ursache weiter ermitteln.;Je continuerais à déterminer la cause.;I would continue determining the cause.
B1;überwinden;surmonter;Akkusativ;;;;Präsens;Ich überwinde meine Angst.;Je surmonte ma peur.;I'm overcoming my fear.
B1;überwinden;surmonter;Akkusativ;;;;Perfekt;Er hat die Krise überwunden.;Il a surmonté la crise.;He overcame the crisis.
B1;überwinden;surmonter;Akkusativ;;;;Präteritum;Sie überwand alle Hindernisse.;Elle a surmonté tous les obstacles.;She overcame all obstacles.
B1;überwinden;surmonter;Akkusativ;;;;Konjunktiv II;Ich würde das überwinden.;Je surmonterais ça.;I would overcome that.
B1;sich anpassen;s'adapter (an);;an + Akkusativ;;oui;Präsens;Ich passe mich schnell an die Situation an.;Je m'adapte rapidement à la situation.;I quickly adapt to the situation.
B1;sich anpassen;s'adapter (an);;an + Akkusativ;;oui;Perfekt;Sie hat sich gut an die Situation angepasst.;Elle s'est bien adaptée à la situation.;She adapted well to the situation.
B1;sich anpassen;s'adapter (an);;an + Akkusativ;;oui;Präteritum;Er passte sich an die neue Situation an.;Il s'est adapté à la nouvelle situation.;He adapted to the new situation.
B1;sich anpassen;s'adapter (an);;an + Akkusativ;;oui;Konjunktiv II;Ich würde mich schnell an die Situation anpassen.;Je m'adapterais rapidement à la situation.;I would quickly adapt to the situation.
B1;sich verlassen;compter sur (auf);;auf + Akkusativ;;oui;Präsens;Ich verlasse mich auf dich.;Je compte sur toi.;I rely on you.
B1;sich verlassen;compter sur (auf);;auf + Akkusativ;;oui;Perfekt;Wir haben uns auf ihn verlassen.;Nous avons compté sur lui.;We relied on him.
B1;sich verlassen;compter sur (auf);;auf + Akkusativ;;oui;Präteritum;Sie verließ sich auf ihr Gefühl.;Elle comptait sur son instinct.;She relied on her instinct.
B1;sich verlassen;compter sur (auf);;auf + Akkusativ;;oui;Konjunktiv II;Ich würde mich darauf verlassen.;Je compterais là-dessus.;I would rely on that.
B1;abschließen;conclure, terminer;Akkusativ;;;;Präsens;Ich schließe das Studium bald ab.;Je termine bientôt mes études.;I'm finishing my studies soon.
B1;abschließen;conclure, terminer;Akkusativ;;;;Perfekt;Er hat den Vertrag abgeschlossen.;Il a conclu le contrat.;He concluded the contract.
B1;abschließen;conclure, terminer;Akkusativ;;;;Präteritum;Sie schloss das Projekt erfolgreich ab.;Elle a terminé le projet avec succès.;She successfully completed the project.
B1;abschließen;conclure, terminer;Akkusativ;;;;Konjunktiv II;Ich würde das schnell abschließen.;Je terminerais ça rapidement.;I would finish that quickly.
B1;zusammenfassen;résumer;Akkusativ;;;;Präsens;Ich fasse den Text kurz zusammen.;Je résume brièvement le texte.;I'm briefly summarizing the text.
B1;zusammenfassen;résumer;Akkusativ;;;;Perfekt;Er hat die Ergebnisse zusammengefasst.;Il a résumé les résultats.;He summarized the results.
B1;zusammenfassen;résumer;Akkusativ;;;;Präteritum;Sie fasste die Diskussion zusammen.;Elle a résumé la discussion.;She summarized the discussion.
B1;zusammenfassen;résumer;Akkusativ;;;;Konjunktiv II;Ich würde das kurz zusammenfassen.;Je résumerais ça brièvement.;I would summarize that briefly.
B1;sich erholen;se remettre, récupérer;;von + Dativ;;oui;Präsens;Ich erhole mich am Wochenende.;Je récupère le week-end.;I recover on the weekend.
B1;sich erholen;se remettre, récupérer;;von + Dativ;;oui;Perfekt;Er hat sich schnell erholt.;Il s'est vite remis.;He recovered quickly.
B1;sich erholen;se remettre, récupérer;;von + Dativ;;oui;Präteritum;Sie erholte sich langsam von der Krankheit.;Elle se remettait lentement de la maladie.;She recovered slowly from the illness.
B1;sich erholen;se remettre, récupérer;;von + Dativ;;oui;Konjunktiv II;Ich würde mich gern erholen.;J'aimerais bien récupérer.;I would like to recover.
B1;sich irren;se tromper;;in + Dativ;;oui;Präsens;Ich irre mich selten.;Je me trompe rarement.;I'm rarely mistaken.
B1;sich irren;se tromper;;in + Dativ;;oui;Perfekt;Er hat sich diesmal geirrt.;Il s'est trompé cette fois.;He was mistaken this time.
B1;sich irren;se tromper;;in + Dativ;;oui;Präteritum;Sie irrte sich im Datum.;Elle se trompait de date.;She was mistaken about the date.
B1;sich irren;se tromper;;in + Dativ;;oui;Konjunktiv II;Ich würde mich nicht irren.;Je ne me tromperais pas.;I wouldn't be mistaken.
B1;sich engagieren;s'engager;;für + Akkusativ;;oui;Präsens;Ich engagiere mich für den Umweltschutz.;Je m'engage pour la protection de l'environnement.;I'm involved in environmental protection.
B1;sich engagieren;s'engager;;für + Akkusativ;;oui;Perfekt;Sie hat sich für den Umweltschutz engagiert.;Elle s'est engagée pour la protection de l'environnement.;She got involved in environmental protection.
B1;sich engagieren;s'engager;;für + Akkusativ;;oui;Präteritum;Er engagierte sich für die Gemeinde.;Il s'est engagé pour la communauté.;He got involved for the community.
B1;sich engagieren;s'engager;;für + Akkusativ;;oui;Konjunktiv II;Ich würde mich dafür engagieren.;Je m'engagerais pour ça.;I would get involved in that.
B1;sich orientieren;s'orienter;;an + Dativ;;oui;Präsens;Ich orientiere mich an der Karte.;Je m'oriente avec la carte.;I orient myself with the map.
B1;sich orientieren;s'orienter;;an + Dativ;;oui;Perfekt;Wir haben uns an der Karte orientiert.;Nous nous sommes orientés avec la carte.;We oriented ourselves using the map.
B1;sich orientieren;s'orienter;;an + Dativ;;oui;Präteritum;Er orientierte sich an seinen Vorbildern.;Il s'orientait d'après ses modèles.;He took his role models as a guide.
B1;sich orientieren;s'orienter;;an + Dativ;;oui;Konjunktiv II;Ich würde mich daran orientieren.;Je m'orienterais là-dessus.;I would go by that.
B1;verschmutzen;polluer;Akkusativ;;;;Präsens;Die Fabrik verschmutzt den Fluss.;L'usine pollue la rivière.;The factory pollutes the river.
B1;verschmutzen;polluer;Akkusativ;;;;Perfekt;Das Öl hat das Wasser verschmutzt.;Le pétrole a pollué l'eau.;The oil polluted the water.
B1;verschmutzen;polluer;Akkusativ;;;;Präteritum;Die Autos verschmutzten die Luft.;Les voitures polluaient l'air.;The cars polluted the air.
B1;verschmutzen;polluer;Akkusativ;;;;Konjunktiv II;Das würde die Umwelt verschmutzen.;Ça polluerait l'environnement.;That would pollute the environment.
B1;recyceln;recycler;Akkusativ;;;;Präsens;Wir recyceln unseren Müll.;Nous recyclons nos déchets.;We recycle our trash.
B1;recyceln;recycler;Akkusativ;;;;Perfekt;Ich habe die Flaschen recycelt.;J'ai recyclé les bouteilles.;I recycled the bottles.
B1;recyceln;recycler;Akkusativ;;;;Präteritum;Sie recycelten das Papier.;Ils recyclaient le papier.;They recycled the paper.
B1;recyceln;recycler;Akkusativ;;;;Konjunktiv II;Ich würde das recyceln.;Je recyclerais ça.;I would recycle that.
B1;verbrauchen;consommer;Akkusativ;;;;Präsens;Das Auto verbraucht viel Benzin.;La voiture consomme beaucoup d'essence.;The car uses a lot of gas.
B1;verbrauchen;consommer;Akkusativ;;;;Perfekt;Wir haben zu viel Strom verbraucht.;Nous avons consommé trop d'électricité.;We consumed too much electricity.
B1;verbrauchen;consommer;Akkusativ;;;;Präteritum;Die Maschine verbrauchte viel Energie.;La machine consommait beaucoup d'énergie.;The machine consumed a lot of energy.
B1;verbrauchen;consommer;Akkusativ;;;;Konjunktiv II;Das würde weniger Energie verbrauchen.;Ça consommerait moins d'énergie.;That would consume less energy.
B1;erzeugen;produire, générer;Akkusativ;;;;Präsens;Die Anlage erzeugt Strom.;L'installation produit de l'électricité.;The plant generates electricity.
B1;erzeugen;produire, générer;Akkusativ;;;;Perfekt;Das hat großes Interesse erzeugt.;Ça a suscité un grand intérêt.;That generated great interest.
B1;erzeugen;produire, générer;Akkusativ;;;;Präteritum;Die Fabrik erzeugte Wärme.;L'usine produisait de la chaleur.;The factory generated heat.
B1;erzeugen;produire, générer;Akkusativ;;;;Konjunktiv II;Das würde Verwirrung erzeugen.;Ça créerait de la confusion.;That would create confusion.
B1;vermarkten;commercialiser;Akkusativ;;;;Präsens;Die Firma vermarktet das neue Produkt.;L'entreprise commercialise le nouveau produit.;The company is marketing the new product.
B1;vermarkten;commercialiser;Akkusativ;;;;Perfekt;Sie haben die Idee gut vermarktet.;Ils ont bien commercialisé l'idée.;They marketed the idea well.
B1;vermarkten;commercialiser;Akkusativ;;;;Präteritum;Er vermarktete sein Buch selbst.;Il commercialisait lui-même son livre.;He marketed his book himself.
B1;vermarkten;commercialiser;Akkusativ;;;;Konjunktiv II;Ich würde das anders vermarkten.;Je le commercialiserais autrement.;I would market that differently.
B1;produzieren;produire;Akkusativ;;;;Präsens;Die Firma produziert Autos.;L'entreprise produit des voitures.;The company produces cars.
B1;produzieren;produire;Akkusativ;;;;Perfekt;Wir haben tausend Stück produziert.;Nous avons produit mille pièces.;We produced a thousand units.
B1;produzieren;produire;Akkusativ;;;;Präteritum;Sie produzierten weniger als geplant.;Ils produisaient moins que prévu.;They produced less than planned.
B1;produzieren;produire;Akkusativ;;;;Konjunktiv II;Wir würden mehr produzieren.;Nous produirions davantage.;We would produce more.
B1;liefern;livrer;Akkusativ+Dativ;;;;Präsens;Der Laden liefert mir die Ware.;Le magasin me livre la marchandise.;The store delivers the goods to me.
B1;liefern;livrer;Akkusativ+Dativ;;;;Perfekt;Sie haben mir die Ware pünktlich geliefert.;Ils m'ont livré la marchandise à temps.;They delivered the goods to me on time.
B1;liefern;livrer;Akkusativ+Dativ;;;;Präteritum;Er lieferte ihr das Paket persönlich.;Il lui a livré le colis en personne.;He personally delivered the package to her.
B1;liefern;livrer;Akkusativ+Dativ;;;;Konjunktiv II;Ich würde dir das gern liefern.;Je te le livrerais volontiers.;I would gladly deliver that to you.
B1;exportieren;exporter;Akkusativ;;;;Präsens;Deutschland exportiert viele Maschinen.;L'Allemagne exporte beaucoup de machines.;Germany exports many machines.
B1;exportieren;exporter;Akkusativ;;;;Perfekt;Wir haben Maschinen nach Asien exportiert.;Nous avons exporté des machines en Asie.;We exported machines to Asia.
B1;exportieren;exporter;Akkusativ;;;;Präteritum;Die Firma exportierte Wein.;L'entreprise exportait du vin.;The company exported wine.
B1;exportieren;exporter;Akkusativ;;;;Konjunktiv II;Wir würden gern mehr Maschinen exportieren.;Nous aimerions exporter plus de machines.;We would like to export more machines.
B1;importieren;importer;Akkusativ;;;;Präsens;Wir importieren Kaffee aus Brasilien.;Nous importons du café du Brésil.;We import coffee from Brazil.
B1;importieren;importer;Akkusativ;;;;Perfekt;Sie haben viel Obst importiert.;Ils ont importé beaucoup de fruits.;They imported a lot of fruit.
B1;importieren;importer;Akkusativ;;;;Präteritum;Das Land importierte Öl.;Le pays importait du pétrole.;The country imported oil.
B1;importieren;importer;Akkusativ;;;;Konjunktiv II;Wir würden das nicht importieren.;Nous n'importerions pas ça.;We wouldn't import that.
B1;konsumieren;consommer;Akkusativ;;;;Präsens;Wir konsumieren zu viel Zucker.;Nous consommons trop de sucre.;We consume too much sugar.
B1;konsumieren;consommer;Akkusativ;;;;Perfekt;Er hat kaum Fleisch konsumiert.;Il a à peine consommé de viande.;He hardly consumed any meat.
B1;konsumieren;consommer;Akkusativ;;;;Präteritum;Sie konsumierten wenig Medien.;Ils consommaient peu de médias.;They consumed little media.
B1;konsumieren;consommer;Akkusativ;;;;Konjunktiv II;Ich würde das nicht konsumieren.;Je ne consommerais pas ça.;I wouldn't consume that.
B1;finanzieren;financer;Akkusativ;;;;Präsens;Die Bank finanziert das Projekt.;La banque finance le projet.;The bank finances the project.
B1;finanzieren;financer;Akkusativ;;;;Perfekt;Meine Eltern haben das Studium finanziert.;Mes parents ont financé les études.;My parents financed the studies.
B1;finanzieren;financer;Akkusativ;;;;Präteritum;Der Staat finanzierte die Schule.;L'État finançait l'école.;The state financed the school.
B1;finanzieren;financer;Akkusativ;;;;Konjunktiv II;Ich würde das gern finanzieren.;J'aimerais bien financer ça.;I would like to finance that.
B1;sich verschulden;s'endetter;;bei + Dativ;;oui;Präsens;Viele Studenten verschulden sich bei der Bank.;Beaucoup d'étudiants s'endettent auprès de la banque.;Many students go into debt with the bank.
B1;sich verschulden;s'endetter;;bei + Dativ;;oui;Perfekt;Er hat sich stark verschuldet.;Il s'est fortement endetté.;He got heavily into debt.
B1;sich verschulden;s'endetter;;bei + Dativ;;oui;Präteritum;Sie verschuldete sich für das Haus.;Elle s'endettait pour la maison.;She got into debt for the house.
B1;sich verschulden;s'endetter;;bei + Dativ;;oui;Konjunktiv II;Ich würde mich nicht verschulden.;Je ne m'endetterais pas.;I wouldn't get into debt.
B1;anlegen;investir, placer (de l'argent);Akkusativ;;;;Präsens;Ich lege mein Geld in Aktien an.;Je place mon argent en actions.;I invest my money in stocks.
B1;anlegen;investir, placer (de l'argent);Akkusativ;;;;Perfekt;Sie hat ihr Erspartes gut angelegt.;Elle a bien placé ses économies.;She invested her savings well.
B1;anlegen;investir, placer (de l'argent);Akkusativ;;;;Präteritum;Er legte sein Geld sicher an.;Il plaçait son argent de façon sûre.;He invested his money safely.
B1;anlegen;investir, placer (de l'argent);Akkusativ;;;;Konjunktiv II;Ich würde das Geld anders anlegen.;Je placerais l'argent autrement.;I would invest the money differently.
B1;verwalten;gérer;Akkusativ;;;;Präsens;Er verwaltet das Budget.;Il gère le budget.;He manages the budget.
B1;verwalten;gérer;Akkusativ;;;;Perfekt;Sie hat die Firma gut verwaltet.;Elle a bien géré l'entreprise.;She managed the company well.
B1;verwalten;gérer;Akkusativ;;;;Präteritum;Er verwaltete das Vermögen der Familie.;Il gérait le patrimoine de la famille.;He managed the family's assets.
B1;verwalten;gérer;Akkusativ;;;;Konjunktiv II;Ich würde das Geld verwalten.;Je gérerais l'argent.;I would manage the money.
B1;beaufsichtigen;superviser;Akkusativ;;;;Präsens;Sie beaufsichtigt die Kinder im Pool.;Elle surveille les enfants à la piscine.;She supervises the children in the pool.
B1;beaufsichtigen;superviser;Akkusativ;;;;Perfekt;Er hat die Bauarbeiten beaufsichtigt.;Il a supervisé les travaux.;He supervised the construction work.
B1;beaufsichtigen;superviser;Akkusativ;;;;Präteritum;Sie beaufsichtigte die Prüfung.;Elle surveillait l'examen.;She supervised the exam.
B1;beaufsichtigen;superviser;Akkusativ;;;;Konjunktiv II;Ich würde das beaufsichtigen.;Je superviserais ça.;I would supervise that.
B1;delegieren;déléguer;Akkusativ;;;;Präsens;Der Chef delegiert Aufgaben.;Le patron délègue des tâches.;The boss delegates tasks.
B1;delegieren;déléguer;Akkusativ;;;;Perfekt;Sie hat die Arbeit delegiert.;Elle a délégué le travail.;She delegated the work.
B1;delegieren;déléguer;Akkusativ;;;;Präteritum;Er delegierte viel Verantwortung.;Il déléguait beaucoup de responsabilité.;He delegated a lot of responsibility.
B1;delegieren;déléguer;Akkusativ;;;;Konjunktiv II;Ich würde das delegieren.;Je déléguerais ça.;I would delegate that.
B1;koordinieren;coordonner;Akkusativ;;;;Präsens;Sie koordiniert das Team.;Elle coordonne l'équipe.;She coordinates the team.
B1;koordinieren;coordonner;Akkusativ;;;;Perfekt;Wir haben das Projekt gut koordiniert.;Nous avons bien coordonné le projet.;We coordinated the project well.
B1;koordinieren;coordonner;Akkusativ;;;;Präteritum;Er koordinierte die Termine.;Il coordonnait les rendez-vous.;He coordinated the appointments.
B1;koordinieren;coordonner;Akkusativ;;;;Konjunktiv II;Ich würde das besser koordinieren.;Je coordonnerais ça mieux.;I would coordinate that better.
B1;durchführen;réaliser, mettre en œuvre;Akkusativ;;;;Präsens;Wir führen eine Umfrage durch.;Nous réalisons une enquête.;We're carrying out a survey.
B1;durchführen;réaliser, mettre en œuvre;Akkusativ;;;;Perfekt;Sie haben die Studie durchgeführt.;Ils ont réalisé l'étude.;They carried out the study.
B1;durchführen;réaliser, mettre en œuvre;Akkusativ;;;;Präteritum;Er führte das Experiment durch.;Il a réalisé l'expérience.;He carried out the experiment.
B1;durchführen;réaliser, mettre en œuvre;Akkusativ;;;;Konjunktiv II;Ich würde das gern durchführen.;J'aimerais bien mener ça à bien.;I would like to carry that out.
B1;umsetzen;mettre en œuvre;Akkusativ;;;;Präsens;Wir setzen die Idee um.;Nous mettons l'idée en œuvre.;We're implementing the idea.
B1;umsetzen;mettre en œuvre;Akkusativ;;;;Perfekt;Sie haben den Plan umgesetzt.;Ils ont mis en œuvre le plan.;They implemented the plan.
B1;umsetzen;mettre en œuvre;Akkusativ;;;;Präteritum;Er setzte die Reform um.;Il mettait en œuvre la réforme.;He implemented the reform.
B1;umsetzen;mettre en œuvre;Akkusativ;;;;Konjunktiv II;Ich würde das sofort umsetzen.;Je le mettrais en œuvre tout de suite.;I would implement that right away.
B1;verwirklichen;concrétiser, réaliser (un rêve, un projet);Akkusativ;;;;Präsens;Ich verwirkliche meinen Traum.;Je réalise mon rêve.;I'm making my dream come true.
B1;verwirklichen;concrétiser, réaliser (un rêve, un projet);Akkusativ;;;;Perfekt;Sie hat ihr Ziel verwirklicht.;Elle a réalisé son objectif.;She realized her goal.
B1;verwirklichen;concrétiser, réaliser (un rêve, un projet);Akkusativ;;;;Präteritum;Er verwirklichte seinen Plan.;Il a réalisé son plan.;He carried out his plan.
B1;verwirklichen;concrétiser, réaliser (un rêve, un projet);Akkusativ;;;;Konjunktiv II;Ich würde das gern verwirklichen.;J'aimerais bien concrétiser ça.;I would like to make that happen.
B1;scheitern;échouer;;an + Dativ;;;Präsens;Das Projekt scheitert oft an Geldmangel.;Le projet échoue souvent par manque d'argent.;The project often fails due to lack of money.
B1;scheitern;échouer;;an + Dativ;;;Perfekt;Der Plan ist an Geldmangel gescheitert.;Le plan a échoué faute d'argent.;The plan failed due to lack of money.
B1;scheitern;échouer;;an + Dativ;;;Präteritum;Die Verhandlung scheiterte an den Kosten.;La négociation a échoué à cause des coûts.;The negotiation failed due to the costs.
B1;scheitern;échouer;;an + Dativ;;;Konjunktiv II;Das würde bestimmt an den Kosten scheitern.;Cela échouerait certainement à cause des coûts.;That would surely fail due to the costs.
B1;versagen;échouer, faillir;;;oui;;Präsens;Die Bremsen versagen manchmal.;Les freins lâchent parfois.;The brakes sometimes fail.
B1;versagen;échouer, faillir;;;oui;;Perfekt;Er hat unter Druck versagt.;Il a failli sous la pression.;He failed under pressure.
B1;versagen;échouer, faillir;;;oui;;Präteritum;Die Technik versagte plötzlich.;La technique a lâché soudainement.;The technology suddenly failed.
B1;versagen;échouer, faillir;;;oui;;Konjunktiv II;Ich würde nicht versagen.;Je n'échouerais pas.;I wouldn't fail.
B1;bewältigen;surmonter, gérer (une tâche);Akkusativ;;;;Präsens;Ich bewältige den Stress gut.;Je gère bien le stress.;I cope well with stress.
B1;bewältigen;surmonter, gérer (une tâche);Akkusativ;;;;Perfekt;Sie hat die Krise bewältigt.;Elle a surmonté la crise.;She overcame the crisis.
B1;bewältigen;surmonter, gérer (une tâche);Akkusativ;;;;Präteritum;Er bewältigte die Aufgabe allein.;Il gérait la tâche seul.;He managed the task alone.
B1;bewältigen;surmonter, gérer (une tâche);Akkusativ;;;;Konjunktiv II;Ich würde das gut bewältigen.;Je gérerais bien ça.;I would manage that well.
B1;beheben;résoudre (un problème);Akkusativ;;;;Präsens;Der Techniker behebt den Fehler.;Le technicien résout l'erreur.;The technician fixes the error.
B1;beheben;résoudre (un problème);Akkusativ;;;;Perfekt;Wir haben das Problem behoben.;Nous avons résolu le problème.;We fixed the problem.
B1;beheben;résoudre (un problème);Akkusativ;;;;Präteritum;Sie behob den Schaden schnell.;Elle résolvait rapidement le dommage.;She fixed the damage quickly.
B1;beheben;résoudre (un problème);Akkusativ;;;;Konjunktiv II;Ich würde das sofort beheben.;Je résoudrais ça tout de suite.;I would fix that right away.
B1;verursachen;causer;Akkusativ;;;;Präsens;Der Stau verursacht Verspätungen.;Le bouchon cause des retards.;The traffic jam causes delays.
B1;verursachen;causer;Akkusativ;;;;Perfekt;Der Unfall hat großen Schaden verursacht.;L'accident a causé de gros dégâts.;The accident caused great damage.
B1;verursachen;causer;Akkusativ;;;;Präteritum;Der Sturm verursachte Schäden.;La tempête causait des dégâts.;The storm caused damage.
B1;verursachen;causer;Akkusativ;;;;Konjunktiv II;Das würde Probleme verursachen.;Ça causerait des problèmes.;That would cause problems.
B1;auslösen;déclencher;Akkusativ;;;;Präsens;Der Rauch löst den Alarm aus.;La fumée déclenche l'alarme.;The smoke triggers the alarm.
B1;auslösen;déclencher;Akkusativ;;;;Perfekt;Die Nachricht hat Panik ausgelöst.;La nouvelle a déclenché la panique.;The news triggered panic.
B1;auslösen;déclencher;Akkusativ;;;;Präteritum;Der Vorfall löste eine Debatte aus.;L'incident déclenchait un débat.;The incident triggered a debate.
B1;auslösen;déclencher;Akkusativ;;;;Konjunktiv II;Das würde eine Krise auslösen.;Ça déclencherait une crise.;That would trigger a crisis.
B1;hervorrufen;provoquer;Akkusativ;;;;Präsens;Der Film ruft starke Gefühle hervor.;Le film provoque de fortes émotions.;The movie evokes strong feelings.
B1;hervorrufen;provoquer;Akkusativ;;;;Perfekt;Das hat große Aufregung hervorgerufen.;Ça a provoqué une grande agitation.;That caused great excitement.
B1;hervorrufen;provoquer;Akkusativ;;;;Präteritum;Die Rede rief Kritik hervor.;Le discours provoquait des critiques.;The speech provoked criticism.
B1;hervorrufen;provoquer;Akkusativ;;;;Konjunktiv II;Das würde Verwirrung hervorrufen.;Ça provoquerait de la confusion.;That would cause confusion.
B1;resultieren;résulter (aus);;aus + Dativ;;;Präsens;Der Erfolg resultiert aus harter Arbeit.;Le succès résulte d'un travail acharné.;Success results from hard work.
B1;resultieren;résulter (aus);;aus + Dativ;;;Perfekt;Das Problem hat aus einem Missverständnis resultiert.;Le problème résultait d'un malentendu.;The problem resulted from a misunderstanding.
B1;resultieren;résulter (aus);;aus + Dativ;;;Präteritum;Der Fehler resultierte aus Zeitdruck.;L'erreur résultait de la pression du temps.;The mistake resulted from time pressure.
B1;resultieren;résulter (aus);;aus + Dativ;;;Konjunktiv II;Das würde daraus resultieren.;Ça en résulterait.;That would result from it.
B1;führen;mener à, conduire (zu);;zu + Dativ;;;Präsens;Der Weg führt zum Bahnhof.;Le chemin mène à la gare.;The path leads to the station.
B1;führen;mener à, conduire (zu);;zu + Dativ;;;Perfekt;Das hat zu einem Streit geführt.;Ça a mené à une dispute.;That led to an argument.
B1;führen;mener à, conduire (zu);;zu + Dativ;;;Präteritum;Die Entscheidung führte zu Problemen.;La décision menait à des problèmes.;The decision led to problems.
B1;führen;mener à, conduire (zu);;zu + Dativ;;;Konjunktiv II;Das würde zu nichts führen.;Ça ne mènerait à rien.;That wouldn't lead anywhere.
B1;begründen;justifier, fonder;Akkusativ;;;;Präsens;Ich begründe meine Entscheidung.;Je justifie ma décision.;I'm justifying my decision.
B1;begründen;justifier, fonder;Akkusativ;;;;Perfekt;Er hat seine Meinung gut begründet.;Il a bien justifié son avis.;He justified his opinion well.
B1;begründen;justifier, fonder;Akkusativ;;;;Präteritum;Sie begründete den Antrag ausführlich.;Elle justifiait la demande en détail.;She justified the request in detail.
B1;begründen;justifier, fonder;Akkusativ;;;;Konjunktiv II;Ich würde das anders begründen.;Je le justifierais autrement.;I would justify that differently.
B1;rechtfertigen;justifier;Akkusativ;;;;Präsens;Er rechtfertigt sein Verhalten.;Il justifie son comportement.;He's justifying his behavior.
B1;rechtfertigen;justifier;Akkusativ;;;;Perfekt;Sie hat ihr Verhalten gerechtfertigt.;Elle a justifié son comportement.;She justified her behavior.
B1;rechtfertigen;justifier;Akkusativ;;;;Präteritum;Er rechtfertigte seine Entscheidung nicht.;Il ne justifiait pas sa décision.;He didn't justify his decision.
B1;rechtfertigen;justifier;Akkusativ;;;;Konjunktiv II;Ich würde das nicht rechtfertigen.;Je ne justifierais pas ça.;I wouldn't justify that.
B1;widerlegen;réfuter;Akkusativ;;;;Präsens;Ich widerlege dieses Argument.;Je réfute cet argument.;I'm refuting this argument.
B1;widerlegen;réfuter;Akkusativ;;;;Perfekt;Sie hat die Theorie widerlegt.;Elle a réfuté la théorie.;She refuted the theory.
B1;widerlegen;réfuter;Akkusativ;;;;Präteritum;Er widerlegte den Vorwurf.;Il réfutait l'accusation.;He refuted the accusation.
B1;widerlegen;réfuter;Akkusativ;;;;Konjunktiv II;Ich würde das leicht widerlegen.;Je réfuterais ça facilement.;I would easily refute that.
B1;beweisen;prouver;Akkusativ+Dativ;;;;Präsens;Ich beweise dir meine Unschuld.;Je te prouve mon innocence.;I prove my innocence to you.
B1;beweisen;prouver;Akkusativ+Dativ;;;;Perfekt;Er hat uns seine Fähigkeit bewiesen.;Il nous a prouvé sa capacité.;He proved his ability to us.
B1;beweisen;prouver;Akkusativ+Dativ;;;;Präteritum;Sie bewies uns großen Mut.;Elle nous a montré un grand courage.;She showed us great courage.
B1;beweisen;prouver;Akkusativ+Dativ;;;;Konjunktiv II;Ich würde dir das beweisen können.;Je pourrais te le prouver.;I would be able to prove that to you.
B1;nachweisen;démontrer, prouver;Akkusativ+Dativ;;;;Präsens;Die Studie weist uns den Effekt nach.;L'étude nous démontre l'effet.;The study demonstrates the effect to us.
B1;nachweisen;démontrer, prouver;Akkusativ+Dativ;;;;Perfekt;Man hat ihm den Betrug nachgewiesen.;On lui a prouvé la fraude.;They proved the fraud against him.
B1;nachweisen;démontrer, prouver;Akkusativ+Dativ;;;;Präteritum;Die Untersuchung wies ihm den Fehler nach.;L'enquête lui a prouvé l'erreur.;The investigation proved the mistake against him.
B1;nachweisen;démontrer, prouver;Akkusativ+Dativ;;;;Konjunktiv II;Ich würde ihm das nachweisen können.;Je pourrais le lui prouver.;I would be able to prove that against him.
B1;belegen;prouver, attester;Akkusativ;;;;Präsens;Diese Zahlen belegen den Trend.;Ces chiffres attestent la tendance.;These figures substantiate the trend.
B1;belegen;prouver, attester;Akkusativ;;;;Perfekt;Er hat seine Aussage belegt.;Il a prouvé sa déclaration.;He substantiated his statement.
B1;belegen;prouver, attester;Akkusativ;;;;Präteritum;Die Fotos belegten den Vorfall.;Les photos attestaient l'incident.;The photos documented the incident.
B1;belegen;prouver, attester;Akkusativ;;;;Konjunktiv II;Das würde die These belegen.;Ça prouverait la thèse.;That would substantiate the thesis.
B1;dokumentieren;documenter;Akkusativ;;;;Präsens;Ich dokumentiere jeden Schritt.;Je documente chaque étape.;I'm documenting every step.
B1;dokumentieren;documenter;Akkusativ;;;;Perfekt;Sie hat die Reise fotografisch dokumentiert.;Elle a documenté le voyage en photos.;She documented the trip with photos.
B1;dokumentieren;documenter;Akkusativ;;;;Präteritum;Er dokumentierte den Prozess genau.;Il documentait précisément le processus.;He documented the process precisely.
B1;dokumentieren;documenter;Akkusativ;;;;Konjunktiv II;Ich würde das gut dokumentieren.;Je documenterais bien ça.;I would document that well.
B1;veröffentlichen;publier;Akkusativ;;;;Präsens;Sie veröffentlicht ein neues Buch.;Elle publie un nouveau livre.;She's publishing a new book.
B1;veröffentlichen;publier;Akkusativ;;;;Perfekt;Er hat den Artikel veröffentlicht.;Il a publié l'article.;He published the article.
B1;veröffentlichen;publier;Akkusativ;;;;Präteritum;Sie veröffentlichte ihre Ergebnisse.;Elle publiait ses résultats.;She published her results.
B1;veröffentlichen;publier;Akkusativ;;;;Konjunktiv II;Ich würde das nicht veröffentlichen.;Je ne publierais pas ça.;I wouldn't publish that.
B1;verbreiten;diffuser, répandre;Akkusativ;;;;Präsens;Er verbreitet die Nachricht schnell.;Il répand la nouvelle rapidement.;He spreads the news quickly.
B1;verbreiten;diffuser, répandre;Akkusativ;;;;Perfekt;Er hat Gerüchte verbreitet.;Il a répandu des rumeurs.;He spread rumors.
B1;verbreiten;diffuser, répandre;Akkusativ;;;;Präteritum;Er verbreitete die Gerüchte weiter.;Il a continué à répandre les rumeurs.;He kept spreading the rumors.
B1;verbreiten;diffuser, répandre;Akkusativ;;;;Konjunktiv II;Ich würde die Nachricht schnell verbreiten.;Je répandrais la nouvelle rapidement.;I would spread the news quickly.
B1;übertragen;transmettre, retransmettre;Akkusativ;;;;Präsens;Der Sender überträgt das Spiel live.;La chaîne retransmet le match en direct.;The channel broadcasts the game live.
B1;übertragen;transmettre, retransmettre;Akkusativ;;;;Perfekt;Sie haben die Daten übertragen.;Ils ont transmis les données.;They transmitted the data.
B1;übertragen;transmettre, retransmettre;Akkusativ;;;;Präteritum;Er übertrug die Verantwortung an sie.;Il transmettait la responsabilité à elle.;He transferred the responsibility to her.
B1;übertragen;transmettre, retransmettre;Akkusativ;;;;Konjunktiv II;Ich würde das live übertragen.;Je retransmettrais ça en direct.;I would broadcast that live.
B1;senden;envoyer, émettre;Akkusativ;;;;Präsens;Der Kanal sendet Nachrichten um acht.;La chaîne diffuse les infos à huit heures.;The channel broadcasts the news at eight.
B1;senden;envoyer, émettre;Akkusativ;;;;Perfekt;Ich habe dir die Datei gesendet.;Je t'ai envoyé le fichier.;I sent you the file.
B1;senden;envoyer, émettre;Akkusativ;;;;Präteritum;Sie sendeten das Signal weiter.;Ils transmettaient le signal.;They forwarded the signal.
B1;senden;envoyer, émettre;Akkusativ;;;;Konjunktiv II;Ich würde dir das gleich senden.;Je te l'enverrais tout de suite.;I would send you that right away.
B1;empfangen;recevoir (un signal, un invité);Akkusativ;;;;Präsens;Wir empfangen heute Gäste.;Nous recevons des invités aujourd'hui.;We're receiving guests today.
B1;empfangen;recevoir (un signal, un invité);Akkusativ;;;;Perfekt;Sie haben uns herzlich empfangen.;Ils nous ont accueillis chaleureusement.;They received us warmly.
B1;empfangen;recevoir (un signal, un invité);Akkusativ;;;;Präteritum;Er empfing das Signal schlecht.;Il recevait mal le signal.;He was receiving the signal poorly.
B1;empfangen;recevoir (un signal, un invité);Akkusativ;;;;Konjunktiv II;Ich würde ihn gern empfangen.;J'aimerais bien le recevoir.;I would like to receive him.
B1;begrüßen;accueillir, saluer;Akkusativ;;;;Präsens;Ich begrüße die Gäste an der Tür.;J'accueille les invités à la porte.;I greet the guests at the door.
B1;begrüßen;accueillir, saluer;Akkusativ;;;;Perfekt;Er hat uns freundlich begrüßt.;Il nous a salués amicalement.;He greeted us kindly.
B1;begrüßen;accueillir, saluer;Akkusativ;;;;Präteritum;Sie begrüßte jeden mit Namen.;Elle saluait chacun par son nom.;She greeted everyone by name.
B1;begrüßen;accueillir, saluer;Akkusativ;;;;Konjunktiv II;Ich würde das sehr begrüßen.;J'accueillerais ça très favorablement.;I would welcome that very much.
B1;verabschieden;adopter (une loi, une décision);Akkusativ;;;;Präsens;Das Parlament verabschiedet das Gesetz.;Le parlement adopte la loi.;Parliament is adopting the law.
B1;verabschieden;adopter (une loi, une décision);Akkusativ;;;;Perfekt;Sie haben den Haushalt verabschiedet.;Ils ont adopté le budget.;They adopted the budget.
B1;verabschieden;adopter (une loi, une décision);Akkusativ;;;;Präteritum;Der Ausschuss verabschiedete die Regel.;La commission adoptait la règle.;The committee adopted the rule.
B1;verabschieden;adopter (une loi, une décision);Akkusativ;;;;Konjunktiv II;Sie würden das Gesetz verabschieden.;Ils adopteraient la loi.;They would adopt the law.
B1;beschließen;décider, adopter (une résolution);Akkusativ;;;;Präsens;Wir beschließen den neuen Plan.;Nous décidons du nouveau plan.;We're deciding on the new plan.
B1;beschließen;décider, adopter (une résolution);Akkusativ;;;;Perfekt;Sie haben eine Reform beschlossen.;Ils ont décidé une réforme.;They decided on a reform.
B1;beschließen;décider, adopter (une résolution);Akkusativ;;;;Präteritum;Der Rat beschloss die Änderung.;Le conseil décidait le changement.;The council decided on the change.
B1;beschließen;décider, adopter (une résolution);Akkusativ;;;;Konjunktiv II;Wir würden das beschließen.;Nous déciderions ça.;We would decide that.
B1;festlegen;fixer, déterminer;Akkusativ;;;;Präsens;Wir legen den Termin fest.;Nous fixons la date.;We're setting the date.
B1;festlegen;fixer, déterminer;Akkusativ;;;;Perfekt;Sie haben die Regeln festgelegt.;Ils ont fixé les règles.;They set the rules.
B1;festlegen;fixer, déterminer;Akkusativ;;;;Präteritum;Er legte den Preis fest.;Il fixait le prix.;He set the price.
B1;festlegen;fixer, déterminer;Akkusativ;;;;Konjunktiv II;Ich würde das anders festlegen.;Je le fixerais autrement.;I would set that differently.
B1;vereinbaren;convenir, s'accorder sur;Akkusativ;;;;Präsens;Wir vereinbaren einen Termin.;Nous convenons d'un rendez-vous.;We're arranging an appointment.
B1;vereinbaren;convenir, s'accorder sur;Akkusativ;;;;Perfekt;Sie haben einen Preis vereinbart.;Ils ont convenu d'un prix.;They agreed on a price.
B1;vereinbaren;convenir, s'accorder sur;Akkusativ;;;;Präteritum;Wir vereinbarten ein Treffen.;Nous convenions d'une rencontre.;We arranged a meeting.
B1;vereinbaren;convenir, s'accorder sur;Akkusativ;;;;Konjunktiv II;Wir würden das so vereinbaren.;Nous en conviendrions ainsi.;We would agree on that.
B1;anordnen;ordonner, disposer;Akkusativ;;;;Präsens;Der Chef ordnet eine Pause an.;Le chef ordonne une pause.;The boss orders a break.
B1;anordnen;ordonner, disposer;Akkusativ;;;;Perfekt;Die Behörde hat eine Kontrolle angeordnet.;L'administration a ordonné un contrôle.;The authority ordered an inspection.
B1;anordnen;ordonner, disposer;Akkusativ;;;;Präteritum;Er ordnete die Evakuierung an.;Il ordonnait l'évacuation.;He ordered the evacuation.
B1;anordnen;ordonner, disposer;Akkusativ;;;;Konjunktiv II;Ich würde das nicht anordnen.;Je n'ordonnerais pas ça.;I wouldn't order that.
B1;befehlen;ordonner;Akkusativ+Dativ;;;;Präsens;Der General befiehlt den Soldaten den Angriff.;Le général ordonne l'attaque aux soldats.;The general orders the soldiers to attack.
B1;befehlen;ordonner;Akkusativ+Dativ;;;;Perfekt;Er hat den Soldaten den Rückzug befohlen.;Il a ordonné la retraite aux soldats.;He ordered the soldiers to retreat.
B1;befehlen;ordonner;Akkusativ+Dativ;;;;Präteritum;Sie befahl den Kindern sofortige Ruhe.;Elle a ordonné aux enfants le silence immédiat.;She ordered the children to be quiet immediately.
B1;befehlen;ordonner;Akkusativ+Dativ;;;;Konjunktiv II;Ich würde den Soldaten das nie befehlen.;Je n'ordonnerais jamais cela aux soldats.;I would never order the soldiers to do that.
B1;gehorchen;obéir;Dativ;;;;Präsens;Der Hund gehorcht seinem Besitzer.;Le chien obéit à son maître.;The dog obeys its owner.
B1;gehorchen;obéir;Dativ;;;;Perfekt;Sie hat ihm nie gehorcht.;Elle ne lui a jamais obéi.;She never obeyed him.
B1;gehorchen;obéir;Dativ;;;;Präteritum;Das Kind gehorchte den Eltern.;L'enfant obéissait aux parents.;The child obeyed the parents.
B1;gehorchen;obéir;Dativ;;;;Konjunktiv II;Ich würde ihm nicht gehorchen.;Je ne lui obéirais pas.;I would not obey him.
B1;sich widersetzen;s'opposer, résister;Dativ;;;oui;Präsens;Ich widersetze mich dieser Regel.;Je m'oppose à cette règle.;I'm opposing this rule.
B1;sich widersetzen;s'opposer, résister;Dativ;;;oui;Perfekt;Er hat sich dem Befehl widersetzt.;Il s'est opposé à l'ordre.;He resisted the order.
B1;sich widersetzen;s'opposer, résister;Dativ;;;oui;Präteritum;Sie widersetzte sich der Entscheidung.;Elle s'opposait à la décision.;She opposed the decision.
B1;sich widersetzen;s'opposer, résister;Dativ;;;oui;Konjunktiv II;Ich würde mich dem widersetzen.;Je m'y opposerais.;I would oppose that.
B1;sich wehren;se défendre;;gegen + Akkusativ;;oui;Präsens;Ich wehre mich gegen die Kritik.;Je me défends contre la critique.;I'm defending myself against the criticism.
B1;sich wehren;se défendre;;gegen + Akkusativ;;oui;Perfekt;Sie hat sich erfolgreich gegen die Kritik gewehrt.;Elle s'est bien défendue contre la critique.;She successfully defended herself against the criticism.
B1;sich wehren;se défendre;;gegen + Akkusativ;;oui;Präteritum;Er wehrte sich tapfer gegen den Angriff.;Il s'est courageusement défendu contre l'attaque.;He bravely defended himself against the attack.
B1;sich wehren;se défendre;;gegen + Akkusativ;;oui;Konjunktiv II;Ich würde mich dagegen wehren.;Je me défendrais contre ça.;I would defend myself against that.
B1;kämpfen;lutter, combattre;;für + Akkusativ;;;Präsens;Sie kämpft für ihre Rechte.;Elle lutte pour ses droits.;She's fighting for her rights.
B1;kämpfen;lutter, combattre;;für + Akkusativ;;;Perfekt;Er hat lange für seine Rechte gekämpft.;Il a longtemps lutté pour ses droits.;He fought for his rights for a long time.
B1;kämpfen;lutter, combattre;;für + Akkusativ;;;Präteritum;Sie kämpften für ihre Freiheit.;Ils ont combattu pour leur liberté.;They fought for their freedom.
B1;kämpfen;lutter, combattre;;für + Akkusativ;;;Konjunktiv II;Ich würde dafür kämpfen.;Je lutterais pour ça.;I would fight for that.
B1;verteidigen;défendre;Akkusativ;;;;Präsens;Er verteidigt seine Meinung.;Il défend son opinion.;He defends his opinion.
B1;verteidigen;défendre;Akkusativ;;;;Perfekt;Sie hat ihren Standpunkt verteidigt.;Elle a défendu son point de vue.;She defended her point of view.
B1;verteidigen;défendre;Akkusativ;;;;Präteritum;Er verteidigte seinen Freund.;Il défendait son ami.;He defended his friend.
B1;verteidigen;défendre;Akkusativ;;;;Konjunktiv II;Ich würde das verteidigen.;Je défendrais ça.;I would defend that.
B1;angreifen;attaquer;Akkusativ;;;;Präsens;Der Hund greift den Postboten an.;Le chien attaque le facteur.;The dog attacks the mailman.
B1;angreifen;attaquer;Akkusativ;;;;Perfekt;Sie haben die Firma öffentlich angegriffen.;Ils ont attaqué l'entreprise publiquement.;They publicly attacked the company.
B1;angreifen;attaquer;Akkusativ;;;;Präteritum;Er griff seinen Gegner scharf an.;Il attaquait vivement son adversaire.;He sharply attacked his opponent.
B1;angreifen;attaquer;Akkusativ;;;;Konjunktiv II;Ich würde ihn nicht angreifen.;Je ne l'attaquerais pas.;I wouldn't attack him.
B1;bedrohen;menacer;Akkusativ;;;;Präsens;Der Klimawandel bedroht viele Arten.;Le changement climatique menace de nombreuses espèces.;Climate change threatens many species.
B1;bedrohen;menacer;Akkusativ;;;;Perfekt;Er hat sie nie bedroht.;Il ne l'a jamais menacée.;He never threatened her.
B1;bedrohen;menacer;Akkusativ;;;;Präteritum;Die Krise bedrohte die Existenz der Firma.;La crise menaçait l'existence de l'entreprise.;The crisis threatened the company's existence.
B1;bedrohen;menacer;Akkusativ;;;;Konjunktiv II;Das würde unsere Sicherheit bedrohen.;Ça menacerait notre sécurité.;That would threaten our safety.
B1;gefährden;mettre en danger;Akkusativ;;;;Präsens;Rauchen gefährdet die Gesundheit.;Fumer met en danger la santé.;Smoking endangers health.
B1;gefährden;mettre en danger;Akkusativ;;;;Perfekt;Er hat sein Leben gefährdet.;Il a mis sa vie en danger.;He endangered his life.
B1;gefährden;mettre en danger;Akkusativ;;;;Präteritum;Der Sturm gefährdete die Schiffe.;La tempête mettait en danger les bateaux.;The storm endangered the ships.
B1;gefährden;mettre en danger;Akkusativ;;;;Konjunktiv II;Das würde uns alle gefährden.;Ça nous mettrait tous en danger.;That would endanger all of us.
B1;riskieren;risquer;Akkusativ;;;;Präsens;Ich riskiere nicht gern etwas.;Je n'aime pas risquer quelque chose.;I don't like to risk anything.
B1;riskieren;risquer;Akkusativ;;;;Perfekt;Er hat viel Geld riskiert.;Il a risqué beaucoup d'argent.;He risked a lot of money.
B1;riskieren;risquer;Akkusativ;;;;Präteritum;Sie riskierte ihren Job.;Elle risquait son emploi.;She risked her job.
B1;riskieren;risquer;Akkusativ;;;;Konjunktiv II;Ich würde das nicht riskieren.;Je ne risquerais pas ça.;I wouldn't risk that.
B1;wagen;oser;Akkusativ;;;;Präsens;Ich wage einen Neuanfang.;J'ose un nouveau départ.;I'm daring to make a new start.
B1;wagen;oser;Akkusativ;;;;Perfekt;Sie hat es endlich gewagt.;Elle a finalement osé.;She finally dared to do it.
B1;wagen;oser;Akkusativ;;;;Präteritum;Er wagte den ersten Schritt.;Il osait faire le premier pas.;He dared to take the first step.
B1;wagen;oser;Akkusativ;;;;Konjunktiv II;Ich würde das nicht wagen.;Je n'oserais pas ça.;I wouldn't dare do that.
B1;sich trauen;oser;;;oui;oui;Präsens;Ich traue mich nicht, das zu fragen.;Je n'ose pas demander ça.;I don't dare ask that.
B1;sich trauen;oser;;;oui;oui;Perfekt;Sie hat sich endlich getraut.;Elle a finalement osé.;She finally dared to.
B1;sich trauen;oser;;;oui;oui;Präteritum;Er traute sich nicht zu springen.;Il n'osait pas sauter.;He didn't dare to jump.
B1;sich trauen;oser;;;oui;oui;Konjunktiv II;Ich würde mich das nicht trauen.;Je n'oserais pas faire ça.;I wouldn't dare do that.
B1;zögern;hésiter;;;oui;;Präsens;Ich zögere bei dieser Entscheidung.;J'hésite face à cette décision.;I hesitate with this decision.
B1;zögern;hésiter;;;oui;;Perfekt;Er hat lange gezögert.;Il a longtemps hésité.;He hesitated for a long time.
B1;zögern;hésiter;;;oui;;Präteritum;Sie zögerte einen Moment.;Elle hésitait un instant.;She hesitated for a moment.
B1;zögern;hésiter;;;oui;;Konjunktiv II;Ich würde nicht zögern.;Je n'hésiterais pas.;I wouldn't hesitate.
B1;zweifeln;douter;;an + Dativ;;;Präsens;Ich zweifle manchmal an mir selbst.;Je doute parfois de moi-même.;I sometimes doubt myself.
B1;zweifeln;douter;;an + Dativ;;;Perfekt;Er hat nie an ihr gezweifelt.;Il n'a jamais douté d'elle.;He never doubted her.
B1;zweifeln;douter;;an + Dativ;;;Präteritum;Sie zweifelte an dem Plan.;Elle doutait du plan.;She doubted the plan.
B1;zweifeln;douter;;an + Dativ;;;Konjunktiv II;Ich würde daran zweifeln.;J'en douterais.;I would doubt that.
B1;nachdenken;réfléchir;;über + Akkusativ;;;Präsens;Ich denke über das Problem nach.;Je réfléchis au problème.;I'm thinking about the problem.
B1;nachdenken;réfléchir;;über + Akkusativ;;;Perfekt;Sie hat lange darüber nachgedacht.;Elle y a longtemps réfléchi.;She thought about it for a long time.
B1;nachdenken;réfléchir;;über + Akkusativ;;;Präteritum;Er dachte über die Frage nach.;Il réfléchissait à la question.;He was thinking about the question.
B1;nachdenken;réfléchir;;über + Akkusativ;;;Konjunktiv II;Ich würde darüber nachdenken.;J'y réfléchirais.;I would think about that.
B1;grübeln;ruminer, se creuser la tête;;über + Akkusativ;;;Präsens;Ich grüble über die Antwort.;Je me creuse la tête sur la réponse.;I'm racking my brain over the answer.
B1;grübeln;ruminer, se creuser la tête;;über + Akkusativ;;;Perfekt;Er hat stundenlang über die Antwort gegrübelt.;Il a réfléchi pendant des heures à la réponse.;He pondered the answer for hours.
B1;grübeln;ruminer, se creuser la tête;;über + Akkusativ;;;Präteritum;Sie grübelte die ganze Nacht über die Antwort.;Elle a réfléchi toute la nuit à la réponse.;She pondered the answer all night.
B1;grübeln;ruminer, se creuser la tête;;über + Akkusativ;;;Konjunktiv II;Ich würde nicht so viel über die Antwort grübeln.;Je ne réfléchirais pas tant à la réponse.;I would not ponder the answer so much.
B1;sich vertiefen;s'approfondir, se plonger dans;;in + Akkusativ;;oui;Präsens;Ich vertiefe mich in das Buch.;Je me plonge dans le livre.;I'm immersing myself in the book.
B1;sich vertiefen;s'approfondir, se plonger dans;;in + Akkusativ;;oui;Perfekt;Er hat sich in die Arbeit vertieft.;Il s'est plongé dans le travail.;He immersed himself in the work.
B1;sich vertiefen;s'approfondir, se plonger dans;;in + Akkusativ;;oui;Präteritum;Sie vertiefte sich in die Studie.;Elle se plongeait dans l'étude.;She immersed herself in the study.
B1;sich vertiefen;s'approfondir, se plonger dans;;in + Akkusativ;;oui;Konjunktiv II;Ich würde mich gern darin vertiefen.;J'aimerais bien m'y plonger.;I would like to delve into that.
B1;begreifen;comprendre, saisir;Akkusativ;;;;Präsens;Ich begreife das Problem nicht.;Je ne saisis pas le problème.;I don't grasp the problem.
B1;begreifen;comprendre, saisir;Akkusativ;;;;Perfekt;Er hat den Ernst der Lage begriffen.;Il a saisi la gravité de la situation.;He grasped the seriousness of the situation.
B1;begreifen;comprendre, saisir;Akkusativ;;;;Präteritum;Sie begriff die Regel schnell.;Elle saisissait vite la règle.;She grasped the rule quickly.
B1;begreifen;comprendre, saisir;Akkusativ;;;;Konjunktiv II;Ich würde das nicht begreifen.;Je ne saisirais pas ça.;I wouldn't grasp that.
B1;erfassen;saisir, comprendre;Akkusativ;;;;Präsens;Ich erfasse die Situation schnell.;Je saisis vite la situation.;I grasp the situation quickly.
B1;erfassen;saisir, comprendre;Akkusativ;;;;Perfekt;Er hat das Ausmaß erfasst.;Il a saisi l'ampleur.;He grasped the extent.
B1;erfassen;saisir, comprendre;Akkusativ;;;;Präteritum;Sie erfasste die Daten sorgfältig.;Elle saisissait les données avec soin.;She recorded the data carefully.
B1;erfassen;saisir, comprendre;Akkusativ;;;;Konjunktiv II;Ich würde das sofort erfassen.;Je saisirais ça tout de suite.;I would grasp that right away.
B1;wahrnehmen;percevoir;Akkusativ;;;;Präsens;Ich nehme die Veränderung wahr.;Je perçois le changement.;I perceive the change.
B1;wahrnehmen;percevoir;Akkusativ;;;;Perfekt;Er hat die Gefahr nicht wahrgenommen.;Il n'a pas perçu le danger.;He didn't perceive the danger.
B1;wahrnehmen;percevoir;Akkusativ;;;;Präteritum;Sie nahm den Unterschied kaum wahr.;Elle percevait à peine la différence.;She barely perceived the difference.
B1;wahrnehmen;percevoir;Akkusativ;;;;Konjunktiv II;Ich würde das anders wahrnehmen.;Je percevrais ça différemment.;I would perceive that differently.
B1;registrieren;enregistrer, remarquer;Akkusativ;;;;Präsens;Ich registriere jede Veränderung.;Je remarque chaque changement.;I notice every change.
B1;registrieren;enregistrer, remarquer;Akkusativ;;;;Perfekt;Er hat den Vorfall registriert.;Il a enregistré l'incident.;He registered the incident.
B1;registrieren;enregistrer, remarquer;Akkusativ;;;;Präteritum;Sie registrierte die Nutzer.;Elle enregistrait les utilisateurs.;She registered the users.
B1;registrieren;enregistrer, remarquer;Akkusativ;;;;Konjunktiv II;Ich würde das registrieren.;Je l'enregistrerais.;I would register that.
B1;übersehen;ne pas remarquer, laisser passer;Akkusativ;;;;Präsens;Ich übersehe leicht Details.;Les détails m'échappent facilement.;I easily overlook details.
B1;übersehen;ne pas remarquer, laisser passer;Akkusativ;;;;Perfekt;Er hat den Fehler übersehen.;Il n'a pas remarqué l'erreur.;He overlooked the mistake.
B1;übersehen;ne pas remarquer, laisser passer;Akkusativ;;;;Präteritum;Sie übersah das Schild.;Elle n'a pas remarqué le panneau.;She overlooked the sign.
B1;übersehen;ne pas remarquer, laisser passer;Akkusativ;;;;Konjunktiv II;Ich würde das nicht übersehen.;Je ne laisserais pas passer ça.;I wouldn't overlook that.
B1;ignorieren;ignorer;Akkusativ;;;;Präsens;Ich ignoriere die Kritik.;J'ignore la critique.;I'm ignoring the criticism.
B1;ignorieren;ignorer;Akkusativ;;;;Perfekt;Er hat die Warnung ignoriert.;Il a ignoré l'avertissement.;He ignored the warning.
B1;ignorieren;ignorer;Akkusativ;;;;Präteritum;Sie ignorierte seinen Rat.;Elle ignorait son conseil.;She ignored his advice.
B1;ignorieren;ignorer;Akkusativ;;;;Konjunktiv II;Ich würde das nicht ignorieren.;Je n'ignorerais pas ça.;I wouldn't ignore that.
B1;vernachlässigen;négliger;Akkusativ;;;;Präsens;Ich vernachlässige meine Freunde nicht.;Je ne néglige pas mes amis.;I don't neglect my friends.
B1;vernachlässigen;négliger;Akkusativ;;;;Perfekt;Er hat seine Gesundheit vernachlässigt.;Il a négligé sa santé.;He neglected his health.
B1;vernachlässigen;négliger;Akkusativ;;;;Präteritum;Sie vernachlässigte ihre Arbeit.;Elle négligeait son travail.;She neglected her work.
B1;vernachlässigen;négliger;Akkusativ;;;;Konjunktiv II;Ich würde das nicht vernachlässigen.;Je ne négligerais pas ça.;I wouldn't neglect that.
B1;verpassen;manquer, rater;Akkusativ;;;;Präsens;Ich verpasse den Bus.;Je rate le bus.;I'm missing the bus.
B1;verpassen;manquer, rater;Akkusativ;;;;Perfekt;Er hat die Chance verpasst.;Il a raté l'occasion.;He missed the opportunity.
B1;verpassen;manquer, rater;Akkusativ;;;;Präteritum;Sie verpasste den Zug knapp.;Elle ratait le train de justesse.;She narrowly missed the train.
B1;verpassen;manquer, rater;Akkusativ;;;;Konjunktiv II;Ich würde das nicht verpassen.;Je ne raterais pas ça.;I wouldn't miss that.
B1;versäumen;manquer, omettre;Akkusativ;;;;Präsens;Ich versäume die Anmeldefrist nicht.;Je ne manque pas le délai d'inscription.;I won't miss the registration deadline.
B1;versäumen;manquer, omettre;Akkusativ;;;;Perfekt;Er hat den Termin versäumt.;Il a manqué le rendez-vous.;He missed the appointment.
B1;versäumen;manquer, omettre;Akkusativ;;;;Präteritum;Sie versäumte die Frist.;Elle a manqué le délai.;She missed the deadline.
B1;versäumen;manquer, omettre;Akkusativ;;;;Konjunktiv II;Ich würde das nicht versäumen.;Je ne manquerais pas ça.;I wouldn't miss that.
B1;nachholen;rattraper;Akkusativ;;;;Präsens;Ich hole den Stoff nach.;Je rattrape la matière.;I'm catching up on the material.
B1;nachholen;rattraper;Akkusativ;;;;Perfekt;Er hat den Schlaf nachgeholt.;Il a rattrapé le sommeil.;He caught up on sleep.
B1;nachholen;rattraper;Akkusativ;;;;Präteritum;Sie holte die Prüfung nach.;Elle rattrapait l'examen.;She made up the exam.
B1;nachholen;rattraper;Akkusativ;;;;Konjunktiv II;Ich würde das später nachholen.;Je rattraperais ça plus tard.;I would catch up on that later.
B1;wiederholen;répéter;Akkusativ;;;;Präsens;Ich wiederhole die Grammatik.;Je répète la grammaire.;I'm reviewing the grammar.
B1;wiederholen;répéter;Akkusativ;;;;Perfekt;Er hat die Frage wiederholt.;Il a répété la question.;He repeated the question.
B1;wiederholen;répéter;Akkusativ;;;;Präteritum;Sie wiederholte den Satz langsam.;Elle répétait la phrase lentement.;She repeated the sentence slowly.
B1;wiederholen;répéter;Akkusativ;;;;Konjunktiv II;Ich würde das gern wiederholen.;J'aimerais bien répéter ça.;I would like to repeat that.
B1;üben;s'exercer;Akkusativ;;;;Präsens;Ich übe jeden Tag Klavier.;Je m'exerce au piano tous les jours.;I practice piano every day.
B1;üben;s'exercer;Akkusativ;;;;Perfekt;Er hat viel Klavier geübt.;Il s'est beaucoup entraîné au piano.;He practiced piano a lot.
B1;üben;s'exercer;Akkusativ;;;;Präteritum;Sie übte die Aussprache.;Elle s'exerçait à la prononciation.;She practiced pronunciation.
B1;üben;s'exercer;Akkusativ;;;;Konjunktiv II;Ich würde mehr Klavier üben.;Je m'entraînerais plus au piano.;I would practice piano more.
B1;trainieren;s'entraîner;Akkusativ;;;;Präsens;Ich trainiere meine Ausdauer.;J'entraîne mon endurance.;I train my endurance.
B1;trainieren;s'entraîner;Akkusativ;;;;Perfekt;Er hat seine Ausdauer trainiert.;Il a entraîné son endurance.;He trained his endurance.
B1;trainieren;s'entraîner;Akkusativ;;;;Präteritum;Sie trainierte ihre Kondition hart.;Elle a durement entraîné sa condition physique.;She trained her fitness hard.
B1;trainieren;s'entraîner;Akkusativ;;;;Konjunktiv II;Ich würde meine Ausdauer öfter trainieren.;J'entraînerais mon endurance plus souvent.;I would train my endurance more often.
B1;sich qualifizieren;se qualifier;;für + Akkusativ;;oui;Präsens;Die Mannschaft qualifiziert sich fürs Finale.;L'équipe se qualifie pour la finale.;The team is qualifying for the final.
B1;sich qualifizieren;se qualifier;;für + Akkusativ;;oui;Perfekt;Er hat sich für den Job qualifiziert.;Il s'est qualifié pour le poste.;He qualified for the job.
B1;sich qualifizieren;se qualifier;;für + Akkusativ;;oui;Präteritum;Sie qualifizierte sich für das Finale.;Elle s'est qualifiée pour la finale.;She qualified for the final.
B1;sich qualifizieren;se qualifier;;für + Akkusativ;;oui;Konjunktiv II;Ich würde mich dafür qualifizieren.;Je me qualifierais pour ça.;I would qualify for that.
B1;abschneiden;se classer, s'en sortir (résultat);;;oui;;Präsens;Er schneidet gut bei der Prüfung ab.;Il s'en sort bien à l'examen.;He does well on the exam.
B1;abschneiden;se classer, s'en sortir (résultat);;;oui;;Perfekt;Sie hat sehr gut abgeschnitten.;Elle s'en est très bien sortie.;She did very well.
B1;abschneiden;se classer, s'en sortir (résultat);;;oui;;Präteritum;Das Team schnitt schlecht ab.;L'équipe se classait mal.;The team performed poorly.
B1;abschneiden;se classer, s'en sortir (résultat);;;oui;;Konjunktiv II;Ich würde besser abschneiden.;Je m'en sortirais mieux.;I would do better.
B1;durchfallen;échouer (à un examen);;bei + Dativ;;;Präsens;Ich falle bei der Prüfung durch.;J'échoue à l'examen.;I'm failing the exam.
B1;durchfallen;échouer (à un examen);;bei + Dativ;;;Perfekt;Er ist bei der Prüfung durchgefallen.;Il a échoué à l'examen.;He failed the exam.
B1;durchfallen;échouer (à un examen);;bei + Dativ;;;Präteritum;Sie fiel bei der ersten Prüfung durch.;Elle a échoué au premier examen.;She failed the first exam.
B1;durchfallen;échouer (à un examen);;bei + Dativ;;;Konjunktiv II;Ich würde bestimmt bei der Prüfung durchfallen.;J'échouerais certainement à l'examen.;I would surely fail the exam.
B1;absolvieren;accomplir, terminer (des études);Akkusativ;;;;Präsens;Ich absolviere ein Praktikum.;J'accomplis un stage.;I'm completing an internship.
B1;absolvieren;accomplir, terminer (des études);Akkusativ;;;;Perfekt;Er hat sein Studium absolviert.;Il a terminé ses études.;He completed his studies.
B1;absolvieren;accomplir, terminer (des études);Akkusativ;;;;Präteritum;Sie absolvierte die Ausbildung erfolgreich.;Elle terminait la formation avec succès.;She completed the training successfully.
B1;absolvieren;accomplir, terminer (des études);Akkusativ;;;;Konjunktiv II;Ich würde das gern absolvieren.;J'aimerais bien accomplir ça.;I would like to complete that.
B1;erwerben;acquérir;Akkusativ;;;;Präsens;Ich erwerbe neue Kenntnisse.;J'acquiers de nouvelles connaissances.;I'm acquiring new knowledge.
B1;erwerben;acquérir;Akkusativ;;;;Perfekt;Er hat wertvolle Erfahrung erworben.;Il a acquis une précieuse expérience.;He acquired valuable experience.
B1;erwerben;acquérir;Akkusativ;;;;Präteritum;Sie erwarb ein Grundstück.;Elle acquérait un terrain.;She acquired a piece of land.
B1;erwerben;acquérir;Akkusativ;;;;Konjunktiv II;Ich würde gern mehr Wissen erwerben.;J'aimerais acquérir plus de savoir.;I would like to acquire more knowledge.
B1;sich aneignen;s'approprier, acquérir;Akkusativ;;;oui;Präsens;Ich eigne mir neues Wissen an.;Je m'approprie de nouvelles connaissances.;I'm acquiring new knowledge.
B1;sich aneignen;s'approprier, acquérir;Akkusativ;;;oui;Perfekt;Er hat sich die Sprache schnell angeeignet.;Il s'est vite approprié la langue.;He quickly picked up the language.
B1;sich aneignen;s'approprier, acquérir;Akkusativ;;;oui;Präteritum;Sie eignete sich die Technik an.;Elle s'appropriait la technique.;She acquired the technique.
B1;sich aneignen;s'approprier, acquérir;Akkusativ;;;oui;Konjunktiv II;Ich würde mir das gern aneignen.;J'aimerais me l'approprier.;I would like to acquire that.
B1;beherrschen;maîtriser;Akkusativ;;;;Präsens;Ich beherrsche drei Sprachen.;Je maîtrise trois langues.;I master three languages.
B1;beherrschen;maîtriser;Akkusativ;;;;Perfekt;Er hat das Handwerk beherrscht.;Il a maîtrisé le métier.;He mastered the craft.
B1;beherrschen;maîtriser;Akkusativ;;;;Präteritum;Sie beherrschte die Technik perfekt.;Elle maîtrisait parfaitement la technique.;She mastered the technique perfectly.
B1;beherrschen;maîtriser;Akkusativ;;;;Konjunktiv II;Ich würde das gern beherrschen.;J'aimerais bien maîtriser ça.;I would like to master that.
B1;beherzigen;prendre à cœur;Akkusativ;;;;Präsens;Ich beherzige deinen Rat.;Je prends ton conseil à cœur.;I'm taking your advice to heart.
B1;beherzigen;prendre à cœur;Akkusativ;;;;Perfekt;Er hat die Warnung beherzigt.;Il a pris l'avertissement à cœur.;He took the warning to heart.
B1;beherzigen;prendre à cœur;Akkusativ;;;;Präteritum;Sie beherzigte die Empfehlung.;Elle prenait la recommandation à cœur.;She took the recommendation to heart.
B1;beherzigen;prendre à cœur;Akkusativ;;;;Konjunktiv II;Ich würde das beherzigen.;Je prendrais ça à cœur.;I would take that to heart.
B1;befolgen;suivre (un conseil, une règle);Akkusativ;;;;Präsens;Ich befolge die Regeln.;Je suis les règles.;I follow the rules.
B1;befolgen;suivre (un conseil, une règle);Akkusativ;;;;Perfekt;Er hat den Rat befolgt.;Il a suivi le conseil.;He followed the advice.
B1;befolgen;suivre (un conseil, une règle);Akkusativ;;;;Präteritum;Sie befolgte die Anweisungen genau.;Elle suivait précisément les instructions.;She followed the instructions exactly.
B1;befolgen;suivre (un conseil, une règle);Akkusativ;;;;Konjunktiv II;Ich würde das befolgen.;Je suivrais ça.;I would follow that.
B1;einhalten;respecter (une règle, un délai);Akkusativ;;;;Präsens;Ich halte die Frist ein.;Je respecte le délai.;I'm meeting the deadline.
B1;einhalten;respecter (une règle, un délai);Akkusativ;;;;Perfekt;Er hat die Regeln eingehalten.;Il a respecté les règles.;He complied with the rules.
B1;einhalten;respecter (une règle, un délai);Akkusativ;;;;Präteritum;Sie hielt das Tempolimit ein.;Elle respectait la limite de vitesse.;She kept to the speed limit.
B1;einhalten;respecter (une règle, un délai);Akkusativ;;;;Konjunktiv II;Ich würde das einhalten.;Je respecterais ça.;I would comply with that.
B1;verletzen;blesser, violer (une règle);Akkusativ;;;;Präsens;Er verletzt oft die Regeln.;Il enfreint souvent les règles.;He often breaks the rules.
B1;verletzen;blesser, violer (une règle);Akkusativ;;;;Perfekt;Seine Worte haben mich verletzt.;Ses mots m'ont blessé.;His words hurt me.
B1;verletzen;blesser, violer (une règle);Akkusativ;;;;Präteritum;Sie verletzte seine Gefühle.;Elle blessait ses sentiments.;She hurt his feelings.
B1;verletzen;blesser, violer (une règle);Akkusativ;;;;Konjunktiv II;Das würde mich verletzen.;Ça me blesserait.;That would hurt me.
B1;missachten;ignorer, ne pas respecter;Akkusativ;;;;Präsens;Er missachtet die Vorschriften.;Il ne respecte pas les règlements.;He disregards the regulations.
B1;missachten;ignorer, ne pas respecter;Akkusativ;;;;Perfekt;Sie hat das Verbot missachtet.;Elle n'a pas respecté l'interdiction.;She disregarded the ban.
B1;missachten;ignorer, ne pas respecter;Akkusativ;;;;Präteritum;Er missachtete das Signal.;Il ignorait le signal.;He disregarded the signal.
B1;missachten;ignorer, ne pas respecter;Akkusativ;;;;Konjunktiv II;Ich würde das nicht missachten.;Je ne l'ignorerais pas.;I wouldn't disregard that.
B1;verstoßen;enfreindre (gegen);;gegen + Akkusativ;;;Präsens;Er verstößt gegen die Regeln.;Il enfreint les règles.;He violates the rules.
B1;verstoßen;enfreindre (gegen);;gegen + Akkusativ;;;Perfekt;Sie hat gegen das Gesetz verstoßen.;Elle a enfreint la loi.;She violated the law.
B1;verstoßen;enfreindre (gegen);;gegen + Akkusativ;;;Präteritum;Er verstieß gegen die Norm.;Il enfreignait la norme.;He violated the standard.
B1;verstoßen;enfreindre (gegen);;gegen + Akkusativ;;;Konjunktiv II;Ich würde nicht dagegen verstoßen.;Je n'enfreindrais pas ça.;I wouldn't violate that.
B1;bestrafen;punir;Akkusativ;;;;Präsens;Der Lehrer bestraft Unpünktlichkeit.;Le professeur punit le manque de ponctualité.;The teacher punishes lateness.
B1;bestrafen;punir;Akkusativ;;;;Perfekt;Sie haben den Täter bestraft.;Ils ont puni le coupable.;They punished the culprit.
B1;bestrafen;punir;Akkusativ;;;;Präteritum;Er bestrafte seinen Sohn nie hart.;Il ne punissait jamais durement son fils.;He never punished his son harshly.
B1;bestrafen;punir;Akkusativ;;;;Konjunktiv II;Ich würde das nicht bestrafen.;Je ne punirais pas ça.;I wouldn't punish that.
B1;belohnen;récompenser;Akkusativ;;;;Präsens;Ich belohne gute Leistungen.;Je récompense les bonnes performances.;I reward good performance.
B1;belohnen;récompenser;Akkusativ;;;;Perfekt;Er hat seinen Hund belohnt.;Il a récompensé son chien.;He rewarded his dog.
B1;belohnen;récompenser;Akkusativ;;;;Präteritum;Sie belohnte die Mitarbeiter.;Elle récompensait les employés.;She rewarded the employees.
B1;belohnen;récompenser;Akkusativ;;;;Konjunktiv II;Ich würde das belohnen.;Je récompenserais ça.;I would reward that.
B1;loben;louer, féliciter;Akkusativ;;;;Präsens;Der Lehrer lobt die Schüler.;Le professeur félicite les élèves.;The teacher praises the students.
B1;loben;louer, féliciter;Akkusativ;;;;Perfekt;Sie hat ihn für die Arbeit gelobt.;Elle l'a félicité pour le travail.;She praised him for the work.
B1;loben;louer, féliciter;Akkusativ;;;;Präteritum;Er lobte ihre Geduld.;Il louait sa patience.;He praised her patience.
B1;loben;louer, féliciter;Akkusativ;;;;Konjunktiv II;Ich würde ihn dafür loben.;Je le féliciterais pour ça.;I would praise him for that.
B1;tadeln;réprimander;Akkusativ;;;;Präsens;Der Chef tadelt Verspätungen.;Le patron réprimande les retards.;The boss reprimands lateness.
B1;tadeln;réprimander;Akkusativ;;;;Perfekt;Sie hat ihn öffentlich getadelt.;Elle l'a réprimandé publiquement.;She reprimanded him publicly.
B1;tadeln;réprimander;Akkusativ;;;;Präteritum;Er tadelte seinen Schüler.;Il réprimandait son élève.;He reprimanded his student.
B1;tadeln;réprimander;Akkusativ;;;;Konjunktiv II;Ich würde ihn nicht tadeln.;Je ne le réprimanderais pas.;I wouldn't reprimand him.
B1;beschimpfen;insulter;Akkusativ;;;;Präsens;Er beschimpft niemanden.;Il n'insulte personne.;He doesn't insult anyone.
B1;beschimpfen;insulter;Akkusativ;;;;Perfekt;Sie hat ihn wütend beschimpft.;Elle l'a insulté avec colère.;She angrily insulted him.
B1;beschimpfen;insulter;Akkusativ;;;;Präteritum;Er beschimpfte den Fahrer.;Il insultait le conducteur.;He insulted the driver.
B1;beschimpfen;insulter;Akkusativ;;;;Konjunktiv II;Ich würde niemanden beschimpfen.;Je n'insulterais personne.;I wouldn't insult anyone.
B1;beleidigen;offenser, insulter;Akkusativ;;;;Präsens;Ich beleidige dich nicht.;Je ne t'offense pas.;I'm not offending you.
B1;beleidigen;offenser, insulter;Akkusativ;;;;Perfekt;Er hat sie unabsichtlich beleidigt.;Il l'a offensée sans le vouloir.;He unintentionally offended her.
B1;beleidigen;offenser, insulter;Akkusativ;;;;Präteritum;Sie beleidigte ihn absichtlich.;Elle l'offensait volontairement.;She intentionally offended him.
B1;beleidigen;offenser, insulter;Akkusativ;;;;Konjunktiv II;Das würde ihn beleidigen.;Ça l'offenserait.;That would offend him.
B1;verspotten;se moquer de;Akkusativ;;;;Präsens;Die Kinder verspotten ihn nicht.;Les enfants ne se moquent pas de lui.;The children don't mock him.
B1;verspotten;se moquer de;Akkusativ;;;;Perfekt;Sie haben ihn wegen seiner Kleidung verspottet.;Ils se sont moqués de ses vêtements.;They mocked him for his clothes.
B1;verspotten;se moquer de;Akkusativ;;;;Präteritum;Er verspottete ihren Akzent.;Il se moquait de son accent.;He mocked her accent.
B1;verspotten;se moquer de;Akkusativ;;;;Konjunktiv II;Ich würde ihn nie verspotten.;Je ne me moquerais jamais de lui.;I would never mock him.
B1;necken;taquiner;Akkusativ;;;;Präsens;Er neckt seine Schwester gern.;Il aime taquiner sa sœur.;He likes to tease his sister.
B1;necken;taquiner;Akkusativ;;;;Perfekt;Sie hat ihn liebevoll geneckt.;Elle l'a taquiné affectueusement.;She teased him affectionately.
B1;necken;taquiner;Akkusativ;;;;Präteritum;Er neckte sie mit dem Spitznamen.;Il la taquinait avec le surnom.;He teased her with the nickname.
B1;necken;taquiner;Akkusativ;;;;Konjunktiv II;Ich würde dich damit necken.;Je te taquinerais avec ça.;I would tease you with that.
B1;trösten;consoler;Akkusativ;;;;Präsens;Ich tröste meinen Freund.;Je console mon ami.;I'm consoling my friend.
B1;trösten;consoler;Akkusativ;;;;Perfekt;Sie hat das weinende Kind getröstet.;Elle a consolé l'enfant qui pleurait.;She consoled the crying child.
B1;trösten;consoler;Akkusativ;;;;Präteritum;Er tröstete sie nach der Nachricht.;Il la consolait après la nouvelle.;He consoled her after the news.
B1;trösten;consoler;Akkusativ;;;;Konjunktiv II;Ich würde dich gern trösten.;J'aimerais bien te consoler.;I would like to console you.
B1;beruhigen;calmer, rassurer;Akkusativ;;;;Präsens;Ich beruhige das Baby.;Je calme le bébé.;I'm calming the baby.
B1;beruhigen;calmer, rassurer;Akkusativ;;;;Perfekt;Er hat sie schnell beruhigt.;Il l'a vite rassurée.;He calmed her quickly.
B1;beruhigen;calmer, rassurer;Akkusativ;;;;Präteritum;Sie beruhigte die aufgeregte Menge.;Elle calmait la foule excitée.;She calmed the excited crowd.
B1;beruhigen;calmer, rassurer;Akkusativ;;;;Konjunktiv II;Ich würde dich gern beruhigen.;J'aimerais bien te rassurer.;I would like to reassure you.
B1;sich aufregen;s'énerver, s'exciter;;über + Akkusativ;;oui;Präsens;Ich rege mich über die Kritik auf.;Je m'énerve à cause de la critique.;I get worked up about the criticism.
B1;sich aufregen;s'énerver, s'exciter;;über + Akkusativ;;oui;Perfekt;Er hat sich sehr über die Kritik aufgeregt.;Il s'est beaucoup énervé à cause de la critique.;He got very worked up about the criticism.
B1;sich aufregen;s'énerver, s'exciter;;über + Akkusativ;;oui;Präteritum;Sie regte sich über die Verspätung auf.;Elle s'énervait à cause du retard.;She got upset about the delay.
B1;sich aufregen;s'énerver, s'exciter;;über + Akkusativ;;oui;Konjunktiv II;Ich würde mich darüber aufregen.;Je m'énerverais à ce sujet.;I would get upset about that.
B1;beunruhigen;inquiéter;Akkusativ;;;;Präsens;Die Nachricht beunruhigt mich.;La nouvelle m'inquiète.;The news worries me.
B1;beunruhigen;inquiéter;Akkusativ;;;;Perfekt;Das hat uns alle beunruhigt.;Ça nous a tous inquiétés.;That worried all of us.
B1;beunruhigen;inquiéter;Akkusativ;;;;Präteritum;Sein Schweigen beunruhigte sie.;Son silence l'inquiétait.;His silence worried her.
B1;beunruhigen;inquiéter;Akkusativ;;;;Konjunktiv II;Das würde mich beunruhigen.;Ça m'inquiéterait.;That would worry me.
B1;erschrecken;avoir peur, être effrayé;Akkusativ;;;;Präsens;Ich erschrecke meine Schwester.;J'effraie ma sœur.;I scare my sister.
B1;erschrecken;avoir peur, être effrayé;Akkusativ;;;;Perfekt;Er hat seine Schwester furchtbar erschreckt.;Il a terriblement effrayé sa sœur.;He terribly scared his sister.
B1;erschrecken;avoir peur, être effrayé;Akkusativ;;;;Präteritum;Er erschreckte seine Kollegin.;Il a effrayé sa collègue.;He scared his colleague.
B1;erschrecken;avoir peur, être effrayé;Akkusativ;;;;Konjunktiv II;Ich würde meine Schwester bestimmt erschrecken.;J'effraierais sûrement ma sœur.;I would surely scare my sister.
B1;sich ängstigen;avoir peur, s'angoisser;;vor + Dativ;;oui;Präsens;Ich ängstige mich vor der Prüfung.;J'ai peur de l'examen.;I'm afraid of the exam.
B1;sich ängstigen;avoir peur, s'angoisser;;vor + Dativ;;oui;Perfekt;Sie hat sich sehr vor der Prüfung geängstigt.;Elle avait très peur de l'examen.;She was very afraid of the exam.
B1;sich ängstigen;avoir peur, s'angoisser;;vor + Dativ;;oui;Präteritum;Er ängstigte sich vor der Dunkelheit.;Il avait peur de l'obscurité.;He was afraid of the dark.
B1;sich ängstigen;avoir peur, s'angoisser;;vor + Dativ;;oui;Konjunktiv II;Ich würde mich davor ängstigen.;J'en aurais peur.;I would be afraid of that.
B1;genesen;guérir, se rétablir;;;oui;;Präsens;Er genest langsam von der Krankheit.;Il se rétablit lentement de la maladie.;He's slowly recovering from the illness.
B1;genesen;guérir, se rétablir;;;oui;;Perfekt;Sie ist vollständig genesen.;Elle s'est complètement rétablie.;She has fully recovered.
B1;genesen;guérir, se rétablir;;;oui;;Präteritum;Er genas nach wenigen Tagen.;Il se rétablissait après quelques jours.;He recovered after a few days.
B1;genesen;guérir, se rétablir;;;oui;;Konjunktiv II;Ich würde schnell genesen.;Je me rétablirais vite.;I would recover quickly.
B1;heilen;guérir (quelqu'un, quelque chose);Akkusativ;;;;Präsens;Der Arzt heilt die Wunde.;Le médecin guérit la blessure.;The doctor heals the wound.
B1;heilen;guérir (quelqu'un, quelque chose);Akkusativ;;;;Perfekt;Die Behandlung hat ihn geheilt.;Le traitement l'a guéri.;The treatment cured him.
B1;heilen;guérir (quelqu'un, quelque chose);Akkusativ;;;;Präteritum;Der Arzt heilte den Patienten.;Le médecin guérissait le patient.;The doctor cured the patient.
B1;heilen;guérir (quelqu'un, quelque chose);Akkusativ;;;;Konjunktiv II;Das würde die Wunde heilen.;Ça guérirait la blessure.;That would heal the wound.
B1;sich erkälten;attraper un rhume;;;oui;oui;Präsens;Ich erkälte mich im Winter oft.;J'attrape souvent un rhume en hiver.;I often catch a cold in winter.
B1;sich erkälten;attraper un rhume;;;oui;oui;Perfekt;Er hat sich beim Regen erkältet.;Il a attrapé un rhume sous la pluie.;He caught a cold in the rain.
B1;sich erkälten;attraper un rhume;;;oui;oui;Präteritum;Sie erkältete sich letzte Woche.;Elle attrapait un rhume la semaine dernière.;She caught a cold last week.
B1;sich erkälten;attraper un rhume;;;oui;oui;Konjunktiv II;Ich würde mich dabei erkälten.;J'attraperais un rhume avec ça.;I would catch a cold from that.
B1;bluten;saigner;;;oui;;Präsens;Meine Hand blutet.;Ma main saigne.;My hand is bleeding.
B1;bluten;saigner;;;oui;;Perfekt;Die Wunde hat stark geblutet.;La blessure a beaucoup saigné.;The wound bled a lot.
B1;bluten;saigner;;;oui;;Präteritum;Seine Nase blutete nach dem Sturz.;Son nez saignait après la chute.;His nose was bleeding after the fall.
B1;bluten;saigner;;;oui;;Konjunktiv II;Das würde sicher bluten.;Ça saignerait sûrement.;That would surely bleed.
B1;schwitzen;transpirer;;;oui;;Präsens;Ich schwitze bei der Hitze.;Je transpire à cause de la chaleur.;I'm sweating in the heat.
B1;schwitzen;transpirer;;;oui;;Perfekt;Er hat beim Sport stark geschwitzt.;Il a beaucoup transpiré en faisant du sport.;He sweated a lot during sports.
B1;schwitzen;transpirer;;;oui;;Präteritum;Sie schwitzte während des Vortrags.;Elle transpirait pendant l'exposé.;She was sweating during the presentation.
B1;schwitzen;transpirer;;;oui;;Konjunktiv II;Ich würde bei dieser Hitze schwitzen.;Je transpirerais par cette chaleur.;I would sweat in this heat.
B1;frieren;avoir froid;;;oui;;Präsens;Ich friere im Winter oft.;J'ai souvent froid en hiver.;I'm often cold in winter.
B1;frieren;avoir froid;;;oui;;Perfekt;Wir haben draußen gefroren.;Nous avons eu froid dehors.;We were cold outside.
B1;frieren;avoir froid;;;oui;;Präteritum;Sie fror in der dünnen Jacke.;Elle avait froid dans sa veste fine.;She was cold in the thin jacket.
B1;frieren;avoir froid;;;oui;;Konjunktiv II;Ich würde ohne Jacke frieren.;J'aurais froid sans veste.;I would be cold without a jacket.
B1;verhungern;mourir de faim;;;oui;;Präsens;Ich verhungere gleich, wir müssen essen!;Je meurs de faim, il faut qu'on mange !;I'm starving, we need to eat!
B1;verhungern;mourir de faim;;;oui;;Perfekt;Zum Glück ist niemand verhungert.;Heureusement, personne n'est mort de faim.;Luckily, nobody starved.
B1;verhungern;mourir de faim;;;oui;;Präteritum;Viele Tiere verhungerten in der Dürre.;Beaucoup d'animaux mouraient de faim pendant la sécheresse.;Many animals starved during the drought.
B1;verhungern;mourir de faim;;;oui;;Konjunktiv II;Ich würde ohne Essen verhungern.;Je mourrais de faim sans nourriture.;I would starve without food.
B1;ersticken;étouffer;;;oui;;Präsens;Ich ersticke fast vor Rauch.;J'étouffe presque à cause de la fumée.;I'm almost suffocating from smoke.
B1;ersticken;étouffer;;;oui;;Perfekt;Er ist fast erstickt.;Il a failli s'étouffer.;He almost suffocated.
B1;ersticken;étouffer;;;oui;;Präteritum;Sie erstickte fast vor Lachen.;Elle étouffait presque de rire.;She almost choked with laughter.
B1;ersticken;étouffer;;;oui;;Konjunktiv II;Ich würde in dem Raum ersticken.;J'étoufferais dans cette pièce.;I would suffocate in that room.
B1;ertrinken;se noyer;;;oui;;Präsens;Er ertrinkt fast im See.;Il se noie presque dans le lac.;He's almost drowning in the lake.
B1;ertrinken;se noyer;;;oui;;Perfekt;Zum Glück ist niemand ertrunken.;Heureusement, personne ne s'est noyé.;Luckily, nobody drowned.
B1;ertrinken;se noyer;;;oui;;Präteritum;Der Hund ertrank fast im Fluss.;Le chien se noyait presque dans la rivière.;The dog nearly drowned in the river.
B1;ertrinken;se noyer;;;oui;;Konjunktiv II;Ich würde dort nicht ertrinken.;Je ne me noierais pas là-bas.;I wouldn't drown there.
B1;verbrennen;brûler (quelque chose);Akkusativ;;;;Präsens;Ich verbrenne die alten Papiere.;Je brûle les vieux papiers.;I'm burning the old papers.
B1;verbrennen;brûler (quelque chose);Akkusativ;;;;Perfekt;Er hat sich die Hand verbrannt.;Il s'est brûlé la main.;He burned his hand.
B1;verbrennen;brûler (quelque chose);Akkusativ;;;;Präteritum;Sie verbrannte das Laub im Garten.;Elle brûlait les feuilles dans le jardin.;She burned the leaves in the garden.
B1;verbrennen;brûler (quelque chose);Akkusativ;;;;Konjunktiv II;Ich würde das nicht verbrennen.;Je ne brûlerais pas ça.;I wouldn't burn that.
B1;explodieren;exploser;;;oui;;Präsens;Der Reifen explodiert plötzlich.;Le pneu explose soudainement.;The tire suddenly explodes.
B1;explodieren;exploser;;;oui;;Perfekt;Die Bombe ist nicht explodiert.;La bombe n'a pas explosé.;The bomb didn't explode.
B1;explodieren;exploser;;;oui;;Präteritum;Der Motor explodierte laut.;Le moteur explosait bruyamment.;The engine exploded loudly.
B1;explodieren;exploser;;;oui;;Konjunktiv II;Das würde sofort explodieren.;Ça exploserait tout de suite.;That would explode immediately.
B1;zusammenbrechen;s'effondrer;;;oui;;Präsens;Das System bricht unter der Last zusammen.;Le système s'effondre sous la charge.;The system collapses under the load.
B1;zusammenbrechen;s'effondrer;;;oui;;Perfekt;Er ist vor Erschöpfung zusammengebrochen.;Il s'est effondré d'épuisement.;He collapsed from exhaustion.
B1;zusammenbrechen;s'effondrer;;;oui;;Präteritum;Die Wirtschaft brach zusammen.;L'économie s'effondrait.;The economy collapsed.
B1;zusammenbrechen;s'effondrer;;;oui;;Konjunktiv II;Das würde sicher zusammenbrechen.;Ça s'effondrerait sûrement.;That would surely collapse.
B1;einstürzen;s'effondrer (un bâtiment);;;oui;;Präsens;Das alte Gebäude stürzt ein.;Le vieux bâtiment s'effondre.;The old building is collapsing.
B1;einstürzen;s'effondrer (un bâtiment);;;oui;;Perfekt;Die Brücke ist eingestürzt.;Le pont s'est effondré.;The bridge collapsed.
B1;einstürzen;s'effondrer (un bâtiment);;;oui;;Präteritum;Die Mauer stürzte während des Bebens ein.;Le mur s'effondrait pendant le séisme.;The wall collapsed during the earthquake.
B1;einstürzen;s'effondrer (un bâtiment);;;oui;;Konjunktiv II;Das Dach würde sonst einstürzen.;Le toit s'effondrerait sinon.;The roof would otherwise collapse.
B1;zerstören;détruire;Akkusativ;;;;Präsens;Der Sturm zerstört viele Häuser.;La tempête détruit de nombreuses maisons.;The storm destroys many houses.
B1;zerstören;détruire;Akkusativ;;;;Perfekt;Das Feuer hat alles zerstört.;Le feu a tout détruit.;The fire destroyed everything.
B1;zerstören;détruire;Akkusativ;;;;Präteritum;Der Krieg zerstörte die Stadt.;La guerre détruisait la ville.;The war destroyed the city.
B1;zerstören;détruire;Akkusativ;;;;Konjunktiv II;Das würde alles zerstören.;Ça détruirait tout.;That would destroy everything.
B1;beschädigen;endommager;Akkusativ;;;;Präsens;Der Hagel beschädigt die Autos.;La grêle endommage les voitures.;The hail damages the cars.
B1;beschädigen;endommager;Akkusativ;;;;Perfekt;Er hat das Paket beschädigt.;Il a endommagé le colis.;He damaged the package.
B1;beschädigen;endommager;Akkusativ;;;;Präteritum;Der Sturm beschädigte das Dach.;La tempête endommageait le toit.;The storm damaged the roof.
B1;beschädigen;endommager;Akkusativ;;;;Konjunktiv II;Das würde das Gerät beschädigen.;Ça endommagerait l'appareil.;That would damage the device.
B1;wiederherstellen;restaurer, rétablir;Akkusativ;;;;Präsens;Ich stelle die Datei wieder her.;Je restaure le fichier.;I'm restoring the file.
B1;wiederherstellen;restaurer, rétablir;Akkusativ;;;;Perfekt;Sie haben die Ordnung wiederhergestellt.;Ils ont rétabli l'ordre.;They restored order.
B1;wiederherstellen;restaurer, rétablir;Akkusativ;;;;Präteritum;Er stellte das alte Gebäude wieder her.;Il restaurait l'ancien bâtiment.;He restored the old building.
B1;wiederherstellen;restaurer, rétablir;Akkusativ;;;;Konjunktiv II;Ich würde das gern wiederherstellen.;J'aimerais bien restaurer ça.;I would like to restore that.
B1;erneuern;renouveler;Akkusativ;;;;Präsens;Ich erneuere meinen Vertrag.;Je renouvelle mon contrat.;I'm renewing my contract.
B1;erneuern;renouveler;Akkusativ;;;;Perfekt;Sie haben das Dach erneuert.;Ils ont renouvelé le toit.;They renewed the roof.
B1;erneuern;renouveler;Akkusativ;;;;Präteritum;Er erneuerte seinen Pass.;Il renouvelait son passeport.;He renewed his passport.
B1;erneuern;renouveler;Akkusativ;;;;Konjunktiv II;Ich würde das erneuern.;Je renouvellerais ça.;I would renew that.
B1;austauschen;échanger;Akkusativ;;;;Präsens;Wir tauschen Erfahrungen aus.;Nous échangeons des expériences.;We're exchanging experiences.
B1;austauschen;échanger;Akkusativ;;;;Perfekt;Sie haben Nummern ausgetauscht.;Ils ont échangé des numéros.;They exchanged numbers.
B1;austauschen;échanger;Akkusativ;;;;Präteritum;Er tauschte das defekte Teil aus.;Il échangeait la pièce défectueuse.;He exchanged the defective part.
B1;austauschen;échanger;Akkusativ;;;;Konjunktiv II;Ich würde das gern austauschen.;J'aimerais bien échanger ça.;I would like to exchange that.
B1;tauschen;échanger, troquer;Akkusativ;;;;Präsens;Ich tausche mit dir den Platz.;J'échange ma place avec toi.;I'm swapping places with you.
B1;tauschen;échanger, troquer;Akkusativ;;;;Perfekt;Wir haben Bücher getauscht.;Nous avons échangé des livres.;We swapped books.
B1;tauschen;échanger, troquer;Akkusativ;;;;Präteritum;Sie tauschten die Karten.;Ils échangeaient les cartes.;They swapped the cards.
B1;tauschen;échanger, troquer;Akkusativ;;;;Konjunktiv II;Ich würde gern die Plätze tauschen.;J'aimerais échanger les places.;I would like to swap seats.
B1;spekulieren;spéculer;;über + Akkusativ;;;Präsens;Ich spekuliere gern mit Aktien.;J'aime spéculer avec des actions.;I like to speculate with stocks.
B1;spekulieren;spéculer;;über + Akkusativ;;;Perfekt;Er hat mit Aktien spekuliert.;Il a spéculé avec des actions.;He speculated with stocks.
B1;spekulieren;spéculer;;über + Akkusativ;;;Präteritum;Sie spekulierten über den Ausgang.;Ils spéculaient sur l'issue.;They speculated about the outcome.
B1;spekulieren;spéculer;;über + Akkusativ;;;Konjunktiv II;Ich würde darüber nicht spekulieren.;Je ne spéculerais pas là-dessus.;I wouldn't speculate about that.
B1;wetten;parier;;auf + Akkusativ;;;Präsens;Ich wette auf unser Team.;Je parie sur notre équipe.;I bet on our team.
B1;wetten;parier;;auf + Akkusativ;;;Perfekt;Er hat auf das falsche Team gewettet.;Il a parié sur la mauvaise équipe.;He bet on the wrong team.
B1;wetten;parier;;auf + Akkusativ;;;Präteritum;Sie wetteten auf den Sieger.;Ils ont parié sur le vainqueur.;They bet on the winner.
B1;wetten;parier;;auf + Akkusativ;;;Konjunktiv II;Ich würde darauf wetten.;Je parierais là-dessus.;I would bet on that.
B1;würfeln;jouer aux dés;;;oui;;Präsens;Wir würfeln um die Reihenfolge.;Nous jouons aux dés pour l'ordre.;We're rolling dice for the order.
B1;würfeln;jouer aux dés;;;oui;;Perfekt;Er hat eine Sechs gewürfelt.;Il a fait un six aux dés.;He rolled a six.
B1;würfeln;jouer aux dés;;;oui;;Präteritum;Sie würfelten den ganzen Abend.;Ils jouaient aux dés toute la soirée.;They played dice all evening.
B1;würfeln;jouer aux dés;;;oui;;Konjunktiv II;Ich würde jetzt gern würfeln.;J'aimerais bien jouer aux dés maintenant.;I would like to play dice now.
B1;losen;tirer au sort;;;oui;;Präsens;Wir losen, wer beginnt.;On tire au sort qui commence.;We're drawing lots for who starts.
B1;losen;tirer au sort;;;oui;;Perfekt;Sie haben um den Preis gelost.;Ils ont tiré au sort pour le prix.;They drew lots for the prize.
B1;losen;tirer au sort;;;oui;;Präteritum;Sie losten die Startreihenfolge aus.;Ils tiraient au sort l'ordre de départ.;They drew lots for the starting order.
B1;losen;tirer au sort;;;oui;;Konjunktiv II;Wir würden dafür losen.;On tirerait au sort pour ça.;We would draw lots for that.
B1;auslosen;tirer au sort (officiellement);Akkusativ;;;;Präsens;Der Verband lost die Paarungen aus.;La fédération tire au sort les rencontres.;The federation draws the pairings.
B1;auslosen;tirer au sort (officiellement);Akkusativ;;;;Perfekt;Man hat die Gruppen ausgelost.;On a tiré au sort les groupes.;The groups were drawn.
B1;auslosen;tirer au sort (officiellement);Akkusativ;;;;Präteritum;Sie losten die Gewinner aus.;Ils tiraient au sort les gagnants.;They drew the winners.
B1;auslosen;tirer au sort (officiellement);Akkusativ;;;;Konjunktiv II;Ich würde die Reihenfolge auslosen.;Je tirerais au sort l'ordre.;I would draw lots for the order.
B1;sich erkundigen;se renseigner;;nach + Dativ;;oui;Präsens;Ich erkundige mich nach dem Preis.;Je me renseigne sur le prix.;I'm inquiring about the price.
B1;sich erkundigen;se renseigner;;nach + Dativ;;oui;Perfekt;Er hat sich nach dem Weg erkundigt.;Il s'est renseigné sur le chemin.;He asked for directions.
B1;sich erkundigen;se renseigner;;nach + Dativ;;oui;Präteritum;Sie erkundigte sich nach seinem Befinden.;Elle se renseignait sur son état.;She asked about his well-being.
B1;sich erkundigen;se renseigner;;nach + Dativ;;oui;Konjunktiv II;Ich würde mich danach erkundigen.;Je me renseignerais là-dessus.;I would inquire about that.
B1;nachfragen;se renseigner, redemander;;nach + Dativ;;;Präsens;Ich frage nach dem Ergebnis.;Je demande le résultat.;I ask about the result.
B1;nachfragen;se renseigner, redemander;;nach + Dativ;;;Perfekt;Sie hat nach dem Ergebnis nachgefragt.;Elle a redemandé le résultat.;She asked again about the result.
B1;nachfragen;se renseigner, redemander;;nach + Dativ;;;Präteritum;Er fragte höflich nach dem Preis.;Il a demandé poliment le prix.;He politely asked about the price.
B1;nachfragen;se renseigner, redemander;;nach + Dativ;;;Konjunktiv II;Ich würde noch einmal nach dem Ergebnis nachfragen.;Je redemanderais le résultat.;I would ask again about the result.
B1;hinterfragen;remettre en question;Akkusativ;;;;Präsens;Ich hinterfrage die Entscheidung.;Je remets en question la décision.;I'm questioning the decision.
B1;hinterfragen;remettre en question;Akkusativ;;;;Perfekt;Er hat die Regel hinterfragt.;Il a remis en question la règle.;He questioned the rule.
B1;hinterfragen;remettre en question;Akkusativ;;;;Präteritum;Sie hinterfragte seine Motive.;Elle remettait en question ses motifs.;She questioned his motives.
B1;hinterfragen;remettre en question;Akkusativ;;;;Konjunktiv II;Ich würde das hinterfragen.;Je remettrais ça en question.;I would question that.
B1;beanstanden;contester, réclamer;Akkusativ;;;;Präsens;Ich beanstande die Rechnung.;Je conteste la facture.;I'm objecting to the invoice.
B1;beanstanden;contester, réclamer;Akkusativ;;;;Perfekt;Er hat die Lieferung beanstandet.;Il a réclamé au sujet de la livraison.;He complained about the delivery.
B1;beanstanden;contester, réclamer;Akkusativ;;;;Präteritum;Sie beanstandete den Preis.;Elle contestait le prix.;She objected to the price.
B1;beanstanden;contester, réclamer;Akkusativ;;;;Konjunktiv II;Ich würde das beanstanden.;Je contesterais ça.;I would object to that.
B1;reklamieren;réclamer;Akkusativ;;;;Präsens;Ich reklamiere das kaputte Produkt.;Je réclame au sujet du produit cassé.;I'm making a complaint about the broken product.
B1;reklamieren;réclamer;Akkusativ;;;;Perfekt;Sie hat das defekte Produkt reklamiert.;Elle a réclamé pour le produit défectueux.;She complained about the defective product.
B1;reklamieren;réclamer;Akkusativ;;;;Präteritum;Er reklamierte das kaputte Gerät sofort.;Il a réclamé l'appareil cassé immédiatement.;He immediately complained about the broken device.
B1;reklamieren;réclamer;Akkusativ;;;;Konjunktiv II;Ich würde das reklamieren.;Je réclamerais ça.;I would complain about that.
B1;umtauschen;échanger (un achat);Akkusativ;;;;Präsens;Ich tausche das Hemd um.;J'échange la chemise.;I'm exchanging the shirt.
B1;umtauschen;échanger (un achat);Akkusativ;;;;Perfekt;Er hat die Schuhe umgetauscht.;Il a échangé les chaussures.;He exchanged the shoes.
B1;umtauschen;échanger (un achat);Akkusativ;;;;Präteritum;Sie tauschte das Geschenk um.;Elle échangeait le cadeau.;She exchanged the gift.
B1;umtauschen;échanger (un achat);Akkusativ;;;;Konjunktiv II;Ich würde das gern umtauschen.;J'aimerais bien échanger ça.;I would like to exchange that.
B1;zurückgeben;rendre;Akkusativ+Dativ;;;;Präsens;Ich gebe dir das Buch zurück.;Je te rends le livre.;I give you back the book.
B1;zurückgeben;rendre;Akkusativ+Dativ;;;;Perfekt;Er hat mir das Geld zurückgegeben.;Il m'a rendu l'argent.;He gave me back the money.
B1;zurückgeben;rendre;Akkusativ+Dativ;;;;Präteritum;Sie gab ihm den Schlüssel zurück.;Elle lui a rendu la clé.;She gave him back the key.
B1;zurückgeben;rendre;Akkusativ+Dativ;;;;Konjunktiv II;Ich würde dir das sofort zurückgeben.;Je te le rendrais tout de suite.;I would give that back to you right away.
B1;zurückzahlen;rembourser;Akkusativ+Dativ;;;;Präsens;Ich zahle dir das Geld zurück.;Je te rembourse l'argent.;I'm paying you back the money.
B1;zurückzahlen;rembourser;Akkusativ+Dativ;;;;Perfekt;Er hat mir den Kredit zurückgezahlt.;Il m'a remboursé le crédit.;He paid back the loan to me.
B1;zurückzahlen;rembourser;Akkusativ+Dativ;;;;Präteritum;Sie zahlte ihm die Schulden zurück.;Elle lui a remboursé ses dettes.;She paid back her debts to him.
B1;zurückzahlen;rembourser;Akkusativ+Dativ;;;;Konjunktiv II;Ich würde dir das bald zurückzahlen.;Je te le rembourserais bientôt.;I would pay you back soon.
B1;borgen;prêter, emprunter;Akkusativ+Dativ;;;;Präsens;Ich borge ihm mein Fahrrad.;Je lui prête mon vélo.;I lend him my bike.
B1;borgen;prêter, emprunter;Akkusativ+Dativ;;;;Perfekt;Er hat mir Geld geborgt.;Il m'a prêté de l'argent.;He lent me money.
B1;borgen;prêter, emprunter;Akkusativ+Dativ;;;;Präteritum;Sie borgte ihm ein Buch.;Elle lui a prêté un livre.;She lent him a book.
B1;borgen;prêter, emprunter;Akkusativ+Dativ;;;;Konjunktiv II;Ich würde ihm das gern borgen.;Je le lui prêterais volontiers.;I would gladly lend that to him.
B1;verpachten;affermer, louer (des biens);Akkusativ;;;;Präsens;Er verpachtet sein Land.;Il afferme son terrain.;He leases out his land.
B1;verpachten;affermer, louer (des biens);Akkusativ;;;;Perfekt;Sie haben den Hof verpachtet.;Ils ont affermé la ferme.;They leased out the farm.
B1;verpachten;affermer, louer (des biens);Akkusativ;;;;Präteritum;Er verpachtete die Felder.;Il affermait les champs.;He leased out the fields.
B1;verpachten;affermer, louer (des biens);Akkusativ;;;;Konjunktiv II;Ich würde das Grundstück verpachten.;J'affermerais le terrain.;I would lease out the property.
B1;spenden;faire un don;Akkusativ;;;;Präsens;Ich spende jeden Monat Geld.;Je fais un don d'argent chaque mois.;I donate money every month.
B1;spenden;faire un don;Akkusativ;;;;Perfekt;Sie hat Kleidung gespendet.;Elle a fait don de vêtements.;She donated clothes.
B1;spenden;faire un don;Akkusativ;;;;Präteritum;Er spendete Geld für den guten Zweck.;Il a fait un don d'argent pour la bonne cause.;He donated money for the good cause.
B1;spenden;faire un don;Akkusativ;;;;Konjunktiv II;Ich würde gern Geld spenden.;J'aimerais faire un don d'argent.;I would like to donate money.
B1;stiften;fonder, faire un don;Akkusativ;;;;Präsens;Er stiftet eine Bibliothek.;Il fonde une bibliothèque.;He's founding a library.
B1;stiften;fonder, faire un don;Akkusativ;;;;Perfekt;Sie hat der Schule Bücher gestiftet.;Elle a fait don de livres à l'école.;She donated books to the school.
B1;stiften;fonder, faire un don;Akkusativ;;;;Präteritum;Er stiftete den Preis.;Il faisait don du prix.;He donated the prize.
B1;stiften;fonder, faire un don;Akkusativ;;;;Konjunktiv II;Ich würde das Geld dafür stiften.;Je ferais don de l'argent pour ça.;I would donate the money for that.
B1;sammeln;collectionner, collecter;Akkusativ;;;;Präsens;Ich sammle Briefmarken.;Je collectionne les timbres.;I collect stamps.
B1;sammeln;collectionner, collecter;Akkusativ;;;;Perfekt;Wir haben Spenden gesammelt.;Nous avons collecté des dons.;We collected donations.
B1;sammeln;collectionner, collecter;Akkusativ;;;;Präteritum;Sie sammelte Erfahrungen im Ausland.;Elle accumulait de l'expérience à l'étranger.;She gained experience abroad.
B1;sammeln;collectionner, collecter;Akkusativ;;;;Konjunktiv II;Ich würde das gern sammeln.;J'aimerais bien collectionner ça.;I would like to collect that.
B1;aufbewahren;conserver, garder;Akkusativ;;;;Präsens;Ich bewahre die Belege auf.;Je conserve les reçus.;I keep the receipts.
B1;aufbewahren;conserver, garder;Akkusativ;;;;Perfekt;Sie hat die Briefe aufbewahrt.;Elle a gardé les lettres.;She kept the letters.
B1;aufbewahren;conserver, garder;Akkusativ;;;;Präteritum;Er bewahrte das Geld sicher auf.;Il conservait l'argent en sécurité.;He kept the money safe.
B1;aufbewahren;conserver, garder;Akkusativ;;;;Konjunktiv II;Ich würde das gut aufbewahren.;Je conserverais bien ça.;I would keep that well.
B1;lagern;stocker, entreposer;Akkusativ;;;;Präsens;Wir lagern die Ware im Keller.;Nous stockons la marchandise à la cave.;We store the goods in the cellar.
B1;lagern;stocker, entreposer;Akkusativ;;;;Perfekt;Sie haben das Holz trocken gelagert.;Ils ont entreposé le bois au sec.;They stored the wood dry.
B1;lagern;stocker, entreposer;Akkusativ;;;;Präteritum;Er lagerte die Kisten im Lager.;Il entreposait les caisses dans l'entrepôt.;He stored the boxes in the warehouse.
B1;lagern;stocker, entreposer;Akkusativ;;;;Konjunktiv II;Ich würde das anders lagern.;Je stockerais ça autrement.;I would store that differently.
B1;verstauen;ranger, caser;Akkusativ;;;;Präsens;Ich verstaue die Koffer im Kofferraum.;Je range les valises dans le coffre.;I'm stowing the suitcases in the trunk.
B1;verstauen;ranger, caser;Akkusativ;;;;Perfekt;Er hat alles gut verstaut.;Il a bien tout rangé.;He stowed everything well.
B1;verstauen;ranger, caser;Akkusativ;;;;Präteritum;Sie verstaute die Taschen im Auto.;Elle rangeait les sacs dans la voiture.;She packed the bags in the car.
B1;verstauen;ranger, caser;Akkusativ;;;;Konjunktiv II;Ich würde das anders verstauen.;Je rangerais ça autrement.;I would pack that differently.
B1;transportieren;transporter;Akkusativ;;;;Präsens;Der Lastwagen transportiert die Möbel.;Le camion transporte les meubles.;The truck transports the furniture.
B1;transportieren;transporter;Akkusativ;;;;Perfekt;Sie haben die Kisten transportiert.;Ils ont transporté les caisses.;They transported the boxes.
B1;transportieren;transporter;Akkusativ;;;;Präteritum;Der Zug transportierte Kohle.;Le train transportait du charbon.;The train transported coal.
B1;transportieren;transporter;Akkusativ;;;;Konjunktiv II;Ich würde das mit dem Auto transportieren.;Je transporterais ça en voiture.;I would transport that by car.
B1;befördern;transporter, promouvoir;Akkusativ;;;;Präsens;Der Zug befördert tausend Fahrgäste.;Le train transporte mille passagers.;The train transports a thousand passengers.
B1;befördern;transporter, promouvoir;Akkusativ;;;;Perfekt;Man hat sie zur Managerin befördert.;On l'a promue directrice.;She was promoted to manager.
B1;befördern;transporter, promouvoir;Akkusativ;;;;Präteritum;Das Schiff beförderte Container.;Le bateau transportait des conteneurs.;The ship transported containers.
B1;befördern;transporter, promouvoir;Akkusativ;;;;Konjunktiv II;Ich würde ihn befördern.;Je le promouvrais.;I would promote him.
B1;verladen;charger (des marchandises);Akkusativ;;;;Präsens;Wir verladen die Ware auf den Zug.;Nous chargeons la marchandise sur le train.;We're loading the goods onto the train.
B1;verladen;charger (des marchandises);Akkusativ;;;;Perfekt;Sie haben die Container verladen.;Ils ont chargé les conteneurs.;They loaded the containers.
B1;verladen;charger (des marchandises);Akkusativ;;;;Präteritum;Er verlud die Kisten auf das Schiff.;Il chargeait les caisses sur le bateau.;He loaded the boxes onto the ship.
B1;verladen;charger (des marchandises);Akkusativ;;;;Konjunktiv II;Ich würde das anders verladen.;Je chargerais ça autrement.;I would load that differently.
B1;versenden;expédier;Akkusativ;;;;Präsens;Wir versenden die Bestellung heute.;Nous expédions la commande aujourd'hui.;We're shipping the order today.
B1;versenden;expédier;Akkusativ;;;;Perfekt;Sie haben das Paket versendet.;Ils ont expédié le colis.;They shipped the package.
B1;versenden;expédier;Akkusativ;;;;Präteritum;Er versendete die Rechnungen per Post.;Il expédiait les factures par la poste.;He sent the invoices by mail.
B1;versenden;expédier;Akkusativ;;;;Konjunktiv II;Ich würde das sofort versenden.;Je l'expédierais tout de suite.;I would ship that right away.
B1;zustellen;livrer, distribuer;Akkusativ+Dativ;;;;Präsens;Der Postbote stellt uns die Briefe zu.;Le facteur nous livre les lettres.;The postman delivers the letters to us.
B1;zustellen;livrer, distribuer;Akkusativ+Dativ;;;;Perfekt;Man hat uns das Paket pünktlich zugestellt.;On nous a livré le colis à temps.;They delivered the package to us on time.
B1;zustellen;livrer, distribuer;Akkusativ+Dativ;;;;Präteritum;Der Bote stellte ihr das Päckchen zu.;Le facteur lui a livré le colis.;The courier delivered the package to her.
B1;zustellen;livrer, distribuer;Akkusativ+Dativ;;;;Konjunktiv II;Ich würde dir das persönlich zustellen.;Je te le livrerais en personne.;I would personally deliver that to you.
B1;schlagen;frapper, battre;Akkusativ;;;;Präsens;Die Uhr schlägt gerade zwölf.;L'horloge sonne midi.;The clock is striking twelve.
B1;schlagen;frapper, battre;Akkusativ;;;;Perfekt;Unsere Mannschaft hat sie klar geschlagen.;Notre équipe les a nettement battus.;Our team beat them clearly.
B1;schlagen;frapper, battre;Akkusativ;;;;Präteritum;Der Regen schlug gegen die Fenster.;La pluie frappait contre les fenêtres.;The rain beat against the windows.
B1;schlagen;frapper, battre;Akkusativ;;;;Konjunktiv II;Ich würde diesen Nagel etwas tiefer schlagen.;J'enfoncerais ce clou un peu plus profond.;I would drive this nail in a bit deeper.
B1;brennen;brûler;;;oui;;Präsens;Im Kamin brennt ein kleines Feuer.;Un petit feu brûle dans la cheminée.;A small fire is burning in the fireplace.
B1;brennen;brûler;;;oui;;Perfekt;Das Licht hat die ganze Nacht gebrannt.;La lumière a brûlé toute la nuit.;The light burned all night.
B1;brennen;brûler;;;oui;;Präteritum;Die Scheune brannte bis zum Morgen.;La grange a brûlé jusqu'au matin.;The barn burned until morning.
B1;brennen;brûler;;;oui;;Konjunktiv II;Trockenes Holz würde besser brennen.;Du bois sec brûlerait mieux.;Dry wood would burn better.
B1;reichen;"suffire ; passer, tendre";Akkusativ+Dativ;;;;Präsens;Das Geld reicht bis Monatsende.;L'argent suffit jusqu'à la fin du mois.;The money lasts until the end of the month.
B1;reichen;"suffire ; passer, tendre";Akkusativ+Dativ;;;;Perfekt;Sie hat mir das Salz gereicht.;Elle m'a passé le sel.;She passed me the salt.
B1;reichen;"suffire ; passer, tendre";Akkusativ+Dativ;;;;Präteritum;Die Zeit reichte nicht für alle Fragen.;Le temps n'a pas suffi pour toutes les questions.;There wasn't enough time for all the questions.
B1;reichen;"suffire ; passer, tendre";Akkusativ+Dativ;;;;Konjunktiv II;Eine Stunde würde für dieses Gespräch reichen.;Une heure suffirait pour cet entretien.;An hour would be enough for this conversation.
B1;töten;tuer;Akkusativ;;;;Präsens;Dieses Mittel tötet die Bakterien.;Ce produit tue les bactéries.;This agent kills the bacteria.
B1;töten;tuer;Akkusativ;;;;Perfekt;Der Frost hat alle Blumen getötet.;Le gel a tué toutes les fleurs.;The frost killed all the flowers.
B1;töten;tuer;Akkusativ;;;;Präteritum;Die Krankheit tötete damals Tausende.;La maladie a tué des milliers de personnes à l'époque.;The disease killed thousands at the time.
B1;töten;tuer;Akkusativ;;;;Konjunktiv II;Eine höhere Dosis würde die Pflanze töten.;Une dose plus forte tuerait la plante.;A higher dose would kill the plant.
B1;einstellen;"régler ; embaucher";Akkusativ;;;;Präsens;Stell bitte die Heizung wärmer ein.;Règle le chauffage plus chaud, s'il te plaît.;Please set the heating warmer.
B1;einstellen;"régler ; embaucher";Akkusativ;;;;Perfekt;Die Firma hat zehn neue Leute eingestellt.;L'entreprise a embauché dix nouvelles personnes.;The company hired ten new people.
B1;einstellen;"régler ; embaucher";Akkusativ;;;;Präteritum;Er stellte den Wecker auf sechs Uhr ein.;Il a réglé le réveil sur six heures.;He set the alarm for six o'clock.
B1;einstellen;"régler ; embaucher";Akkusativ;;;;Konjunktiv II;Ich würde den Ton etwas leiser einstellen.;Je réglerais le son un peu moins fort.;I would set the volume a bit lower.
B1;treten;marcher sur, donner un coup de pied;Akkusativ;;;;Präsens;Tritt bitte nicht auf die Blumen.;Ne marche pas sur les fleurs, s'il te plaît.;Please don't step on the flowers.
B1;treten;marcher sur, donner un coup de pied;Akkusativ;;;;Perfekt;Sie ist versehentlich in eine Pfütze getreten.;Elle a marché par mégarde dans une flaque.;She accidentally stepped in a puddle.
B1;treten;marcher sur, donner un coup de pied;Akkusativ;;;;Präteritum;Er trat einen Schritt zurück.;Il a fait un pas en arrière.;He took a step back.
B1;treten;marcher sur, donner un coup de pied;Akkusativ;;;;Konjunktiv II;Ohne Licht würde ich hier auf etwas treten.;Sans lumière, je marcherais sur quelque chose ici.;Without light I would step on something here.
B1;berühren;toucher;Akkusativ;;;;Präsens;Bitte berühren Sie die Bilder nicht.;Veuillez ne pas toucher les tableaux.;Please do not touch the paintings.
B1;berühren;toucher;Akkusativ;;;;Perfekt;Ihre Geschichte hat mich tief berührt.;Son histoire m'a profondément touché.;Her story touched me deeply.
B1;berühren;toucher;Akkusativ;;;;Präteritum;Er berührte vorsichtig ihre Schulter.;Il a touché doucement son épaule.;He gently touched her shoulder.
B1;berühren;toucher;Akkusativ;;;;Konjunktiv II;Ein solches Ende würde jeden Zuschauer berühren.;Une telle fin toucherait chaque spectateur.;Such an ending would move every viewer.
B1;bieten;offrir, proposer;Akkusativ+Dativ;;;;Präsens;Die Stadt bietet viel für Familien.;La ville offre beaucoup pour les familles.;The city offers a lot for families.
B1;bieten;offrir, proposer;Akkusativ+Dativ;;;;Perfekt;Man hat ihm eine bessere Stelle geboten.;On lui a offert un meilleur poste.;He was offered a better position.
B1;bieten;offrir, proposer;Akkusativ+Dativ;;;;Präteritum;Der Abend bot uns eine große Überraschung.;La soirée nous a réservé une grande surprise.;The evening offered us a big surprise.
B1;bieten;offrir, proposer;Akkusativ+Dativ;;;;Konjunktiv II;Für dieses Bild würde ich mehr bieten.;Pour ce tableau, j'offrirais davantage.;For this painting I would offer more.
B1;fürchten;craindre;Akkusativ;;;;Präsens;Ich fürchte, wir kommen zu spät.;Je crains que nous arrivions trop tard.;I'm afraid we'll be late.
B1;fürchten;craindre;Akkusativ;;;;Perfekt;Sie hat den Winter immer gefürchtet.;Elle a toujours redouté l'hiver.;She always dreaded the winter.
B1;fürchten;craindre;Akkusativ;;;;Präteritum;Er fürchtete die Reaktion seines Vaters.;Il redoutait la réaction de son père.;He feared his father's reaction.
B1;fürchten;craindre;Akkusativ;;;;Konjunktiv II;An ihrer Stelle würde ich nichts fürchten.;À sa place, je ne craindrais rien.;In her place I would fear nothing.
B1;klappen;marcher, fonctionner;;;oui;;Präsens;Hoffentlich klappt alles morgen.;Espérons que tout marchera demain.;Hopefully everything will work out tomorrow.
B1;klappen;marcher, fonctionner;;;oui;;Perfekt;Der Umzug hat gut geklappt.;Le déménagement s'est bien passé.;The move went well.
B1;klappen;marcher, fonctionner;;;oui;;Präteritum;Beim dritten Versuch klappte es endlich.;Au troisième essai, ça a enfin marché.;On the third attempt it finally worked.
B1;klappen;marcher, fonctionner;;;oui;;Konjunktiv II;Mit mehr Zeit würde das sicher klappen.;Avec plus de temps, ça marcherait sûrement.;With more time it would surely work.
B1;abkühlen;refroidir;Akkusativ;;;;Präsens;Lass die Suppe kurz abkühlen.;Laisse la soupe refroidir un peu.;Let the soup cool down a little.
B1;abkühlen;refroidir;Akkusativ;;;;Perfekt;Der Motor ist über Nacht abgekühlt.;Le moteur a refroidi pendant la nuit.;The engine cooled down overnight.
B1;abkühlen;refroidir;Akkusativ;;;;Präteritum;Am Abend kühlte die Luft schnell ab.;Le soir, l'air s'est vite refroidi.;In the evening the air cooled quickly.
B1;abkühlen;refroidir;Akkusativ;;;;Konjunktiv II;Im Schatten würde das Wasser schneller abkühlen.;À l'ombre, l'eau refroidirait plus vite.;In the shade the water would cool faster.
B1;aufgehen;"se lever (astre) ; s'ouvrir";;;oui;;Präsens;Im Sommer geht die Sonne früh auf.;En été, le soleil se lève tôt.;In summer the sun rises early.
B1;aufgehen;"se lever (astre) ; s'ouvrir";;;oui;;Perfekt;Der Teig ist über Nacht schön aufgegangen.;La pâte a bien levé pendant la nuit.;The dough rose nicely overnight.
B1;aufgehen;"se lever (astre) ; s'ouvrir";;;oui;;Präteritum;Die Tür ging von selbst auf.;La porte s'est ouverte toute seule.;The door opened by itself.
B1;aufgehen;"se lever (astre) ; s'ouvrir";;;oui;;Konjunktiv II;Mit mehr Hefe würde der Teig besser aufgehen.;Avec plus de levure, la pâte lèverait mieux.;With more yeast the dough would rise better.
B1;zerbrechen;se briser, briser;Akkusativ;;;;Präsens;Vorsicht, das Glas zerbricht leicht.;Attention, le verre se brise facilement.;Careful, the glass breaks easily.
B1;zerbrechen;se briser, briser;Akkusativ;;;;Perfekt;Die Vase ist beim Umzug zerbrochen.;Le vase s'est brisé pendant le déménagement.;The vase broke during the move.
B1;zerbrechen;se briser, briser;Akkusativ;;;;Präteritum;Der Teller zerbrach in tausend Stücke.;L'assiette s'est brisée en mille morceaux.;The plate shattered into a thousand pieces.
B1;zerbrechen;se briser, briser;Akkusativ;;;;Konjunktiv II;Ohne Verpackung würde die Tasse zerbrechen.;Sans emballage, la tasse se briserait.;Without packaging the cup would break.
B1;blasen;souffler;Akkusativ;;;;Präsens;Das Kind bläst die Kerzen aus.;L'enfant souffle les bougies.;The child blows out the candles.
B1;blasen;souffler;Akkusativ;;;;Perfekt;Der Wind hat das Laub weggeblasen.;Le vent a emporté les feuilles.;The wind blew the leaves away.
B1;blasen;souffler;Akkusativ;;;;Präteritum;Er blies leise in die Trompete.;Il a soufflé doucement dans la trompette.;He blew softly into the trumpet.
B1;blasen;souffler;Akkusativ;;;;Konjunktiv II;Ohne Wind würde niemand die Segel blasen sehen.;Sans vent, personne ne verrait les voiles se gonfler.;Without wind nobody would see the sails fill.
B1;bedecken;couvrir, recouvrir;Akkusativ;;;;Präsens;Wolken bedecken den ganzen Himmel.;Des nuages couvrent tout le ciel.;Clouds cover the whole sky.
B1;bedecken;couvrir, recouvrir;Akkusativ;;;;Perfekt;Schnee hat die Straßen bedeckt.;La neige a recouvert les rues.;Snow covered the streets.
B1;bedecken;couvrir, recouvrir;Akkusativ;;;;Präteritum;Staub bedeckte die alten Bücher.;La poussière recouvrait les vieux livres.;Dust covered the old books.
B1;bedecken;couvrir, recouvrir;Akkusativ;;;;Konjunktiv II;Ein Tuch würde den Tisch besser bedecken.;Un tissu couvrirait mieux la table.;A cloth would cover the table better.
B1;schalten;commuter, passer (une vitesse);Akkusativ;;;;Präsens;Am Berg schalte ich in den zweiten Gang.;Dans la côte, je passe en deuxième.;On the hill I change into second gear.
B1;schalten;commuter, passer (une vitesse);Akkusativ;;;;Perfekt;Er hat den Fernseher auf einen anderen Kanal geschaltet.;Il a mis la télé sur une autre chaîne.;He switched the TV to another channel.
B1;schalten;commuter, passer (une vitesse);Akkusativ;;;;Präteritum;Die Ampel schaltete auf Grün.;Le feu est passé au vert.;The traffic light switched to green.
B1;schalten;commuter, passer (une vitesse);Akkusativ;;;;Konjunktiv II;Bei dieser Steigung würde ich früher schalten.;Dans cette montée, je changerais de vitesse plus tôt.;On this slope I would change gear earlier.
B1;wickeln;enrouler, emballer;Akkusativ;;;;Präsens;Sie wickelt das Geschenk in buntes Papier.;Elle emballe le cadeau dans du papier coloré.;She wraps the present in colourful paper.
B1;wickeln;enrouler, emballer;Akkusativ;;;;Perfekt;Er hat den Schal um den Hals gewickelt.;Il a enroulé l'écharpe autour de son cou.;He wrapped the scarf around his neck.
B1;wickeln;enrouler, emballer;Akkusativ;;;;Präteritum;Die Mutter wickelte das Baby vorsichtig.;La mère a langé le bébé délicatement.;The mother carefully changed the baby.
B1;wickeln;enrouler, emballer;Akkusativ;;;;Konjunktiv II;Ich würde das Kabel lockerer wickeln.;J'enroulerais le câble moins serré.;I would wind the cable more loosely.
B1;ablegen;"déposer, poser ; passer (un examen)";Akkusativ;;;;Präsens;Legen Sie bitte Ihren Mantel ab.;Déposez votre manteau, s'il vous plaît.;Please take off your coat.
B1;ablegen;"déposer, poser ; passer (un examen)";Akkusativ;;;;Perfekt;Sie hat die Prüfung im Juni abgelegt.;Elle a passé l'examen en juin.;She took the exam in June.
B1;ablegen;"déposer, poser ; passer (un examen)";Akkusativ;;;;Präteritum;Er legte die schweren Taschen ab.;Il a posé les sacs lourds.;He put down the heavy bags.
B1;ablegen;"déposer, poser ; passer (un examen)";Akkusativ;;;;Konjunktiv II;Diese Gewohnheit würde ich langsam ablegen.;Je perdrais cette habitude petit à petit.;I would gradually give up this habit.
B1;ansprechen;adresser la parole à, aborder;Akkusativ;;;;Präsens;Sprich ihn ruhig auf Deutsch an.;Adresse-toi à lui en allemand, sans crainte.;Feel free to address him in German.
B1;ansprechen;adresser la parole à, aborder;Akkusativ;;;;Perfekt;Niemand hat dieses Problem angesprochen.;Personne n'a abordé ce problème.;Nobody brought up this problem.
B1;ansprechen;adresser la parole à, aborder;Akkusativ;;;;Präteritum;Eine Frau sprach mich auf der Straße an.;Une femme m'a abordé dans la rue.;A woman approached me in the street.
B1;ansprechen;adresser la parole à, aborder;Akkusativ;;;;Konjunktiv II;Ich würde das Thema beim Essen ansprechen.;J'aborderais le sujet pendant le repas.;I would bring up the subject over dinner.
B1;aufstellen;"installer, dresser ; établir";Akkusativ;;;;Präsens;Wir stellen das Zelt am Fluss auf.;Nous montons la tente près de la rivière.;We're putting up the tent by the river.
B1;aufstellen;"installer, dresser ; établir";Akkusativ;;;;Perfekt;Sie hat einen neuen Rekord aufgestellt.;Elle a établi un nouveau record.;She set a new record.
B1;aufstellen;"installer, dresser ; établir";Akkusativ;;;;Präteritum;Man stellte die Stühle im Kreis auf.;On a disposé les chaises en cercle.;The chairs were arranged in a circle.
B1;aufstellen;"installer, dresser ; établir";Akkusativ;;;;Konjunktiv II;Ich würde den Schrank an die andere Wand aufstellen.;Je placerais l'armoire contre l'autre mur.;I would put the cupboard against the other wall.
B1;reißen;déchirer, arracher;Akkusativ;;;;Präsens;Reiß die Seite bitte nicht heraus.;N'arrache pas la page, s'il te plaît.;Please don't tear out the page.
B1;reißen;déchirer, arracher;Akkusativ;;;;Perfekt;Das Seil ist unter der Last gerissen.;La corde a cédé sous la charge.;The rope snapped under the load.
B1;reißen;déchirer, arracher;Akkusativ;;;;Präteritum;Der Wind riss ihm den Hut vom Kopf.;Le vent lui a arraché le chapeau de la tête.;The wind tore the hat off his head.
B1;reißen;déchirer, arracher;Akkusativ;;;;Konjunktiv II;Dünneres Papier würde sofort reißen.;Un papier plus fin se déchirerait tout de suite.;Thinner paper would tear immediately.
B1;nachsehen;vérifier, aller voir;Akkusativ;;;;Präsens;Ich sehe schnell im Kalender nach.;Je vérifie vite dans le calendrier.;I'll quickly check the calendar.
B1;nachsehen;vérifier, aller voir;Akkusativ;;;;Perfekt;Hast du schon im Wörterbuch nachgesehen?;As-tu déjà vérifié dans le dictionnaire ?;Have you checked in the dictionary?
B1;nachsehen;vérifier, aller voir;Akkusativ;;;;Präteritum;Er sah nach, ob die Tür verschlossen war.;Il est allé voir si la porte était fermée.;He checked whether the door was locked.
B1;nachsehen;vérifier, aller voir;Akkusativ;;;;Konjunktiv II;An deiner Stelle würde ich zweimal nachsehen.;À ta place, je vérifierais deux fois.;In your place I would check twice.
B1;abgehen;"partir ; se détacher";;;oui;;Präsens;Der Knopf geht gleich ab.;Le bouton va se détacher.;The button is about to come off.
B1;abgehen;"partir ; se détacher";;;oui;;Perfekt;Der Fleck ist beim Waschen abgegangen.;La tache est partie au lavage.;The stain came out in the wash.
B1;abgehen;"partir ; se détacher";;;oui;;Präteritum;Der Zug ging pünktlich ab.;Le train est parti à l'heure.;The train departed on time.
B1;abgehen;"partir ; se détacher";;;oui;;Konjunktiv II;Mit heißem Wasser würde der Fleck abgehen.;Avec de l'eau chaude, la tache partirait.;With hot water the stain would come out.
B1;umbringen;tuer, assassiner;Akkusativ;;;;Präsens;Diese Hitze bringt mich noch um.;Cette chaleur va finir par me tuer.;This heat is going to kill me.
B1;umbringen;tuer, assassiner;Akkusativ;;;;Perfekt;Im Roman hat der Täter zwei Menschen umgebracht.;Dans le roman, le coupable a tué deux personnes.;In the novel the culprit killed two people.
B1;umbringen;tuer, assassiner;Akkusativ;;;;Präteritum;Die Kälte brachte fast alle Pflanzen um.;Le froid a tué presque toutes les plantes.;The cold killed almost all the plants.
B1;umbringen;tuer, assassiner;Akkusativ;;;;Konjunktiv II;So viel Arbeit würde jeden umbringen.;Autant de travail tuerait n'importe qui.;That much work would kill anyone.
B1;anstreichen;"peindre ; souligner";Akkusativ;;;;Präsens;Wir streichen die Küche gelb an.;Nous peignons la cuisine en jaune.;We're painting the kitchen yellow.
B1;anstreichen;"peindre ; souligner";Akkusativ;;;;Perfekt;Der Lehrer hat die Fehler rot angestrichen.;L'enseignant a souligné les fautes en rouge.;The teacher marked the mistakes in red.
B1;anstreichen;"peindre ; souligner";Akkusativ;;;;Präteritum;Sie strich den Zaun im Sommer an.;Elle a peint la clôture pendant l'été.;She painted the fence in the summer.
B1;anstreichen;"peindre ; souligner";Akkusativ;;;;Konjunktiv II;Ich würde die Wand lieber weiß anstreichen.;Je peindrais plutôt le mur en blanc.;I would rather paint the wall white.
B1;aufziehen;"élever (un enfant) ; remonter";Akkusativ;;;;Präsens;Sie zieht drei Kinder allein auf.;Elle élève trois enfants seule.;She is raising three children alone.
B1;aufziehen;"élever (un enfant) ; remonter";Akkusativ;;;;Perfekt;Er hat die alte Uhr wieder aufgezogen.;Il a remonté la vieille horloge.;He wound up the old clock again.
B1;aufziehen;"élever (un enfant) ; remonter";Akkusativ;;;;Präteritum;Die Großeltern zogen den Jungen auf.;Les grands-parents ont élevé le garçon.;The grandparents raised the boy.
B1;aufziehen;"élever (un enfant) ; remonter";Akkusativ;;;;Konjunktiv II;Auf dem Land würde ich meine Kinder anders aufziehen.;À la campagne, j'élèverais mes enfants autrement.;In the country I would raise my children differently.
B1;annehmen;accepter, supposer;Akkusativ;;;;Präsens;Sie nimmt das Angebot sofort an.;Elle accepte l'offre immédiatement.;She accepts the offer immediately.
B1;annehmen;accepter, supposer;Akkusativ;;;;Perfekt;Sie hat das Angebot sofort angenommen.;Elle a accepté l'offre immédiatement.;She accepted the offer immediately.
B1;annehmen;accepter, supposer;Akkusativ;;;;Präteritum;Sie nahm das Angebot sofort an.;Elle accepta l'offre immédiatement.;She accepted the offer immediately.
B1;annehmen;accepter, supposer;Akkusativ;;;;Konjunktiv II;Ich würde das Angebot an deiner Stelle annehmen.;À ta place, j'accepterais l'offre.;In your place, I would accept the offer.
B1;einziehen;emménager;;in + Akkusativ;;;Präsens;Wir ziehen nächsten Monat in die neue Wohnung ein.;Nous emménageons dans le nouvel appartement le mois prochain.;We're moving into the new apartment next month.
B1;einziehen;emménager;;in + Akkusativ;;;Perfekt;Wir sind letzten Monat in die neue Wohnung eingezogen.;Nous avons emménagé dans le nouvel appartement le mois dernier.;We moved into the new apartment last month.
B1;einziehen;emménager;;in + Akkusativ;;;Präteritum;Wir zogen letzten Monat in die neue Wohnung ein.;Nous avons emménagé dans le nouvel appartement le mois dernier.;We moved into the new apartment last month.
B1;einziehen;emménager;;in + Akkusativ;;;Konjunktiv II;Wir würden am liebsten schon nächste Woche einziehen.;Nous aimerions emménager dès la semaine prochaine.;We would prefer to move in as early as next week.
B1;entsorgen;éliminer, jeter (des déchets);Akkusativ;;;;Präsens;Er entsorgt die alten Batterien im Supermarkt.;Il jette les vieilles piles au supermarché.;He disposes of the old batteries at the supermarket.
B1;entsorgen;éliminer, jeter (des déchets);Akkusativ;;;;Perfekt;Er hat die alten Batterien im Supermarkt entsorgt.;Il a jeté les vieilles piles au supermarché.;He disposed of the old batteries at the supermarket.
B1;entsorgen;éliminer, jeter (des déchets);Akkusativ;;;;Präteritum;Er entsorgte die alten Batterien im Supermarkt.;Il jetait les vieilles piles au supermarché.;He disposed of the old batteries at the supermarket.
B1;entsorgen;éliminer, jeter (des déchets);Akkusativ;;;;Konjunktiv II;Alte Batterien würde ich nie in den Hausmüll werfen.;Je ne jetterais jamais de vieilles piles dans les ordures ménagères.;I would never throw old batteries into household waste.
B1;füttern;nourrir (un animal);Akkusativ;;;;Präsens;Er füttert die Katze jeden Morgen um sieben.;Il nourrit le chat tous les matins à sept heures.;He feeds the cat every morning at seven.
B1;füttern;nourrir (un animal);Akkusativ;;;;Perfekt;Er hat die Katze heute Morgen schon gefüttert.;Il a déjà nourri le chat ce matin.;He already fed the cat this morning.
B1;füttern;nourrir (un animal);Akkusativ;;;;Präteritum;Er fütterte die Katze jeden Morgen um sieben.;Il nourrissait le chat tous les matins à sept heures.;He fed the cat every morning at seven.
B1;füttern;nourrir (un animal);Akkusativ;;;;Konjunktiv II;Ich würde die Katze gern füttern, wenn du weg bist.;Je nourrirais volontiers le chat pendant ton absence.;I would gladly feed the cat while you're away.
B1;gießen;arroser;Akkusativ;;;;Präsens;Sie gießt die Blumen jeden zweiten Tag.;Elle arrose les fleurs tous les deux jours.;She waters the flowers every other day.
B1;gießen;arroser;Akkusativ;;;;Perfekt;Sie hat die Blumen heute schon gegossen.;Elle a déjà arrosé les fleurs aujourd'hui.;She already watered the flowers today.
B1;gießen;arroser;Akkusativ;;;;Präteritum;Sie goss die Blumen jeden zweiten Tag.;Elle arrosait les fleurs tous les deux jours.;She watered the flowers every other day.
B1;gießen;arroser;Akkusativ;;;;Konjunktiv II;Könntest du bitte die Blumen gießen?;Pourrais-tu arroser les fleurs, s'il te plaît ?;Could you water the flowers, please?
B1;grüßen;saluer;Akkusativ;;;;Präsens;Er grüßt seine Nachbarn immer freundlich.;Il salue toujours ses voisins amicalement.;He always greets his neighbors in a friendly way.
B1;grüßen;saluer;Akkusativ;;;;Perfekt;Er hat seine Nachbarn freundlich gegrüßt.;Il a salué ses voisins amicalement.;He greeted his neighbors in a friendly way.
B1;grüßen;saluer;Akkusativ;;;;Präteritum;Er grüßte seine Nachbarn immer freundlich.;Il saluait toujours ses voisins amicalement.;He always greeted his neighbors in a friendly way.
B1;grüßen;saluer;Akkusativ;;;;Konjunktiv II;Ich würde die neuen Nachbarn zuerst grüßen.;Je saluerais les nouveaux voisins en premier.;I would greet the new neighbors first.
B1;berechnen;calculer;Akkusativ;;;;Präsens;Der Verkäufer berechnet den Gesamtpreis.;Le vendeur calcule le prix total.;The salesperson calculates the total price.
B1;berechnen;calculer;Akkusativ;;;;Perfekt;Der Verkäufer hat den Gesamtpreis berechnet.;Le vendeur a calculé le prix total.;The salesperson calculated the total price.
B1;berechnen;calculer;Akkusativ;;;;Präteritum;Der Verkäufer berechnete den Gesamtpreis.;Le vendeur calculait le prix total.;The salesperson calculated the total price.
B1;berechnen;calculer;Akkusativ;;;;Konjunktiv II;Ich würde den Gesamtpreis noch einmal berechnen.;Je recalculerais le prix total.;I would calculate the total price again.
B1;bestätigen;confirmer;Akkusativ;;;;Präsens;Sie bestätigt den Termin per E-Mail.;Elle confirme le rendez-vous par e-mail.;She confirms the appointment by email.
B1;bestätigen;confirmer;Akkusativ;;;;Perfekt;Sie hat den Termin per E-Mail bestätigt.;Elle a confirmé le rendez-vous par e-mail.;She confirmed the appointment by email.
B1;bestätigen;confirmer;Akkusativ;;;;Präteritum;Sie bestätigte den Termin per E-Mail.;Elle a confirmé le rendez-vous par e-mail.;She confirmed the appointment by email.
B1;bestätigen;confirmer;Akkusativ;;;;Konjunktiv II;Ich würde den Termin lieber schriftlich bestätigen.;Je préférerais confirmer le rendez-vous par écrit.;I would rather confirm the appointment in writing.
B1;ernten;récolter;Akkusativ;;;;Präsens;Die Bauern ernten im September die Äpfel.;Les agriculteurs récoltent les pommes en septembre.;Farmers harvest apples in September.
B1;ernten;récolter;Akkusativ;;;;Perfekt;Die Bauern haben die Äpfel schon geerntet.;Les agriculteurs ont déjà récolté les pommes.;The farmers have already harvested the apples.
B1;ernten;récolter;Akkusativ;;;;Präteritum;Die Bauern ernteten im September die Äpfel.;Les agriculteurs récoltaient les pommes en septembre.;The farmers harvested the apples in September.
B1;ernten;récolter;Akkusativ;;;;Konjunktiv II;Bei diesem Wetter würden wir die Äpfel früher ernten.;Avec ce temps, nous récolterions les pommes plus tôt.;With this weather, we would harvest the apples earlier.
B1;garantieren;garantir;Akkusativ;;;;Präsens;Der Verkäufer garantiert die Qualität der Ware.;Le vendeur garantit la qualité de la marchandise.;The seller guarantees the quality of the goods.
B1;garantieren;garantir;Akkusativ;;;;Perfekt;Der Verkäufer hat die Qualität der Ware garantiert.;Le vendeur a garanti la qualité de la marchandise.;The seller guaranteed the quality of the goods.
B1;garantieren;garantir;Akkusativ;;;;Präteritum;Der Verkäufer garantierte die Qualität der Ware.;Le vendeur garantissait la qualité de la marchandise.;The seller guaranteed the quality of the goods.
B1;garantieren;garantir;Akkusativ;;;;Konjunktiv II;Kein Händler würde eine so lange Haltbarkeit garantieren.;Aucun commerçant ne garantirait une durée de conservation aussi longue.;No retailer would guarantee such a long shelf life.
B1;schonen;ménager, préserver;Akkusativ;;;;Präsens;Langsames Laden schont den Akku.;Une charge lente ménage la batterie.;Slow charging protects the battery.
B1;schonen;ménager, préserver;Akkusativ;;;;Perfekt;Diese Einstellung hat den Akku geschont.;Ce réglage a ménagé la batterie.;This setting protected the battery.
B1;schonen;ménager, préserver;Akkusativ;;;;Präteritum;Er schonte den Akku, wo es nur ging.;Il ménageait la batterie autant qu'il le pouvait.;He protected the battery wherever he could.
B1;schonen;ménager, préserver;Akkusativ;;;;Konjunktiv II;Ich würde den Akku mehr schonen.;Je ménagerais davantage la batterie.;I would protect the battery more.
B1;überweisen;virer (de l'argent);Akkusativ+Dativ;;;;Präsens;Ich überweise dir das Geld noch heute.;Je te vire l'argent dès aujourd'hui.;I'll transfer you the money today.
B1;überweisen;virer (de l'argent);Akkusativ+Dativ;;;;Perfekt;Ich habe dir das Geld schon überwiesen.;Je t'ai déjà viré l'argent.;I have already transferred you the money.
B1;überweisen;virer (de l'argent);Akkusativ+Dativ;;;;Präteritum;Ich überwies ihm das Geld sofort.;Je lui ai viré l'argent immédiatement.;I transferred him the money right away.
B1;überweisen;virer (de l'argent);Akkusativ+Dativ;;;;Konjunktiv II;Ich würde dir das Geld sofort überweisen.;Je te virerais l'argent immédiatement.;I would transfer you the money right away.
B1;verschwinden;disparaître;;;oui;;Präsens;Der Fleck verschwindet beim Waschen.;La tache disparaît au lavage.;The stain disappears in the wash.
B1;verschwinden;disparaître;;;oui;;Perfekt;Der Fleck ist nach dem Waschen verschwunden.;La tache a disparu après le lavage.;The stain disappeared after washing.
B1;verschwinden;disparaître;;;oui;;Präteritum;Der Fleck verschwand nach dem Waschen.;La tache a disparu après le lavage.;The stain disappeared after washing.
B1;verschwinden;disparaître;;;oui;;Konjunktiv II;Mit diesem Mittel würde der Fleck sofort verschwinden.;Avec ce produit, la tache disparaîtrait tout de suite.;With this product, the stain would disappear right away.
B1;erstatten;rembourser (des frais);Akkusativ+Dativ;;;;Präsens;Die Versicherung erstattet uns die Kosten der Reparatur.;L'assurance nous rembourse les frais de réparation.;The insurance reimburses us the repair costs.
B1;erstatten;rembourser (des frais);Akkusativ+Dativ;;;;Perfekt;Die Versicherung hat uns die Kosten der Reparatur erstattet.;L'assurance nous a remboursé les frais de réparation.;The insurance reimbursed us the repair costs.
B1;erstatten;rembourser (des frais);Akkusativ+Dativ;;;;Präteritum;Die Versicherung erstattete uns die Kosten der Reparatur.;L'assurance nous remboursait les frais de réparation.;The insurance reimbursed us the repair costs.
B1;erstatten;rembourser (des frais);Akkusativ+Dativ;;;;Konjunktiv II;Eine gute Versicherung würde die Kosten sofort erstatten.;Une bonne assurance rembourserait les frais immédiatement.;A good insurance company would reimburse the costs right away.
B1;sperren;bloquer;Akkusativ;;;;Präsens;Die Bank sperrt meine Kreditkarte sofort.;La banque bloque ma carte de crédit immédiatement.;The bank blocks my credit card right away.
B1;sperren;bloquer;Akkusativ;;;;Perfekt;Die Bank hat meine Kreditkarte gesperrt.;La banque a bloqué ma carte de crédit.;The bank blocked my credit card.
B1;sperren;bloquer;Akkusativ;;;;Präteritum;Die Bank sperrte meine Kreditkarte.;La banque a bloqué ma carte de crédit.;The bank blocked my credit card.
B1;sperren;bloquer;Akkusativ;;;;Konjunktiv II;Bei einem Diebstahl würde ich die Karte sofort sperren.;En cas de vol, je bloquerais la carte immédiatement.;In case of theft, I would block the card right away.
B1;stehlen;voler;Akkusativ;;;;Präsens;Diebe stehlen in dieser Straße oft Fahrräder.;Des voleurs volent souvent des vélos dans cette rue.;Thieves often steal bicycles on this street.
B1;stehlen;voler;Akkusativ;;;;Perfekt;Jemand hat sein Fahrrad gestohlen.;Quelqu'un a volé son vélo.;Someone stole his bike.
B1;stehlen;voler;Akkusativ;;;;Präteritum;Jemand stahl sein Fahrrad vor dem Bahnhof.;Quelqu'un a volé son vélo devant la gare.;Someone stole his bike in front of the station.
B1;stehlen;voler;Akkusativ;;;;Konjunktiv II;Ohne Schloss würde man das Rad sofort stehlen.;Sans antivol, on volerait le vélo tout de suite.;Without a lock, someone would steal the bike right away.
B1;abheben;retirer (de l'argent);Akkusativ;;;;Präsens;Ich hebe am Automaten hundert Euro ab.;Je retire cent euros au distributeur.;I withdraw a hundred euros at the ATM.
B1;abheben;retirer (de l'argent);Akkusativ;;;;Perfekt;Ich habe am Automaten hundert Euro abgehoben.;J'ai retiré cent euros au distributeur.;I withdrew a hundred euros at the ATM.
B1;abheben;retirer (de l'argent);Akkusativ;;;;Präteritum;Ich hob am Automaten hundert Euro ab.;J'ai retiré cent euros au distributeur.;I withdrew a hundred euros at the ATM.
B1;abheben;retirer (de l'argent);Akkusativ;;;;Konjunktiv II;Ich würde das Geld lieber am Schalter abheben.;Je retirerais plutôt l'argent au guichet.;I would rather withdraw the money at the counter.
B1;angeben;indiquer, déclarer;Akkusativ;;;;Präsens;Sie gibt ihre IBAN auf dem Formular an.;Elle indique son IBAN sur le formulaire.;She states her IBAN on the form.
B1;angeben;indiquer, déclarer;Akkusativ;;;;Perfekt;Sie hat ihre IBAN auf dem Formular angegeben.;Elle a indiqué son IBAN sur le formulaire.;She stated her IBAN on the form.
B1;angeben;indiquer, déclarer;Akkusativ;;;;Präteritum;Sie gab ihre IBAN auf dem Formular an.;Elle a indiqué son IBAN sur le formulaire.;She stated her IBAN on the form.
B1;angeben;indiquer, déclarer;Akkusativ;;;;Konjunktiv II;Ich würde hier lieber die IBAN meines zweiten Kontos angeben.;J'indiquerais plutôt ici l'IBAN de mon second compte.;I would rather state the IBAN of my second account here.
B1;aufnehmen;contracter (un crédit);Akkusativ;;;;Präsens;Sie nimmt einen Kredit für das Studium auf.;Elle contracte un crédit pour ses études.;She takes out a loan for her studies.
B1;aufnehmen;contracter (un crédit);Akkusativ;;;;Perfekt;Sie hat einen Kredit für das Studium aufgenommen.;Elle a contracté un crédit pour ses études.;She took out a loan for her studies.
B1;aufnehmen;contracter (un crédit);Akkusativ;;;;Präteritum;Sie nahm einen Kredit für das Studium auf.;Elle a contracté un crédit pour ses études.;She took out a loan for her studies.
B1;aufnehmen;contracter (un crédit);Akkusativ;;;;Konjunktiv II;Für ein Auto würde ich keinen Kredit aufnehmen.;Pour une voiture, je ne contracterais pas de crédit.;For a car, I would not take out a loan.
B1;ausdrucken;imprimer;Akkusativ;;;;Präsens;Der Automat druckt den Kontoauszug aus.;Le distributeur imprime le relevé de compte.;The machine prints out the bank statement.
B1;ausdrucken;imprimer;Akkusativ;;;;Perfekt;Ich habe den Kontoauszug schon ausgedruckt.;J'ai déjà imprimé le relevé de compte.;I have already printed out the bank statement.
B1;ausdrucken;imprimer;Akkusativ;;;;Präteritum;Ich druckte den Kontoauszug am Automaten aus.;J'ai imprimé le relevé de compte au distributeur.;I printed out the bank statement at the machine.
B1;ausdrucken;imprimer;Akkusativ;;;;Konjunktiv II;Könntest du mir den Kontoauszug ausdrucken?;Pourrais-tu m'imprimer le relevé de compte ?;Could you print out the bank statement for me?
B1;einzahlen;déposer (de l'argent);Akkusativ;auf + Akkusativ;;;Präsens;Ich zahle zweihundert Euro auf mein Konto ein.;Je dépose deux cents euros sur mon compte.;I deposit two hundred euros into my account.
B1;einzahlen;déposer (de l'argent);Akkusativ;auf + Akkusativ;;;Perfekt;Ich habe zweihundert Euro auf mein Konto eingezahlt.;J'ai déposé deux cents euros sur mon compte.;I deposited two hundred euros into my account.
B1;einzahlen;déposer (de l'argent);Akkusativ;auf + Akkusativ;;;Präteritum;Ich zahlte zweihundert Euro auf mein Konto ein.;J'ai déposé deux cents euros sur mon compte.;I deposited two hundred euros into my account.
B1;einzahlen;déposer (de l'argent);Akkusativ;auf + Akkusativ;;;Konjunktiv II;Ich würde das Geld lieber am Schalter einzahlen.;Je déposerais plutôt l'argent au guichet.;I would rather deposit the money at the counter.
B1;abnehmen;maigrir, perdre du poids;;;oui;;Präsens;Er nimmt seit dem Sommer langsam ab.;Il perd du poids lentement depuis l'été.;He has been slowly losing weight since summer.
B1;abnehmen;maigrir, perdre du poids;;;oui;;Perfekt;Er hat seit dem Sommer fünf Kilo abgenommen.;Il a perdu cinq kilos depuis l'été.;He has lost five kilos since summer.
B1;abnehmen;maigrir, perdre du poids;;;oui;;Präteritum;Im Sommer nahm er fünf Kilo ab.;Pendant l'été, il a perdu cinq kilos.;During the summer he lost five kilos.
B1;abnehmen;maigrir, perdre du poids;;;oui;;Konjunktiv II;Mit mehr Bewegung würde er schneller abnehmen.;Avec plus d'exercice, il maigrirait plus vite.;With more exercise, he would lose weight faster.
B1;sich ernähren;se nourrir, s'alimenter;;von + Dativ;;oui;Präsens;Er ernährt sich hauptsächlich von Gemüse.;Il se nourrit principalement de légumes.;He lives mainly on vegetables.
B1;sich ernähren;se nourrir, s'alimenter;;von + Dativ;;oui;Perfekt;Er hat sich jahrelang vegetarisch ernährt.;Il s'est nourri végétarien pendant des années.;He ate a vegetarian diet for years.
B1;sich ernähren;se nourrir, s'alimenter;;von + Dativ;;oui;Präteritum;Er ernährte sich jahrelang vegetarisch.;Il se nourrissait végétarien depuis des années.;He ate a vegetarian diet for years.
B1;sich ernähren;se nourrir, s'alimenter;;von + Dativ;;oui;Konjunktiv II;Ich würde mich gern gesünder ernähren.;J'aimerais me nourrir plus sainement.;I would like to eat more healthily.
B1;fallen;tomber;;;oui;;Präsens;Die Preise für Obst fallen im Sommer.;Les prix des fruits baissent en été.;Fruit prices fall in summer.
B1;fallen;tomber;;;oui;;Perfekt;Die Preise für Obst sind im Sommer gefallen.;Les prix des fruits ont baissé en été.;Fruit prices fell in summer.
B1;fallen;tomber;;;oui;;Präteritum;Die Preise für Obst fielen im Sommer.;Les prix des fruits baissaient en été.;Fruit prices fell in summer.
B1;fallen;tomber;;;oui;;Konjunktiv II;Bei einer guten Ernte würden die Preise fallen.;Avec une bonne récolte, les prix baisseraient.;With a good harvest, prices would fall.
B1;verändern;changer, modifier;Akkusativ;;;;Präsens;Die neue Diät verändert ihr Leben.;Le nouveau régime change sa vie.;The new diet changes her life.
B1;verändern;changer, modifier;Akkusativ;;;;Perfekt;Die neue Diät hat ihr Leben verändert.;Le nouveau régime a changé sa vie.;The new diet changed her life.
B1;verändern;changer, modifier;Akkusativ;;;;Präteritum;Die neue Diät veränderte ihr Leben.;Le nouveau régime changeait sa vie.;The new diet changed her life.
B1;verändern;changer, modifier;Akkusativ;;;;Konjunktiv II;Ein anderer Rhythmus würde ihr Leben völlig verändern.;Un autre rythme changerait complètement sa vie.;A different rhythm would completely change her life.
B1;zubereiten;préparer (un repas);Akkusativ;;;;Präsens;Sie bereitet das Abendessen frisch zu.;Elle prépare le dîner avec des produits frais.;She prepares dinner with fresh ingredients.
B1;zubereiten;préparer (un repas);Akkusativ;;;;Perfekt;Sie hat das Abendessen frisch zubereitet.;Elle a préparé le dîner avec des produits frais.;She prepared dinner with fresh ingredients.
B1;zubereiten;préparer (un repas);Akkusativ;;;;Präteritum;Sie bereitete das Abendessen frisch zu.;Elle préparait le dîner avec des produits frais.;She prepared dinner with fresh ingredients.
B1;zubereiten;préparer (un repas);Akkusativ;;;;Konjunktiv II;Ich würde das Gemüse lieber im Ofen zubereiten.;Je préparerais plutôt les légumes au four.;I would rather prepare the vegetables in the oven.
B1;gründen;fonder;Akkusativ;;;;Präsens;Die beiden Freunde gründen zusammen eine Firma.;Les deux amis fondent une entreprise ensemble.;The two friends are founding a company together.
B1;gründen;fonder;Akkusativ;;;;Perfekt;Die beiden Freunde haben zusammen eine Firma gegründet.;Les deux amis ont fondé une entreprise ensemble.;The two friends founded a company together.
B1;gründen;fonder;Akkusativ;;;;Präteritum;Die beiden Freunde gründeten zusammen eine Firma.;Les deux amis ont fondé une entreprise ensemble.;The two friends founded a company together.
B1;gründen;fonder;Akkusativ;;;;Konjunktiv II;Mit etwas Kapital würde ich sofort eine Firma gründen.;Avec un peu de capital, je fonderais tout de suite une entreprise.;With some capital, I would found a company right away.
B1;herunterladen;télécharger;Akkusativ;;;;Präsens;Ich lade die App auf mein Handy herunter.;Je télécharge l'application sur mon téléphone.;I download the app onto my phone.
B1;herunterladen;télécharger;Akkusativ;;;;Perfekt;Ich habe die App gestern heruntergeladen.;J'ai téléchargé l'application hier.;I downloaded the app yesterday.
B1;herunterladen;télécharger;Akkusativ;;;;Präteritum;Ich lud die App gestern herunter.;J'ai téléchargé l'application hier.;I downloaded the app yesterday.
B1;herunterladen;télécharger;Akkusativ;;;;Konjunktiv II;Ich würde die App nur über WLAN herunterladen.;Je téléchargerais l'application uniquement en wifi.;I would download the app over Wi-Fi only.
B1;leisten;accomplir, se permettre;Akkusativ;;;;Präsens;Sie leistet in ihrem Beruf viel.;Elle accomplit beaucoup dans son métier.;She achieves a lot in her job.
B1;leisten;accomplir, se permettre;Akkusativ;;;;Perfekt;Sie hat in ihrem Beruf viel geleistet.;Elle a beaucoup accompli dans sa carrière.;She has achieved a lot in her career.
B1;leisten;accomplir, se permettre;Akkusativ;;;;Präteritum;Sie leistete in ihrem Beruf viel.;Elle accomplissait beaucoup dans son métier.;She achieved a lot in her job.
B1;leisten;accomplir, se permettre;Akkusativ;;;;Konjunktiv II;So ein teures Auto würde ich mir nicht leisten.;Je ne me permettrais pas une voiture aussi chère.;I would not afford such an expensive car.
B1;sich amüsieren;s'amuser;;über + Akkusativ;;oui;Präsens;Die Kinder amüsieren sich über den Clown.;Les enfants s'amusent du clown.;The children are amused by the clown.
B1;sich amüsieren;s'amuser;;über + Akkusativ;;oui;Perfekt;Die Kinder haben sich auf dem Fest amüsiert.;Les enfants se sont amusés à la fête.;The children had fun at the party.
B1;sich amüsieren;s'amuser;;über + Akkusativ;;oui;Präteritum;Die Kinder amüsierten sich auf dem Fest.;Les enfants s'amusaient à la fête.;The children had fun at the party.
B1;sich amüsieren;s'amuser;;über + Akkusativ;;oui;Konjunktiv II;Auf so einem Fest würde ich mich gut amüsieren.;À une telle fête, je m'amuserais bien.;At a party like that, I would have a good time.
B1;anwenden;appliquer, utiliser;Akkusativ;;;;Präsens;Sie wendet die neue Methode im Unterricht an.;Elle applique la nouvelle méthode en classe.;She applies the new method in class.
B1;anwenden;appliquer, utiliser;Akkusativ;;;;Perfekt;Sie hat die neue Methode im Unterricht angewendet.;Elle a appliqué la nouvelle méthode en classe.;She applied the new method in class.
B1;anwenden;appliquer, utiliser;Akkusativ;;;;Präteritum;Sie wandte die neue Methode im Unterricht an.;Elle appliquait la nouvelle méthode en classe.;She applied the new method in class.
B1;anwenden;appliquer, utiliser;Akkusativ;;;;Konjunktiv II;Diese Regel würde ich hier nicht anwenden.;Je n'appliquerais pas cette règle ici.;I would not apply this rule here.
B1;behalten;garder;Akkusativ;;;;Präsens;Ich behalte dieses Foto als Erinnerung.;Je garde cette photo en souvenir.;I keep this photo as a memento.
B1;behalten;garder;Akkusativ;;;;Perfekt;Ich habe dieses Foto als Erinnerung behalten.;J'ai gardé cette photo en souvenir.;I kept this photo as a memento.
B1;behalten;garder;Akkusativ;;;;Präteritum;Ich behielt dieses Foto als Erinnerung.;J'ai gardé cette photo en souvenir.;I kept this photo as a memento.
B1;behalten;garder;Akkusativ;;;;Konjunktiv II;Ich würde dieses Foto gern behalten.;J'aimerais bien garder cette photo.;I would like to keep this photo.
B1;operieren;opérer;Akkusativ;;;;Präsens;Der Chirurg operiert den Patienten heute Nachmittag.;Le chirurgien opère le patient cet après-midi.;The surgeon is operating on the patient this afternoon.
B1;operieren;opérer;Akkusativ;;;;Perfekt;Der Chirurg hat den Patienten heute operiert.;Le chirurgien a opéré le patient aujourd'hui.;The surgeon operated on the patient today.
B1;operieren;opérer;Akkusativ;;;;Präteritum;Der Chirurg operierte den Patienten am Nachmittag.;Le chirurgien a opéré le patient dans l'après-midi.;The surgeon operated on the patient in the afternoon.
B1;operieren;opérer;Akkusativ;;;;Konjunktiv II;Ohne die Entzündung würde man ihn sofort operieren.;Sans l'inflammation, on l'opérerait tout de suite.;Without the inflammation, they would operate on him right away.
B1;röntgen;radiographier, faire une radio;Akkusativ;;;;Präsens;Der Arzt röntgt den gebrochenen Arm.;Le médecin radiographie le bras cassé.;The doctor X-rays the broken arm.
B1;röntgen;radiographier, faire une radio;Akkusativ;;;;Perfekt;Der Arzt hat den gebrochenen Arm geröntgt.;Le médecin a radiographié le bras cassé.;The doctor X-rayed the broken arm.
B1;röntgen;radiographier, faire une radio;Akkusativ;;;;Präteritum;Der Arzt röntgte den gebrochenen Arm.;Le médecin a radiographié le bras cassé.;The doctor X-rayed the broken arm.
B1;röntgen;radiographier, faire une radio;Akkusativ;;;;Konjunktiv II;Bei starken Schmerzen würde man den Arm röntgen.;En cas de fortes douleurs, on radiographierait le bras.;With severe pain, they would X-ray the arm.
B1;stürzen;tomber (chute);;;oui;;Präsens;Auf dem Eis stürzt man leicht.;Sur la glace, on tombe facilement.;On the ice, you fall easily.
B1;stürzen;tomber (chute);;;oui;;Perfekt;Sie ist auf dem Eis gestürzt.;Elle est tombée sur la glace.;She fell on the ice.
B1;stürzen;tomber (chute);;;oui;;Präteritum;Sie stürzte auf dem Eis.;Elle est tombée sur la glace.;She fell on the ice.
B1;stürzen;tomber (chute);;;oui;;Konjunktiv II;Bei diesem Glatteis würde ich sofort stürzen.;Avec ce verglas, je tomberais tout de suite.;On this black ice, I would fall right away.
B1;versorgen;soigner, s'occuper de;Akkusativ;;;;Präsens;Die Krankenschwester versorgt die Wunde.;L'infirmière soigne la blessure.;The nurse treats the wound.
B1;versorgen;soigner, s'occuper de;Akkusativ;;;;Perfekt;Die Krankenschwester hat die Wunde versorgt.;L'infirmière a soigné la blessure.;The nurse treated the wound.
B1;versorgen;soigner, s'occuper de;Akkusativ;;;;Präteritum;Die Krankenschwester versorgte die Wunde.;L'infirmière soignait la blessure.;The nurse treated the wound.
B1;versorgen;soigner, s'occuper de;Akkusativ;;;;Konjunktiv II;Eine zweite Pflegekraft würde die Wunde schneller versorgen.;Un deuxième soignant soignerait la blessure plus vite.;A second caregiver would treat the wound faster.
B1;wehtun;faire mal;Dativ;;;;Präsens;Mein Rücken tut mir seit gestern weh.;J'ai mal au dos depuis hier.;My back has hurt since yesterday.
B1;wehtun;faire mal;Dativ;;;;Perfekt;Mein Rücken hat mir die ganze Woche wehgetan.;J'ai eu mal au dos toute la semaine.;My back hurt all week.
B1;wehtun;faire mal;Dativ;;;;Präteritum;Mein Rücken tat mir die ganze Woche weh.;J'avais mal au dos toute la semaine.;My back hurt all week.
B1;wehtun;faire mal;Dativ;;;;Konjunktiv II;Ohne die Tabletten würde mir der Rücken sehr wehtun.;Sans les comprimés, j'aurais très mal au dos.;Without the pills, my back would hurt a lot.
B1;begleiten;accompagner;Akkusativ;;;;Präsens;Der Sohn begleitet seine Mutter zum Arzt.;Le fils accompagne sa mère chez le médecin.;The son accompanies his mother to the doctor.
B1;begleiten;accompagner;Akkusativ;;;;Perfekt;Der Sohn hat seine Mutter zum Arzt begleitet.;Le fils a accompagné sa mère chez le médecin.;The son accompanied his mother to the doctor.
B1;begleiten;accompagner;Akkusativ;;;;Präteritum;Der Sohn begleitete seine Mutter zum Arzt.;Le fils accompagnait sa mère chez le médecin.;The son accompanied his mother to the doctor.
B1;begleiten;accompagner;Akkusativ;;;;Konjunktiv II;Ich würde dich gern zum Arzt begleiten.;Je t'accompagnerais volontiers chez le médecin.;I would gladly accompany you to the doctor.
B1;sich etwas brechen;se casser qch;Akkusativ;;;oui;Präsens;Er bricht sich beim Skifahren das Bein.;Il se casse la jambe en skiant.;He breaks his leg while skiing.
B1;sich etwas brechen;se casser qch;Akkusativ;;;oui;Perfekt;Sie hat sich beim Skifahren das Bein gebrochen.;Elle s'est cassé la jambe en skiant.;She broke her leg while skiing.
B1;sich etwas brechen;se casser qch;Akkusativ;;;oui;Präteritum;Sie brach sich beim Skifahren das Bein.;Elle s'est cassé la jambe en skiant.;She broke her leg while skiing.
B1;sich etwas brechen;se casser qch;Akkusativ;;;oui;Konjunktiv II;Ohne Helm würde man sich leicht etwas brechen.;Sans casque, on se casserait facilement quelque chose.;Without a helmet, you would easily break something.
B1;massieren;masser;Akkusativ;;;;Präsens;Der Physiotherapeut massiert ihren Rücken.;Le physiothérapeute lui masse le dos.;The physiotherapist massages her back.
B1;massieren;masser;Akkusativ;;;;Perfekt;Der Physiotherapeut hat ihren Rücken massiert.;Le physiothérapeute lui a massé le dos.;The physiotherapist massaged her back.
B1;massieren;masser;Akkusativ;;;;Präteritum;Der Physiotherapeut massierte ihren Rücken.;Le physiothérapeute lui massait le dos.;The physiotherapist massaged her back.
B1;massieren;masser;Akkusativ;;;;Konjunktiv II;Bei Verspannungen würde ich den Rücken massieren lassen.;En cas de tensions, je me ferais masser le dos.;With tense muscles, I would have my back massaged.
B1;wachsen;pousser, grandir;;;oui;;Präsens;Die Pflanze wächst im Sommer sehr schnell.;La plante pousse très vite en été.;The plant grows very fast in summer.
B1;wachsen;pousser, grandir;;;oui;;Perfekt;Die Pflanze ist im Sommer sehr schnell gewachsen.;La plante a poussé très vite en été.;The plant grew very fast in summer.
B1;wachsen;pousser, grandir;;;oui;;Präteritum;Die Pflanze wuchs im Sommer sehr schnell.;La plante poussait très vite en été.;The plant grew very fast in summer.
B1;wachsen;pousser, grandir;;;oui;;Konjunktiv II;Mit mehr Wasser würde die Pflanze schneller wachsen.;Avec plus d'eau, la plante pousserait plus vite.;With more water, the plant would grow faster.
B1;atmen;respirer;;;oui;;Präsens;Nach dem Lauf atmet sie noch schnell.;Après la course, elle respire encore vite.;After the run, she is still breathing fast.
B1;atmen;respirer;;;oui;;Perfekt;Nach dem Lauf hat sie schwer geatmet.;Après la course, elle a respiré difficilement.;After the run, she breathed heavily.
B1;atmen;respirer;;;oui;;Präteritum;Nach dem Lauf atmete sie noch schnell.;Après la course, elle respirait encore vite.;After the run, she was still breathing fast.
B1;atmen;respirer;;;oui;;Konjunktiv II;In den Bergen würde man leichter atmen.;En montagne, on respirerait plus facilement.;In the mountains, you would breathe more easily.
B1;sich etwas anschaffen;se procurer qch, acheter qch;Akkusativ;;;oui;Präsens;Sie schaffen sich Solarpanele an.;Ils se procurent des panneaux solaires.;They are getting solar panels.
B1;sich etwas anschaffen;se procurer qch, acheter qch;Akkusativ;;;oui;Perfekt;Sie haben sich Solarpanele angeschafft.;Ils se sont procuré des panneaux solaires.;They got solar panels.
B1;sich etwas anschaffen;se procurer qch, acheter qch;Akkusativ;;;oui;Präteritum;Sie schafften sich Solarpanele an.;Ils se sont procuré des panneaux solaires.;They got solar panels.
B1;sich etwas anschaffen;se procurer qch, acheter qch;Akkusativ;;;oui;Konjunktiv II;Ich würde mir eine Wärmepumpe anschaffen.;Je me procurerais une pompe à chaleur.;I would get a heat pump.
B1;blühen;fleurir;;;oui;;Präsens;Im Frühling blühen die Bäume.;Au printemps, les arbres fleurissent.;In spring, the trees bloom.
B1;blühen;fleurir;;;oui;;Perfekt;Im Frühling haben die Bäume geblüht.;Au printemps, les arbres ont fleuri.;In spring, the trees bloomed.
B1;blühen;fleurir;;;oui;;Präteritum;Im Frühling blühten die Bäume.;Au printemps, les arbres fleurissaient.;In spring, the trees bloomed.
B1;blühen;fleurir;;;oui;;Konjunktiv II;Bei mehr Sonne würden die Bäume früher blühen.;Avec plus de soleil, les arbres fleuriraient plus tôt.;With more sun, the trees would bloom earlier.
B1;heizen;chauffer;Akkusativ;;;;Präsens;Wir heizen das Haus mit Solarenergie.;Nous chauffons la maison à l'énergie solaire.;We heat the house with solar energy.
B1;heizen;chauffer;Akkusativ;;;;Perfekt;Wir haben das Haus mit Solarenergie geheizt.;Nous avons chauffé la maison à l'énergie solaire.;We heated the house with solar energy.
B1;heizen;chauffer;Akkusativ;;;;Präteritum;Wir heizten das Haus mit Solarenergie.;Nous chauffions la maison à l'énergie solaire.;We heated the house with solar energy.
B1;heizen;chauffer;Akkusativ;;;;Konjunktiv II;Mit einer Wärmepumpe würden wir günstiger heizen.;Avec une pompe à chaleur, nous chaufferions à moindre coût.;With a heat pump, we would heat more cheaply.
B1;recht haben;avoir raison;;;oui;;Präsens;Du hast recht, das Gehalt ist zu niedrig.;Tu as raison, le salaire est trop bas.;You're right, the salary is too low.
B1;recht haben;avoir raison;;;oui;;Perfekt;Du hast mit deiner Einschätzung recht gehabt.;Tu as eu raison dans ton appréciation.;You were right in your assessment.
B1;recht haben;avoir raison;;;oui;;Präteritum;Du hattest recht, das Gehalt war zu niedrig.;Tu avais raison, le salaire était trop bas.;You were right, the salary was too low.
B1;recht haben;avoir raison;;;oui;;Konjunktiv II;Damit würdest du wahrscheinlich recht haben.;Sur ce point, tu aurais probablement raison.;You would probably be right about that.
B1;wecken;réveiller;Akkusativ;;;;Präsens;Der Wecker weckt mich jeden Morgen um sechs.;Le réveil me réveille tous les matins à six heures.;The alarm wakes me up every morning at six.
B1;wecken;réveiller;Akkusativ;;;;Perfekt;Der Wecker hat mich heute um sechs geweckt.;Le réveil m'a réveillé à six heures aujourd'hui.;The alarm woke me at six today.
B1;wecken;réveiller;Akkusativ;;;;Präteritum;Der Wecker weckte mich jeden Morgen um sechs.;Le réveil me réveillait tous les matins à six heures.;The alarm woke me every morning at six.
B1;wecken;réveiller;Akkusativ;;;;Konjunktiv II;Könntest du mich morgen um sechs wecken?;Pourrais-tu me réveiller demain à six heures ?;Could you wake me at six tomorrow?
B1;sich etwas wünschen;souhaiter qch;Akkusativ;;;oui;Präsens;Er wünscht sich mehr Verantwortung im Job.;Il souhaite avoir plus de responsabilités au travail.;He wishes for more responsibility at work.
B1;sich etwas wünschen;souhaiter qch;Akkusativ;;;oui;Perfekt;Er hat sich mehr Verantwortung gewünscht.;Il a souhaité avoir plus de responsabilités.;He wished for more responsibility.
B1;sich etwas wünschen;souhaiter qch;Akkusativ;;;oui;Präteritum;Er wünschte sich mehr Verantwortung im Job.;Il souhaitait avoir plus de responsabilités au travail.;He wished for more responsibility at work.
B1;sich etwas wünschen;souhaiter qch;Akkusativ;;;oui;Konjunktiv II;Ich würde mir mehr Zeit für die Familie wünschen.;J'aimerais avoir plus de temps pour la famille.;I would wish for more time for the family.
B1;siegen;gagner, être vainqueur;;;oui;;Präsens;Unsere Mannschaft siegt heute klar.;Notre équipe gagne nettement aujourd'hui.;Our team wins clearly today.
B1;siegen;gagner, être vainqueur;;;oui;;Perfekt;Unsere Mannschaft hat gestern klar gesiegt.;Notre équipe a clairement gagné hier.;Our team clearly won yesterday.
B1;siegen;gagner, être vainqueur;;;oui;;Präteritum;Unsere Mannschaft siegte klar.;Notre équipe a nettement gagné.;Our team won clearly.
B1;siegen;gagner, être vainqueur;;;oui;;Konjunktiv II;Mit diesem Team würden wir sicher siegen.;Avec cette équipe, nous gagnerions sûrement.;With this team, we would surely win.
B1;tauchen;plonger;;;oui;;Präsens;Er taucht gern im klaren Wasser des Sees.;Il aime plonger dans l'eau claire du lac.;He likes to dive in the lake's clear water.
B1;tauchen;plonger;;;oui;;Perfekt;Er ist im klaren Wasser des Sees getaucht.;Il a plongé dans l'eau claire du lac.;He dived in the lake's clear water.
B1;tauchen;plonger;;;oui;;Präteritum;Er tauchte gern im klaren Wasser des Sees.;Il aimait plonger dans l'eau claire du lac.;He liked to dive in the lake's clear water.
B1;tauchen;plonger;;;oui;;Konjunktiv II;Im Meer würde ich lieber tauchen.;Je préférerais plonger en mer.;I would rather dive in the sea.
B1;überreden;persuader;Akkusativ;zu + Dativ;;;Präsens;Sie überredet mich, beim Rennen mitzumachen.;Elle me persuade de participer à la course.;She persuades me to take part in the race.
B1;überreden;persuader;Akkusativ;zu + Dativ;;;Perfekt;Sie hat mich überredet, beim Rennen mitzumachen.;Elle m'a persuadé de participer à la course.;She persuaded me to take part in the race.
B1;überreden;persuader;Akkusativ;zu + Dativ;;;Präteritum;Sie überredete mich, beim Rennen mitzumachen.;Elle m'a persuadé de participer à la course.;She persuaded me to take part in the race.
B1;überreden;persuader;Akkusativ;zu + Dativ;;;Konjunktiv II;Zu einem Marathon würde mich niemand überreden.;Personne ne me persuaderait de faire un marathon.;Nobody would persuade me to run a marathon.
B1;dabei sein;participer, être présent;;;oui;;Präsens;Beim nächsten Marathon bin ich dabei.;Je participe au prochain marathon.;I'll be taking part in the next marathon.
B1;dabei sein;participer, être présent;;;oui;;Perfekt;Beim letzten Marathon bin ich auch dabei gewesen.;J'ai aussi participé au dernier marathon.;I took part in the last marathon too.
B1;dabei sein;participer, être présent;;;oui;;Präteritum;Beim letzten Marathon war ich auch dabei.;J'étais aussi du dernier marathon.;I was there for the last marathon too.
B1;dabei sein;participer, être présent;;;oui;;Konjunktiv II;Beim nächsten Rennen würde ich gern dabei sein.;J'aimerais participer à la prochaine course.;I would like to take part in the next race.
B1;halten;tenir, arrêter (le ballon);Akkusativ;;;;Präsens;Der Tormann hält den letzten Elfmeter.;Le gardien arrête le dernier penalty.;The goalkeeper saves the last penalty.
B1;halten;tenir, arrêter (le ballon);Akkusativ;;;;Perfekt;Der Tormann hat den letzten Elfmeter gehalten.;Le gardien a arrêté le dernier penalty.;The goalkeeper saved the last penalty.
B1;halten;tenir, arrêter (le ballon);Akkusativ;;;;Präteritum;Der Tormann hielt den letzten Elfmeter.;Le gardien a arrêté le dernier penalty.;The goalkeeper saved the last penalty.
B1;halten;tenir, arrêter (le ballon);Akkusativ;;;;Konjunktiv II;Diesen Ball würde kein Torwart halten.;Aucun gardien n'arrêterait ce ballon.;No goalkeeper would save that ball.
B1;kleben;coller;Akkusativ;;;;Präsens;Das Kind klebt Bilder in sein Fotoalbum.;L'enfant colle des images dans son album photo.;The child glues pictures into his photo album.
B1;kleben;coller;Akkusativ;;;;Perfekt;Das Kind hat Bilder in sein Fotoalbum geklebt.;L'enfant a collé des images dans son album photo.;The child glued pictures into his photo album.
B1;kleben;coller;Akkusativ;;;;Präteritum;Das Kind klebte Bilder in sein Fotoalbum.;L'enfant collait des images dans son album photo.;The child glued pictures into his photo album.
B1;kleben;coller;Akkusativ;;;;Konjunktiv II;Ich würde die Fotos lieber ins Album kleben.;Je collerais plutôt les photos dans l'album.;I would rather glue the photos into the album.
B1;sich etwas leisten;se permettre qch;Akkusativ;;;oui;Präsens;Sie können sich diesen Urlaub gerade nicht leisten.;Ils ne peuvent pas se permettre ces vacances en ce moment.;They can't afford this vacation right now.
B1;sich etwas leisten;se permettre qch;Akkusativ;;;oui;Perfekt;Sie haben sich diesen Urlaub nicht geleistet.;Ils ne se sont pas permis ces vacances.;They did not treat themselves to this vacation.
B1;sich etwas leisten;se permettre qch;Akkusativ;;;oui;Präteritum;Sie leisteten sich diesen Urlaub nicht.;Ils ne se permettaient pas ces vacances.;They did not afford themselves this vacation.
B1;sich etwas leisten;se permettre qch;Akkusativ;;;oui;Konjunktiv II;Diesen Urlaub würde ich mir nicht leisten.;Je ne me permettrais pas ces vacances.;I would not afford this vacation.
B1;loslassen;lâcher;Akkusativ;;;;Präsens;Die Mutter lässt langsam die Hand ihres Kindes los.;La mère lâche lentement la main de son enfant.;The mother slowly lets go of her child's hand.
B1;loslassen;lâcher;Akkusativ;;;;Perfekt;Die Mutter hat die Hand ihres Kindes losgelassen.;La mère a lâché la main de son enfant.;The mother let go of her child's hand.
B1;loslassen;lâcher;Akkusativ;;;;Präteritum;Die Mutter ließ langsam die Hand ihres Kindes los.;La mère lâchait lentement la main de son enfant.;The mother slowly let go of her child's hand.
B1;loslassen;lâcher;Akkusativ;;;;Konjunktiv II;Die Hand meines Kindes würde ich hier nicht loslassen.;Je ne lâcherais pas la main de mon enfant ici.;I would not let go of my child's hand here.
B1;sich etwas teilen;partager qch;Akkusativ;;;oui;Präsens;Die Geschwister teilen sich ein Zimmer.;Les frères et sœurs partagent une chambre.;The siblings share a room.
B1;sich etwas teilen;partager qch;Akkusativ;;;oui;Perfekt;Die Geschwister haben sich ein Zimmer geteilt.;Les frères et sœurs ont partagé une chambre.;The siblings shared a room.
B1;sich etwas teilen;partager qch;Akkusativ;;;oui;Präteritum;Die Geschwister teilten sich ein Zimmer.;Les frères et sœurs partageaient une chambre.;The siblings shared a room.
B1;sich etwas teilen;partager qch;Akkusativ;;;oui;Konjunktiv II;Ein Zimmer würde ich mir nicht teilen.;Je ne partagerais pas une chambre.;I would not share a room.
B1;sich trennen;se séparer;;von + Dativ;;oui;Präsens;Er trennt sich von seiner Frau.;Il se sépare de sa femme.;He is separating from his wife.
B1;sich trennen;se séparer;;von + Dativ;;oui;Perfekt;Die beiden haben sich nach zehn Jahren getrennt.;Les deux se sont séparés après dix ans.;The two separated after ten years.
B1;sich trennen;se séparer;;von + Dativ;;oui;Präteritum;Die beiden trennten sich nach zehn Jahren.;Les deux se sont séparés après dix ans.;The two separated after ten years.
B1;sich trennen;se séparer;;von + Dativ;;oui;Konjunktiv II;Nach so vielen Jahren würde ich mich nicht trennen.;Après tant d'années, je ne me séparerais pas.;After so many years, I would not separate.
B1;verreisen;partir en voyage;;;oui;;Präsens;Wir verreisen dieses Jahr mit der ganzen Familie.;Nous partons en voyage avec toute la famille cette année.;We're going on a trip with the whole family this year.
B1;verreisen;partir en voyage;;;oui;;Perfekt;Wir sind mit der ganzen Familie verreist.;Nous sommes partis en voyage avec toute la famille.;We went on a trip with the whole family.
B1;verreisen;partir en voyage;;;oui;;Präteritum;Wir verreisten mit der ganzen Familie.;Nous partions en voyage avec toute la famille.;We traveled with the whole family.
B1;verreisen;partir en voyage;;;oui;;Konjunktiv II;Im Sommer würden wir gern verreisen.;Nous aimerions partir en voyage cet été.;We would like to go on a trip in summer.
B1;wert sein;valoir la peine;Akkusativ;;;;Präsens;Diese Erfahrung ist die Mühe wert.;Cette expérience vaut la peine.;This experience is worth the effort.
B1;wert sein;valoir la peine;Akkusativ;;;;Perfekt;Diese Erfahrung ist die Mühe wert gewesen.;Cette expérience a valu la peine.;This experience has been worth the effort.
B1;wert sein;valoir la peine;Akkusativ;;;;Präteritum;Diese Erfahrung war die Mühe wert.;Cette expérience valait la peine.;This experience was worth the effort.
B1;wert sein;valoir la peine;Akkusativ;;;;Konjunktiv II;Ein zweiter Versuch wäre die Mühe wert.;Un deuxième essai vaudrait la peine.;A second attempt would be worth the effort.
B1;abwaschen;laver la vaisselle;Akkusativ;;;;Präsens;Nach dem Essen wäscht er das Geschirr ab.;Après le repas, il fait la vaisselle.;After the meal, he does the dishes.
B1;abwaschen;laver la vaisselle;Akkusativ;;;;Perfekt;Nach dem Essen hat er das Geschirr abgewaschen.;Après le repas, il a fait la vaisselle.;After the meal, he did the dishes.
B1;abwaschen;laver la vaisselle;Akkusativ;;;;Präteritum;Nach dem Essen wusch er das Geschirr ab.;Après le repas, il faisait la vaisselle.;After the meal, he did the dishes.
B1;abwaschen;laver la vaisselle;Akkusativ;;;;Konjunktiv II;Ich würde das Geschirr sofort abwaschen.;Je ferais la vaisselle tout de suite.;I would do the dishes right away.
B1;ankommen;arriver (sur qch), dépendre de;;auf + Akkusativ;;;Präsens;Es kommt darauf an, wie viel Zeit wir haben.;Cela dépend du temps dont nous disposons.;It depends on how much time we have.
B1;ankommen;arriver (sur qch), dépendre de;;auf + Akkusativ;;;Perfekt;Es ist immer darauf angekommen, wie viel Zeit wir hatten.;Cela a toujours dépendu du temps dont nous disposions.;It always depended on how much time we had.
B1;ankommen;arriver (sur qch), dépendre de;;auf + Akkusativ;;;Präteritum;Es kam darauf an, wie viel Zeit wir hatten.;Cela dépendait du temps dont nous disposions.;It depended on how much time we had.
B1;ankommen;arriver (sur qch), dépendre de;;auf + Akkusativ;;;Konjunktiv II;Es würde darauf ankommen, wie viel Zeit wir haben.;Cela dépendrait du temps dont nous disposons.;It would depend on how much time we have.
B1;aufgeben;abandonner, renoncer;Akkusativ;;;;Präsens;Sie gibt ihre Karriere für die Familie nicht auf.;Elle n'abandonne pas sa carrière pour sa famille.;She does not give up her career for her family.
B1;aufgeben;abandonner, renoncer;Akkusativ;;;;Perfekt;Sie hat ihre Karriere für die Familie nicht aufgegeben.;Elle n'a pas abandonné sa carrière pour sa famille.;She did not give up her career for her family.
B1;aufgeben;abandonner, renoncer;Akkusativ;;;;Präteritum;Sie gab ihre Karriere für die Familie nicht auf.;Elle n'abandonnait pas sa carrière pour sa famille.;She did not give up her career for her family.
B1;aufgeben;abandonner, renoncer;Akkusativ;;;;Konjunktiv II;Meine Karriere würde ich dafür nicht aufgeben.;Je n'abandonnerais pas ma carrière pour ça.;I would not give up my career for that.
B1;behandeln;traiter;Akkusativ;;;;Präsens;Die Eltern behandeln beide Kinder gleich.;Les parents traitent les deux enfants de la même façon.;The parents treat both children the same way.
B1;behandeln;traiter;Akkusativ;;;;Perfekt;Die Eltern haben beide Kinder gleich behandelt.;Les parents ont traité les deux enfants de la même façon.;The parents treated both children the same way.
B1;behandeln;traiter;Akkusativ;;;;Präteritum;Die Eltern behandelten beide Kinder gleich.;Les parents traitaient les deux enfants de la même façon.;The parents treated both children the same way.
B1;behandeln;traiter;Akkusativ;;;;Konjunktiv II;Ich würde beide Kinder gleich behandeln.;Je traiterais les deux enfants de la même façon.;I would treat both children the same way.
B1;bringen;apporter, amener;Akkusativ;;;;Präsens;Er bringt die Kinder jeden Morgen zur Kita.;Il amène les enfants à la crèche tous les matins.;He takes the children to daycare every morning.
B1;bringen;apporter, amener;Akkusativ;;;;Perfekt;Er hat die Kinder zur Kita gebracht.;Il a amené les enfants à la crèche.;He took the children to daycare.
B1;bringen;apporter, amener;Akkusativ;;;;Präteritum;Er brachte die Kinder jeden Morgen zur Kita.;Il amenait les enfants à la crèche tous les matins.;He took the children to daycare every morning.
B1;bringen;apporter, amener;Akkusativ;;;;Konjunktiv II;Ich würde die Kinder gern mit dem Rad zur Kita bringen.;J'amènerais volontiers les enfants à la crèche à vélo.;I would gladly take the children to daycare by bike.
B1;erziehen;élever (un enfant);Akkusativ;;;;Präsens;Sie erziehen ihre Kinder sehr liebevoll.;Ils élèvent leurs enfants avec beaucoup d'affection.;They raise their children very lovingly.
B1;erziehen;élever (un enfant);Akkusativ;;;;Perfekt;Sie haben ihre Kinder sehr liebevoll erzogen.;Ils ont élevé leurs enfants avec beaucoup d'affection.;They raised their children very lovingly.
B1;erziehen;élever (un enfant);Akkusativ;;;;Präteritum;Sie erzogen ihre Kinder sehr liebevoll.;Ils élevaient leurs enfants avec beaucoup d'affection.;They raised their children very lovingly.
B1;erziehen;élever (un enfant);Akkusativ;;;;Konjunktiv II;Ich würde meine Kinder ähnlich erziehen.;J'élèverais mes enfants de façon semblable.;I would raise my children in a similar way.
B1;entgegennehmen;recevoir, accepter (une remise);Akkusativ;;;;Präsens;Der Empfang nimmt die Pakete für die Mieter entgegen.;La réception reçoit les colis pour les locataires.;The reception accepts packages for the tenants.
B1;entgegennehmen;recevoir, accepter (une remise);Akkusativ;;;;Perfekt;Der Empfang hat die Pakete für die Mieter entgegengenommen.;La réception a reçu les colis pour les locataires.;The reception accepted the packages for the tenants.
B1;entgegennehmen;recevoir, accepter (une remise);Akkusativ;;;;Präteritum;Der Empfang nahm die Pakete für die Mieter entgegen.;La réception recevait les colis pour les locataires.;The reception accepted the packages for the tenants.
B1;entgegennehmen;recevoir, accepter (une remise);Akkusativ;;;;Konjunktiv II;Ich würde das Paket gern für dich entgegennehmen.;Je recevrais volontiers le colis pour toi.;I would gladly accept the package for you.
B1;frustrieren;frustrer;Akkusativ;;;;Präsens;Die lange Wartezeit frustriert viele Kunden.;La longue attente frustre beaucoup de clients.;The long wait frustrates many customers.
B1;frustrieren;frustrer;Akkusativ;;;;Perfekt;Die lange Wartezeit hat viele Kunden frustriert.;La longue attente a frustré beaucoup de clients.;The long wait frustrated many customers.
B1;frustrieren;frustrer;Akkusativ;;;;Präteritum;Die lange Wartezeit frustrierte viele Kunden.;La longue attente frustrait beaucoup de clients.;The long wait frustrated many customers.
B1;frustrieren;frustrer;Akkusativ;;;;Konjunktiv II;Eine so lange Wartezeit würde jeden frustrieren.;Une attente aussi longue frustrerait n'importe qui.;Such a long wait would frustrate anyone.
B1;montieren;monter, assembler;Akkusativ;;;;Präsens;Der Techniker montiert die neue Klimaanlage.;Le technicien monte le nouveau climatiseur.;The technician assembles the new air conditioner.
B1;montieren;monter, assembler;Akkusativ;;;;Perfekt;Der Techniker hat die neue Klimaanlage montiert.;Le technicien a monté le nouveau climatiseur.;The technician assembled the new air conditioner.
B1;montieren;monter, assembler;Akkusativ;;;;Präteritum;Der Techniker montierte die neue Klimaanlage.;Le technicien montait le nouveau climatiseur.;The technician assembled the new air conditioner.
B1;montieren;monter, assembler;Akkusativ;;;;Konjunktiv II;Die Klimaanlage würde ich lieber im Frühling montieren.;Je monterais plutôt le climatiseur au printemps.;I would rather install the air conditioner in spring.
B1;zusammenbleiben;rester ensemble;;;oui;;Präsens;Die beiden Freunde bleiben seit der Schule zusammen.;Les deux amis restent ensemble depuis l'école.;The two friends have stayed together since school.
B1;zusammenbleiben;rester ensemble;;;oui;;Perfekt;Die beiden Freunde sind seit der Schule zusammengeblieben.;Les deux amis sont restés ensemble depuis l'école.;The two friends have stayed together since school.
B1;zusammenbleiben;rester ensemble;;;oui;;Präteritum;Die beiden Freunde blieben nach der Schule zusammen.;Les deux amis sont restés ensemble après l'école.;The two friends stayed together after school.
B1;zusammenbleiben;rester ensemble;;;oui;;Konjunktiv II;Nach dem Umzug würden wir kaum zusammenbleiben.;Après le déménagement, nous resterions difficilement ensemble.;After the move, we would hardly stay together.
B1;sich zusammensetzen;se composer (de qch), s'asseoir ensemble;;aus + Dativ;;oui;Präsens;Das Team setzt sich aus zehn Personen zusammen.;L'équipe se compose de dix personnes.;The team consists of ten people.
B1;sich zusammensetzen;se composer (de qch), s'asseoir ensemble;;aus + Dativ;;oui;Perfekt;Das Team hat sich aus zehn Personen zusammengesetzt.;L'équipe se composait de dix personnes.;The team consisted of ten people.
B1;sich zusammensetzen;se composer (de qch), s'asseoir ensemble;;aus + Dativ;;oui;Präteritum;Das Team setzte sich aus zehn Personen zusammen.;L'équipe se composait de dix personnes.;The team consisted of ten people.
B1;sich zusammensetzen;se composer (de qch), s'asseoir ensemble;;aus + Dativ;;oui;Konjunktiv II;Ein gutes Team würde sich aus verschiedenen Fachleuten zusammensetzen.;Une bonne équipe se composerait de spécialistes différents.;A good team would consist of different specialists.
B1;auftreten;se présenter, se comporter;;;oui;;Präsens;Im Vorstellungsgespräch tritt sie sehr sicher auf.;Lors de l'entretien, elle se présente avec beaucoup d'assurance.;In the job interview she comes across very confidently.
B1;auftreten;se présenter, se comporter;;;oui;;Perfekt;Im Vorstellungsgespräch ist sie sehr sicher aufgetreten.;Lors de l'entretien, elle s'est présentée avec beaucoup d'assurance.;In the job interview she came across very confidently.
B1;auftreten;se présenter, se comporter;;;oui;;Präteritum;Im Vorstellungsgespräch trat sie sehr sicher auf.;Lors de l'entretien, elle se présentait avec assurance.;In the job interview she came across confidently.
B1;auftreten;se présenter, se comporter;;;oui;;Konjunktiv II;Im Gespräch würde ich ruhiger auftreten.;Pendant l'entretien, je me présenterais plus calmement.;In the interview, I would come across more calmly.
B1;auschecken;quitter l'hôtel (check-out);;;oui;;Präsens;Wir checken um elf Uhr aus.;Nous quittons la chambre à onze heures.;We check out at eleven o'clock.
B1;auschecken;quitter l'hôtel (check-out);;;oui;;Perfekt;Wir haben um elf Uhr ausgecheckt.;Nous avons quitté la chambre à onze heures.;We checked out at eleven o'clock.
B1;auschecken;quitter l'hôtel (check-out);;;oui;;Präteritum;Wir checkten um elf Uhr aus.;Nous avons quitté la chambre à onze heures.;We checked out at eleven o'clock.
B1;auschecken;quitter l'hôtel (check-out);;;oui;;Konjunktiv II;Wir würden gern erst um zwölf Uhr auschecken.;Nous aimerions ne quitter la chambre qu'à midi.;We would like to check out only at noon.
B1;einfallen;venir à l'esprit;Dativ;;;;Präsens;Mir fällt gerade kein besseres Wort ein.;Aucun meilleur mot ne me vient à l'esprit pour l'instant.;No better word comes to mind right now.
B1;einfallen;venir à l'esprit;Dativ;;;;Perfekt;Mir ist kein besseres Wort eingefallen.;Aucun meilleur mot ne m'est venu à l'esprit.;No better word came to mind.
B1;einfallen;venir à l'esprit;Dativ;;;;Präteritum;Mir fiel kein besseres Wort ein.;Aucun meilleur mot ne me venait à l'esprit.;No better word came to mind.
B1;einfallen;venir à l'esprit;Dativ;;;;Konjunktiv II;Dir würde bestimmt ein besseres Wort einfallen.;Un meilleur mot te viendrait sûrement à l'esprit.;A better word would surely come to your mind.
B1;einreichen;déposer, soumettre (un dossier);Akkusativ;;;;Präsens;Sie reicht ihre Bewerbung heute ein.;Elle dépose sa candidature aujourd'hui.;She submits her application today.
B1;einreichen;déposer, soumettre (un dossier);Akkusativ;;;;Perfekt;Sie hat ihre Bewerbung gestern eingereicht.;Elle a soumis sa candidature hier.;She submitted her application yesterday.
B1;einreichen;déposer, soumettre (un dossier);Akkusativ;;;;Präteritum;Sie reichte ihre Bewerbung gestern ein.;Elle a soumis sa candidature hier.;She submitted her application yesterday.
B1;einreichen;déposer, soumettre (un dossier);Akkusativ;;;;Konjunktiv II;Die Bewerbung würde ich online einreichen.;Je déposerais la candidature en ligne.;I would submit the application online.
B1;verleihen;prêter (contre paiement ou honneur);Akkusativ;;;;Präsens;Der Verein verleiht Fahrräder an seine Mitglieder.;L'association prête des vélos à ses membres.;The club lends bikes to its members.
B1;verleihen;prêter (contre paiement ou honneur);Akkusativ;;;;Perfekt;Der Verein hat Fahrräder an seine Mitglieder verliehen.;L'association a prêté des vélos à ses membres.;The club lent bikes to its members.
B1;verleihen;prêter (contre paiement ou honneur);Akkusativ;;;;Präteritum;Der Verein verlieh Fahrräder an seine Mitglieder.;L'association prêtait des vélos à ses membres.;The club lent bikes to its members.
B1;verleihen;prêter (contre paiement ou honneur);Akkusativ;;;;Konjunktiv II;Mein eigenes Fahrrad würde ich nicht verleihen.;Je ne prêterais pas mon propre vélo.;I would not lend out my own bike.
B1;sich verpflichten;s'engager à (faire qch);;zu + Dativ;;oui;Präsens;Sie verpflichtet sich, jede Woche zu helfen.;Elle s'engage à aider chaque semaine.;She commits to helping every week.
B1;sich verpflichten;s'engager à (faire qch);;zu + Dativ;;oui;Perfekt;Sie hat sich verpflichtet, jede Woche zu helfen.;Elle s'est engagée à aider chaque semaine.;She has committed to helping every week.
B1;sich verpflichten;s'engager à (faire qch);;zu + Dativ;;oui;Präteritum;Sie verpflichtete sich, jede Woche zu helfen.;Elle s'engageait à aider chaque semaine.;She committed to helping every week.
B1;sich verpflichten;s'engager à (faire qch);;zu + Dativ;;oui;Konjunktiv II;Zu so einer Aufgabe würde ich mich nicht verpflichten.;Je ne m'engagerais pas pour une telle tâche.;I would not commit to such a task.
B1;zusammenkommen;se réunir;;;oui;;Präsens;Die Freiwilligen kommen jeden Montag zusammen.;Les bénévoles se réunissent chaque lundi.;The volunteers meet every Monday.
B1;zusammenkommen;se réunir;;;oui;;Perfekt;Die Freiwilligen sind jeden Montag zusammengekommen.;Les bénévoles se sont réunis chaque lundi.;The volunteers met every Monday.
B1;zusammenkommen;se réunir;;;oui;;Präteritum;Die Freiwilligen kamen jeden Montag zusammen.;Les bénévoles se réunissaient chaque lundi.;The volunteers met every Monday.
B1;zusammenkommen;se réunir;;;oui;;Konjunktiv II;Einmal im Monat würden wir gern zusammenkommen.;Nous aimerions nous réunir une fois par mois.;We would like to come together once a month.
B1;absagen;annuler, décliner;Akkusativ;;;;Präsens;Er sagt den Termin kurzfristig ab.;Il annule le rendez-vous à la dernière minute.;He cancels the appointment at short notice.
B1;absagen;annuler, décliner;Akkusativ;;;;Perfekt;Er hat den Termin leider abgesagt.;Il a malheureusement annulé le rendez-vous.;He unfortunately cancelled the appointment.
B1;absagen;annuler, décliner;Akkusativ;;;;Präteritum;Er sagte den Termin leider ab.;Il a malheureusement annulé le rendez-vous.;He unfortunately cancelled the appointment.
B1;absagen;annuler, décliner;Akkusativ;;;;Konjunktiv II;Den Termin würde ich nur im Notfall absagen.;Je n'annulerais le rendez-vous qu'en cas d'urgence.;I would cancel the appointment only in an emergency.
B1;aufpumpen;gonfler (un pneu);Akkusativ;;;;Präsens;Er pumpt den Reifen vor der Tour auf.;Il gonfle le pneu avant la sortie.;He pumps up the tire before the ride.
B1;aufpumpen;gonfler (un pneu);Akkusativ;;;;Perfekt;Er hat den Reifen vor der Tour aufgepumpt.;Il a gonflé le pneu avant la sortie.;He pumped up the tire before the ride.
B1;aufpumpen;gonfler (un pneu);Akkusativ;;;;Präteritum;Er pumpte den Reifen vor der Tour auf.;Il gonflait le pneu avant la sortie.;He pumped up the tire before the ride.
B1;aufpumpen;gonfler (un pneu);Akkusativ;;;;Konjunktiv II;Könntest du mir den Reifen aufpumpen?;Pourrais-tu me gonfler le pneu ?;Could you pump up my tire for me?
B1;auswechseln;remplacer, changer;Akkusativ;;;;Präsens;Der Trainer wechselt den Torwart in der Pause aus.;L'entraîneur remplace le gardien à la mi-temps.;The coach swaps out the goalkeeper at halftime.
B1;auswechseln;remplacer, changer;Akkusativ;;;;Perfekt;Der Trainer hat den Torwart in der Pause ausgewechselt.;L'entraîneur a remplacé le gardien à la mi-temps.;The coach swapped out the goalkeeper at halftime.
B1;auswechseln;remplacer, changer;Akkusativ;;;;Präteritum;Der Trainer wechselte den Torwart in der Pause aus.;L'entraîneur remplaçait le gardien à la mi-temps.;The coach swapped out the goalkeeper at halftime.
B1;auswechseln;remplacer, changer;Akkusativ;;;;Konjunktiv II;An seiner Stelle würde ich den Torwart auswechseln.;À sa place, je remplacerais le gardien.;In his place, I would swap out the goalkeeper.
B1;sich bedanken;remercier (pour qch);;bei + Dativ / für + Akkusativ;;oui;Präsens;Ich bedanke mich für Ihre Hilfe.;Je vous remercie pour votre aide.;I thank you for your help.
B1;sich bedanken;remercier (pour qch);;bei + Dativ / für + Akkusativ;;oui;Perfekt;Ich habe mich für Ihre Hilfe bedankt.;Je vous ai remercié pour votre aide.;I thanked you for your help.
B1;sich bedanken;remercier (pour qch);;bei + Dativ / für + Akkusativ;;oui;Präteritum;Ich bedankte mich für Ihre Hilfe.;Je vous remerciais pour votre aide.;I thanked you for your help.
B1;sich bedanken;remercier (pour qch);;bei + Dativ / für + Akkusativ;;oui;Konjunktiv II;Bei ihr würde ich mich persönlich bedanken.;Je la remercierais personnellement.;I would thank her personally.
B1;sich einsetzen;s'engager (pour qch);;für + Akkusativ;;oui;Präsens;Sie setzt sich für Menschen mit Behinderung ein.;Elle s'engage pour les personnes handicapées.;She advocates for people with disabilities.
B1;sich einsetzen;s'engager (pour qch);;für + Akkusativ;;oui;Perfekt;Sie hat sich für Menschen mit Behinderung eingesetzt.;Elle s'est engagée pour les personnes handicapées.;She advocated for people with disabilities.
B1;sich einsetzen;s'engager (pour qch);;für + Akkusativ;;oui;Präteritum;Sie setzte sich für Menschen mit Behinderung ein.;Elle s'engageait pour les personnes handicapées.;She advocated for people with disabilities.
B1;sich einsetzen;s'engager (pour qch);;für + Akkusativ;;oui;Konjunktiv II;Für dieses Ziel würde ich mich auch einsetzen.;Je m'engagerais aussi pour cet objectif.;I would advocate for this goal as well.
B1;sich entwickeln;se développer;;zu + Dativ;;oui;Präsens;Das kleine Projekt entwickelt sich zu einem großen Erfolg.;Le petit projet se transforme en grand succès.;The small project is developing into a big success.
B1;sich entwickeln;se développer;;zu + Dativ;;oui;Perfekt;Das Ehrenamt hat sich in den letzten Jahren stark entwickelt.;Le bénévolat s'est beaucoup développé ces dernières années.;Volunteering has developed a lot in recent years.
B1;sich entwickeln;se développer;;zu + Dativ;;oui;Präteritum;Das Ehrenamt entwickelte sich in den letzten Jahren stark.;Le bénévolat se développait beaucoup ces dernières années.;Volunteering developed a lot in recent years.
B1;sich entwickeln;se développer;;zu + Dativ;;oui;Konjunktiv II;Mit mehr Geld würde sich das Projekt schneller entwickeln.;Avec plus d'argent, le projet se développerait plus vite.;With more money, the project would develop faster.
B1;erfordern;exiger, nécessiter;Akkusativ;;;;Präsens;Diese Aufgabe erfordert viel Geduld.;Cette tâche exige beaucoup de patience.;This task requires a lot of patience.
B1;erfordern;exiger, nécessiter;Akkusativ;;;;Perfekt;Diese Aufgabe hat viel Geduld erfordert.;Cette tâche a exigé beaucoup de patience.;This task required a lot of patience.
B1;erfordern;exiger, nécessiter;Akkusativ;;;;Präteritum;Diese Aufgabe erforderte viel Geduld.;Cette tâche exigeait beaucoup de patience.;This task required a lot of patience.
B1;erfordern;exiger, nécessiter;Akkusativ;;;;Konjunktiv II;Ein solches Projekt würde viel Geduld erfordern.;Un tel projet exigerait beaucoup de patience.;Such a project would require a lot of patience.
B1;abrechnen;facturer, faire les comptes;Akkusativ;;;;Präsens;Die Firma rechnet die Kosten am Monatsende ab.;L'entreprise règle les comptes à la fin du mois.;The company settles the costs at the end of the month.
B1;abrechnen;facturer, faire les comptes;Akkusativ;;;;Perfekt;Die Firma hat die Kosten am Monatsende abgerechnet.;L'entreprise a réglé les comptes à la fin du mois.;The company settled the costs at the end of the month.
B1;abrechnen;facturer, faire les comptes;Akkusativ;;;;Präteritum;Die Firma rechnete die Kosten am Monatsende ab.;L'entreprise réglait les comptes à la fin du mois.;The company settled the costs at the end of the month.
B1;abrechnen;facturer, faire les comptes;Akkusativ;;;;Konjunktiv II;Die Kosten würde ich lieber wöchentlich abrechnen.;Je réglerais plutôt les comptes chaque semaine.;I would rather settle the costs weekly.
B1;anzünden;allumer;Akkusativ;;;;Präsens;Er zündet die Kerzen auf dem Tisch an.;Il allume les bougies sur la table.;He lights the candles on the table.
B1;anzünden;allumer;Akkusativ;;;;Perfekt;Er hat die Kerzen auf dem Tisch angezündet.;Il a allumé les bougies sur la table.;He lit the candles on the table.
B1;anzünden;allumer;Akkusativ;;;;Präteritum;Er zündete die Kerzen auf dem Tisch an.;Il allumait les bougies sur la table.;He lit the candles on the table.
B1;anzünden;allumer;Akkusativ;;;;Konjunktiv II;Die Kerzen würde ich erst nach dem Essen anzünden.;Je n'allumerais les bougies qu'après le repas.;I would light the candles only after the meal.
B1;Sport treiben;faire du sport;Akkusativ;;;;Präsens;Sie treibt regelmäßig Sport im Verein.;Elle fait régulièrement du sport dans un club.;She regularly plays sports in a club.
B1;Sport treiben;faire du sport;Akkusativ;;;;Perfekt;Sie hat jahrelang Sport im Verein getrieben.;Elle a fait du sport en club pendant des années.;She played sports in a club for years.
B1;Sport treiben;faire du sport;Akkusativ;;;;Präteritum;Sie trieb regelmäßig Sport im Verein.;Elle faisait régulièrement du sport dans un club.;She regularly played sports in a club.
B1;Sport treiben;faire du sport;Akkusativ;;;;Konjunktiv II;Mit mehr Zeit würde ich mehr Sport treiben.;Avec plus de temps, je ferais plus de sport.;With more time, I would do more sports.
B1;verbinden;relier, mettre en relation (au téléphone);Akkusativ;mit + Dativ;;;Präsens;Einen Moment bitte, ich verbinde Sie mit der Redaktion.;Un instant s'il vous plaît, je vous mets en relation avec la rédaction.;One moment please, I'll connect you with the editorial office.
B1;verbinden;relier, mettre en relation (au téléphone);Akkusativ;mit + Dativ;;;Perfekt;Die Kollegin hat mich mit der Redaktion verbunden.;La collègue m'a mis en relation avec la rédaction.;The colleague connected me with the editorial office.
B1;verbinden;relier, mettre en relation (au téléphone);Akkusativ;mit + Dativ;;;Präteritum;Die Kollegin verband mich mit der Redaktion.;La collègue m'a mis en relation avec la rédaction.;The colleague connected me with the editorial office.
B1;verbinden;relier, mettre en relation (au téléphone);Akkusativ;mit + Dativ;;;Konjunktiv II;Ich würde Sie gern mit der Redaktion verbinden.;Je vous mettrais volontiers en relation avec la rédaction.;I would gladly connect you with the editorial office.
B1;abhängen;dépendre (de qch);;von + Dativ;;;Präsens;Der Preis hängt von der Saison ab.;Le prix dépend de la saison.;The price depends on the season.
B1;abhängen;dépendre (de qch);;von + Dativ;;;Perfekt;Der Preis hat immer von der Saison abgehangen.;Le prix a toujours dépendu de la saison.;The price has always depended on the season.
B1;abhängen;dépendre (de qch);;von + Dativ;;;Präteritum;Der Preis hing von der Saison ab.;Le prix dépendait de la saison.;The price depended on the season.
B1;abhängen;dépendre (de qch);;von + Dativ;;;Konjunktiv II;Ohne Hochsaison würde der Preis kaum schwanken.;Sans haute saison, le prix varierait à peine.;Without a high season, the price would hardly vary.
B1;sich auskennen;s'y connaître (en qch);;in + Dativ;;oui;Präsens;Der Stadtführer kennt sich in der Altstadt bestens aus.;Le guide touristique connaît parfaitement la vieille ville.;The city guide knows the old town very well.
B1;sich auskennen;s'y connaître (en qch);;in + Dativ;;oui;Perfekt;Der Stadtführer hat sich in der Altstadt bestens ausgekannt.;Le guide connaissait parfaitement la vieille ville.;The city guide knew the old town very well.
B1;sich auskennen;s'y connaître (en qch);;in + Dativ;;oui;Präteritum;Der Stadtführer kannte sich in der Altstadt bestens aus.;Le guide connaissait parfaitement la vieille ville.;The city guide knew the old town very well.
B1;sich auskennen;s'y connaître (en qch);;in + Dativ;;oui;Konjunktiv II;In dieser Stadt würde ich mich schnell auskennen.;Dans cette ville, je m'y retrouverais vite.;In this city, I would find my way around quickly.
B1;sich beschränken;se limiter (à qch);;auf + Akkusativ;;oui;Präsens;Die Führung beschränkt sich auf das historische Zentrum.;La visite se limite au centre historique.;The tour is limited to the historic center.
B1;sich beschränken;se limiter (à qch);;auf + Akkusativ;;oui;Perfekt;Die Führung hat sich auf das historische Zentrum beschränkt.;La visite s'est limitée au centre historique.;The tour was limited to the historic center.
B1;sich beschränken;se limiter (à qch);;auf + Akkusativ;;oui;Präteritum;Die Führung beschränkte sich auf das historische Zentrum.;La visite se limitait au centre historique.;The tour was limited to the historic center.
B1;sich beschränken;se limiter (à qch);;auf + Akkusativ;;oui;Konjunktiv II;Ich würde mich auf zwei Museen beschränken.;Je me limiterais à deux musées.;I would limit myself to two museums.
B1;unter sich bleiben;rester entre soi;;;oui;;Präsens;In diesem Viertel bleiben die Bewohner gern unter sich.;Dans ce quartier, les habitants aiment rester entre eux.;In this neighborhood the residents like to keep to themselves.
B1;unter sich bleiben;rester entre soi;;;oui;;Perfekt;Die Bewohner sind lange unter sich geblieben.;Les habitants sont longtemps restés entre eux.;The residents kept to themselves for a long time.
B1;unter sich bleiben;rester entre soi;;;oui;;Präteritum;Die Bewohner blieben gern unter sich.;Les habitants aimaient rester entre eux.;The residents liked to keep to themselves.
B1;unter sich bleiben;rester entre soi;;;oui;;Konjunktiv II;Ohne die neuen Cafés würden die Bewohner unter sich bleiben.;Sans les nouveaux cafés, les habitants resteraient entre eux.;Without the new cafés, the residents would keep to themselves.
B1;sich drehen;tourner, porter (sur un sujet);;um + Akkusativ;;oui;Präsens;Das Gespräch dreht sich meistens um die Stadtgeschichte.;La conversation tourne surtout autour de l'histoire de la ville.;The conversation mostly revolves around the city's history.
B1;sich drehen;tourner, porter (sur un sujet);;um + Akkusativ;;oui;Perfekt;Das Gespräch hat sich um die Stadtgeschichte gedreht.;La conversation a tourné autour de l'histoire de la ville.;The conversation revolved around the city's history.
B1;sich drehen;tourner, porter (sur un sujet);;um + Akkusativ;;oui;Präteritum;Das Gespräch drehte sich um die Stadtgeschichte.;La conversation tournait autour de l'histoire de la ville.;The conversation revolved around the city's history.
B1;sich drehen;tourner, porter (sur un sujet);;um + Akkusativ;;oui;Konjunktiv II;Bei einem Stadtrundgang würde sich alles um die Geschichte drehen.;Lors d'une visite de la ville, tout tournerait autour de l'histoire.;On a city walk, everything would revolve around the history.
B1;sich freinehmen;prendre congé, se libérer;Akkusativ;;;oui;Präsens;Sie nimmt sich für die Stadtführung einen Nachmittag frei.;Elle se libère un après-midi pour la visite guidée.;She takes an afternoon off for the city tour.
B1;sich freinehmen;prendre congé, se libérer;Akkusativ;;;oui;Perfekt;Sie hat sich für die Stadtführung einen Nachmittag freigenommen.;Elle s'est libéré un après-midi pour la visite guidée.;She took an afternoon off for the city tour.
B1;sich freinehmen;prendre congé, se libérer;Akkusativ;;;oui;Präteritum;Sie nahm sich für die Stadtführung einen Nachmittag frei.;Elle se libérait un après-midi pour la visite guidée.;She took an afternoon off for the city tour.
B1;sich freinehmen;prendre congé, se libérer;Akkusativ;;;oui;Konjunktiv II;Für diese Führung würde ich mir einen Tag freinehmen.;Pour cette visite, je prendrais une journée de congé.;For this tour, I would take a day off.
B1;zu tun haben;avoir affaire (à qch/qn);;mit + Dativ;;;Präsens;Sein Beruf hat viel mit Tourismus zu tun.;Son métier a beaucoup à voir avec le tourisme.;His job has a lot to do with tourism.
B1;zu tun haben;avoir affaire (à qch/qn);;mit + Dativ;;;Perfekt;Sein Beruf hat immer viel mit Tourismus zu tun gehabt.;Son métier a toujours eu beaucoup à voir avec le tourisme.;His job has always had a lot to do with tourism.
B1;zu tun haben;avoir affaire (à qch/qn);;mit + Dativ;;;Präteritum;Sein Beruf hatte viel mit Tourismus zu tun.;Son métier avait beaucoup à voir avec le tourisme.;His job had a lot to do with tourism.
B1;zu tun haben;avoir affaire (à qch/qn);;mit + Dativ;;;Konjunktiv II;Dieser Job würde viel mit Menschen zu tun haben.;Ce travail aurait beaucoup à voir avec les gens.;This job would have a lot to do with people.
B1;verurteilen;condamner;Akkusativ;zu + Dativ;;;Präsens;Das Gericht verurteilt den Mann zu einer Geldstrafe.;Le tribunal condamne l'homme à une amende.;The court sentences the man to a fine.
B1;verurteilen;condamner;Akkusativ;zu + Dativ;;;Perfekt;Das Gericht hat den Mann zu einer Geldstrafe verurteilt.;Le tribunal a condamné l'homme à une amende.;The court sentenced the man to a fine.
B1;verurteilen;condamner;Akkusativ;zu + Dativ;;;Präteritum;Das Gericht verurteilte den Mann zu einer Geldstrafe.;Le tribunal a condamné l'homme à une amende.;The court sentenced the man to a fine.
B1;verurteilen;condamner;Akkusativ;zu + Dativ;;;Konjunktiv II;Ein anderes Gericht würde ihn milder verurteilen.;Un autre tribunal le condamnerait plus légèrement.;Another court would sentence him more leniently.
B1;abstimmen;voter;;über + Akkusativ;;;Präsens;Am Sonntag stimmen die Bürger über das neue Gesetz ab.;Dimanche, les citoyens votent sur la nouvelle loi.;On Sunday, citizens vote on the new law.
B1;abstimmen;voter;;über + Akkusativ;;;Perfekt;Die Bürger haben über das neue Gesetz abgestimmt.;Les citoyens ont voté sur la nouvelle loi.;The citizens voted on the new law.
B1;abstimmen;voter;;über + Akkusativ;;;Präteritum;Die Bürger stimmten über das neue Gesetz ab.;Les citoyens votaient sur la nouvelle loi.;The citizens voted on the new law.
B1;abstimmen;voter;;über + Akkusativ;;;Konjunktiv II;Über diese Frage würde ich gern abstimmen.;J'aimerais voter sur cette question.;I would like to vote on this question.
B1;ausbilden;former (professionnellement);Akkusativ;;;;Präsens;Die Firma bildet jedes Jahr zehn Lehrlinge aus.;L'entreprise forme dix apprentis chaque année.;The company trains ten apprentices every year.
B1;ausbilden;former (professionnellement);Akkusativ;;;;Perfekt;Die Firma hat jedes Jahr zehn Lehrlinge ausgebildet.;L'entreprise a formé dix apprentis chaque année.;The company trained ten apprentices every year.
B1;ausbilden;former (professionnellement);Akkusativ;;;;Präteritum;Die Firma bildete jedes Jahr zehn Lehrlinge aus.;L'entreprise formait dix apprentis chaque année.;The company trained ten apprentices every year.
B1;ausbilden;former (professionnellement);Akkusativ;;;;Konjunktiv II;Mit mehr Personal würde die Firma mehr Lehrlinge ausbilden.;Avec plus de personnel, l'entreprise formerait plus d'apprentis.;With more staff, the company would train more apprentices.
B1;befristen;limiter dans le temps;Akkusativ;auf + Akkusativ;;;Präsens;Die Firma befristet den Arbeitsvertrag auf ein Jahr.;L'entreprise limite le contrat de travail à un an.;The company limits the employment contract to one year.
B1;befristen;limiter dans le temps;Akkusativ;auf + Akkusativ;;;Perfekt;Die Firma hat den Arbeitsvertrag auf ein Jahr befristet.;L'entreprise a limité le contrat de travail à un an.;The company limited the employment contract to one year.
B1;befristen;limiter dans le temps;Akkusativ;auf + Akkusativ;;;Präteritum;Die Firma befristete den Arbeitsvertrag auf ein Jahr.;L'entreprise limitait le contrat de travail à un an.;The company limited the employment contract to one year.
B1;befristen;limiter dans le temps;Akkusativ;auf + Akkusativ;;;Konjunktiv II;Diesen Vertrag würde ich nicht befristen.;Je ne limiterais pas ce contrat dans le temps.;I would not put a time limit on this contract.
B1;einbürgern;naturaliser;Akkusativ;;;;Präsens;Der Staat bürgert jedes Jahr Tausende Menschen ein.;L'État naturalise des milliers de personnes chaque année.;The state naturalizes thousands of people every year.
B1;einbürgern;naturaliser;Akkusativ;;;;Perfekt;Der Staat hat letztes Jahr Tausende Menschen eingebürgert.;L'État a naturalisé des milliers de personnes l'an dernier.;Last year the state naturalized thousands of people.
B1;einbürgern;naturaliser;Akkusativ;;;;Präteritum;Der Staat bürgerte jedes Jahr Tausende Menschen ein.;L'État naturalisait des milliers de personnes chaque année.;The state naturalized thousands of people every year.
B1;einbürgern;naturaliser;Akkusativ;;;;Konjunktiv II;Mit einfacheren Regeln würde der Staat mehr Menschen einbürgern.;Avec des règles plus simples, l'État naturaliserait plus de personnes.;With simpler rules, the state would naturalize more people.
B1;sich etwas überlegen;réfléchir à qch;Akkusativ;;;oui;Präsens;Sie überlegt sich, ob sie sich einbürgern lässt.;Elle réfléchit à demander la naturalisation.;She is thinking over whether to apply for naturalization.
B1;sich etwas überlegen;réfléchir à qch;Akkusativ;;;oui;Perfekt;Sie hat sich lange überlegt, ob sie den Antrag stellt.;Elle a longtemps réfléchi à déposer la demande.;She thought for a long time about filing the application.
B1;sich etwas überlegen;réfléchir à qch;Akkusativ;;;oui;Präteritum;Sie überlegte sich lange, ob sie den Antrag stellt.;Elle réfléchissait longuement à déposer la demande.;She thought for a long time about filing the application.
B1;sich etwas überlegen;réfléchir à qch;Akkusativ;;;oui;Konjunktiv II;Diesen Schritt würde ich mir gut überlegen.;Je réfléchirais bien à cette démarche.;I would think this step over carefully.
B1;sich vorbereiten;se préparer à;;auf + Akkusativ;;oui;Präsens;Ich bereite mich auf die Prüfung vor.;Je me prépare à l'examen.;I'm preparing for the exam.
B1;sich vorbereiten;se préparer à;;auf + Akkusativ;;oui;Perfekt;Er hat sich gut auf das Gespräch vorbereitet.;Il s'est bien préparé à l'entretien.;He prepared well for the interview.
B1;sich vorbereiten;se préparer à;;auf + Akkusativ;;oui;Präteritum;Wir bereiteten uns wochenlang darauf vor.;Nous nous y sommes préparés pendant des semaines.;We prepared for it for weeks.
B1;sich vorbereiten;se préparer à;;auf + Akkusativ;;oui;Konjunktiv II;Ich würde mich besser darauf vorbereiten.;Je m'y préparerais mieux.;I would prepare for it better.
B1;sich melden;donner de ses nouvelles, se manifester;;bei + Dativ;;oui;Präsens;Ich melde mich morgen bei dir.;Je te donne des nouvelles demain.;I'll get in touch with you tomorrow.
B1;sich melden;donner de ses nouvelles, se manifester;;bei + Dativ;;oui;Perfekt;Er hat sich seit Wochen nicht gemeldet.;Il n'a pas donné de nouvelles depuis des semaines.;He hasn't been in touch for weeks.
B1;sich melden;donner de ses nouvelles, se manifester;;bei + Dativ;;oui;Präteritum;Sie meldete sich sofort bei der Polizei.;Elle s'est immédiatement manifestée auprès de la police.;She reported to the police immediately.
B1;sich melden;donner de ses nouvelles, se manifester;;bei + Dativ;;oui;Konjunktiv II;An deiner Stelle würde ich mich melden.;À ta place, je donnerais signe de vie.;In your place I would get in touch.
B1;sich halten;s'en tenir à, respecter;;an + Akkusativ;;oui;Präsens;Ich halte mich an die Regeln.;Je m'en tiens aux règles.;I stick to the rules.
B1;sich halten;s'en tenir à, respecter;;an + Akkusativ;;oui;Perfekt;Er hat sich nicht an die Abmachung gehalten.;Il n'a pas respecté l'accord.;He didn't stick to the agreement.
B1;sich halten;s'en tenir à, respecter;;an + Akkusativ;;oui;Präteritum;Sie hielt sich genau an den Plan.;Elle s'en est tenue exactement au plan.;She stuck exactly to the plan.
B1;sich halten;s'en tenir à, respecter;;an + Akkusativ;;oui;Konjunktiv II;Ich würde mich an den Vertrag halten.;Je m'en tiendrais au contrat.;I would stick to the contract.
B1;sich verstehen;bien s'entendre avec;;mit + Dativ;;oui;Präsens;Ich verstehe mich gut mit meinen Kollegen.;Je m'entends bien avec mes collègues.;I get along well with my colleagues.
B1;sich verstehen;bien s'entendre avec;;mit + Dativ;;oui;Perfekt;Wir haben uns von Anfang an gut verstanden.;Nous nous sommes bien entendus dès le début.;We got along well from the start.
B1;sich verstehen;bien s'entendre avec;;mit + Dativ;;oui;Präteritum;Sie verstanden sich auf Anhieb.;Ils se sont entendus tout de suite.;They hit it off immediately.
B1;sich verstehen;bien s'entendre avec;;mit + Dativ;;oui;Konjunktiv II;Mit ihm würde ich mich sicher gut verstehen.;Avec lui, je m'entendrais sûrement bien.;I would surely get along well with him.
B1;sich legen;"s'allonger ; se calmer (vent, colère)";;;;oui;Präsens;Ich lege mich aufs Sofa.;Je m'allonge sur le canapé.;I lie down on the sofa.
B1;sich legen;"s'allonger ; se calmer (vent, colère)";;;;oui;Perfekt;Der Sturm hat sich gelegt.;La tempête s'est calmée.;The storm has died down.
B1;sich legen;"s'allonger ; se calmer (vent, colère)";;;;oui;Präteritum;Sie legte sich früh ins Bett.;Elle s'est couchée tôt.;She went to bed early.
B1;sich legen;"s'allonger ; se calmer (vent, colère)";;;;oui;Konjunktiv II;Ich würde mich jetzt gern kurz legen.;J'aimerais bien m'allonger un peu maintenant.;I would like to lie down for a bit now.
B1;unterhalten;"entretenir (qch) ; divertir (qn)";Akkusativ;;;;Präsens;Die Stadt unterhält drei Bibliotheken.;La ville entretient trois bibliothèques.;The city maintains three libraries.
B1;unterhalten;"entretenir (qch) ; divertir (qn)";Akkusativ;;;;Perfekt;Der Clown hat die Kinder gut unterhalten.;Le clown a bien diverti les enfants.;The clown entertained the children well.
B1;unterhalten;"entretenir (qch) ; divertir (qn)";Akkusativ;;;;Präteritum;Die Firma unterhielt ein Büro in Berlin.;L'entreprise entretenait un bureau à Berlin.;The company maintained an office in Berlin.
B1;unterhalten;"entretenir (qch) ; divertir (qn)";Akkusativ;;;;Konjunktiv II;Diese Musik würde die Gäste gut unterhalten.;Cette musique divertirait bien les invités.;This music would entertain the guests well.
B1;abmachen;"convenir de ; enlever";Akkusativ;;;;Präsens;Wir machen einen Termin ab.;Nous convenons d'un rendez-vous.;We're agreeing on an appointment.
B1;abmachen;"convenir de ; enlever";Akkusativ;;;;Perfekt;Wir haben einen Termin abgemacht.;Nous avons convenu d'un rendez-vous.;We agreed on an appointment.
B1;abmachen;"convenir de ; enlever";Akkusativ;;;;Präteritum;Wir machten einen Termin ab.;Nous convenions d'un rendez-vous.;We were agreeing on an appointment.
B1;abmachen;"convenir de ; enlever";Akkusativ;;;;Konjunktiv II;Wir würden gern einen Termin abmachen.;Nous aimerions convenir d'un rendez-vous.;We would like to agree on an appointment.
B1;abonnieren;s'abonner à;Akkusativ;;;;Präsens;Ich abonniere die Zeitung.;Je m'abonne au journal.;I subscribe to the newspaper.
B1;abonnieren;s'abonner à;Akkusativ;;;;Perfekt;Ich habe die Zeitung abonniert.;Je me suis abonné au journal.;I subscribed to the newspaper.
B1;abonnieren;s'abonner à;Akkusativ;;;;Präteritum;Ich abonnierte die Zeitung.;Je m'abonnais au journal.;I was subscribing to the newspaper.
B1;abonnieren;s'abonner à;Akkusativ;;;;Konjunktiv II;Ich würde die Zeitung gern abonnieren.;J'aimerais m'abonner au journal.;I would like to subscribe to the newspaper.
B1;analysieren;analyser;Akkusativ;;;;Präsens;Wir analysieren die Zahlen genau.;Nous analysons les chiffres en détail.;We analyse the figures closely.
B1;analysieren;analyser;Akkusativ;;;;Perfekt;Wir haben die Zahlen genau analysiert.;Nous avons analysé les chiffres en détail.;We analysed the figures closely.
B1;analysieren;analyser;Akkusativ;;;;Präteritum;Wir analysierten die Zahlen genau.;Nous analysions les chiffres en détail.;We were analysing the figures closely.
B1;analysieren;analyser;Akkusativ;;;;Konjunktiv II;Ich würde die Zahlen noch einmal analysieren.;J'analyserais les chiffres encore une fois.;I would analyse the figures again.
B1;anbieten;proposer, offrir;Akkusativ+Dativ;;;;Präsens;Die Firma bietet mir eine Stelle an.;L'entreprise me propose un poste.;The company is offering me a job.
B1;anbieten;proposer, offrir;Akkusativ+Dativ;;;;Perfekt;Die Firma hat mir eine Stelle angeboten.;L'entreprise m'a proposé un poste.;The company offered me a job.
B1;anbieten;proposer, offrir;Akkusativ+Dativ;;;;Präteritum;Die Firma bot mir eine Stelle an.;L'entreprise me proposait un poste.;The company was offering me a job.
B1;anbieten;proposer, offrir;Akkusativ+Dativ;;;;Konjunktiv II;Ich würde ihm einen Kaffee anbieten.;Je lui proposerais un café.;I would offer him a coffee.
B1;anerkennen;reconnaître (officiellement);Akkusativ;;;;Präsens;Das Amt erkennt mein Diplom an.;L'administration reconnaît mon diplôme.;The authority recognises my diploma.
B1;anerkennen;reconnaître (officiellement);Akkusativ;;;;Perfekt;Das Amt hat mein Diplom anerkannt.;L'administration a reconnu mon diplôme.;The authority recognised my diploma.
B1;anerkennen;reconnaître (officiellement);Akkusativ;;;;Präteritum;Das Amt erkannte mein Diplom an.;L'administration reconnaissait mon diplôme.;The authority was recognising my diploma.
B1;anerkennen;reconnaître (officiellement);Akkusativ;;;;Konjunktiv II;Ohne Übersetzung würde das Amt das Diplom nicht anerkennen.;Sans traduction, l'administration ne reconnaîtrait pas le diplôme.;Without a translation the authority would not recognise the diploma.
B1;anschaffen;acquérir, faire l'acquisition de;Akkusativ;;;;Präsens;Wir schaffen einen neuen Kühlschrank an.;Nous faisons l'acquisition d'un nouveau réfrigérateur.;We're purchasing a new fridge.
B1;anschaffen;acquérir, faire l'acquisition de;Akkusativ;;;;Perfekt;Wir haben einen neuen Kühlschrank angeschafft.;Nous avons acheté un nouveau réfrigérateur.;We purchased a new fridge.
B1;anschaffen;acquérir, faire l'acquisition de;Akkusativ;;;;Präteritum;Wir schafften einen neuen Kühlschrank an.;Nous achetions un nouveau réfrigérateur.;We were purchasing a new fridge.
B1;anschaffen;acquérir, faire l'acquisition de;Akkusativ;;;;Konjunktiv II;Wir würden gern einen größeren Kühlschrank anschaffen.;Nous aimerions acquérir un réfrigérateur plus grand.;We would like to purchase a bigger fridge.
B1;auffallen;frapper, se remarquer;Dativ;;;;Präsens;Mir fällt auf, dass du müde bist.;Je remarque que tu es fatigué.;I notice that you're tired.
B1;auffallen;frapper, se remarquer;Dativ;;;;Perfekt;Mir ist aufgefallen, dass du müde bist.;J'ai remarqué que tu étais fatigué.;I noticed that you were tired.
B1;auffallen;frapper, se remarquer;Dativ;;;;Präteritum;Mir fiel auf, dass du müde warst.;Je remarquais que tu étais fatigué.;I was noticing that you were tired.
B1;auffallen;frapper, se remarquer;Dativ;;;;Konjunktiv II;Das würde jedem auffallen.;Cela frapperait n'importe qui.;Anyone would notice that.
B1;aufführen;représenter, jouer (une pièce);Akkusativ;;;;Präsens;Das Theater führt ein neues Stück auf.;Le théâtre joue une nouvelle pièce.;The theatre is performing a new play.
B1;aufführen;représenter, jouer (une pièce);Akkusativ;;;;Perfekt;Das Theater hat ein neues Stück aufgeführt.;Le théâtre a joué une nouvelle pièce.;The theatre performed a new play.
B1;aufführen;représenter, jouer (une pièce);Akkusativ;;;;Präteritum;Das Theater führte ein neues Stück auf.;Le théâtre jouait une nouvelle pièce.;The theatre was performing a new play.
B1;aufführen;représenter, jouer (une pièce);Akkusativ;;;;Konjunktiv II;Die Schule würde das Stück gern aufführen.;L'école aimerait jouer la pièce.;The school would like to perform the play.
B1;auflösen;"dissoudre ; résoudre";Akkusativ;;;;Präsens;Man löst die Tablette in Wasser auf.;On dissout le comprimé dans l'eau.;You dissolve the tablet in water.
B1;auflösen;"dissoudre ; résoudre";Akkusativ;;;;Perfekt;Ich habe die Tablette in Wasser aufgelöst.;J'ai dissous le comprimé dans l'eau.;I dissolved the tablet in water.
B1;auflösen;"dissoudre ; résoudre";Akkusativ;;;;Präteritum;Ich löste die Tablette in Wasser auf.;Je dissolvais le comprimé dans l'eau.;I was dissolving the tablet in water.
B1;auflösen;"dissoudre ; résoudre";Akkusativ;;;;Konjunktiv II;In warmem Wasser würde sich die Tablette schneller auflösen.;Dans l'eau chaude, le comprimé se dissoudrait plus vite.;In warm water the tablet would dissolve faster.
B1;aufschreiben;noter, écrire;Akkusativ;;;;Präsens;Ich schreibe die Adresse auf.;Je note l'adresse.;I'm writing down the address.
B1;aufschreiben;noter, écrire;Akkusativ;;;;Perfekt;Ich habe die Adresse aufgeschrieben.;J'ai noté l'adresse.;I wrote down the address.
B1;aufschreiben;noter, écrire;Akkusativ;;;;Präteritum;Ich schrieb die Adresse auf.;Je notais l'adresse.;I was writing down the address.
B1;aufschreiben;noter, écrire;Akkusativ;;;;Konjunktiv II;Ich würde die Adresse lieber aufschreiben.;Je préférerais noter l'adresse.;I would rather write the address down.
B1;ausfallen;être annulé, ne pas avoir lieu;;;;;Präsens;Der Unterricht fällt heute aus.;Le cours est annulé aujourd'hui.;The lesson is cancelled today.
B1;ausfallen;être annulé, ne pas avoir lieu;;;;;Perfekt;Der Unterricht ist heute ausgefallen.;Le cours a été annulé aujourd'hui.;The lesson was cancelled today.
B1;ausfallen;être annulé, ne pas avoir lieu;;;;;Präteritum;Der Unterricht fiel wegen Schnee aus.;Le cours était annulé à cause de la neige.;The lesson was cancelled because of snow.
B1;ausfallen;être annulé, ne pas avoir lieu;;;;;Konjunktiv II;Bei Streik würde der Unterricht ausfallen.;En cas de grève, le cours serait annulé.;In case of a strike the lesson would be cancelled.
B1;ausgehen;sortir (le soir);;;;;Präsens;Am Freitag gehen wir aus.;Vendredi, nous sortons.;On Friday we're going out.
B1;ausgehen;sortir (le soir);;;;;Perfekt;Am Freitag sind wir ausgegangen.;Vendredi, nous sommes sortis.;On Friday we went out.
B1;ausgehen;sortir (le soir);;;;;Präteritum;Früher gingen wir jedes Wochenende aus.;Autrefois, nous sortions chaque week-end.;We used to go out every weekend.
B1;ausgehen;sortir (le soir);;;;;Konjunktiv II;Heute Abend würde ich gern ausgehen.;Ce soir, j'aimerais bien sortir.;I'd like to go out this evening.
B1;ausstellen;"exposer ; délivrer (un document)";Akkusativ;;;;Präsens;Das Amt stellt Ihnen eine Bescheinigung aus.;L'administration vous délivre une attestation.;The authority issues you a certificate.
B1;ausstellen;"exposer ; délivrer (un document)";Akkusativ;;;;Perfekt;Das Amt hat mir eine Bescheinigung ausgestellt.;L'administration m'a délivré une attestation.;The authority issued me a certificate.
B1;ausstellen;"exposer ; délivrer (un document)";Akkusativ;;;;Präteritum;Das Amt stellte mir eine Bescheinigung aus.;L'administration me délivrait une attestation.;The authority was issuing me a certificate.
B1;ausstellen;"exposer ; délivrer (un document)";Akkusativ;;;;Konjunktiv II;Ohne Ausweis würde man kein Dokument ausstellen.;Sans pièce d'identité, on ne délivrerait aucun document.;Without ID no document would be issued.
B1;auswählen;sélectionner, choisir;Akkusativ;;;;Präsens;Wählen Sie bitte drei Fotos aus.;Sélectionnez trois photos, s'il vous plaît.;Please select three photos.
B1;auswählen;sélectionner, choisir;Akkusativ;;;;Perfekt;Ich habe drei Fotos ausgewählt.;J'ai sélectionné trois photos.;I selected three photos.
B1;auswählen;sélectionner, choisir;Akkusativ;;;;Präteritum;Ich wählte drei Fotos aus.;Je sélectionnais trois photos.;I was selecting three photos.
B1;auswählen;sélectionner, choisir;Akkusativ;;;;Konjunktiv II;Ich würde ein anderes Foto auswählen.;Je sélectionnerais une autre photo.;I would select a different photo.
B1;beachten;respecter, tenir compte de;Akkusativ;;;;Präsens;Bitte beachten Sie die Öffnungszeiten.;Veuillez tenir compte des heures d'ouverture.;Please note the opening hours.
B1;beachten;respecter, tenir compte de;Akkusativ;;;;Perfekt;Ich habe die Öffnungszeiten nicht beachtet.;Je n'ai pas tenu compte des heures d'ouverture.;I didn't take note of the opening hours.
B1;beachten;respecter, tenir compte de;Akkusativ;;;;Präteritum;Niemand beachtete das Schild.;Personne ne tenait compte du panneau.;Nobody took note of the sign.
B1;beachten;respecter, tenir compte de;Akkusativ;;;;Konjunktiv II;Ich würde die Regel beachten.;Je respecterais la règle.;I would observe the rule.
B1;bedienen;"servir (un client) ; utiliser (un appareil)";Akkusativ;;;;Präsens;Der Kellner bedient uns sehr freundlich.;Le serveur nous sert très aimablement.;The waiter serves us very kindly.
B1;bedienen;"servir (un client) ; utiliser (un appareil)";Akkusativ;;;;Perfekt;Der Kellner hat uns sehr freundlich bedient.;Le serveur nous a servis très aimablement.;The waiter served us very kindly.
B1;bedienen;"servir (un client) ; utiliser (un appareil)";Akkusativ;;;;Präteritum;Der Kellner bediente uns sehr freundlich.;Le serveur nous servait très aimablement.;The waiter was serving us very kindly.
B1;bedienen;"servir (un client) ; utiliser (un appareil)";Akkusativ;;;;Konjunktiv II;Diese Maschine würde ich nicht ohne Anleitung bedienen.;Je n'utiliserais pas cette machine sans notice.;I wouldn't operate this machine without instructions.
B1;begegnen;rencontrer (par hasard);Dativ;;;;Präsens;Ich begegne ihm oft im Park.;Je le rencontre souvent au parc.;I often run into him in the park.
B1;begegnen;rencontrer (par hasard);Dativ;;;;Perfekt;Ich bin ihm gestern im Park begegnet.;Je l'ai rencontré hier au parc.;I ran into him in the park yesterday.
B1;begegnen;rencontrer (par hasard);Dativ;;;;Präteritum;Ich begegnete ihm oft im Park.;Je le rencontrais souvent au parc.;I often used to run into him in the park.
B1;begegnen;rencontrer (par hasard);Dativ;;;;Konjunktiv II;Im Dorf würde man sich jeden Tag begegnen.;Au village, on se rencontrerait tous les jours.;In the village you would run into each other every day.
B1;behindern;gêner, entraver;Akkusativ;;;;Präsens;Das Auto behindert den Verkehr.;La voiture gêne la circulation.;The car is obstructing the traffic.
B1;behindern;gêner, entraver;Akkusativ;;;;Perfekt;Das Auto hat den Verkehr behindert.;La voiture a gêné la circulation.;The car obstructed the traffic.
B1;behindern;gêner, entraver;Akkusativ;;;;Präteritum;Das Auto behinderte den Verkehr.;La voiture gênait la circulation.;The car was obstructing the traffic.
B1;behindern;gêner, entraver;Akkusativ;;;;Konjunktiv II;Ein Lastwagen würde die Straße völlig behindern.;Un camion bloquerait complètement la rue.;A lorry would block the street completely.
B1;benötigen;avoir besoin de, nécessiter;Akkusativ;;;;Präsens;Für den Antrag benötigen Sie einen Ausweis.;Pour la demande, vous avez besoin d'une pièce d'identité.;For the application you require an ID.
B1;benötigen;avoir besoin de, nécessiter;Akkusativ;;;;Perfekt;Ich habe dafür mehr Zeit benötigt.;J'ai eu besoin de plus de temps pour cela.;I required more time for that.
B1;benötigen;avoir besoin de, nécessiter;Akkusativ;;;;Präteritum;Wir benötigten damals eine Genehmigung.;À l'époque, nous avions besoin d'une autorisation.;At the time we required a permit.
B1;benötigen;avoir besoin de, nécessiter;Akkusativ;;;;Konjunktiv II;Dafür würde man drei Tage benötigen.;Pour cela, il faudrait trois jours.;That would require three days.
B1;berichten;rapporter, raconter;;;;;Präsens;Die Zeitung berichtet über den Unfall.;Le journal rend compte de l'accident.;The newspaper reports on the accident.
B1;berichten;rapporter, raconter;;;;;Perfekt;Die Zeitung hat über den Unfall berichtet.;Le journal a rendu compte de l'accident.;The newspaper reported on the accident.
B1;berichten;rapporter, raconter;;;;;Präteritum;Die Zeitung berichtete über den Unfall.;Le journal rendait compte de l'accident.;The newspaper was reporting on the accident.
B1;berichten;rapporter, raconter;;;;;Konjunktiv II;Ich würde gern von meiner Reise berichten.;J'aimerais raconter mon voyage.;I would like to tell you about my trip.
B1;beschreiben;décrire;Akkusativ;;;;Präsens;Beschreiben Sie bitte den Weg.;Décrivez le chemin, s'il vous plaît.;Please describe the way.
B1;beschreiben;décrire;Akkusativ;;;;Perfekt;Er hat mir den Weg genau beschrieben.;Il m'a décrit le chemin avec précision.;He described the way to me precisely.
B1;beschreiben;décrire;Akkusativ;;;;Präteritum;Er beschrieb mir den Weg.;Il me décrivait le chemin.;He was describing the way to me.
B1;beschreiben;décrire;Akkusativ;;;;Konjunktiv II;Ich würde das Zimmer anders beschreiben.;Je décrirais la pièce autrement.;I would describe the room differently.
B1;beschränken;limiter, restreindre;Akkusativ;;;;Präsens;Die Stadt beschränkt den Verkehr im Zentrum.;La ville limite la circulation au centre.;The city limits traffic in the centre.
B1;beschränken;limiter, restreindre;Akkusativ;;;;Perfekt;Die Stadt hat den Verkehr beschränkt.;La ville a limité la circulation.;The city limited the traffic.
B1;beschränken;limiter, restreindre;Akkusativ;;;;Präteritum;Die Stadt beschränkte den Verkehr.;La ville limitait la circulation.;The city was limiting the traffic.
B1;beschränken;limiter, restreindre;Akkusativ;;;;Konjunktiv II;Ich würde die Zeit am Handy beschränken.;Je limiterais le temps passé au téléphone.;I would limit the time on the phone.
B1;beschäftigen;"occuper ; employer";Akkusativ;;;;Präsens;Die Firma beschäftigt fünfzig Leute.;L'entreprise emploie cinquante personnes.;The company employs fifty people.
B1;beschäftigen;"occuper ; employer";Akkusativ;;;;Perfekt;Die Firma hat fünfzig Leute beschäftigt.;L'entreprise a employé cinquante personnes.;The company employed fifty people.
B1;beschäftigen;"occuper ; employer";Akkusativ;;;;Präteritum;Die Firma beschäftigte fünfzig Leute.;L'entreprise employait cinquante personnes.;The company was employing fifty people.
B1;beschäftigen;"occuper ; employer";Akkusativ;;;;Konjunktiv II;Ohne die Krise würde die Firma mehr Leute beschäftigen.;Sans la crise, l'entreprise emploierait plus de monde.;Without the crisis the company would employ more people.
B1;besetzen;occuper (une place);Akkusativ;;;;Präsens;Die Plätze am Fenster sind schon besetzt.;Les places près de la fenêtre sont déjà occupées.;The seats by the window are already taken.
B1;besetzen;occuper (une place);Akkusativ;;;;Perfekt;Jemand hat meinen Platz besetzt.;Quelqu'un a occupé ma place.;Someone has taken my seat.
B1;besetzen;occuper (une place);Akkusativ;;;;Präteritum;Die Gruppe besetzte den ganzen Tisch.;Le groupe occupait toute la table.;The group was taking up the whole table.
B1;besetzen;occuper (une place);Akkusativ;;;;Konjunktiv II;Ohne Reservierung würde jemand den Platz besetzen.;Sans réservation, quelqu'un occuperait la place.;Without a reservation someone would take the seat.
B1;besorgen;se procurer, aller chercher;Akkusativ;;;;Präsens;Ich besorge die Getränke für das Fest.;Je me charge des boissons pour la fête.;I'll get the drinks for the party.
B1;besorgen;se procurer, aller chercher;Akkusativ;;;;Perfekt;Ich habe die Getränke besorgt.;Je me suis chargé des boissons.;I got the drinks.
B1;besorgen;se procurer, aller chercher;Akkusativ;;;;Präteritum;Ich besorgte die Getränke für das Fest.;Je me chargeais des boissons pour la fête.;I was getting the drinks for the party.
B1;besorgen;se procurer, aller chercher;Akkusativ;;;;Konjunktiv II;Ich würde die Getränke gern besorgen.;Je me chargerais volontiers des boissons.;I would be glad to get the drinks.
B1;besprechen;discuter de, examiner ensemble;Akkusativ;;;;Präsens;Wir besprechen das morgen im Team.;Nous en discuterons demain en équipe.;We'll discuss it in the team tomorrow.
B1;besprechen;discuter de, examiner ensemble;Akkusativ;;;;Perfekt;Wir haben das im Team besprochen.;Nous en avons discuté en équipe.;We discussed it in the team.
B1;besprechen;discuter de, examiner ensemble;Akkusativ;;;;Präteritum;Wir besprachen das im Team.;Nous en discutions en équipe.;We were discussing it in the team.
B1;besprechen;discuter de, examiner ensemble;Akkusativ;;;;Konjunktiv II;Ich würde das lieber persönlich besprechen.;Je préférerais en discuter de vive voix.;I would rather discuss it in person.
B1;betrügen;tromper, escroquer;Akkusativ;;;;Präsens;Der Händler betrügt seine Kunden.;Le commerçant escroque ses clients.;The trader cheats his customers.
B1;betrügen;tromper, escroquer;Akkusativ;;;;Perfekt;Der Händler hat seine Kunden betrogen.;Le commerçant a escroqué ses clients.;The trader cheated his customers.
B1;betrügen;tromper, escroquer;Akkusativ;;;;Präteritum;Der Händler betrog seine Kunden.;Le commerçant escroquait ses clients.;The trader was cheating his customers.
B1;betrügen;tromper, escroquer;Akkusativ;;;;Konjunktiv II;Er würde nie jemanden betrügen.;Il ne tromperait jamais personne.;He would never cheat anyone.
B1;chatten;clavarder, discuter en ligne;;;;;Präsens;Abends chatte ich mit meiner Familie.;Le soir, je clavarde avec ma famille.;In the evening I chat with my family.
B1;chatten;clavarder, discuter en ligne;;;;;Perfekt;Gestern habe ich lange mit ihr gechattet.;Hier, j'ai longuement clavardé avec elle.;Yesterday I chatted with her for a long time.
B1;chatten;clavarder, discuter en ligne;;;;;Präteritum;Wir chatteten jeden Abend.;Nous clavardions tous les soirs.;We used to chat every evening.
B1;chatten;clavarder, discuter en ligne;;;;;Konjunktiv II;Ich würde lieber telefonieren als chatten.;Je préférerais téléphoner que clavarder.;I would rather phone than chat online.
B1;eilen;"se hâter ; être urgent";;;;;Präsens;Die Sache eilt nicht.;L'affaire n'est pas urgente.;The matter isn't urgent.
B1;eilen;"se hâter ; être urgent";;;;;Perfekt;Er ist zum Bahnhof geeilt.;Il s'est précipité à la gare.;He hurried to the station.
B1;eilen;"se hâter ; être urgent";;;;;Präteritum;Er eilte zum Bahnhof.;Il se précipitait à la gare.;He was hurrying to the station.
B1;eilen;"se hâter ; être urgent";;;;;Konjunktiv II;Ohne den Termin würde nichts eilen.;Sans le rendez-vous, rien ne serait urgent.;Without the appointment nothing would be urgent.
B1;einbrechen;cambrioler, pénétrer par effraction;;;;;Präsens;Nachts bricht jemand in den Laden ein.;La nuit, quelqu'un s'introduit dans le magasin.;At night someone breaks into the shop.
B1;einbrechen;cambrioler, pénétrer par effraction;;;;;Perfekt;Jemand ist in den Laden eingebrochen.;Quelqu'un s'est introduit dans le magasin.;Someone broke into the shop.
B1;einbrechen;cambrioler, pénétrer par effraction;;;;;Präteritum;Jemand brach in den Laden ein.;Quelqu'un s'introduisait dans le magasin.;Someone was breaking into the shop.
B1;einbrechen;cambrioler, pénétrer par effraction;;;;;Konjunktiv II;Mit einer Alarmanlage würde niemand einbrechen.;Avec une alarme, personne ne s'introduirait ici.;With an alarm nobody would break in.
B1;einnehmen;prendre (un médicament);Akkusativ;;;;Präsens;Nehmen Sie die Tablette morgens ein.;Prenez le comprimé le matin.;Take the tablet in the morning.
B1;einnehmen;prendre (un médicament);Akkusativ;;;;Perfekt;Ich habe die Tablette schon eingenommen.;J'ai déjà pris le comprimé.;I've already taken the tablet.
B1;einnehmen;prendre (un médicament);Akkusativ;;;;Präteritum;Er nahm die Tablette jeden Morgen ein.;Il prenait le comprimé chaque matin.;He took the tablet every morning.
B1;einnehmen;prendre (un médicament);Akkusativ;;;;Konjunktiv II;Ohne Rezept würde ich das nicht einnehmen.;Sans ordonnance, je ne prendrais pas cela.;Without a prescription I wouldn't take that.
B1;einschalten;allumer, mettre en marche;Akkusativ;;;;Präsens;Ich schalte den Fernseher ein.;J'allume la télévision.;I'm switching on the television.
B1;einschalten;allumer, mettre en marche;Akkusativ;;;;Perfekt;Ich habe den Fernseher eingeschaltet.;J'ai allumé la télévision.;I switched on the television.
B1;einschalten;allumer, mettre en marche;Akkusativ;;;;Präteritum;Ich schaltete den Fernseher ein.;J'allumais la télévision.;I was switching on the television.
B1;einschalten;allumer, mettre en marche;Akkusativ;;;;Konjunktiv II;Ich würde das Radio leiser einschalten.;J'allumerais la radio moins fort.;I would switch the radio on more quietly.
B1;einsetzen;employer, mettre en œuvre;Akkusativ;;;;Präsens;Die Stadt setzt mehr Busse ein.;La ville met en service plus de bus.;The city is deploying more buses.
B1;einsetzen;employer, mettre en œuvre;Akkusativ;;;;Perfekt;Die Stadt hat mehr Busse eingesetzt.;La ville a mis en service plus de bus.;The city deployed more buses.
B1;einsetzen;employer, mettre en œuvre;Akkusativ;;;;Präteritum;Die Stadt setzte mehr Busse ein.;La ville mettait en service plus de bus.;The city was deploying more buses.
B1;einsetzen;employer, mettre en œuvre;Akkusativ;;;;Konjunktiv II;Bei Schnee würde man mehr Fahrzeuge einsetzen.;En cas de neige, on mettrait plus de véhicules en service.;In snow more vehicles would be deployed.
B1;eintragen;inscrire, saisir;Akkusativ;;;;Präsens;Tragen Sie bitte Ihren Namen ein.;Inscrivez votre nom, s'il vous plaît.;Please enter your name.
B1;eintragen;inscrire, saisir;Akkusativ;;;;Perfekt;Ich habe meinen Namen eingetragen.;J'ai inscrit mon nom.;I entered my name.
B1;eintragen;inscrire, saisir;Akkusativ;;;;Präteritum;Ich trug meinen Namen ein.;J'inscrivais mon nom.;I was entering my name.
B1;eintragen;inscrire, saisir;Akkusativ;;;;Konjunktiv II;Ich würde den Termin gleich eintragen.;J'inscrirais le rendez-vous tout de suite.;I would enter the appointment right away.
B1;eintreten;"entrer ; adhérer";;;;;Präsens;Sie tritt in den Verein ein.;Elle adhère à l'association.;She joins the club.
B1;eintreten;"entrer ; adhérer";;;;;Perfekt;Sie ist in den Verein eingetreten.;Elle a adhéré à l'association.;She joined the club.
B1;eintreten;"entrer ; adhérer";;;;;Präteritum;Sie trat in den Verein ein.;Elle adhérait à l'association.;She was joining the club.
B1;eintreten;"entrer ; adhérer";;;;;Konjunktiv II;Ich würde gern in den Chor eintreten.;J'aimerais entrer dans la chorale.;I would like to join the choir.
B1;entlassen;"licencier ; laisser sortir";Akkusativ;;;;Präsens;Die Firma entlässt zehn Mitarbeiter.;L'entreprise licencie dix employés.;The company is dismissing ten employees.
B1;entlassen;"licencier ; laisser sortir";Akkusativ;;;;Perfekt;Die Firma hat zehn Mitarbeiter entlassen.;L'entreprise a licencié dix employés.;The company dismissed ten employees.
B1;entlassen;"licencier ; laisser sortir";Akkusativ;;;;Präteritum;Die Firma entließ zehn Mitarbeiter.;L'entreprise licenciait dix employés.;The company was dismissing ten employees.
B1;entlassen;"licencier ; laisser sortir";Akkusativ;;;;Konjunktiv II;Ohne die Krise würde man niemanden entlassen.;Sans la crise, on ne licencierait personne.;Without the crisis nobody would be dismissed.
B1;enttäuschen;décevoir;Akkusativ;;;;Präsens;Das Ergebnis enttäuscht mich.;Le résultat me déçoit.;The result disappoints me.
B1;enttäuschen;décevoir;Akkusativ;;;;Perfekt;Das Ergebnis hat mich enttäuscht.;Le résultat m'a déçu.;The result disappointed me.
B1;enttäuschen;décevoir;Akkusativ;;;;Präteritum;Das Ergebnis enttäuschte mich.;Le résultat me décevait.;The result was disappointing me.
B1;enttäuschen;décevoir;Akkusativ;;;;Konjunktiv II;Ich würde dich nie enttäuschen.;Je ne te décevrais jamais.;I would never disappoint you.
B1;erfüllen;remplir, satisfaire (une condition);Akkusativ;;;;Präsens;Sie erfüllt alle Bedingungen für die Stelle.;Elle remplit toutes les conditions pour le poste.;She meets all the conditions for the job.
B1;erfüllen;remplir, satisfaire (une condition);Akkusativ;;;;Perfekt;Sie hat alle Bedingungen erfüllt.;Elle a rempli toutes les conditions.;She met all the conditions.
B1;erfüllen;remplir, satisfaire (une condition);Akkusativ;;;;Präteritum;Sie erfüllte alle Bedingungen.;Elle remplissait toutes les conditions.;She was meeting all the conditions.
B1;erfüllen;remplir, satisfaire (une condition);Akkusativ;;;;Konjunktiv II;Mit dem Zertifikat würde er die Bedingungen erfüllen.;Avec le certificat, il remplirait les conditions.;With the certificate he would meet the conditions.
B1;erleben;vivre, connaître (une expérience);Akkusativ;;;;Präsens;Auf der Reise erleben wir viel.;Pendant le voyage, nous vivons beaucoup de choses.;On the trip we experience a lot.
B1;erleben;vivre, connaître (une expérience);Akkusativ;;;;Perfekt;Auf der Reise haben wir viel erlebt.;Pendant le voyage, nous avons vécu beaucoup de choses.;On the trip we experienced a lot.
B1;erleben;vivre, connaître (une expérience);Akkusativ;;;;Präteritum;Auf der Reise erlebten wir viel.;Pendant le voyage, nous vivions beaucoup de choses.;On the trip we were experiencing a lot.
B1;erleben;vivre, connaître (une expérience);Akkusativ;;;;Konjunktiv II;In Afrika würde man ganz anderes erleben.;En Afrique, on vivrait de tout autres choses.;In Africa you would experience something quite different.
B1;erleichtern;faciliter, soulager;Akkusativ;;;;Präsens;Der Computer erleichtert die Arbeit.;L'ordinateur facilite le travail.;The computer makes the work easier.
B1;erleichtern;faciliter, soulager;Akkusativ;;;;Perfekt;Der Computer hat die Arbeit erleichtert.;L'ordinateur a facilité le travail.;The computer made the work easier.
B1;erleichtern;faciliter, soulager;Akkusativ;;;;Präteritum;Der Computer erleichterte die Arbeit.;L'ordinateur facilitait le travail.;The computer was making the work easier.
B1;erleichtern;faciliter, soulager;Akkusativ;;;;Konjunktiv II;Ein Aufzug würde vieles erleichtern.;Un ascenseur faciliterait bien des choses.;A lift would make many things easier.
B1;ernähren;nourrir, alimenter;Akkusativ;;;;Präsens;Mit diesem Lohn ernährt er eine Familie.;Avec ce salaire, il nourrit une famille.;On this wage he feeds a family.
B1;ernähren;nourrir, alimenter;Akkusativ;;;;Perfekt;Mit diesem Lohn hat er eine Familie ernährt.;Avec ce salaire, il a nourri une famille.;On this wage he fed a family.
B1;ernähren;nourrir, alimenter;Akkusativ;;;;Präteritum;Mit diesem Lohn ernährte er eine Familie.;Avec ce salaire, il nourrissait une famille.;On this wage he was feeding a family.
B1;ernähren;nourrir, alimenter;Akkusativ;;;;Konjunktiv II;Von diesem Geld würde man keine Familie ernähren.;Avec cet argent, on ne nourrirait pas une famille.;You couldn't feed a family on that money.
B1;erstellen;établir, créer (un document);Akkusativ;;;;Präsens;Ich erstelle eine Liste mit allen Namen.;J'établis une liste avec tous les noms.;I'm creating a list with all the names.
B1;erstellen;établir, créer (un document);Akkusativ;;;;Perfekt;Ich habe eine Liste erstellt.;J'ai établi une liste.;I created a list.
B1;erstellen;établir, créer (un document);Akkusativ;;;;Präteritum;Ich erstellte eine Liste mit allen Namen.;J'établissais une liste avec tous les noms.;I was creating a list with all the names.
B1;erstellen;établir, créer (un document);Akkusativ;;;;Konjunktiv II;Ich würde dafür eine Tabelle erstellen.;Pour cela, j'établirais un tableau.;For that I would create a table.
B1;faxen;faxer, envoyer par télécopie;Akkusativ+Dativ;;;;Präsens;Ich faxe Ihnen das Formular sofort.;Je vous faxe le formulaire tout de suite.;I'll fax you the form right away.
B1;faxen;faxer, envoyer par télécopie;Akkusativ+Dativ;;;;Perfekt;Ich habe Ihnen das Formular gefaxt.;Je vous ai faxé le formulaire.;I faxed you the form.
B1;faxen;faxer, envoyer par télécopie;Akkusativ+Dativ;;;;Präteritum;Ich faxte ihm das Formular.;Je lui faxais le formulaire.;I was faxing him the form.
B1;faxen;faxer, envoyer par télécopie;Akkusativ+Dativ;;;;Konjunktiv II;Ich würde das lieber per E-Mail schicken als faxen.;Je préférerais l'envoyer par courriel plutôt que par fax.;I would rather email it than fax it.
B1;festsetzen;fixer, déterminer;Akkusativ;;;;Präsens;Wir setzen den Termin auf Montag fest.;Nous fixons le rendez-vous au lundi.;We're setting the date for Monday.
B1;festsetzen;fixer, déterminer;Akkusativ;;;;Perfekt;Wir haben den Termin auf Montag festgesetzt.;Nous avons fixé le rendez-vous au lundi.;We set the date for Monday.
B1;festsetzen;fixer, déterminer;Akkusativ;;;;Präteritum;Wir setzten den Termin auf Montag fest.;Nous fixions le rendez-vous au lundi.;We were setting the date for Monday.
B1;festsetzen;fixer, déterminer;Akkusativ;;;;Konjunktiv II;Ich würde den Preis niedriger festsetzen.;Je fixerais le prix plus bas.;I would set the price lower.
B1;fliehen;fuir, s'enfuir;;;;;Präsens;Viele Menschen fliehen vor dem Krieg.;Beaucoup de gens fuient la guerre.;Many people flee from the war.
B1;fliehen;fuir, s'enfuir;;;;;Perfekt;Sie sind vor dem Krieg geflohen.;Ils ont fui la guerre.;They fled from the war.
B1;fliehen;fuir, s'enfuir;;;;;Präteritum;Sie flohen vor dem Krieg.;Ils fuyaient la guerre.;They were fleeing from the war.
B1;fliehen;fuir, s'enfuir;;;;;Konjunktiv II;An ihrer Stelle würde ich auch fliehen.;À leur place, je fuirais aussi.;In their place I would flee too.
B1;fließen;couler;;;;;Präsens;Der Fluss fließt durch die Stadt.;La rivière traverse la ville.;The river flows through the city.
B1;fließen;couler;;;;;Perfekt;Das Wasser ist über die Straße geflossen.;L'eau a coulé sur la route.;The water flowed across the road.
B1;fließen;couler;;;;;Präteritum;Der Fluss floss ruhig durch die Stadt.;La rivière traversait tranquillement la ville.;The river flowed quietly through the city.
B1;fließen;couler;;;;;Konjunktiv II;Ohne den Damm würde das Wasser schneller fließen.;Sans le barrage, l'eau coulerait plus vite.;Without the dam the water would flow faster.
B1;gebrauchen;employer, se servir de;Akkusativ;;;;Präsens;Dieses Wort gebraucht man selten.;Ce mot s'emploie rarement.;This word is rarely used.
B1;gebrauchen;employer, se servir de;Akkusativ;;;;Perfekt;Dieses Wort hat man früher oft gebraucht.;Autrefois, on employait souvent ce mot.;This word used to be used often.
B1;gebrauchen;employer, se servir de;Akkusativ;;;;Präteritum;Man gebrauchte dieses Wort früher oft.;On employait souvent ce mot autrefois.;People used this word often in the past.
B1;gebrauchen;employer, se servir de;Akkusativ;;;;Konjunktiv II;So ein Werkzeug könnte ich gut gebrauchen.;Un tel outil me serait bien utile.;I could really use a tool like that.
B1;genügen;suffire;Dativ;;;;Präsens;Eine halbe Stunde genügt mir.;Une demi-heure me suffit.;Half an hour is enough for me.
B1;genügen;suffire;Dativ;;;;Perfekt;Eine halbe Stunde hat mir genügt.;Une demi-heure m'a suffi.;Half an hour was enough for me.
B1;genügen;suffire;Dativ;;;;Präteritum;Eine halbe Stunde genügte mir.;Une demi-heure me suffisait.;Half an hour was enough for me.
B1;genügen;suffire;Dativ;;;;Konjunktiv II;Zehn Minuten würden mir genügen.;Dix minutes me suffiraient.;Ten minutes would be enough for me.
B1;greifen;saisir, attraper;;;;;Präsens;Das Kind greift nach dem Löffel.;L'enfant attrape la cuillère.;The child reaches for the spoon.
B1;greifen;saisir, attraper;;;;;Perfekt;Das Kind hat nach dem Löffel gegriffen.;L'enfant a attrapé la cuillère.;The child reached for the spoon.
B1;greifen;saisir, attraper;;;;;Präteritum;Das Kind griff nach dem Löffel.;L'enfant attrapait la cuillère.;The child was reaching for the spoon.
B1;greifen;saisir, attraper;;;;;Konjunktiv II;Ich würde nicht in heißes Wasser greifen.;Je ne mettrais pas la main dans l'eau chaude.;I wouldn't reach into hot water.
B1;hassen;détester, haïr;Akkusativ;;;;Präsens;Ich hasse lange Wartezeiten.;Je déteste les longues attentes.;I hate long waits.
B1;hassen;détester, haïr;Akkusativ;;;;Perfekt;Ich habe das Warten immer gehasst.;J'ai toujours détesté attendre.;I've always hated waiting.
B1;hassen;détester, haïr;Akkusativ;;;;Präteritum;Als Kind hasste ich Spinat.;Enfant, je détestais les épinards.;As a child I hated spinach.
B1;hassen;détester, haïr;Akkusativ;;;;Konjunktiv II;An deiner Stelle würde ich das auch hassen.;À ta place, je détesterais ça aussi.;In your place I would hate that too.
B1;heben;lever, soulever;Akkusativ;;;;Präsens;Er hebt den Koffer auf den Tisch.;Il soulève la valise sur la table.;He lifts the suitcase onto the table.
B1;heben;lever, soulever;Akkusativ;;;;Perfekt;Er hat den Koffer auf den Tisch gehoben.;Il a soulevé la valise sur la table.;He lifted the suitcase onto the table.
B1;heben;lever, soulever;Akkusativ;;;;Präteritum;Er hob den Koffer auf den Tisch.;Il soulevait la valise sur la table.;He was lifting the suitcase onto the table.
B1;heben;lever, soulever;Akkusativ;;;;Konjunktiv II;So schwer würde ich nichts heben.;Je ne soulèverais rien d'aussi lourd.;I wouldn't lift anything that heavy.
B1;hinterlassen;laisser (derrière soi);Akkusativ;;;;Präsens;Hinterlassen Sie bitte eine Nachricht.;Laissez un message, s'il vous plaît.;Please leave a message.
B1;hinterlassen;laisser (derrière soi);Akkusativ;;;;Perfekt;Er hat eine Nachricht hinterlassen.;Il a laissé un message.;He left a message.
B1;hinterlassen;laisser (derrière soi);Akkusativ;;;;Präteritum;Er hinterließ eine Nachricht.;Il laissait un message.;He was leaving a message.
B1;hinterlassen;laisser (derrière soi);Akkusativ;;;;Konjunktiv II;Ich würde eine Telefonnummer hinterlassen.;Je laisserais un numéro de téléphone.;I would leave a phone number.
B1;hupen;klaxonner;;;;;Präsens;In der Stadt darf man nachts nicht hupen.;En ville, on ne peut pas klaxonner la nuit.;In town you may not honk at night.
B1;hupen;klaxonner;;;;;Perfekt;Der Fahrer hat laut gehupt.;Le conducteur a klaxonné fort.;The driver honked loudly.
B1;hupen;klaxonner;;;;;Präteritum;Der Fahrer hupte laut.;Le conducteur klaxonnait fort.;The driver was honking loudly.
B1;hupen;klaxonner;;;;;Konjunktiv II;An seiner Stelle würde ich nicht hupen.;À sa place, je ne klaxonnerais pas.;In his place I wouldn't honk.
B1;integrieren;intégrer;Akkusativ;;;;Präsens;Der Kurs integriert neue Bewohner in die Stadt.;Le cours intègre les nouveaux habitants à la ville.;The course integrates new residents into the town.
B1;integrieren;intégrer;Akkusativ;;;;Perfekt;Der Verein hat die Familie gut integriert.;L'association a bien intégré la famille.;The club integrated the family well.
B1;integrieren;intégrer;Akkusativ;;;;Präteritum;Der Verein integrierte die Familie schnell.;L'association intégrait rapidement la famille.;The club was integrating the family quickly.
B1;integrieren;intégrer;Akkusativ;;;;Konjunktiv II;Mit mehr Kursen würde man die Leute besser integrieren.;Avec plus de cours, on intégrerait mieux les gens.;With more courses people would be integrated better.
B1;jobben;faire un petit boulot;;;;;Präsens;In den Ferien jobbe ich im Café.;Pendant les vacances, je fais un petit boulot au café.;In the holidays I do casual work at the café.
B1;jobben;faire un petit boulot;;;;;Perfekt;In den Ferien habe ich im Café gejobbt.;Pendant les vacances, j'ai fait un petit boulot au café.;In the holidays I did casual work at the café.
B1;jobben;faire un petit boulot;;;;;Präteritum;Als Student jobbte ich im Café.;Étudiant, je faisais un petit boulot au café.;As a student I did casual work at the café.
B1;jobben;faire un petit boulot;;;;;Konjunktiv II;Neben dem Studium würde ich gern jobben.;À côté de mes études, j'aimerais faire un petit boulot.;Alongside my studies I would like to do casual work.
B1;kaputtgehen;tomber en panne, se casser;;;;;Präsens;Billige Geräte gehen schnell kaputt.;Les appareils bon marché tombent vite en panne.;Cheap devices break down quickly.
B1;kaputtgehen;tomber en panne, se casser;;;;;Perfekt;Die Waschmaschine ist kaputtgegangen.;La machine à laver est tombée en panne.;The washing machine broke down.
B1;kaputtgehen;tomber en panne, se casser;;;;;Präteritum;Die Waschmaschine ging nach einem Jahr kaputt.;La machine à laver est tombée en panne au bout d'un an.;The washing machine broke down after a year.
B1;kaputtgehen;tomber en panne, se casser;;;;;Konjunktiv II;Ein besseres Gerät würde nicht so schnell kaputtgehen.;Un meilleur appareil ne tomberait pas en panne si vite.;A better device wouldn't break down so quickly.
B1;kaputtmachen;casser, abîmer;Akkusativ;;;;Präsens;Mach das Spielzeug nicht kaputt!;Ne casse pas le jouet !;Don't break the toy!
B1;kaputtmachen;casser, abîmer;Akkusativ;;;;Perfekt;Er hat das Spielzeug kaputtgemacht.;Il a cassé le jouet.;He broke the toy.
B1;kaputtmachen;casser, abîmer;Akkusativ;;;;Präteritum;Er machte das Spielzeug kaputt.;Il cassait le jouet.;He was breaking the toy.
B1;kaputtmachen;casser, abîmer;Akkusativ;;;;Konjunktiv II;So würde ich nichts kaputtmachen.;Comme ça, je ne casserais rien.;That way I wouldn't break anything.
B1;klicken;cliquer;;;;;Präsens;Klicken Sie auf das grüne Feld.;Cliquez sur la case verte.;Click on the green box.
B1;klicken;cliquer;;;;;Perfekt;Ich habe auf das grüne Feld geklickt.;J'ai cliqué sur la case verte.;I clicked on the green box.
B1;klicken;cliquer;;;;;Präteritum;Ich klickte auf das grüne Feld.;Je cliquais sur la case verte.;I was clicking on the green box.
B1;klicken;cliquer;;;;;Konjunktiv II;Ich würde nicht auf diesen Link klicken.;Je ne cliquerais pas sur ce lien.;I wouldn't click on that link.
B1;klingeln;sonner;;;;;Präsens;Es klingelt an der Tür.;On sonne à la porte.;Someone's ringing at the door.
B1;klingeln;sonner;;;;;Perfekt;Es hat zweimal an der Tür geklingelt.;On a sonné deux fois à la porte.;The doorbell rang twice.
B1;klingeln;sonner;;;;;Präteritum;Das Telefon klingelte die ganze Nacht.;Le téléphone sonnait toute la nuit.;The phone rang all night.
B1;klingeln;sonner;;;;;Konjunktiv II;Ohne Strom würde die Klingel nicht klingeln.;Sans électricité, la sonnette ne sonnerait pas.;Without electricity the bell wouldn't ring.
B1;klopfen;frapper (à la porte);;;;;Präsens;Bitte klopfen Sie, bevor Sie eintreten.;Frappez avant d'entrer, s'il vous plaît.;Please knock before entering.
B1;klopfen;frapper (à la porte);;;;;Perfekt;Jemand hat an die Tür geklopft.;Quelqu'un a frappé à la porte.;Someone knocked at the door.
B1;klopfen;frapper (à la porte);;;;;Präteritum;Jemand klopfte an die Tür.;Quelqu'un frappait à la porte.;Someone was knocking at the door.
B1;klopfen;frapper (à la porte);;;;;Konjunktiv II;Ich würde immer erst klopfen.;Je frapperais toujours d'abord.;I would always knock first.
B1;klären;clarifier, tirer au clair;Akkusativ;;;;Präsens;Wir klären das morgen mit dem Chef.;Nous tirerons cela au clair demain avec le chef.;We'll clarify that with the boss tomorrow.
B1;klären;clarifier, tirer au clair;Akkusativ;;;;Perfekt;Wir haben das mit dem Chef geklärt.;Nous avons tiré cela au clair avec le chef.;We clarified that with the boss.
B1;klären;clarifier, tirer au clair;Akkusativ;;;;Präteritum;Wir klärten das mit dem Chef.;Nous tirions cela au clair avec le chef.;We were clarifying that with the boss.
B1;klären;clarifier, tirer au clair;Akkusativ;;;;Konjunktiv II;Ich würde das lieber sofort klären.;Je préférerais tirer cela au clair tout de suite.;I would rather clarify that right away.
B1;kopieren;copier, photocopier;Akkusativ;;;;Präsens;Ich kopiere den Ausweis für den Antrag.;Je photocopie la pièce d'identité pour la demande.;I'm copying the ID for the application.
B1;kopieren;copier, photocopier;Akkusativ;;;;Perfekt;Ich habe den Ausweis kopiert.;J'ai photocopié la pièce d'identité.;I copied the ID.
B1;kopieren;copier, photocopier;Akkusativ;;;;Präteritum;Ich kopierte den Ausweis für den Antrag.;Je photocopiais la pièce d'identité pour la demande.;I was copying the ID for the application.
B1;kopieren;copier, photocopier;Akkusativ;;;;Konjunktiv II;Ich würde den Text lieber abschreiben als kopieren.;Je préférerais recopier le texte plutôt que le photocopier.;I would rather write the text out than copy it.
B1;korrigieren;corriger;Akkusativ;;;;Präsens;Die Lehrerin korrigiert die Tests.;La professeure corrige les tests.;The teacher corrects the tests.
B1;korrigieren;corriger;Akkusativ;;;;Perfekt;Die Lehrerin hat die Tests korrigiert.;La professeure a corrigé les tests.;The teacher corrected the tests.
B1;korrigieren;corriger;Akkusativ;;;;Präteritum;Die Lehrerin korrigierte die Tests.;La professeure corrigeait les tests.;The teacher was correcting the tests.
B1;korrigieren;corriger;Akkusativ;;;;Konjunktiv II;Ich würde nur die groben Fehler korrigieren.;Je ne corrigerais que les grosses fautes.;I would only correct the major mistakes.
B1;lächeln;sourire;;;;;Präsens;Sie lächelt auf dem Foto.;Elle sourit sur la photo.;She's smiling in the photo.
B1;lächeln;sourire;;;;;Perfekt;Sie hat auf dem Foto gelächelt.;Elle a souri sur la photo.;She smiled in the photo.
B1;lächeln;sourire;;;;;Präteritum;Sie lächelte freundlich.;Elle souriait aimablement.;She was smiling kindly.
B1;lächeln;sourire;;;;;Konjunktiv II;Auf dem Ausweisfoto würde ich nicht lächeln.;Sur la photo d'identité, je ne sourirais pas.;In the ID photo I wouldn't smile.
B1;messen;mesurer;Akkusativ;;;;Präsens;Die Ärztin misst meinen Blutdruck.;La médecin mesure ma tension.;The doctor measures my blood pressure.
B1;messen;mesurer;Akkusativ;;;;Perfekt;Die Ärztin hat meinen Blutdruck gemessen.;La médecin a mesuré ma tension.;The doctor measured my blood pressure.
B1;messen;mesurer;Akkusativ;;;;Präteritum;Die Ärztin maß meinen Blutdruck.;La médecin mesurait ma tension.;The doctor was measuring my blood pressure.
B1;messen;mesurer;Akkusativ;;;;Konjunktiv II;Ich würde den Raum vorher messen.;Je mesurerais la pièce avant.;I would measure the room beforehand.
B1;mischen;mélanger;Akkusativ;;;;Präsens;Man mischt Mehl und Zucker.;On mélange la farine et le sucre.;You mix flour and sugar.
B1;mischen;mélanger;Akkusativ;;;;Perfekt;Ich habe Mehl und Zucker gemischt.;J'ai mélangé la farine et le sucre.;I mixed flour and sugar.
B1;mischen;mélanger;Akkusativ;;;;Präteritum;Ich mischte Mehl und Zucker.;Je mélangeais la farine et le sucre.;I was mixing flour and sugar.
B1;mischen;mélanger;Akkusativ;;;;Konjunktiv II;Ich würde die Farben nicht mischen.;Je ne mélangerais pas les couleurs.;I wouldn't mix the colours.
B1;nachschlagen;consulter (un dictionnaire);Akkusativ;;;;Präsens;Ich schlage das Wort im Wörterbuch nach.;Je cherche le mot dans le dictionnaire.;I look the word up in the dictionary.
B1;nachschlagen;consulter (un dictionnaire);Akkusativ;;;;Perfekt;Ich habe das Wort im Wörterbuch nachgeschlagen.;J'ai cherché le mot dans le dictionnaire.;I looked the word up in the dictionary.
B1;nachschlagen;consulter (un dictionnaire);Akkusativ;;;;Präteritum;Ich schlug das Wort im Wörterbuch nach.;Je cherchais le mot dans le dictionnaire.;I was looking the word up in the dictionary.
B1;nachschlagen;consulter (un dictionnaire);Akkusativ;;;;Konjunktiv II;Im Zweifel würde ich das Wort nachschlagen.;Dans le doute, je chercherais le mot.;If in doubt I would look the word up.
B1;nähen;coudre;Akkusativ;;;;Präsens;Meine Mutter näht mir einen Rock.;Ma mère me coud une jupe.;My mother is sewing me a skirt.
B1;nähen;coudre;Akkusativ;;;;Perfekt;Meine Mutter hat mir einen Rock genäht.;Ma mère m'a cousu une jupe.;My mother sewed me a skirt.
B1;nähen;coudre;Akkusativ;;;;Präteritum;Meine Mutter nähte mir einen Rock.;Ma mère me cousait une jupe.;My mother was sewing me a skirt.
B1;nähen;coudre;Akkusativ;;;;Konjunktiv II;Den Knopf würde ich selbst nähen.;Je coudrais le bouton moi-même.;I would sew the button on myself.
B1;nützen;servir, être utile à;Dativ;;;;Präsens;Das nützt mir leider nichts.;Cela ne me sert malheureusement à rien.;Unfortunately that's no use to me.
B1;nützen;servir, être utile à;Dativ;;;;Perfekt;Der Rat hat mir sehr genützt.;Ce conseil m'a été très utile.;The advice was very useful to me.
B1;nützen;servir, être utile à;Dativ;;;;Präteritum;Der Rat nützte mir sehr.;Ce conseil m'était très utile.;The advice was very useful to me.
B1;nützen;servir, être utile à;Dativ;;;;Konjunktiv II;Ein Wörterbuch würde dir hier nützen.;Un dictionnaire te serait utile ici.;A dictionary would be of use to you here.
B1;ordnen;ranger, classer;Akkusativ;;;;Präsens;Ich ordne die Papiere nach Datum.;Je classe les papiers par date.;I sort the papers by date.
B1;ordnen;ranger, classer;Akkusativ;;;;Perfekt;Ich habe die Papiere nach Datum geordnet.;J'ai classé les papiers par date.;I sorted the papers by date.
B1;ordnen;ranger, classer;Akkusativ;;;;Präteritum;Ich ordnete die Papiere nach Datum.;Je classais les papiers par date.;I was sorting the papers by date.
B1;ordnen;ranger, classer;Akkusativ;;;;Konjunktiv II;Ich würde die Bücher nach Farbe ordnen.;Je classerais les livres par couleur.;I would arrange the books by colour.
B1;pflegen;soigner, prendre soin de;Akkusativ;;;;Präsens;Sie pflegt ihre kranke Mutter zu Hause.;Elle soigne sa mère malade à la maison.;She cares for her sick mother at home.
B1;pflegen;soigner, prendre soin de;Akkusativ;;;;Perfekt;Sie hat ihre Mutter jahrelang gepflegt.;Elle a soigné sa mère pendant des années.;She cared for her mother for years.
B1;pflegen;soigner, prendre soin de;Akkusativ;;;;Präteritum;Sie pflegte ihre Mutter zu Hause.;Elle soignait sa mère à la maison.;She was caring for her mother at home.
B1;pflegen;soigner, prendre soin de;Akkusativ;;;;Konjunktiv II;Ohne Hilfe würde ich das nicht schaffen zu pflegen.;Sans aide, je n'arriverais pas à assurer ces soins.;Without help I wouldn't manage the caring.
B1;probieren;"goûter ; essayer";Akkusativ;;;;Präsens;Probier mal den Kuchen!;Goûte le gâteau !;Try the cake!
B1;probieren;"goûter ; essayer";Akkusativ;;;;Perfekt;Ich habe den Kuchen schon probiert.;J'ai déjà goûté le gâteau.;I've already tried the cake.
B1;probieren;"goûter ; essayer";Akkusativ;;;;Präteritum;Ich probierte den Kuchen.;Je goûtais le gâteau.;I was trying the cake.
B1;probieren;"goûter ; essayer";Akkusativ;;;;Konjunktiv II;Ich würde die Suppe zuerst probieren.;Je goûterais d'abord la soupe.;I would taste the soup first.
B1;präsentieren;présenter;Akkusativ;;;;Präsens;Morgen präsentiere ich das Projekt.;Demain, je présente le projet.;Tomorrow I'm presenting the project.
B1;präsentieren;présenter;Akkusativ;;;;Perfekt;Ich habe das Projekt präsentiert.;J'ai présenté le projet.;I presented the project.
B1;präsentieren;présenter;Akkusativ;;;;Präteritum;Ich präsentierte das Projekt vor der Gruppe.;Je présentais le projet devant le groupe.;I was presenting the project to the group.
B1;präsentieren;présenter;Akkusativ;;;;Konjunktiv II;Ich würde das lieber mit Bildern präsentieren.;Je préférerais présenter cela avec des images.;I would rather present it with pictures.
B1;regeln;régler, organiser;Akkusativ;;;;Präsens;Ein Gesetz regelt die Öffnungszeiten.;Une loi régit les heures d'ouverture.;A law regulates the opening hours.
B1;regeln;régler, organiser;Akkusativ;;;;Perfekt;Wir haben alles vorher geregelt.;Nous avons tout réglé à l'avance.;We settled everything beforehand.
B1;regeln;régler, organiser;Akkusativ;;;;Präteritum;Ein Gesetz regelte damals die Preise.;Une loi régissait alors les prix.;A law regulated prices at the time.
B1;regeln;régler, organiser;Akkusativ;;;;Konjunktiv II;Das würde ich schriftlich regeln.;Je réglerais cela par écrit.;I would settle that in writing.
B1;schreien;crier;;;;;Präsens;Das Baby schreit die ganze Nacht.;Le bébé crie toute la nuit.;The baby screams all night.
B1;schreien;crier;;;;;Perfekt;Das Baby hat die ganze Nacht geschrien.;Le bébé a crié toute la nuit.;The baby screamed all night.
B1;schreien;crier;;;;;Präteritum;Das Baby schrie die ganze Nacht.;Le bébé criait toute la nuit.;The baby was screaming all night.
B1;schreien;crier;;;;;Konjunktiv II;Ich würde nie so laut schreien.;Je ne crierais jamais aussi fort.;I would never shout that loudly.
B1;schätzen;"estimer ; apprécier";Akkusativ;;;;Präsens;Ich schätze die Fahrt auf zwei Stunden.;J'estime le trajet à deux heures.;I estimate the trip at two hours.
B1;schätzen;"estimer ; apprécier";Akkusativ;;;;Perfekt;Ich habe die Fahrt auf zwei Stunden geschätzt.;J'ai estimé le trajet à deux heures.;I estimated the trip at two hours.
B1;schätzen;"estimer ; apprécier";Akkusativ;;;;Präteritum;Ich schätzte die Fahrt auf zwei Stunden.;J'estimais le trajet à deux heures.;I was estimating the trip at two hours.
B1;schätzen;"estimer ; apprécier";Akkusativ;;;;Konjunktiv II;Ohne Karte würde ich die Strecke falsch schätzen.;Sans carte, j'estimerais mal la distance.;Without a map I would misjudge the distance.
B1;spazieren;se promener;;;;;Präsens;Sonntags spazieren wir am Fluss.;Le dimanche, nous nous promenons au bord de la rivière.;On Sundays we stroll by the river.
B1;spazieren;se promener;;;;;Perfekt;Wir sind lange am Fluss spaziert.;Nous nous sommes longuement promenés au bord de la rivière.;We strolled by the river for a long time.
B1;spazieren;se promener;;;;;Präteritum;Wir spazierten am Fluss.;Nous nous promenions au bord de la rivière.;We were strolling by the river.
B1;spazieren;se promener;;;;;Konjunktiv II;Bei schönem Wetter würde ich gern spazieren gehen.;S'il faisait beau, j'aimerais bien aller me promener.;In nice weather I would like to go for a stroll.
B1;stammen;provenir, être originaire de;;;;;Präsens;Meine Familie stammt aus Anatolien.;Ma famille est originaire d'Anatolie.;My family comes from Anatolia.
B1;stammen;provenir, être originaire de;;;;;Perfekt;Das Bild hat aus dem 18. Jahrhundert gestammt.;Le tableau datait du XVIIIe siècle.;The painting dated from the 18th century.
B1;stammen;provenir, être originaire de;;;;;Präteritum;Das Bild stammte aus dem 18. Jahrhundert.;Le tableau datait du XVIIIe siècle.;The painting dated from the 18th century.
B1;stammen;provenir, être originaire de;;;;;Konjunktiv II;Nach der Sprache zu urteilen, würde er aus dem Süden stammen.;À en juger par la langue, il serait originaire du Sud.;Judging by the language he would come from the south.
B1;stinken;puer, sentir mauvais;;;;;Präsens;Der Müll stinkt in der Hitze.;Les ordures puent à la chaleur.;The rubbish stinks in the heat.
B1;stinken;puer, sentir mauvais;;;;;Perfekt;Der Müll hat schrecklich gestunken.;Les ordures ont affreusement pué.;The rubbish stank terribly.
B1;stinken;puer, sentir mauvais;;;;;Präteritum;Der Müll stank in der Hitze.;Les ordures puaient à la chaleur.;The rubbish stank in the heat.
B1;stinken;puer, sentir mauvais;;;;;Konjunktiv II;Im Kühlschrank würde nichts stinken.;Au réfrigérateur, rien ne sentirait mauvais.;In the fridge nothing would stink.
B1;stoppen;arrêter, stopper;Akkusativ;;;;Präsens;Die Polizei stoppt den Wagen.;La police arrête la voiture.;The police stop the car.
B1;stoppen;arrêter, stopper;Akkusativ;;;;Perfekt;Die Polizei hat den Wagen gestoppt.;La police a arrêté la voiture.;The police stopped the car.
B1;stoppen;arrêter, stopper;Akkusativ;;;;Präteritum;Die Polizei stoppte den Wagen.;La police arrêtait la voiture.;The police were stopping the car.
B1;stoppen;arrêter, stopper;Akkusativ;;;;Konjunktiv II;Ich würde den Motor sofort stoppen.;J'arrêterais le moteur tout de suite.;I would stop the engine immediately.
B1;streiken;faire grève;;;;;Präsens;Die Busfahrer streiken seit Montag.;Les chauffeurs de bus font grève depuis lundi.;The bus drivers have been on strike since Monday.
B1;streiken;faire grève;;;;;Perfekt;Die Busfahrer haben eine Woche gestreikt.;Les chauffeurs de bus ont fait grève une semaine.;The bus drivers were on strike for a week.
B1;streiken;faire grève;;;;;Präteritum;Die Busfahrer streikten eine Woche.;Les chauffeurs de bus faisaient grève depuis une semaine.;The bus drivers were striking for a week.
B1;streiken;faire grève;;;;;Konjunktiv II;Ohne eine Einigung würden sie wieder streiken.;Sans accord, ils feraient de nouveau grève.;Without an agreement they would strike again.
B1;stören;déranger;Akkusativ;;;;Präsens;Entschuldigung, störe ich?;Excusez-moi, je dérange ?;Excuse me, am I disturbing you?
B1;stören;déranger;Akkusativ;;;;Perfekt;Der Lärm hat mich sehr gestört.;Le bruit m'a beaucoup dérangé.;The noise disturbed me a lot.
B1;stören;déranger;Akkusativ;;;;Präteritum;Der Lärm störte mich sehr.;Le bruit me dérangeait beaucoup.;The noise was disturbing me a lot.
B1;stören;déranger;Akkusativ;;;;Konjunktiv II;Leise Musik würde mich nicht stören.;Une musique douce ne me dérangerait pas.;Quiet music wouldn't disturb me.
B1;trocknen;sécher;Akkusativ;;;;Präsens;Die Wäsche trocknet auf dem Balkon.;Le linge sèche sur le balcon.;The laundry is drying on the balcony.
B1;trocknen;sécher;Akkusativ;;;;Perfekt;Die Wäsche hat schnell getrocknet.;Le linge a séché vite.;The laundry dried quickly.
B1;trocknen;sécher;Akkusativ;;;;Präteritum;Die Wäsche trocknete in der Sonne.;Le linge séchait au soleil.;The laundry was drying in the sun.
B1;trocknen;sécher;Akkusativ;;;;Konjunktiv II;Draußen würde die Wäsche schneller trocknen.;Dehors, le linge sécherait plus vite.;Outside the laundry would dry faster.
B1;unterbrechen;interrompre;Akkusativ;;;;Präsens;Bitte unterbrich mich nicht.;Ne m'interromps pas, s'il te plaît.;Please don't interrupt me.
B1;unterbrechen;interrompre;Akkusativ;;;;Perfekt;Er hat mich dreimal unterbrochen.;Il m'a interrompu trois fois.;He interrupted me three times.
B1;unterbrechen;interrompre;Akkusativ;;;;Präteritum;Er unterbrach mich ständig.;Il m'interrompait sans cesse.;He kept interrupting me.
B1;unterbrechen;interrompre;Akkusativ;;;;Konjunktiv II;Ich würde niemanden unterbrechen.;Je n'interromprais personne.;I wouldn't interrupt anyone.
B1;unterrichten;enseigner;Akkusativ;;;;Präsens;Sie unterrichtet Deutsch an der Volkshochschule.;Elle enseigne l'allemand à l'université populaire.;She teaches German at the adult education centre.
B1;unterrichten;enseigner;Akkusativ;;;;Perfekt;Sie hat zehn Jahre Deutsch unterrichtet.;Elle a enseigné l'allemand pendant dix ans.;She taught German for ten years.
B1;unterrichten;enseigner;Akkusativ;;;;Präteritum;Sie unterrichtete Deutsch und Englisch.;Elle enseignait l'allemand et l'anglais.;She taught German and English.
B1;unterrichten;enseigner;Akkusativ;;;;Konjunktiv II;Mit einem Diplom würde ich gern unterrichten.;Avec un diplôme, j'aimerais enseigner.;With a diploma I would like to teach.
B1;unterscheiden;distinguer;Akkusativ;;;;Präsens;Ich unterscheide die zwei Wörter nicht.;Je ne distingue pas les deux mots.;I can't tell the two words apart.
B1;unterscheiden;distinguer;Akkusativ;;;;Perfekt;Früher habe ich die Wörter nicht unterschieden.;Avant, je ne distinguais pas ces mots.;I used not to tell the words apart.
B1;unterscheiden;distinguer;Akkusativ;;;;Präteritum;Er unterschied genau zwischen beiden Fällen.;Il distinguait précisément les deux cas.;He distinguished precisely between the two cases.
B1;unterscheiden;distinguer;Akkusativ;;;;Konjunktiv II;Am Klang würde ich sie sofort unterscheiden.;Au son, je les distinguerais tout de suite.;By the sound I would tell them apart at once.
B1;verbringen;passer (du temps);Akkusativ;;;;Präsens;Wir verbringen den Sommer am Meer.;Nous passons l'été au bord de la mer.;We spend the summer by the sea.
B1;verbringen;passer (du temps);Akkusativ;;;;Perfekt;Wir haben den Sommer am Meer verbracht.;Nous avons passé l'été au bord de la mer.;We spent the summer by the sea.
B1;verbringen;passer (du temps);Akkusativ;;;;Präteritum;Wir verbrachten den Sommer am Meer.;Nous passions l'été au bord de la mer.;We used to spend the summer by the sea.
B1;verbringen;passer (du temps);Akkusativ;;;;Konjunktiv II;Ich würde den Urlaub lieber in den Bergen verbringen.;Je préférerais passer les vacances à la montagne.;I would rather spend the holiday in the mountains.
B1;verlangen;exiger, demander;Akkusativ;;;;Präsens;Das Amt verlangt eine Kopie vom Ausweis.;L'administration exige une copie de la pièce d'identité.;The authority demands a copy of the ID.
B1;verlangen;exiger, demander;Akkusativ;;;;Perfekt;Das Amt hat eine Kopie verlangt.;L'administration a exigé une copie.;The authority demanded a copy.
B1;verlangen;exiger, demander;Akkusativ;;;;Präteritum;Das Amt verlangte eine Kopie vom Ausweis.;L'administration exigeait une copie de la pièce d'identité.;The authority was demanding a copy of the ID.
B1;verlangen;exiger, demander;Akkusativ;;;;Konjunktiv II;Dafür würde ich mehr Geld verlangen.;Pour cela, je demanderais plus d'argent.;For that I would demand more money.
B1;versichern;assurer;Akkusativ;;;;Präsens;Wir versichern das Auto bei dieser Firma.;Nous assurons la voiture auprès de cette compagnie.;We insure the car with this company.
B1;versichern;assurer;Akkusativ;;;;Perfekt;Wir haben das Auto neu versichert.;Nous avons réassuré la voiture.;We insured the car anew.
B1;versichern;assurer;Akkusativ;;;;Präteritum;Wir versicherten das Auto bei dieser Firma.;Nous assurions la voiture auprès de cette compagnie.;We were insuring the car with this company.
B1;versichern;assurer;Akkusativ;;;;Konjunktiv II;Ich würde das Fahrrad auch versichern.;J'assurerais aussi le vélo.;I would insure the bike as well.
B1;versprechen;promettre;Akkusativ+Dativ;;;;Präsens;Ich verspreche dir, morgen zu kommen.;Je te promets de venir demain.;I promise you I'll come tomorrow.
B1;versprechen;promettre;Akkusativ+Dativ;;;;Perfekt;Ich habe dir versprochen zu kommen.;Je t'ai promis de venir.;I promised you I'd come.
B1;versprechen;promettre;Akkusativ+Dativ;;;;Präteritum;Ich versprach dir zu kommen.;Je te promettais de venir.;I was promising you I'd come.
B1;versprechen;promettre;Akkusativ+Dativ;;;;Konjunktiv II;Ich würde nichts versprechen, was ich nicht halten kann.;Je ne promettrais rien que je ne puisse tenir.;I wouldn't promise anything I can't keep.
B1;vertreten;"représenter ; remplacer";Akkusativ;;;;Präsens;Heute vertrete ich meine Kollegin.;Aujourd'hui, je remplace ma collègue.;Today I'm standing in for my colleague.
B1;vertreten;"représenter ; remplacer";Akkusativ;;;;Perfekt;Ich habe meine Kollegin zwei Wochen vertreten.;J'ai remplacé ma collègue pendant deux semaines.;I stood in for my colleague for two weeks.
B1;vertreten;"représenter ; remplacer";Akkusativ;;;;Präteritum;Ich vertrat meine Kollegin.;Je remplaçais ma collègue.;I was standing in for my colleague.
B1;vertreten;"représenter ; remplacer";Akkusativ;;;;Konjunktiv II;Im Notfall würde ich dich gern vertreten.;En cas de besoin, je te remplacerais volontiers.;In an emergency I would gladly stand in for you.
B1;verwechseln;confondre;Akkusativ;;;;Präsens;Ich verwechsle die beiden Brüder immer.;Je confonds toujours les deux frères.;I always mix up the two brothers.
B1;verwechseln;confondre;Akkusativ;;;;Perfekt;Ich habe die beiden Brüder verwechselt.;J'ai confondu les deux frères.;I mixed up the two brothers.
B1;verwechseln;confondre;Akkusativ;;;;Präteritum;Ich verwechselte die beiden Brüder.;Je confondais les deux frères.;I kept mixing up the two brothers.
B1;verwechseln;confondre;Akkusativ;;;;Konjunktiv II;Mit Namensschildern würde man niemanden verwechseln.;Avec des badges, on ne confondrait personne.;With name badges nobody would be mixed up.
B1;verwenden;employer, utiliser;Akkusativ;;;;Präsens;Für den Kuchen verwende ich Butter.;Pour le gâteau, j'utilise du beurre.;For the cake I use butter.
B1;verwenden;employer, utiliser;Akkusativ;;;;Perfekt;Für den Kuchen habe ich Butter verwendet.;Pour le gâteau, j'ai utilisé du beurre.;For the cake I used butter.
B1;verwenden;employer, utiliser;Akkusativ;;;;Präteritum;Für den Kuchen verwendete ich Butter.;Pour le gâteau, j'utilisais du beurre.;For the cake I was using butter.
B1;verwenden;employer, utiliser;Akkusativ;;;;Konjunktiv II;Ich würde dafür kein Plastik verwenden.;Je n'utiliserais pas de plastique pour cela.;I wouldn't use plastic for that.
B1;vorhaben;avoir l'intention de, prévoir;Akkusativ;;;;Präsens;Was hast du am Wochenende vor?;Qu'est-ce que tu prévois pour le week-end ?;What are you planning for the weekend?
B1;vorhaben;avoir l'intention de, prévoir;Akkusativ;;;;Perfekt;Das habe ich schon lange vorgehabt.;Cela faisait longtemps que je le prévoyais.;I've been planning that for a long time.
B1;vorhaben;avoir l'intention de, prévoir;Akkusativ;;;;Präteritum;Wir hatten eine Reise vor.;Nous prévoyions un voyage.;We were planning a trip.
B1;vorhaben;avoir l'intention de, prévoir;Akkusativ;;;;Konjunktiv II;Bei gutem Wetter würde ich eine Wanderung vorhaben.;S'il faisait beau, je prévoirais une randonnée.;In good weather I would plan a hike.
B1;vorkommen;arriver, se produire;;;;;Präsens;So etwas kommt selten vor.;Une chose pareille arrive rarement.;Something like that rarely happens.
B1;vorkommen;arriver, se produire;;;;;Perfekt;So etwas ist noch nie vorgekommen.;Une chose pareille n'est encore jamais arrivée.;Something like that has never happened before.
B1;vorkommen;arriver, se produire;;;;;Präteritum;So etwas kam früher öfter vor.;Autrefois, cela arrivait plus souvent.;That used to happen more often.
B1;vorkommen;arriver, se produire;;;;;Konjunktiv II;Mit mehr Kontrolle würde das nicht vorkommen.;Avec plus de contrôle, cela n'arriverait pas.;With more checks that wouldn't happen.
B1;vorlesen;lire à voix haute;Akkusativ+Dativ;;;;Präsens;Abends lese ich meinem Sohn vor.;Le soir, je fais la lecture à mon fils.;In the evening I read aloud to my son.
B1;vorlesen;lire à voix haute;Akkusativ+Dativ;;;;Perfekt;Ich habe meinem Sohn eine Geschichte vorgelesen.;J'ai lu une histoire à mon fils.;I read my son a story.
B1;vorlesen;lire à voix haute;Akkusativ+Dativ;;;;Präteritum;Ich las meinem Sohn jeden Abend vor.;Je faisais la lecture à mon fils tous les soirs.;I read aloud to my son every evening.
B1;vorlesen;lire à voix haute;Akkusativ+Dativ;;;;Konjunktiv II;Ich würde den Text langsamer vorlesen.;Je lirais le texte plus lentement.;I would read the text aloud more slowly.
B1;warnen;avertir, mettre en garde;Akkusativ;;;;Präsens;Der Wetterdienst warnt vor Sturm.;Le service météo met en garde contre la tempête.;The weather service warns of a storm.
B1;warnen;avertir, mettre en garde;Akkusativ;;;;Perfekt;Der Wetterdienst hat vor Sturm gewarnt.;Le service météo a mis en garde contre la tempête.;The weather service warned of a storm.
B1;warnen;avertir, mettre en garde;Akkusativ;;;;Präteritum;Der Wetterdienst warnte vor Sturm.;Le service météo mettait en garde contre la tempête.;The weather service was warning of a storm.
B1;warnen;avertir, mettre en garde;Akkusativ;;;;Konjunktiv II;Ich würde dich rechtzeitig warnen.;Je te préviendrais à temps.;I would warn you in time.
B1;werfen;jeter, lancer;Akkusativ;;;;Präsens;Wirf den Ball zu mir!;Lance-moi le ballon !;Throw me the ball!
B1;werfen;jeter, lancer;Akkusativ;;;;Perfekt;Er hat den Ball über den Zaun geworfen.;Il a lancé le ballon par-dessus la clôture.;He threw the ball over the fence.
B1;werfen;jeter, lancer;Akkusativ;;;;Präteritum;Er warf den Ball über den Zaun.;Il lançait le ballon par-dessus la clôture.;He was throwing the ball over the fence.
B1;werfen;jeter, lancer;Akkusativ;;;;Konjunktiv II;Ich würde das Papier in den Müll werfen.;Je jetterais le papier à la poubelle.;I would throw the paper in the bin.
B1;wiegen;peser;Akkusativ;;;;Präsens;Der Koffer wiegt zwanzig Kilo.;La valise pèse vingt kilos.;The suitcase weighs twenty kilos.
B1;wiegen;peser;Akkusativ;;;;Perfekt;Der Koffer hat zwanzig Kilo gewogen.;La valise pesait vingt kilos.;The suitcase weighed twenty kilos.
B1;wiegen;peser;Akkusativ;;;;Präteritum;Der Koffer wog zwanzig Kilo.;La valise pesait vingt kilos.;The suitcase weighed twenty kilos.
B1;wiegen;peser;Akkusativ;;;;Konjunktiv II;Ohne die Bücher würde der Koffer weniger wiegen.;Sans les livres, la valise pèserait moins.;Without the books the suitcase would weigh less.
B1;winken;faire signe de la main;;;;;Präsens;Die Kinder winken vom Fenster.;Les enfants font signe depuis la fenêtre.;The children wave from the window.
B1;winken;faire signe de la main;;;;;Perfekt;Die Kinder haben vom Fenster gewinkt.;Les enfants ont fait signe depuis la fenêtre.;The children waved from the window.
B1;winken;faire signe de la main;;;;;Präteritum;Die Kinder winkten vom Fenster.;Les enfants faisaient signe depuis la fenêtre.;The children were waving from the window.
B1;winken;faire signe de la main;;;;;Konjunktiv II;Vom Zug aus würde ich dir winken.;Depuis le train, je te ferais signe.;From the train I would wave to you.
B1;zugehen;"s'approcher de ; se fermer";;;;;Präsens;Der Winter geht langsam zu Ende.;L'hiver touche lentement à sa fin.;Winter is slowly coming to an end.
B1;zugehen;"s'approcher de ; se fermer";;;;;Perfekt;Er ist auf mich zugegangen.;Il s'est avancé vers moi.;He walked up to me.
B1;zugehen;"s'approcher de ; se fermer";;;;;Präteritum;Er ging langsam auf mich zu.;Il s'avançait lentement vers moi.;He was slowly walking up to me.
B1;zugehen;"s'approcher de ; se fermer";;;;;Konjunktiv II;An deiner Stelle würde ich auf ihn zugehen.;À ta place, j'irais vers lui.;In your place I would approach him.
B1;zurechtkommen;se débrouiller, s'en sortir;;;;;Präsens;Kommst du mit dem neuen Programm zurecht?;Tu t'en sors avec le nouveau logiciel ?;Are you managing with the new program?
B1;zurechtkommen;se débrouiller, s'en sortir;;;;;Perfekt;Ich bin mit dem Programm gut zurechtgekommen.;Je me suis bien débrouillé avec le logiciel.;I managed well with the program.
B1;zurechtkommen;se débrouiller, s'en sortir;;;;;Präteritum;Am Anfang kam ich schlecht zurecht.;Au début, je m'en sortais mal.;At first I coped badly.
B1;zurechtkommen;se débrouiller, s'en sortir;;;;;Konjunktiv II;Mit einer Anleitung würde ich besser zurechtkommen.;Avec une notice, je m'en sortirais mieux.;With instructions I would cope better.
B1;zuschauen;regarder, assister à;Dativ;;;;Präsens;Die Kinder schauen den Spielern zu.;Les enfants regardent les joueurs.;The children watch the players.
B1;zuschauen;regarder, assister à;Dativ;;;;Perfekt;Die Kinder haben den Spielern zugeschaut.;Les enfants ont regardé les joueurs.;The children watched the players.
B1;zuschauen;regarder, assister à;Dativ;;;;Präteritum;Die Kinder schauten den Spielern zu.;Les enfants regardaient les joueurs.;The children were watching the players.
B1;zuschauen;regarder, assister à;Dativ;;;;Konjunktiv II;Ich würde lieber mitspielen als zuschauen.;Je préférerais jouer que regarder.;I would rather join in than watch.
B1;überfahren;"écraser ; brûler (un feu)";Akkusativ;;;;Präsens;Pass auf, dass du die rote Ampel nicht überfährst.;Fais attention à ne pas brûler le feu rouge.;Be careful not to jump the red light.
B1;überfahren;"écraser ; brûler (un feu)";Akkusativ;;;;Perfekt;Er hat die rote Ampel überfahren.;Il a brûlé le feu rouge.;He jumped the red light.
B1;überfahren;"écraser ; brûler (un feu)";Akkusativ;;;;Präteritum;Er überfuhr die rote Ampel.;Il brûlait le feu rouge.;He was jumping the red light.
B1;überfahren;"écraser ; brûler (un feu)";Akkusativ;;;;Konjunktiv II;Bei dem Tempo würde er jede Ampel überfahren.;À cette vitesse, il brûlerait tous les feux.;At that speed he would jump every light.
B1;überholen;dépasser, doubler;Akkusativ;;;;Präsens;Hier darf man nicht überholen.;Ici, on n'a pas le droit de doubler.;You may not overtake here.
B1;überholen;dépasser, doubler;Akkusativ;;;;Perfekt;Der Lastwagen hat uns überholt.;Le camion nous a doublés.;The lorry overtook us.
B1;überholen;dépasser, doubler;Akkusativ;;;;Präteritum;Der Lastwagen überholte uns.;Le camion nous doublait.;The lorry was overtaking us.
B1;überholen;dépasser, doubler;Akkusativ;;;;Konjunktiv II;In der Kurve würde ich nicht überholen.;Dans le virage, je ne doublerais pas.;I wouldn't overtake on the bend.
B1;übernachten;passer la nuit, loger;;;;;Präsens;Wir übernachten bei Freunden.;Nous logeons chez des amis.;We're staying overnight with friends.
B1;übernachten;passer la nuit, loger;;;;;Perfekt;Wir haben bei Freunden übernachtet.;Nous avons logé chez des amis.;We stayed overnight with friends.
B1;übernachten;passer la nuit, loger;;;;;Präteritum;Wir übernachteten bei Freunden.;Nous logions chez des amis.;We were staying overnight with friends.
B1;übernachten;passer la nuit, loger;;;;;Konjunktiv II;Ich würde lieber im Hotel übernachten.;Je préférerais loger à l'hôtel.;I would rather stay at a hotel.
B1;überprüfen;vérifier, contrôler;Akkusativ;;;;Präsens;Bitte überprüfen Sie Ihre Daten.;Veuillez vérifier vos données.;Please check your details.
B1;überprüfen;vérifier, contrôler;Akkusativ;;;;Perfekt;Ich habe die Daten überprüft.;J'ai vérifié les données.;I checked the details.
B1;überprüfen;vérifier, contrôler;Akkusativ;;;;Präteritum;Ich überprüfte die Daten noch einmal.;Je vérifiais les données encore une fois.;I was checking the details once more.
B1;überprüfen;vérifier, contrôler;Akkusativ;;;;Konjunktiv II;Vor dem Abschicken würde ich alles überprüfen.;Avant l'envoi, je vérifierais tout.;Before sending I would check everything.
B1;überqueren;traverser;Akkusativ;;;;Präsens;Überqueren Sie die Straße an der Ampel.;Traversez la rue au feu.;Cross the road at the lights.
B1;überqueren;traverser;Akkusativ;;;;Perfekt;Sie hat die Straße bei Rot überquert.;Elle a traversé la rue au feu rouge.;She crossed the road on red.
B1;überqueren;traverser;Akkusativ;;;;Präteritum;Sie überquerte die Straße schnell.;Elle traversait la rue rapidement.;She was crossing the road quickly.
B1;überqueren;traverser;Akkusativ;;;;Konjunktiv II;Hier würde ich nicht überqueren.;Ici, je ne traverserais pas.;I wouldn't cross here.
B1;übertreiben;exagérer;;;;;Präsens;Du übertreibst schon wieder.;Tu exagères encore.;You're exaggerating again.
B1;übertreiben;exagérer;;;;;Perfekt;Er hat mit der Geschichte übertrieben.;Il a exagéré avec cette histoire.;He exaggerated with that story.
B1;übertreiben;exagérer;;;;;Präteritum;Er übertrieb bei jeder Geschichte.;Il exagérait dans chaque histoire.;He exaggerated in every story.
B1;übertreiben;exagérer;;;;;Konjunktiv II;An seiner Stelle würde ich nicht übertreiben.;À sa place, je n'exagérerais pas.;In his place I wouldn't exaggerate.
B1;achten;"faire attention à ; respecter";;;;;Präsens;Achte bitte auf die Kinder.;Fais attention aux enfants, s'il te plaît.;Please keep an eye on the children.
B1;achten;"faire attention à ; respecter";;;;;Perfekt;Ich habe auf die Kinder geachtet.;J'ai fait attention aux enfants.;I kept an eye on the children.
B1;achten;"faire attention à ; respecter";;;;;Präteritum;Ich achtete auf jedes Wort.;Je faisais attention à chaque mot.;I paid attention to every word.
B1;achten;"faire attention à ; respecter";;;;;Konjunktiv II;Ich würde mehr auf die Gesundheit achten.;Je ferais plus attention à ma santé.;I would pay more attention to my health.
B1;anklicken;cliquer sur;Akkusativ;;;;Präsens;Klicken Sie das grüne Feld an.;Cliquez sur la case verte.;Click the green box.
B1;anklicken;cliquer sur;Akkusativ;;;;Perfekt;Ich habe den Link angeklickt.;J'ai cliqué sur le lien.;I clicked the link.
B1;anklicken;cliquer sur;Akkusativ;;;;Präteritum;Ich klickte den Link an.;Je cliquais sur le lien.;I was clicking the link.
B1;anklicken;cliquer sur;Akkusativ;;;;Konjunktiv II;Diesen Link würde ich nicht anklicken.;Je ne cliquerais pas sur ce lien.;I wouldn't click that link.
B1;ankreuzen;cocher;Akkusativ;;;;Präsens;Kreuzen Sie die richtige Antwort an.;Cochez la bonne réponse.;Tick the correct answer.
B1;ankreuzen;cocher;Akkusativ;;;;Perfekt;Ich habe die falsche Antwort angekreuzt.;J'ai coché la mauvaise réponse.;I ticked the wrong answer.
B1;ankreuzen;cocher;Akkusativ;;;;Präteritum;Ich kreuzte die richtige Antwort an.;Je cochais la bonne réponse.;I was ticking the correct answer.
B1;ankreuzen;cocher;Akkusativ;;;;Konjunktiv II;Im Zweifel würde ich nichts ankreuzen.;Dans le doute, je ne cocherais rien.;If in doubt I wouldn't tick anything.
B1;ankündigen;annoncer;Akkusativ;;;;Präsens;Die Firma kündigt neue Preise an.;L'entreprise annonce de nouveaux prix.;The company announces new prices.
B1;ankündigen;annoncer;Akkusativ;;;;Perfekt;Die Firma hat neue Preise angekündigt.;L'entreprise a annoncé de nouveaux prix.;The company announced new prices.
B1;ankündigen;annoncer;Akkusativ;;;;Präteritum;Die Firma kündigte neue Preise an.;L'entreprise annonçait de nouveaux prix.;The company was announcing new prices.
B1;ankündigen;annoncer;Akkusativ;;;;Konjunktiv II;Einen Besuch würde ich vorher ankündigen.;J'annoncerais une visite à l'avance.;I would announce a visit beforehand.
B1;anschließen;brancher, raccorder;Akkusativ;;;;Präsens;Ich schließe den Drucker an den Computer an.;Je branche l'imprimante sur l'ordinateur.;I connect the printer to the computer.
B1;anschließen;brancher, raccorder;Akkusativ;;;;Perfekt;Ich habe den Drucker angeschlossen.;J'ai branché l'imprimante.;I connected the printer.
B1;anschließen;brancher, raccorder;Akkusativ;;;;Präteritum;Ich schloss den Drucker an.;Je branchais l'imprimante.;I was connecting the printer.
B1;anschließen;brancher, raccorder;Akkusativ;;;;Konjunktiv II;Ohne Anleitung würde ich nichts anschließen.;Sans notice, je ne brancherais rien.;Without instructions I wouldn't connect anything.
B1;anstellen;"embaucher ; mettre en marche";Akkusativ;;;;Präsens;Die Firma stellt zehn Leute an.;L'entreprise embauche dix personnes.;The company employs ten people.
B1;anstellen;"embaucher ; mettre en marche";Akkusativ;;;;Perfekt;Die Firma hat zehn Leute angestellt.;L'entreprise a embauché dix personnes.;The company employed ten people.
B1;anstellen;"embaucher ; mettre en marche";Akkusativ;;;;Präteritum;Die Firma stellte zehn Leute an.;L'entreprise embauchait dix personnes.;The company was employing ten people.
B1;anstellen;"embaucher ; mettre en marche";Akkusativ;;;;Konjunktiv II;Mit mehr Aufträgen würde man mehr Leute anstellen.;Avec plus de commandes, on embaucherait davantage.;With more orders more people would be employed.
B1;aufladen;recharger;Akkusativ;;;;Präsens;Ich lade mein Handy jede Nacht auf.;Je recharge mon téléphone chaque nuit.;I charge my phone every night.
B1;aufladen;recharger;Akkusativ;;;;Perfekt;Ich habe mein Handy aufgeladen.;J'ai rechargé mon téléphone.;I charged my phone.
B1;aufladen;recharger;Akkusativ;;;;Präteritum;Ich lud mein Handy jeden Abend auf.;Je rechargeais mon téléphone chaque soir.;I charged my phone every evening.
B1;aufladen;recharger;Akkusativ;;;;Konjunktiv II;Vor der Reise würde ich alles aufladen.;Avant le voyage, je rechargerais tout.;Before the trip I would charge everything.
B1;ausreichen;suffire;;;;;Präsens;Das Geld reicht bis zum Monatsende aus.;L'argent suffit jusqu'à la fin du mois.;The money is enough until the end of the month.
B1;ausreichen;suffire;;;;;Perfekt;Das Geld hat nicht ausgereicht.;L'argent n'a pas suffi.;The money wasn't enough.
B1;ausreichen;suffire;;;;;Präteritum;Das Geld reichte gerade aus.;L'argent suffisait tout juste.;The money was just enough.
B1;ausreichen;suffire;;;;;Konjunktiv II;Zwei Stunden würden ausreichen.;Deux heures suffiraient.;Two hours would be enough.
B1;blitzen;faire des éclairs;;;;;Präsens;Draußen blitzt es schon.;Dehors, il y a déjà des éclairs.;There's already lightning outside.
B1;blitzen;faire des éclairs;;;;;Perfekt;Es hat die ganze Nacht geblitzt.;Il y a eu des éclairs toute la nuit.;There was lightning all night.
B1;blitzen;faire des éclairs;;;;;Präteritum;Es blitzte und donnerte.;Il y avait des éclairs et du tonnerre.;There was lightning and thunder.
B1;blitzen;faire des éclairs;;;;;Konjunktiv II;Bei so einem Himmel würde es sicher blitzen.;Avec un tel ciel, il y aurait sûrement des éclairs.;With a sky like that there would surely be lightning.
B1;bloggen;bloguer;;;;;Präsens;Sie bloggt über das Reisen.;Elle blogue sur les voyages.;She blogs about travelling.
B1;bloggen;bloguer;;;;;Perfekt;Sie hat jahrelang über Essen gebloggt.;Elle a blogué des années sur la cuisine.;She blogged about food for years.
B1;bloggen;bloguer;;;;;Präteritum;Sie bloggte jede Woche.;Elle bloguait chaque semaine.;She blogged every week.
B1;bloggen;bloguer;;;;;Konjunktiv II;Mit mehr Zeit würde ich auch bloggen.;Avec plus de temps, je bloguerais aussi.;With more time I would blog too.
B1;campen;camper;;;;;Präsens;Im Sommer campen wir am See.;En été, nous campons au bord du lac.;In summer we camp by the lake.
B1;campen;camper;;;;;Perfekt;Im Sommer haben wir am See gecampt.;En été, nous avons campé au bord du lac.;In summer we camped by the lake.
B1;campen;camper;;;;;Präteritum;Früher campten wir jedes Jahr.;Autrefois, nous campions chaque année.;We used to camp every year.
B1;campen;camper;;;;;Konjunktiv II;Bei gutem Wetter würde ich lieber campen.;S'il faisait beau, je préférerais camper.;In good weather I would rather camp.
B1;checken;vérifier;Akkusativ;;;;Präsens;Ich checke schnell meine E-Mails.;Je vérifie vite mes courriels.;I'll quickly check my emails.
B1;checken;vérifier;Akkusativ;;;;Perfekt;Ich habe die Termine schon gecheckt.;J'ai déjà vérifié les rendez-vous.;I've already checked the appointments.
B1;checken;vérifier;Akkusativ;;;;Präteritum;Ich checkte die Liste noch einmal.;Je vérifiais la liste encore une fois.;I was checking the list once more.
B1;checken;vérifier;Akkusativ;;;;Konjunktiv II;Vor der Abfahrt würde ich alles checken.;Avant le départ, je vérifierais tout.;Before leaving I would check everything.
B1;darstellen;représenter, interpréter;Akkusativ;;;;Präsens;Das Bild stellt eine Stadt im Winter dar.;Le tableau représente une ville en hiver.;The picture depicts a city in winter.
B1;darstellen;représenter, interpréter;Akkusativ;;;;Perfekt;Der Künstler hat das Dorf genau dargestellt.;L'artiste a représenté le village avec précision.;The artist depicted the village precisely.
B1;darstellen;représenter, interpréter;Akkusativ;;;;Präteritum;Das Bild stellte eine Stadt im Winter dar.;Le tableau représentait une ville en hiver.;The picture depicted a city in winter.
B1;darstellen;représenter, interpréter;Akkusativ;;;;Konjunktiv II;Ich würde die Zahlen als Grafik darstellen.;Je représenterais les chiffres sous forme de graphique.;I would present the figures as a chart.
B1;dekorieren;décorer;Akkusativ;;;;Präsens;Wir dekorieren den Saal für das Fest.;Nous décorons la salle pour la fête.;We're decorating the hall for the party.
B1;dekorieren;décorer;Akkusativ;;;;Perfekt;Wir haben den Saal schön dekoriert.;Nous avons joliment décoré la salle.;We decorated the hall nicely.
B1;dekorieren;décorer;Akkusativ;;;;Präteritum;Wir dekorierten den Saal mit Blumen.;Nous décorions la salle avec des fleurs.;We were decorating the hall with flowers.
B1;dekorieren;décorer;Akkusativ;;;;Konjunktiv II;Ich würde alles in Blau dekorieren.;Je décorerais tout en bleu.;I would decorate everything in blue.
B1;dienen;servir (à);Dativ;;;;Präsens;Wozu dient dieser Knopf?;À quoi sert ce bouton ?;What is this button for?
B1;dienen;servir (à);Dativ;;;;Perfekt;Der Raum hat lange als Lager gedient.;La pièce a longtemps servi d'entrepôt.;The room served as a store for a long time.
B1;dienen;servir (à);Dativ;;;;Präteritum;Das Haus diente früher als Schule.;La maison servait autrefois d'école.;The house used to serve as a school.
B1;dienen;servir (à);Dativ;;;;Konjunktiv II;Ein zweiter Schlüssel würde uns allen dienen.;Une deuxième clé nous servirait à tous.;A second key would serve us all.
B1;donnern;tonner;;;;;Präsens;Es donnert seit einer Stunde.;Il tonne depuis une heure.;It has been thundering for an hour.
B1;donnern;tonner;;;;;Perfekt;Es hat die ganze Nacht gedonnert.;Il a tonné toute la nuit.;It thundered all night.
B1;donnern;tonner;;;;;Präteritum;Es donnerte über den Bergen.;Il tonnait au-dessus des montagnes.;It was thundering over the mountains.
B1;donnern;tonner;;;;;Konjunktiv II;Bei diesem Wetter würde es bald donnern.;Avec ce temps, il tonnerait bientôt.;In this weather it would soon thunder.
B1;duzen;tutoyer;Akkusativ;;;;Präsens;Im Verein duzen sich alle.;Dans l'association, tout le monde se tutoie.;In the club everyone is on first-name terms.
B1;duzen;tutoyer;Akkusativ;;;;Perfekt;Wir haben uns vom ersten Tag an geduzt.;Nous nous sommes tutoyés dès le premier jour.;We've been on first-name terms from day one.
B1;duzen;tutoyer;Akkusativ;;;;Präteritum;Im Betrieb duzten sich alle.;Dans l'entreprise, tout le monde se tutoyait.;In the company everyone was on first-name terms.
B1;duzen;tutoyer;Akkusativ;;;;Konjunktiv II;Den Chef würde ich nicht duzen.;Je ne tutoierais pas le chef.;I wouldn't be on first-name terms with the boss.
B1;einführen;introduire, instaurer;Akkusativ;;;;Präsens;Die Schule führt neue Regeln ein.;L'école instaure de nouvelles règles.;The school is introducing new rules.
B1;einführen;introduire, instaurer;Akkusativ;;;;Perfekt;Die Schule hat neue Regeln eingeführt.;L'école a instauré de nouvelles règles.;The school introduced new rules.
B1;einführen;introduire, instaurer;Akkusativ;;;;Präteritum;Die Schule führte neue Regeln ein.;L'école instaurait de nouvelles règles.;The school was introducing new rules.
B1;einführen;introduire, instaurer;Akkusativ;;;;Konjunktiv II;Ich würde eine kürzere Woche einführen.;J'instaurerais une semaine plus courte.;I would introduce a shorter week.
B1;einrichten;aménager, meubler;Akkusativ;;;;Präsens;Wir richten die Wohnung neu ein.;Nous réaménageons l'appartement.;We're refurnishing the flat.
B1;einrichten;aménager, meubler;Akkusativ;;;;Perfekt;Wir haben die Wohnung selbst eingerichtet.;Nous avons aménagé l'appartement nous-mêmes.;We furnished the flat ourselves.
B1;einrichten;aménager, meubler;Akkusativ;;;;Präteritum;Wir richteten die Wohnung im Sommer ein.;Nous aménagions l'appartement en été.;We were furnishing the flat in the summer.
B1;einrichten;aménager, meubler;Akkusativ;;;;Konjunktiv II;Ich würde das Zimmer heller einrichten.;J'aménagerais la pièce plus clair.;I would furnish the room more brightly.
B1;fassen;"saisir ; contenir";Akkusativ;;;;Präsens;Der Saal fasst dreihundert Personen.;La salle contient trois cents personnes.;The hall holds three hundred people.
B1;fassen;"saisir ; contenir";Akkusativ;;;;Perfekt;Die Polizei hat den Täter gefasst.;La police a arrêté le coupable.;The police caught the culprit.
B1;fassen;"saisir ; contenir";Akkusativ;;;;Präteritum;Die Polizei fasste den Täter am Bahnhof.;La police arrêtait le coupable à la gare.;The police caught the culprit at the station.
B1;fassen;"saisir ; contenir";Akkusativ;;;;Konjunktiv II;Diesen Entschluss würde ich schnell fassen.;Je prendrais cette décision rapidement.;I would make that decision quickly.
B1;faulenzen;paresser, ne rien faire;;;;;Präsens;Im Urlaub faulenze ich am liebsten.;En vacances, j'aime surtout ne rien faire.;On holiday I like lazing around best.
B1;faulenzen;paresser, ne rien faire;;;;;Perfekt;Im Urlaub habe ich nur gefaulenzt.;En vacances, je n'ai fait que paresser.;On holiday I did nothing but laze around.
B1;faulenzen;paresser, ne rien faire;;;;;Präteritum;Am Sonntag faulenzten wir den ganzen Tag.;Dimanche, nous avons paressé toute la journée.;On Sunday we lazed around all day.
B1;faulenzen;paresser, ne rien faire;;;;;Konjunktiv II;Am liebsten würde ich heute faulenzen.;Aujourd'hui, j'aimerais surtout ne rien faire.;Today I'd most like to laze around.
B1;feststehen;être établi, être certain;;;;;Präsens;Der Termin steht noch nicht fest.;La date n'est pas encore fixée.;The date isn't fixed yet.
B1;feststehen;être établi, être certain;;;;;Perfekt;Der Termin hat lange festgestanden.;La date était fixée depuis longtemps.;The date had been fixed for a long time.
B1;feststehen;être établi, être certain;;;;;Präteritum;Damals stand schon alles fest.;À l'époque, tout était déjà décidé.;Back then everything was already settled.
B1;feststehen;être établi, être certain;;;;;Konjunktiv II;Mit einer Zusage würde alles feststehen.;Avec un accord, tout serait fixé.;With a confirmation everything would be settled.
B1;googeln;chercher sur Internet;Akkusativ;;;;Präsens;Das Wort google ich schnell.;Je cherche vite ce mot sur Internet.;I'll quickly google that word.
B1;googeln;chercher sur Internet;Akkusativ;;;;Perfekt;Ich habe die Adresse gegoogelt.;J'ai cherché l'adresse sur Internet.;I googled the address.
B1;googeln;chercher sur Internet;Akkusativ;;;;Präteritum;Ich googelte den Namen der Firma.;Je cherchais le nom de l'entreprise sur Internet.;I was googling the company name.
B1;googeln;chercher sur Internet;Akkusativ;;;;Konjunktiv II;Im Zweifel würde ich es googeln.;Dans le doute, je chercherais sur Internet.;If in doubt I would google it.
B1;grillieren;griller, faire un barbecue;Akkusativ;;;;Präsens;Am Samstag grillieren wir im Garten.;Samedi, nous faisons un barbecue au jardin.;On Saturday we're barbecuing in the garden.
B1;grillieren;griller, faire un barbecue;Akkusativ;;;;Perfekt;Am Samstag haben wir grilliert.;Samedi, nous avons fait un barbecue.;On Saturday we had a barbecue.
B1;grillieren;griller, faire un barbecue;Akkusativ;;;;Präteritum;Im Sommer grillierten wir jede Woche.;En été, nous faisions un barbecue chaque semaine.;In summer we barbecued every week.
B1;grillieren;griller, faire un barbecue;Akkusativ;;;;Konjunktiv II;Bei schönem Wetter würden wir grillieren.;S'il faisait beau, nous ferions un barbecue.;In nice weather we would barbecue.
B1;hageln;grêler;;;;;Präsens;Im Juni hagelt es manchmal.;En juin, il grêle parfois.;In June it sometimes hails.
B1;hageln;grêler;;;;;Perfekt;Gestern hat es stark gehagelt.;Hier, il a beaucoup grêlé.;Yesterday it hailed heavily.
B1;hageln;grêler;;;;;Präteritum;Es hagelte auf die Autos.;Il grêlait sur les voitures.;It was hailing on the cars.
B1;hageln;grêler;;;;;Konjunktiv II;Bei diesem Gewitter würde es sicher hageln.;Avec cet orage, il grêlerait sûrement.;In this storm it would surely hail.
B1;klettern;grimper, escalader;;;;;Präsens;Die Kinder klettern auf den Baum.;Les enfants grimpent à l'arbre.;The children climb the tree.
B1;klettern;grimper, escalader;;;;;Perfekt;Die Kinder sind auf den Baum geklettert.;Les enfants ont grimpé à l'arbre.;The children climbed the tree.
B1;klettern;grimper, escalader;;;;;Präteritum;Die Kinder kletterten auf den Baum.;Les enfants grimpaient à l'arbre.;The children were climbing the tree.
B1;klettern;grimper, escalader;;;;;Konjunktiv II;So hoch würde ich nicht klettern.;Je ne grimperais pas aussi haut.;I wouldn't climb that high.
B1;mailen;envoyer par courriel;Akkusativ+Dativ;;;;Präsens;Ich maile dir die Adresse.;Je t'envoie l'adresse par courriel.;I'll email you the address.
B1;mailen;envoyer par courriel;Akkusativ+Dativ;;;;Perfekt;Ich habe dir die Adresse gemailt.;Je t'ai envoyé l'adresse par courriel.;I emailed you the address.
B1;mailen;envoyer par courriel;Akkusativ+Dativ;;;;Präteritum;Ich mailte ihm die Unterlagen.;Je lui envoyais les documents par courriel.;I was emailing him the documents.
B1;mailen;envoyer par courriel;Akkusativ+Dativ;;;;Konjunktiv II;Ich würde das lieber mailen als faxen.;Je préférerais l'envoyer par courriel que par fax.;I would rather email it than fax it.
B1;parkieren;se garer, stationner;;;;;Präsens;Hier darf man nicht parkieren.;Ici, on n'a pas le droit de stationner.;You may not park here.
B1;parkieren;se garer, stationner;;;;;Perfekt;Ich habe vor dem Haus parkiert.;Je me suis garé devant la maison.;I parked in front of the house.
B1;parkieren;se garer, stationner;;;;;Präteritum;Ich parkierte vor dem Haus.;Je me garais devant la maison.;I was parking in front of the house.
B1;parkieren;se garer, stationner;;;;;Konjunktiv II;Ich würde weiter weg parkieren.;Je me garerais plus loin.;I would park further away.
B1;realisieren;réaliser, mettre en œuvre;Akkusativ;;;;Präsens;Wir realisieren das Projekt im Herbst.;Nous réalisons le projet à l'automne.;We're carrying out the project in autumn.
B1;realisieren;réaliser, mettre en œuvre;Akkusativ;;;;Perfekt;Wir haben das Projekt realisiert.;Nous avons réalisé le projet.;We carried out the project.
B1;realisieren;réaliser, mettre en œuvre;Akkusativ;;;;Präteritum;Wir realisierten das Projekt in zwei Jahren.;Nous réalisions le projet en deux ans.;We carried out the project in two years.
B1;realisieren;réaliser, mettre en œuvre;Akkusativ;;;;Konjunktiv II;Mit mehr Geld würde man das schnell realisieren.;Avec plus d'argent, on réaliserait cela vite.;With more money that would be carried out quickly.
B1;scheiden;divorcer (lassen), séparer;;;;;Präsens;Sie lassen sich nach zehn Jahren scheiden.;Ils divorcent après dix ans.;They are getting divorced after ten years.
B1;scheiden;divorcer (lassen), séparer;;;;;Perfekt;Sie haben sich scheiden lassen.;Ils ont divorcé.;They got divorced.
B1;scheiden;divorcer (lassen), séparer;;;;;Präteritum;Das Paar schied im letzten Jahr.;Le couple s'est séparé l'an dernier.;The couple separated last year.
B1;scheiden;divorcer (lassen), séparer;;;;;Konjunktiv II;An ihrer Stelle würde ich mich scheiden lassen.;À sa place, je divorcerais.;In her place I would get divorced.
B1;schminken;maquiller;Akkusativ;;;;Präsens;Sie schminkt sich jeden Morgen.;Elle se maquille chaque matin.;She puts on make-up every morning.
B1;schminken;maquiller;Akkusativ;;;;Perfekt;Sie hat sich für das Fest geschminkt.;Elle s'est maquillée pour la fête.;She put on make-up for the party.
B1;schminken;maquiller;Akkusativ;;;;Präteritum;Sie schminkte sich vor dem Spiegel.;Elle se maquillait devant le miroir.;She was putting on make-up in front of the mirror.
B1;schminken;maquiller;Akkusativ;;;;Konjunktiv II;Für ein Foto würde ich mich schminken.;Pour une photo, je me maquillerais.;For a photo I would put on make-up.
B1;schütteln;secouer;Akkusativ;;;;Präsens;Vor Gebrauch bitte gut schütteln.;Bien agiter avant emploi.;Shake well before use.
B1;schütteln;secouer;Akkusativ;;;;Perfekt;Er hat nur den Kopf geschüttelt.;Il a seulement secoué la tête.;He just shook his head.
B1;schütteln;secouer;Akkusativ;;;;Präteritum;Er schüttelte langsam den Kopf.;Il secouait lentement la tête.;He slowly shook his head.
B1;schütteln;secouer;Akkusativ;;;;Konjunktiv II;Die Flasche würde ich vorher schütteln.;J'agiterais la bouteille avant.;I would shake the bottle first.
B1;stechen;piquer;Akkusativ;;;;Präsens;Die Mücken stechen abends am meisten.;Les moustiques piquent surtout le soir.;Mosquitoes sting most in the evening.
B1;stechen;piquer;Akkusativ;;;;Perfekt;Eine Biene hat mich gestochen.;Une abeille m'a piqué.;A bee stung me.
B1;stechen;piquer;Akkusativ;;;;Präteritum;Eine Biene stach mich in den Arm.;Une abeille me piquait au bras.;A bee stung me on the arm.
B1;stechen;piquer;Akkusativ;;;;Konjunktiv II;Ohne Netz würden die Mücken die ganze Nacht stechen.;Sans moustiquaire, les moustiques piqueraient toute la nuit.;Without a net the mosquitoes would sting all night.
B1;tanken;faire le plein;;;;;Präsens;Wir müssen noch tanken.;Nous devons encore faire le plein.;We still need to fill up.
B1;tanken;faire le plein;;;;;Perfekt;Ich habe gestern getankt.;J'ai fait le plein hier.;I filled up yesterday.
B1;tanken;faire le plein;;;;;Präteritum;Ich tankte kurz vor der Grenze.;Je faisais le plein juste avant la frontière.;I filled up just before the border.
B1;tanken;faire le plein;;;;;Konjunktiv II;Ich würde vor der Autobahn tanken.;Je ferais le plein avant l'autoroute.;I would fill up before the motorway.
B1;tippen;taper (au clavier);Akkusativ;;;;Präsens;Sie tippt sehr schnell.;Elle tape très vite.;She types very fast.
B1;tippen;taper (au clavier);Akkusativ;;;;Perfekt;Ich habe den Brief selbst getippt.;J'ai tapé la lettre moi-même.;I typed the letter myself.
B1;tippen;taper (au clavier);Akkusativ;;;;Präteritum;Sie tippte den ganzen Nachmittag.;Elle a tapé tout l'après-midi.;She typed all afternoon.
B1;tippen;taper (au clavier);Akkusativ;;;;Konjunktiv II;Mit zehn Fingern würde ich schneller tippen.;Avec dix doigts, je taperais plus vite.;With ten fingers I would type faster.
B1;twittern;publier sur les réseaux;;;;;Präsens;Der Politiker twittert jeden Tag.;L'homme politique publie chaque jour.;The politician tweets every day.
B1;twittern;publier sur les réseaux;;;;;Perfekt;Er hat schon wieder getwittert.;Il a encore publié.;He has tweeted again.
B1;twittern;publier sur les réseaux;;;;;Präteritum;Er twitterte während der ganzen Sitzung.;Il publiait pendant toute la séance.;He tweeted throughout the whole meeting.
B1;twittern;publier sur les réseaux;;;;;Konjunktiv II;An seiner Stelle würde ich weniger twittern.;À sa place, je publierais moins.;In his place I would tweet less.
B1;vergrößern;agrandir;Akkusativ;;;;Präsens;Können Sie das Foto vergrößern?;Pouvez-vous agrandir la photo ?;Can you enlarge the photo?
B1;vergrößern;agrandir;Akkusativ;;;;Perfekt;Wir haben die Küche vergrößert.;Nous avons agrandi la cuisine.;We enlarged the kitchen.
B1;vergrößern;agrandir;Akkusativ;;;;Präteritum;Die Firma vergrößerte das Lager.;L'entreprise agrandissait l'entrepôt.;The company was enlarging the warehouse.
B1;vergrößern;agrandir;Akkusativ;;;;Konjunktiv II;Die Schrift würde ich vergrößern.;J'agrandirais la police.;I would enlarge the font.
B1;verhaften;arrêter (police);Akkusativ;;;;Präsens;Die Polizei verhaftet den Täter.;La police arrête le coupable.;The police arrest the culprit.
B1;verhaften;arrêter (police);Akkusativ;;;;Perfekt;Die Polizei hat den Täter verhaftet.;La police a arrêté le coupable.;The police arrested the culprit.
B1;verhaften;arrêter (police);Akkusativ;;;;Präteritum;Die Polizei verhaftete ihn am Bahnhof.;La police l'arrêtait à la gare.;The police arrested him at the station.
B1;verhaften;arrêter (police);Akkusativ;;;;Konjunktiv II;Ohne Beweise würde man niemanden verhaften.;Sans preuves, on n'arrêterait personne.;Without evidence nobody would be arrested.
B1;verraten;"révéler ; trahir";Akkusativ+Dativ;;;;Präsens;Verrate mir bitte nicht das Ende!;Ne me révèle pas la fin !;Please don't tell me the ending!
B1;verraten;"révéler ; trahir";Akkusativ+Dativ;;;;Perfekt;Er hat mir das Geheimnis verraten.;Il m'a révélé le secret.;He revealed the secret to me.
B1;verraten;"révéler ; trahir";Akkusativ+Dativ;;;;Präteritum;Er verriet mir das Geheimnis.;Il me révélait le secret.;He revealed the secret to me.
B1;verraten;"révéler ; trahir";Akkusativ+Dativ;;;;Konjunktiv II;Ich würde niemals ein Geheimnis verraten.;Je ne révélerais jamais un secret.;I would never reveal a secret.
B1;verteilen;distribuer, répartir;Akkusativ;;;;Präsens;Die Lehrerin verteilt die Blätter.;La professeure distribue les feuilles.;The teacher hands out the sheets.
B1;verteilen;distribuer, répartir;Akkusativ;;;;Perfekt;Die Lehrerin hat die Blätter verteilt.;La professeure a distribué les feuilles.;The teacher handed out the sheets.
B1;verteilen;distribuer, répartir;Akkusativ;;;;Präteritum;Die Lehrerin verteilte die Blätter.;La professeure distribuait les feuilles.;The teacher was handing out the sheets.
B1;verteilen;distribuer, répartir;Akkusativ;;;;Konjunktiv II;Die Arbeit würde ich anders verteilen.;Je répartirais le travail autrement.;I would distribute the work differently.
B1;zelten;camper sous la tente;;;;;Präsens;Wir zelten am Waldrand.;Nous campons en lisière de forêt.;We're camping at the edge of the forest.
B1;zelten;camper sous la tente;;;;;Perfekt;Wir haben eine Woche gezeltet.;Nous avons campé une semaine.;We camped for a week.
B1;zelten;camper sous la tente;;;;;Präteritum;Als Kinder zelteten wir jeden Sommer.;Enfants, nous campions chaque été.;As children we camped every summer.
B1;zelten;camper sous la tente;;;;;Konjunktiv II;Bei Regen würde ich nicht zelten.;S'il pleuvait, je ne camperais pas.;If it rained I wouldn't camp.
B1;zuordnen;classer, associer;Akkusativ+Dativ;;;;Präsens;Ordnen Sie die Bilder den Texten zu.;Associez les images aux textes.;Match the pictures to the texts.
B1;zuordnen;classer, associer;Akkusativ+Dativ;;;;Perfekt;Ich habe alle Bilder richtig zugeordnet.;J'ai associé toutes les images correctement.;I matched all the pictures correctly.
B1;zuordnen;classer, associer;Akkusativ+Dativ;;;;Präteritum;Ich ordnete die Bilder den Texten zu.;J'associais les images aux textes.;I was matching the pictures to the texts.
B1;zuordnen;classer, associer;Akkusativ+Dativ;;;;Konjunktiv II;Diese Farbe würde ich dem Herbst zuordnen.;J'associerais cette couleur à l'automne.;I would associate that colour with autumn.
B1;anhaben;porter (un vêtement);Akkusativ;;;;Präsens;Sie hat heute einen roten Mantel an.;Elle porte un manteau rouge aujourd'hui.;She's wearing a red coat today.
B1;anhaben;porter (un vêtement);Akkusativ;;;;Perfekt;Sie hat gestern einen roten Mantel angehabt.;Hier, elle portait un manteau rouge.;Yesterday she wore a red coat.
B1;anhaben;porter (un vêtement);Akkusativ;;;;Präteritum;Er hatte nur ein Hemd an.;Il ne portait qu'une chemise.;He only had a shirt on.
B1;anhaben;porter (un vêtement);Akkusativ;;;;Konjunktiv II;Bei der Kälte würde ich eine Jacke anhaben.;Par ce froid, je porterais une veste.;In this cold I would have a jacket on.
B1;anschnallen;attacher sa ceinture;Akkusativ;;;;Präsens;Bitte schnallen Sie sich an.;Veuillez attacher votre ceinture.;Please fasten your seatbelt.
B1;anschnallen;attacher sa ceinture;Akkusativ;;;;Perfekt;Ich habe mich sofort angeschnallt.;J'ai tout de suite attaché ma ceinture.;I fastened my seatbelt right away.
B1;anschnallen;attacher sa ceinture;Akkusativ;;;;Präteritum;Er schnallte das Kind hinten an.;Il attachait l'enfant à l'arrière.;He fastened the child in at the back.
B1;anschnallen;attacher sa ceinture;Akkusativ;;;;Konjunktiv II;Auch hinten würde ich mich anschnallen.;Même à l'arrière, j'attacherais ma ceinture.;I would fasten my seatbelt in the back too.
B1;aussprechen;prononcer;Akkusativ;;;;Präsens;Wie spricht man dieses Wort aus?;Comment prononce-t-on ce mot ?;How do you pronounce this word?
B1;aussprechen;prononcer;Akkusativ;;;;Perfekt;Ich habe den Namen falsch ausgesprochen.;J'ai mal prononcé le nom.;I pronounced the name wrongly.
B1;aussprechen;prononcer;Akkusativ;;;;Präteritum;Sie sprach jedes Wort deutlich aus.;Elle prononçait chaque mot distinctement.;She pronounced every word clearly.
B1;aussprechen;prononcer;Akkusativ;;;;Konjunktiv II;Ich würde das Wort anders aussprechen.;Je prononcerais ce mot autrement.;I would pronounce that word differently.
B1;festnehmen;interpeller, arrêter;Akkusativ;;;;Präsens;Die Polizei nimmt zwei Männer fest.;La police interpelle deux hommes.;The police detain two men.
B1;festnehmen;interpeller, arrêter;Akkusativ;;;;Perfekt;Die Polizei hat zwei Männer festgenommen.;La police a interpellé deux hommes.;The police detained two men.
B1;festnehmen;interpeller, arrêter;Akkusativ;;;;Präteritum;Die Polizei nahm zwei Männer fest.;La police interpellait deux hommes.;The police were detaining two men.
B1;festnehmen;interpeller, arrêter;Akkusativ;;;;Konjunktiv II;Ohne Grund würde man niemanden festnehmen.;Sans motif, on n'interpellerait personne.;Without cause nobody would be detained.
B1;gucken;regarder;;;;;Präsens;Abends gucken wir einen Film.;Le soir, nous regardons un film.;In the evening we watch a film.
B1;gucken;regarder;;;;;Perfekt;Wir haben den ganzen Abend Fernsehen geguckt.;Nous avons regardé la télé toute la soirée.;We watched TV all evening.
B1;gucken;regarder;;;;;Präteritum;Er guckte aus dem Fenster.;Il regardait par la fenêtre.;He looked out of the window.
B1;gucken;regarder;;;;;Konjunktiv II;Ich würde lieber ein Buch lesen als fernzugucken.;Je préférerais lire un livre que regarder la télé.;I would rather read a book than watch TV.
B1;impfen;vacciner;Akkusativ;;;;Präsens;Der Arzt impft die Kinder im Herbst.;Le médecin vaccine les enfants à l'automne.;The doctor vaccinates the children in autumn.
B1;impfen;vacciner;Akkusativ;;;;Perfekt;Ich bin gegen Grippe geimpft worden.;J'ai été vacciné contre la grippe.;I was vaccinated against flu.
B1;impfen;vacciner;Akkusativ;;;;Präteritum;Der Arzt impfte die ganze Klasse.;Le médecin vaccinait toute la classe.;The doctor vaccinated the whole class.
B1;impfen;vacciner;Akkusativ;;;;Konjunktiv II;Vor der Reise würde ich mich impfen lassen.;Avant le voyage, je me ferais vacciner.;Before the trip I would get vaccinated.
B1;isolieren;isoler;Akkusativ;;;;Präsens;Wir isolieren das Dach gegen die Kälte.;Nous isolons le toit contre le froid.;We're insulating the roof against the cold.
B1;isolieren;isoler;Akkusativ;;;;Perfekt;Wir haben das Dach neu isoliert.;Nous avons refait l'isolation du toit.;We reinsulated the roof.
B1;isolieren;isoler;Akkusativ;;;;Präteritum;Man isolierte damals mit Holz.;À l'époque, on isolait avec du bois.;Back then people insulated with wood.
B1;isolieren;isoler;Akkusativ;;;;Konjunktiv II;Ein isoliertes Haus würde weniger Heizung brauchen.;Une maison isolée aurait besoin de moins de chauffage.;An insulated house would need less heating.
B1;leiden;souffrir;;;;;Präsens;Er leidet unter starken Kopfschmerzen.;Il souffre de forts maux de tête.;He suffers from severe headaches.
B1;leiden;souffrir;;;;;Perfekt;Sie hat lange unter dem Lärm gelitten.;Elle a longtemps souffert du bruit.;She suffered from the noise for a long time.
B1;leiden;souffrir;;;;;Präteritum;Er litt jahrelang an Rückenschmerzen.;Il souffrait du dos depuis des années.;He suffered from back pain for years.
B1;leiden;souffrir;;;;;Konjunktiv II;Ohne Behandlung würde er mehr leiden.;Sans traitement, il souffrirait davantage.;Without treatment he would suffer more.
B1;leidtun;regretter, être désolé;Dativ;;;;Präsens;Es tut mir leid, ich habe es vergessen.;Je suis désolé, je l'ai oublié.;I'm sorry, I forgot it.
B1;leidtun;regretter, être désolé;Dativ;;;;Perfekt;Es hat mir sehr leidgetan.;Je l'ai beaucoup regretté.;I was very sorry about it.
B1;leidtun;regretter, être désolé;Dativ;;;;Präteritum;Es tat mir wirklich leid.;J'en étais vraiment désolé.;I was really sorry about it.
B1;leidtun;regretter, être désolé;Dativ;;;;Konjunktiv II;Eine Absage würde mir sehr leidtun.;Un refus me peinerait beaucoup.;A refusal would make me very sorry.
B1;losfahren;partir, démarrer;;;;;Präsens;Wir fahren um sechs Uhr los.;Nous partons à six heures.;We're setting off at six.
B1;losfahren;partir, démarrer;;;;;Perfekt;Wir sind um sechs Uhr losgefahren.;Nous sommes partis à six heures.;We set off at six.
B1;losfahren;partir, démarrer;;;;;Präteritum;Wir fuhren im Dunkeln los.;Nous partions dans le noir.;We set off in the dark.
B1;losfahren;partir, démarrer;;;;;Konjunktiv II;Bei diesem Verkehr würde ich früher losfahren.;Avec ce trafic, je partirais plus tôt.;In this traffic I would set off earlier.
B1;missverstehen;mal comprendre;Akkusativ;;;;Präsens;Bitte missverstehen Sie mich nicht.;Ne me comprenez pas de travers, s'il vous plaît.;Please don't misunderstand me.
B1;missverstehen;mal comprendre;Akkusativ;;;;Perfekt;Du hast mich völlig missverstanden.;Tu m'as complètement mal compris.;You completely misunderstood me.
B1;missverstehen;mal comprendre;Akkusativ;;;;Präteritum;Sie missverstand meine Frage.;Elle comprenait mal ma question.;She misunderstood my question.
B1;missverstehen;mal comprendre;Akkusativ;;;;Konjunktiv II;Ohne Beispiel würde man das leicht missverstehen.;Sans exemple, on comprendrait facilement de travers.;Without an example that would easily be misunderstood.
B1;rasieren;raser;Akkusativ;;;;Präsens;Er rasiert sich jeden Morgen.;Il se rase chaque matin.;He shaves every morning.
B1;rasieren;raser;Akkusativ;;;;Perfekt;Er hat sich heute nicht rasiert.;Il ne s'est pas rasé aujourd'hui.;He didn't shave today.
B1;rasieren;raser;Akkusativ;;;;Präteritum;Er rasierte sich vor dem Spiegel.;Il se rasait devant le miroir.;He was shaving in front of the mirror.
B1;rasieren;raser;Akkusativ;;;;Konjunktiv II;Für das Foto würde er sich rasieren.;Pour la photo, il se raserait.;For the photo he would shave.
B1;reinigen;nettoyer;Akkusativ;;;;Präsens;Den Mantel muss man chemisch reinigen.;Le manteau doit être nettoyé à sec.;The coat has to be dry-cleaned.
B1;reinigen;nettoyer;Akkusativ;;;;Perfekt;Ich habe den Teppich gereinigt.;J'ai nettoyé le tapis.;I cleaned the carpet.
B1;reinigen;nettoyer;Akkusativ;;;;Präteritum;Sie reinigte die Fenster jede Woche.;Elle nettoyait les fenêtres chaque semaine.;She cleaned the windows every week.
B1;reinigen;nettoyer;Akkusativ;;;;Konjunktiv II;Diesen Fleck würde ich sofort reinigen.;Je nettoierais cette tache tout de suite.;I would clean that stain right away.
B1;schieben;pousser;Akkusativ;;;;Präsens;Wir schieben das Fahrrad den Berg hinauf.;Nous poussons le vélo jusqu'en haut de la côte.;We push the bike up the hill.
B1;schieben;pousser;Akkusativ;;;;Perfekt;Wir haben das Auto zur Seite geschoben.;Nous avons poussé la voiture sur le côté.;We pushed the car aside.
B1;schieben;pousser;Akkusativ;;;;Präteritum;Er schob den Schrank an die Wand.;Il poussait l'armoire contre le mur.;He pushed the wardrobe against the wall.
B1;schieben;pousser;Akkusativ;;;;Konjunktiv II;Allein würde ich den Schrank nicht schieben.;Seul, je ne pousserais pas l'armoire.;Alone I wouldn't push the wardrobe.
B1;schießen;tirer (arme, ballon);Akkusativ;;;;Präsens;Er schießt den Ball ins Tor.;Il tire le ballon dans le but.;He shoots the ball into the goal.
B1;schießen;tirer (arme, ballon);Akkusativ;;;;Perfekt;Er hat zwei Tore geschossen.;Il a marqué deux buts.;He scored two goals.
B1;schießen;tirer (arme, ballon);Akkusativ;;;;Präteritum;Er schoss den Ball über das Tor.;Il tirait le ballon au-dessus du but.;He shot the ball over the goal.
B1;schießen;tirer (arme, ballon);Akkusativ;;;;Konjunktiv II;Von hier würde ich nicht schießen.;D'ici, je ne tirerais pas.;From here I wouldn't shoot.
B1;spülen;faire la vaisselle, rincer;Akkusativ;;;;Präsens;Heute spüle ich, morgen du.;Aujourd'hui je fais la vaisselle, demain toi.;Today I wash up, tomorrow you do.
B1;spülen;faire la vaisselle, rincer;Akkusativ;;;;Perfekt;Ich habe schon gespült.;J'ai déjà fait la vaisselle.;I've already washed up.
B1;spülen;faire la vaisselle, rincer;Akkusativ;;;;Präteritum;Sie spülte jeden Abend von Hand.;Elle faisait la vaisselle à la main chaque soir.;She washed up by hand every evening.
B1;spülen;faire la vaisselle, rincer;Akkusativ;;;;Konjunktiv II;Mit einer Maschine würde ich nicht mehr spülen.;Avec un lave-vaisselle, je ne ferais plus la vaisselle.;With a dishwasher I wouldn't wash up any more.
B1;starten;démarrer, lancer;Akkusativ;;;;Präsens;Das Programm startet automatisch.;Le programme démarre automatiquement.;The program starts automatically.
B1;starten;démarrer, lancer;Akkusativ;;;;Perfekt;Das Flugzeug ist pünktlich gestartet.;L'avion a décollé à l'heure.;The plane took off on time.
B1;starten;démarrer, lancer;Akkusativ;;;;Präteritum;Der Motor startete nicht.;Le moteur ne démarrait pas.;The engine wouldn't start.
B1;starten;démarrer, lancer;Akkusativ;;;;Konjunktiv II;Bei diesem Wetter würde kein Flugzeug starten.;Par ce temps, aucun avion ne décollerait.;In this weather no plane would take off.
B1;stoßen;heurter, bousculer;Akkusativ;;;;Präsens;Pass auf, du stößt an den Tisch!;Fais attention, tu heurtes la table !;Careful, you're bumping into the table!
B1;stoßen;heurter, bousculer;Akkusativ;;;;Perfekt;Ich habe mich am Kopf gestoßen.;Je me suis cogné la tête.;I bumped my head.
B1;stoßen;heurter, bousculer;Akkusativ;;;;Präteritum;Er stieß mich aus Versehen.;Il m'a bousculé par mégarde.;He bumped into me by accident.
B1;stoßen;heurter, bousculer;Akkusativ;;;;Konjunktiv II;Im Dunkeln würde ich überall dagegen stoßen.;Dans le noir, je me cognerais partout.;In the dark I would bump into everything.
B1;streichen;"peindre (un mur) ; barrer";Akkusativ;;;;Präsens;Wir streichen die Wände weiß.;Nous peignons les murs en blanc.;We're painting the walls white.
B1;streichen;"peindre (un mur) ; barrer";Akkusativ;;;;Perfekt;Wir haben die Wände weiß gestrichen.;Nous avons peint les murs en blanc.;We painted the walls white.
B1;streichen;"peindre (un mur) ; barrer";Akkusativ;;;;Präteritum;Wir strichen die Wohnung vor dem Einzug.;Nous peignions l'appartement avant d'emménager.;We painted the flat before moving in.
B1;streichen;"peindre (un mur) ; barrer";Akkusativ;;;;Konjunktiv II;Ich würde die Küche gelb streichen.;Je peindrais la cuisine en jaune.;I would paint the kitchen yellow.
B1;täuschen;tromper, induire en erreur;Akkusativ;;;;Präsens;Der erste Eindruck täuscht oft.;La première impression trompe souvent.;First impressions are often deceptive.
B1;täuschen;tromper, induire en erreur;Akkusativ;;;;Perfekt;Der Schein hat mich getäuscht.;Les apparences m'ont trompé.;Appearances deceived me.
B1;täuschen;tromper, induire en erreur;Akkusativ;;;;Präteritum;Sein ruhiges Gesicht täuschte alle.;Son visage calme trompait tout le monde.;His calm face deceived everyone.
B1;täuschen;tromper, induire en erreur;Akkusativ;;;;Konjunktiv II;Ohne Erfahrung würde mich das auch täuschen.;Sans expérience, cela me tromperait aussi.;Without experience that would deceive me too.
B1;umarmen;prendre dans ses bras;Akkusativ;;;;Präsens;Sie umarmt ihre Mutter zum Abschied.;Elle prend sa mère dans ses bras pour lui dire au revoir.;She hugs her mother goodbye.
B1;umarmen;prendre dans ses bras;Akkusativ;;;;Perfekt;Sie hat ihre Mutter lange umarmt.;Elle a longuement pris sa mère dans ses bras.;She hugged her mother for a long time.
B1;umarmen;prendre dans ses bras;Akkusativ;;;;Präteritum;Sie umarmte ihn zum Abschied.;Elle le prenait dans ses bras pour lui dire au revoir.;She hugged him goodbye.
B1;umarmen;prendre dans ses bras;Akkusativ;;;;Konjunktiv II;Nach so langer Zeit würde ich ihn umarmen.;Après si longtemps, je le prendrais dans mes bras.;After so long I would hug him.
B1;umdrehen;retourner, tourner;Akkusativ;;;;Präsens;Dreh das Blatt bitte um.;Retourne la feuille, s'il te plaît.;Please turn the sheet over.
B1;umdrehen;retourner, tourner;Akkusativ;;;;Perfekt;Ich habe das Blatt umgedreht.;J'ai retourné la feuille.;I turned the sheet over.
B1;umdrehen;retourner, tourner;Akkusativ;;;;Präteritum;Er drehte sich langsam um.;Il se retournait lentement.;He slowly turned around.
B1;umdrehen;retourner, tourner;Akkusativ;;;;Konjunktiv II;An seiner Stelle würde ich mich nicht umdrehen.;À sa place, je ne me retournerais pas.;In his place I wouldn't turn around.
B1;verlaufen;"se dérouler ; s'égarer";;;;;Präsens;Der Abend verläuft sehr ruhig.;La soirée se déroule très calmement.;The evening is going very quietly.
B1;verlaufen;"se dérouler ; s'égarer";;;;;Perfekt;Die Prüfung ist gut verlaufen.;L'examen s'est bien déroulé.;The exam went well.
B1;verlaufen;"se dérouler ; s'égarer";;;;;Präteritum;Der Tag verlief ohne Probleme.;La journée s'est déroulée sans problème.;The day went without problems.
B1;verlaufen;"se dérouler ; s'égarer";;;;;Konjunktiv II;Mit mehr Zeit würde alles ruhiger verlaufen.;Avec plus de temps, tout se déroulerait plus calmement.;With more time everything would go more calmly.
B1;vermissen;manquer à quelqu'un;Akkusativ;;;;Präsens;Ich vermisse meine Familie sehr.;Ma famille me manque beaucoup.;I miss my family a lot.
B1;vermissen;manquer à quelqu'un;Akkusativ;;;;Perfekt;Ich habe dich sehr vermisst.;Tu m'as beaucoup manqué.;I missed you a lot.
B1;vermissen;manquer à quelqu'un;Akkusativ;;;;Präteritum;Am Anfang vermisste ich alles.;Au début, tout me manquait.;At first I missed everything.
B1;vermissen;manquer à quelqu'un;Akkusativ;;;;Konjunktiv II;Ohne meine Freunde würde ich zu Hause vieles vermissen.;Sans mes amis, beaucoup de choses me manqueraient.;Without my friends I would miss a lot.
B1;verschreiben;prescrire;Akkusativ+Dativ;;;;Präsens;Der Arzt verschreibt mir ein Medikament.;Le médecin me prescrit un médicament.;The doctor prescribes me a medicine.
B1;verschreiben;prescrire;Akkusativ+Dativ;;;;Perfekt;Der Arzt hat mir Tabletten verschrieben.;Le médecin m'a prescrit des comprimés.;The doctor prescribed me tablets.
B1;verschreiben;prescrire;Akkusativ+Dativ;;;;Präteritum;Der Arzt verschrieb ihr eine Salbe.;Le médecin lui prescrivait une pommade.;The doctor prescribed her an ointment.
B1;verschreiben;prescrire;Akkusativ+Dativ;;;;Konjunktiv II;Bei Fieber würde der Arzt etwas anderes verschreiben.;En cas de fièvre, le médecin prescrirait autre chose.;With a fever the doctor would prescribe something else.
B1;verstecken;cacher;Akkusativ;;;;Präsens;Die Kinder verstecken die Eier im Garten.;Les enfants cachent les œufs dans le jardin.;The children hide the eggs in the garden.
B1;verstecken;cacher;Akkusativ;;;;Perfekt;Ich habe den Schlüssel unter der Matte versteckt.;J'ai caché la clé sous le paillasson.;I hid the key under the mat.
B1;verstecken;cacher;Akkusativ;;;;Präteritum;Er versteckte das Geschenk im Schrank.;Il cachait le cadeau dans l'armoire.;He hid the present in the wardrobe.
B1;verstecken;cacher;Akkusativ;;;;Konjunktiv II;Den Schlüssel würde ich woanders verstecken.;Je cacherais la clé ailleurs.;I would hide the key somewhere else.
B1;wundern;étonner;Akkusativ;;;;Präsens;Das wundert mich gar nicht.;Cela ne m'étonne pas du tout.;That doesn't surprise me at all.
B1;wundern;étonner;Akkusativ;;;;Perfekt;Sein Erfolg hat alle gewundert.;Son succès a étonné tout le monde.;His success surprised everyone.
B1;wundern;étonner;Akkusativ;;;;Präteritum;Die Antwort wunderte mich.;La réponse m'étonnait.;The answer surprised me.
B1;wundern;étonner;Akkusativ;;;;Konjunktiv II;Ein anderes Ergebnis würde mich wundern.;Un autre résultat m'étonnerait.;A different result would surprise me.
B1;zwingen;forcer, obliger;Akkusativ;;;;Präsens;Niemand zwingt dich dazu.;Personne ne t'y oblige.;Nobody is forcing you to.
B1;zwingen;forcer, obliger;Akkusativ;;;;Perfekt;Das Wetter hat uns zum Bleiben gezwungen.;Le temps nous a obligés à rester.;The weather forced us to stay.
B1;zwingen;forcer, obliger;Akkusativ;;;;Präteritum;Der Regen zwang uns zur Umkehr.;La pluie nous a obligés à faire demi-tour.;The rain forced us to turn back.
B1;zwingen;forcer, obliger;Akkusativ;;;;Konjunktiv II;Ich würde niemanden dazu zwingen.;Je n'y forcerais personne.;I wouldn't force anyone to do it.
B1;aufwachen;se réveiller;;;;;Präsens;Ich wache jeden Tag um sechs auf.;Je me réveille tous les jours à six heures.;I wake up at six every day.
B1;aufwachen;se réveiller;;;;;Perfekt;Ich bin heute früh aufgewacht.;Je me suis réveillé tôt aujourd'hui.;I woke up early today.
B1;aufwachen;se réveiller;;;;;Präteritum;Ich wachte mitten in der Nacht auf.;Je me réveillais au milieu de la nuit.;I woke up in the middle of the night.
B1;aufwachen;se réveiller;;;;;Konjunktiv II;Ohne Wecker würde ich später aufwachen.;Sans réveil, je me réveillerais plus tard.;Without an alarm I would wake up later.
B1;krankmelden;se déclarer malade;Akkusativ;;;;Präsens;Ich melde mich heute krank.;Je me déclare malade aujourd'hui.;I'm calling in sick today.
B1;krankmelden;se déclarer malade;Akkusativ;;;;Perfekt;Ich habe mich gestern krankgemeldet.;Je me suis déclaré malade hier.;I called in sick yesterday.
B1;krankmelden;se déclarer malade;Akkusativ;;;;Präteritum;Er meldete sich zwei Tage krank.;Il s'est déclaré malade deux jours.;He called in sick for two days.
B1;krankmelden;se déclarer malade;Akkusativ;;;;Konjunktiv II;Mit Fieber würde ich mich krankmelden.;Avec de la fièvre, je me déclarerais malade.;With a fever I would call in sick.
B1;verpacken;emballer;Akkusativ;;;;Präsens;Wir verpacken die Ware sorgfältig.;Nous emballons la marchandise avec soin.;We package the goods carefully.
B1;verpacken;emballer;Akkusativ;;;;Perfekt;Ich habe das Geschenk schön verpackt.;J'ai joliment emballé le cadeau.;I wrapped the present nicely.
B1;verpacken;emballer;Akkusativ;;;;Präteritum;Sie verpackte die Gläser einzeln.;Elle emballait les verres un par un.;She packed the glasses one by one.
B1;verpacken;emballer;Akkusativ;;;;Konjunktiv II;Für den Versand würde ich das besser verpacken.;Pour l'envoi, j'emballerais mieux cela.;For shipping I would package that better.
B2;abwägen;peser (le pour et le contre);Akkusativ;;;;Präsens;Wir wägen die Vor- und Nachteile sorgfältig ab.;Nous pesons soigneusement les avantages et les inconvénients.;We carefully weigh up the pros and cons.
B2;abwägen;peser (le pour et le contre);Akkusativ;;;;Perfekt;Wir haben die Risiken lange abgewogen.;Nous avons longuement pesé les risques.;We weighed up the risks for a long time.
B2;abwägen;peser (le pour et le contre);Akkusativ;;;;Präteritum;Der Vorstand wog beide Angebote ab.;Le conseil a pesé les deux offres.;The board weighed up both offers.
B2;abwägen;peser (le pour et le contre);Akkusativ;;;;Konjunktiv II;An seiner Stelle würde ich das Risiko genauer abwägen.;À sa place, je pèserais le risque plus précisément.;In his place I would weigh the risk more carefully.
B2;anstreben;viser, aspirer à;Akkusativ;;;;Präsens;Die Firma strebt eine führende Position an.;L'entreprise vise une position de premier plan.;The company is aiming for a leading position.
B2;anstreben;viser, aspirer à;Akkusativ;;;;Perfekt;Sie hat schon immer eine Leitungsfunktion angestrebt.;Elle a toujours visé un poste de direction.;She has always aimed for a leadership role.
B2;anstreben;viser, aspirer à;Akkusativ;;;;Präteritum;Die Regierung strebte einen Kompromiss an.;Le gouvernement visait un compromis.;The government aimed for a compromise.
B2;anstreben;viser, aspirer à;Akkusativ;;;;Konjunktiv II;Ich würde eine dauerhafte Lösung anstreben.;Je viserais une solution durable.;I would aim for a lasting solution.
B2;aufweisen;présenter, comporter;Akkusativ;;;;Präsens;Der Bericht weist mehrere Lücken auf.;Le rapport présente plusieurs lacunes.;The report shows several gaps.
B2;aufweisen;présenter, comporter;Akkusativ;;;;Perfekt;Das Gerät hat einen Defekt aufgewiesen.;L'appareil présentait un défaut.;The device showed a defect.
B2;aufweisen;présenter, comporter;Akkusativ;;;;Präteritum;Die Studie wies deutliche Schwächen auf.;L'étude présentait des faiblesses nettes.;The study showed clear weaknesses.
B2;aufweisen;présenter, comporter;Akkusativ;;;;Konjunktiv II;Ein besseres Modell würde weniger Mängel aufweisen.;Un meilleur modèle présenterait moins de défauts.;A better model would show fewer flaws.
B2;ausschließen;exclure;Akkusativ;;;;Präsens;Ich schließe einen Irrtum nicht aus.;Je n'exclus pas une erreur.;I don't rule out a mistake.
B2;ausschließen;exclure;Akkusativ;;;;Perfekt;Die Polizei hat einen Unfall ausgeschlossen.;La police a exclu un accident.;The police ruled out an accident.
B2;ausschließen;exclure;Akkusativ;;;;Präteritum;Der Arzt schloss eine Infektion aus.;Le médecin a exclu une infection.;The doctor ruled out an infection.
B2;ausschließen;exclure;Akkusativ;;;;Konjunktiv II;Diese Möglichkeit würde ich nicht ausschließen.;Je n'exclurais pas cette possibilité.;I would not rule out this possibility.
B2;ausweichen;esquiver, éviter;Dativ;;;;Präsens;Er weicht der Frage geschickt aus.;Il esquive habilement la question.;He skilfully dodges the question.
B2;ausweichen;esquiver, éviter;Dativ;;;;Perfekt;Der Fahrer ist dem Hindernis ausgewichen.;Le conducteur a évité l'obstacle.;The driver dodged the obstacle.
B2;ausweichen;esquiver, éviter;Dativ;;;;Präteritum;Sie wich meinem Blick aus.;Elle a évité mon regard.;She avoided my gaze.
B2;ausweichen;esquiver, éviter;Dativ;;;;Konjunktiv II;Einer klaren Antwort würde ich nicht ausweichen.;Je n'esquiverais pas une réponse claire.;I would not dodge a clear answer.
B2;bedauern;regretter;Akkusativ;;;;Präsens;Wir bedauern die Verzögerung sehr.;Nous regrettons vivement le retard.;We very much regret the delay.
B2;bedauern;regretter;Akkusativ;;;;Perfekt;Er hat seine Worte sofort bedauert.;Il a immédiatement regretté ses paroles.;He immediately regretted his words.
B2;bedauern;regretter;Akkusativ;;;;Präteritum;Sie bedauerte ihre Entscheidung nie.;Elle n'a jamais regretté sa décision.;She never regretted her decision.
B2;bedauern;regretter;Akkusativ;;;;Konjunktiv II;Ich würde einen solchen Schritt später bedauern.;Je regretterais plus tard une telle démarche.;I would later regret such a step.
B2;berücksichtigen;prendre en compte;Akkusativ;;;;Präsens;Wir berücksichtigen alle eingegangenen Vorschläge.;Nous prenons en compte toutes les propositions reçues.;We take all submitted proposals into account.
B2;berücksichtigen;prendre en compte;Akkusativ;;;;Perfekt;Die Jury hat auch das Alter berücksichtigt.;Le jury a aussi pris en compte l'âge.;The jury also took age into account.
B2;berücksichtigen;prendre en compte;Akkusativ;;;;Präteritum;Der Plan berücksichtigte die Kosten nicht.;Le plan ne prenait pas en compte les coûts.;The plan did not take the costs into account.
B2;berücksichtigen;prendre en compte;Akkusativ;;;;Konjunktiv II;Ich würde auch die Ferienzeiten berücksichtigen.;Je prendrais aussi en compte les périodes de vacances.;I would also take holiday periods into account.
B2;beruhen;reposer (sur qch);;auf + Dativ;;;Präsens;Diese Annahme beruht auf alten Daten.;Cette hypothèse repose sur des données anciennes.;This assumption is based on old data.
B2;beruhen;reposer (sur qch);;auf + Dativ;;;Perfekt;Das Missverständnis hat auf einem Tippfehler beruht.;Le malentendu reposait sur une faute de frappe.;The misunderstanding was based on a typo.
B2;beruhen;reposer (sur qch);;auf + Dativ;;;Präteritum;Sein Erfolg beruhte auf harter Arbeit.;Son succès reposait sur un travail acharné.;His success was based on hard work.
B2;beruhen;reposer (sur qch);;auf + Dativ;;;Konjunktiv II;Eine gute Entscheidung würde auf Fakten beruhen.;Une bonne décision reposerait sur des faits.;A good decision would be based on facts.
B2;beseitigen;supprimer, éliminer;Akkusativ;;;;Präsens;Die Stadt beseitigt die Schäden nach dem Sturm.;La ville élimine les dégâts après la tempête.;The city is clearing the damage after the storm.
B2;beseitigen;supprimer, éliminer;Akkusativ;;;;Perfekt;Das Team hat den Fehler schnell beseitigt.;L'équipe a rapidement supprimé l'erreur.;The team quickly eliminated the error.
B2;beseitigen;supprimer, éliminer;Akkusativ;;;;Präteritum;Man beseitigte die letzten Hindernisse.;On a supprimé les derniers obstacles.;The last obstacles were eliminated.
B2;beseitigen;supprimer, éliminer;Akkusativ;;;;Konjunktiv II;Mit mehr Mitteln würde man das Problem beseitigen.;Avec plus de moyens, on éliminerait le problème.;With more resources the problem would be eliminated.
B2;sich bewähren;faire ses preuves;;;oui;oui;Präsens;Das neue Verfahren bewährt sich im Alltag.;Le nouveau procédé fait ses preuves au quotidien.;The new method proves its worth in daily use.
B2;sich bewähren;faire ses preuves;;;oui;oui;Perfekt;Die Methode hat sich seit Jahren bewährt.;La méthode a fait ses preuves depuis des années.;The method has proven itself for years.
B2;sich bewähren;faire ses preuves;;;oui;oui;Präteritum;Der Plan bewährte sich in der Krise.;Le plan a fait ses preuves pendant la crise.;The plan proved itself during the crisis.
B2;sich bewähren;faire ses preuves;;;oui;oui;Konjunktiv II;Ein einfacheres System würde sich schneller bewähren.;Un système plus simple ferait ses preuves plus vite.;A simpler system would prove itself faster.
B2;bewirken;provoquer, produire (un effet);Akkusativ;;;;Präsens;Kleine Änderungen bewirken oft viel.;De petits changements produisent souvent beaucoup d'effet.;Small changes often bring about a lot.
B2;bewirken;provoquer, produire (un effet);Akkusativ;;;;Perfekt;Die Kampagne hat ein Umdenken bewirkt.;La campagne a provoqué un changement de mentalité.;The campaign brought about a change of thinking.
B2;bewirken;provoquer, produire (un effet);Akkusativ;;;;Präteritum;Der Protest bewirkte eine Gesetzesänderung.;La protestation a provoqué une modification de la loi.;The protest brought about a change in the law.
B2;bewirken;provoquer, produire (un effet);Akkusativ;;;;Konjunktiv II;Ein Verbot allein würde wenig bewirken.;Une interdiction seule produirait peu d'effet.;A ban alone would achieve little.
B2;sich beziehen;se référer (à qch);;auf + Akkusativ;;oui;Präsens;Ich beziehe mich auf Ihr Schreiben vom Montag.;Je me réfère à votre courrier de lundi.;I refer to your letter of Monday.
B2;sich beziehen;se référer (à qch);;auf + Akkusativ;;oui;Perfekt;Der Redner hat sich auf eine Studie bezogen.;L'orateur s'est référé à une étude.;The speaker referred to a study.
B2;sich beziehen;se référer (à qch);;auf + Akkusativ;;oui;Präteritum;Die Kritik bezog sich auf den ersten Teil.;La critique portait sur la première partie.;The criticism referred to the first part.
B2;sich beziehen;se référer (à qch);;auf + Akkusativ;;oui;Konjunktiv II;Ich würde mich auf die neueste Fassung beziehen.;Je me référerais à la version la plus récente.;I would refer to the latest version.
B2;einräumen;concéder, admettre;Akkusativ+Dativ;;;;Präsens;Der Minister räumt Fehler bei der Planung ein.;Le ministre concède des erreurs dans la planification.;The minister concedes mistakes in the planning.
B2;einräumen;concéder, admettre;Akkusativ+Dativ;;;;Perfekt;Die Firma hat den Kunden einen Rabatt eingeräumt.;L'entreprise a accordé une remise aux clients.;The company granted the customers a discount.
B2;einräumen;concéder, admettre;Akkusativ+Dativ;;;;Präteritum;Er räumte ein, sich geirrt zu haben.;Il a admis s'être trompé.;He conceded that he had been wrong.
B2;einräumen;concéder, admettre;Akkusativ+Dativ;;;;Konjunktiv II;Ich würde diesen Punkt ohne Weiteres einräumen.;Je concéderais ce point sans difficulté.;I would readily concede this point.
B2;entfallen;être supprimé, revenir à;;auf + Akkusativ;;;Präsens;Die Sitzung entfällt wegen Krankheit.;La séance est annulée pour cause de maladie.;The meeting is cancelled due to illness.
B2;entfallen;être supprimé, revenir à;;auf + Akkusativ;;;Perfekt;Der Zuschuss ist im letzten Jahr entfallen.;La subvention a été supprimée l'an dernier.;The subsidy was dropped last year.
B2;entfallen;être supprimé, revenir à;;auf + Akkusativ;;;Präteritum;Auf jeden Teilnehmer entfielen zwei Stimmen.;Deux voix revenaient à chaque participant.;Two votes fell to each participant.
B2;entfallen;être supprimé, revenir à;;auf + Akkusativ;;;Konjunktiv II;Ohne Anmeldung würde der Rabatt entfallen.;Sans inscription, la remise serait supprimée.;Without registration the discount would be dropped.
B2;sich entfalten;s'épanouir, se déployer;;;oui;oui;Präsens;In diesem Team entfaltet sie sich richtig.;Dans cette équipe, elle s'épanouit vraiment.;In this team she really flourishes.
B2;sich entfalten;s'épanouir, se déployer;;;oui;oui;Perfekt;Sein Talent hat sich erst spät entfaltet.;Son talent ne s'est épanoui que tard.;His talent only unfolded late.
B2;sich entfalten;s'épanouir, se déployer;;;oui;oui;Präteritum;Die Wirkung entfaltete sich nach wenigen Wochen.;L'effet s'est déployé après quelques semaines.;The effect unfolded after a few weeks.
B2;sich entfalten;s'épanouir, se déployer;;;oui;oui;Konjunktiv II;Mit mehr Freiheit würde sich ihr Potenzial entfalten.;Avec plus de liberté, son potentiel s'épanouirait.;With more freedom her potential would unfold.
B2;entgegenkommen;faire un geste, aller au-devant;Dativ;;;;Präsens;Der Vermieter kommt uns beim Preis entgegen.;Le propriétaire fait un geste sur le prix.;The landlord accommodates us on the price.
B2;entgegenkommen;faire un geste, aller au-devant;Dativ;;;;Perfekt;Die Bank ist uns bei den Konditionen entgegengekommen.;La banque nous a fait un geste sur les conditions.;The bank accommodated us on the terms.
B2;entgegenkommen;faire un geste, aller au-devant;Dativ;;;;Präteritum;Er kam uns auf halbem Weg entgegen.;Il nous a rencontrés à mi-chemin.;He met us halfway.
B2;entgegenkommen;faire un geste, aller au-devant;Dativ;;;;Konjunktiv II;Ein guter Partner würde uns hier entgegenkommen.;Un bon partenaire nous ferait un geste ici.;A good partner would accommodate us here.
B2;erlassen;promulguer, dispenser de;Akkusativ;;;;Präsens;Die Regierung erlässt ein neues Gesetz.;Le gouvernement promulgue une nouvelle loi.;The government enacts a new law.
B2;erlassen;promulguer, dispenser de;Akkusativ;;;;Perfekt;Die Stadt hat uns die Gebühr erlassen.;La ville nous a dispensés de la taxe.;The city waived the fee for us.
B2;erlassen;promulguer, dispenser de;Akkusativ;;;;Präteritum;Das Parlament erließ strengere Regeln.;Le parlement a promulgué des règles plus strictes.;Parliament enacted stricter rules.
B2;erlassen;promulguer, dispenser de;Akkusativ;;;;Konjunktiv II;Ein solches Verbot würde ich nicht erlassen.;Je ne promulguerais pas une telle interdiction.;I would not enact such a ban.
B2;erweisen;rendre (un service), s'avérer;Akkusativ+Dativ;;;;Präsens;Sie erweist uns damit einen großen Dienst.;Elle nous rend ainsi un grand service.;She thereby renders us a great service.
B2;erweisen;rendre (un service), s'avérer;Akkusativ+Dativ;;;;Perfekt;Die Warnung hat sich als richtig erwiesen.;L'avertissement s'est avéré juste.;The warning turned out to be right.
B2;erweisen;rendre (un service), s'avérer;Akkusativ+Dativ;;;;Präteritum;Der Verdacht erwies sich als unbegründet.;Le soupçon s'est avéré infondé.;The suspicion turned out to be unfounded.
B2;erweisen;rendre (un service), s'avérer;Akkusativ+Dativ;;;;Konjunktiv II;Diese Abkürzung würde sich als Umweg erweisen.;Ce raccourci s'avérerait être un détour.;This shortcut would turn out to be a detour.
B2;festhalten;maintenir, consigner;Akkusativ;an + Dativ;;;Präsens;Die Firma hält an ihrem Plan fest.;L'entreprise maintient son plan.;The company is sticking to its plan.
B2;festhalten;maintenir, consigner;Akkusativ;an + Dativ;;;Perfekt;Wir haben das Ergebnis im Protokoll festgehalten.;Nous avons consigné le résultat au procès-verbal.;We recorded the result in the minutes.
B2;festhalten;maintenir, consigner;Akkusativ;an + Dativ;;;Präteritum;Er hielt an seiner Meinung fest.;Il maintenait son opinion.;He held on to his opinion.
B2;festhalten;maintenir, consigner;Akkusativ;an + Dativ;;;Konjunktiv II;An diesem Termin würde ich festhalten.;Je maintiendrais cette date.;I would stick to this date.
B2;gelten;être valable, passer pour;;;oui;;Präsens;Die Fahrkarte gilt nur heute.;Le billet n'est valable qu'aujourd'hui.;The ticket is only valid today.
B2;gelten;être valable, passer pour;;;oui;;Perfekt;Diese Regel hat lange gegolten.;Cette règle a été en vigueur longtemps.;This rule was valid for a long time.
B2;gelten;être valable, passer pour;;;oui;;Präteritum;Er galt als einer der besten Spieler.;Il passait pour l'un des meilleurs joueurs.;He was considered one of the best players.
B2;gelten;être valable, passer pour;;;oui;;Konjunktiv II;Ohne Unterschrift würde der Vertrag nicht gelten.;Sans signature, le contrat ne serait pas valable.;Without a signature the contract would not be valid.
B2;hervorheben;mettre en évidence;Akkusativ;;;;Präsens;Der Bericht hebt zwei Punkte besonders hervor.;Le rapport met deux points particulièrement en évidence.;The report particularly highlights two points.
B2;hervorheben;mettre en évidence;Akkusativ;;;;Perfekt;Sie hat die Teamarbeit hervorgehoben.;Elle a mis en évidence le travail d'équipe.;She highlighted the teamwork.
B2;hervorheben;mettre en évidence;Akkusativ;;;;Präteritum;Der Lehrer hob ihren Fortschritt hervor.;Le professeur soulignait ses progrès.;The teacher highlighted her progress.
B2;hervorheben;mettre en évidence;Akkusativ;;;;Konjunktiv II;Ich würde diesen Aspekt stärker hervorheben.;Je mettrais cet aspect davantage en évidence.;I would highlight this aspect more strongly.
B2;nachvollziehen;comprendre, suivre (un raisonnement);Akkusativ;;;;Präsens;Ich kann deine Entscheidung gut nachvollziehen.;Je comprends bien ta décision.;I can well understand your decision.
B2;nachvollziehen;comprendre, suivre (un raisonnement);Akkusativ;;;;Perfekt;Niemand hat seine Rechnung nachvollzogen.;Personne n'a suivi son calcul.;Nobody followed his calculation.
B2;nachvollziehen;comprendre, suivre (un raisonnement);Akkusativ;;;;Präteritum;Sie vollzog den Gedankengang mühelos nach.;Elle a suivi le raisonnement sans peine.;She followed the reasoning effortlessly.
B2;nachvollziehen;comprendre, suivre (un raisonnement);Akkusativ;;;;Konjunktiv II;Mit einem Beispiel würde ich das besser nachvollziehen.;Avec un exemple, je comprendrais mieux.;With an example I would follow it better.
B2;sich niederlassen;s'installer (durablement);;in + Dativ;;oui;Präsens;Die Ärztin lässt sich in Bremen nieder.;La médecin s'installe à Brême.;The doctor is settling in Bremen.
B2;sich niederlassen;s'installer (durablement);;in + Dativ;;oui;Perfekt;Die Familie hat sich auf dem Land niedergelassen.;La famille s'est installée à la campagne.;The family settled in the countryside.
B2;sich niederlassen;s'installer (durablement);;in + Dativ;;oui;Präteritum;Er ließ sich nach dem Studium in Wien nieder.;Il s'est installé à Vienne après ses études.;He settled in Vienna after his studies.
B2;sich niederlassen;s'installer (durablement);;in + Dativ;;oui;Konjunktiv II;Ich würde mich gern in einer kleineren Stadt niederlassen.;J'aimerais m'installer dans une plus petite ville.;I would like to settle in a smaller town.
B2;schildern;décrire, relater;Akkusativ;;;;Präsens;Der Zeuge schildert den Unfall genau.;Le témoin décrit précisément l'accident.;The witness describes the accident precisely.
B2;schildern;décrire, relater;Akkusativ;;;;Perfekt;Sie hat ihre Eindrücke lebhaft geschildert.;Elle a relaté ses impressions avec vivacité.;She vividly described her impressions.
B2;schildern;décrire, relater;Akkusativ;;;;Präteritum;Er schilderte die Lage als hoffnungslos.;Il décrivait la situation comme désespérée.;He described the situation as hopeless.
B2;schildern;décrire, relater;Akkusativ;;;;Konjunktiv II;Ich würde den Ablauf kürzer schildern.;Je décrirais le déroulement plus brièvement.;I would describe the sequence more briefly.
B2;übernehmen;reprendre, assumer;Akkusativ;;;;Präsens;Sie übernimmt die Leitung der Abteilung.;Elle reprend la direction du service.;She is taking over the department.
B2;übernehmen;reprendre, assumer;Akkusativ;;;;Perfekt;Er hat die Kosten übernommen.;Il a pris les frais à sa charge.;He took on the costs.
B2;übernehmen;reprendre, assumer;Akkusativ;;;;Präteritum;Der Konzern übernahm den Konkurrenten.;Le groupe a repris le concurrent.;The corporation took over the competitor.
B2;übernehmen;reprendre, assumer;Akkusativ;;;;Konjunktiv II;Diese Aufgabe würde ich gern übernehmen.;J'assumerais volontiers cette tâche.;I would gladly take on this task.
B2;unterlassen;s'abstenir de;Akkusativ;;;;Präsens;Bitte unterlassen Sie das Rauchen im Gebäude.;Veuillez vous abstenir de fumer dans le bâtiment.;Please refrain from smoking in the building.
B2;unterlassen;s'abstenir de;Akkusativ;;;;Perfekt;Er hat jede Bemerkung dazu unterlassen.;Il s'est abstenu de tout commentaire là-dessus.;He refrained from any comment on it.
B2;unterlassen;s'abstenir de;Akkusativ;;;;Präteritum;Sie unterließ es, ihn zu warnen.;Elle s'est abstenue de le prévenir.;She refrained from warning him.
B2;unterlassen;s'abstenir de;Akkusativ;;;;Konjunktiv II;An deiner Stelle würde ich diese Frage unterlassen.;À ta place, je m'abstiendrais de cette question.;In your place I would refrain from that question.
B2;verzeichnen;enregistrer (un résultat);Akkusativ;;;;Präsens;Der Verein verzeichnet einen Zuwachs an Mitgliedern.;L'association enregistre une hausse du nombre de membres.;The club records an increase in members.
B2;verzeichnen;enregistrer (un résultat);Akkusativ;;;;Perfekt;Die Firma hat Rekordgewinne verzeichnet.;L'entreprise a enregistré des bénéfices record.;The company posted record profits.
B2;verzeichnen;enregistrer (un résultat);Akkusativ;;;;Präteritum;Die Region verzeichnete weniger Regen als sonst.;La région a enregistré moins de pluie que d'habitude.;The region recorded less rain than usual.
B2;verzeichnen;enregistrer (un résultat);Akkusativ;;;;Konjunktiv II;Ohne Werbung würden wir weniger Anfragen verzeichnen.;Sans publicité, nous enregistrerions moins de demandes.;Without advertising we would record fewer enquiries.
B2;vorbeugen;prévenir (qch);Dativ;;;;Präsens;Regelmäßiger Sport beugt Rückenschmerzen vor.;Le sport régulier prévient les douleurs de dos.;Regular exercise prevents back pain.
B2;vorbeugen;prévenir (qch);Dativ;;;;Perfekt;Die Impfung hat schweren Verläufen vorgebeugt.;Le vaccin a prévenu les formes graves.;The vaccination prevented severe cases.
B2;vorbeugen;prévenir (qch);Dativ;;;;Präteritum;Die Maßnahme beugte weiteren Schäden vor.;La mesure a prévenu d'autres dégâts.;The measure prevented further damage.
B2;vorbeugen;prévenir (qch);Dativ;;;;Konjunktiv II;Eine bessere Wartung würde Ausfällen vorbeugen.;Un meilleur entretien préviendrait les pannes.;Better maintenance would prevent breakdowns.
B2;zunehmen;augmenter, grossir;;;oui;;Präsens;Der Verkehr nimmt jedes Jahr zu.;La circulation augmente chaque année.;Traffic increases every year.
B2;zunehmen;augmenter, grossir;;;oui;;Perfekt;Die Zahl der Anfragen hat stark zugenommen.;Le nombre de demandes a fortement augmenté.;The number of enquiries increased sharply.
B2;zunehmen;augmenter, grossir;;;oui;;Präteritum;Der Druck nahm von Woche zu Woche zu.;La pression augmentait de semaine en semaine.;The pressure increased week by week.
B2;zunehmen;augmenter, grossir;;;oui;;Konjunktiv II;Ohne Regeln würde der Lärm weiter zunehmen.;Sans règles, le bruit continuerait d'augmenter.;Without rules the noise would keep increasing.
B2;zurückführen;attribuer (à une cause);Akkusativ;auf + Akkusativ;;;Präsens;Man führt den Erfolg auf gute Vorbereitung zurück.;On attribue le succès à une bonne préparation.;The success is attributed to good preparation.
B2;zurückführen;attribuer (à une cause);Akkusativ;auf + Akkusativ;;;Perfekt;Die Experten haben den Fehler auf die Software zurückgeführt.;Les experts ont attribué l'erreur au logiciel.;The experts attributed the error to the software.
B2;zurückführen;attribuer (à une cause);Akkusativ;auf + Akkusativ;;;Präteritum;Sie führte ihre Müdigkeit auf den Stress zurück.;Elle attribuait sa fatigue au stress.;She attributed her tiredness to stress.
B2;zurückführen;attribuer (à une cause);Akkusativ;auf + Akkusativ;;;Konjunktiv II;Diesen Rückgang würde ich auf den Preis zurückführen.;J'attribuerais cette baisse au prix.;I would attribute this decline to the price.
B2;zusagen;donner son accord, promettre;Akkusativ+Dativ;;;;Präsens;Der Sponsor sagt uns die Unterstützung zu.;Le sponsor nous promet son soutien.;The sponsor commits its support to us.
B2;zusagen;donner son accord, promettre;Akkusativ+Dativ;;;;Perfekt;Sie hat für Freitag zugesagt.;Elle a confirmé pour vendredi.;She confirmed for Friday.
B2;zusagen;donner son accord, promettre;Akkusativ+Dativ;;;;Präteritum;Die Stadt sagte die Mittel rechtzeitig zu.;La ville a promis les fonds à temps.;The city committed the funds in time.
B2;zusagen;donner son accord, promettre;Akkusativ+Dativ;;;;Konjunktiv II;Ohne schriftliche Bestätigung würde ich nicht zusagen.;Sans confirmation écrite, je ne donnerais pas mon accord.;Without written confirmation I would not agree.
B2;sich abfinden;se résigner (à qch);;mit + Dativ;;oui;Präsens;Er findet sich langsam mit der Lage ab.;Il se résigne peu à peu à la situation.;He is slowly coming to terms with the situation.
B2;sich abfinden;se résigner (à qch);;mit + Dativ;;oui;Perfekt;Sie hat sich mit der Absage abgefunden.;Elle s'est résignée au refus.;She came to terms with the rejection.
B2;sich abfinden;se résigner (à qch);;mit + Dativ;;oui;Präteritum;Wir fanden uns mit dem Ergebnis ab.;Nous nous sommes résignés au résultat.;We came to terms with the result.
B2;sich abfinden;se résigner (à qch);;mit + Dativ;;oui;Konjunktiv II;Damit würde ich mich nicht so schnell abfinden.;Je ne m'y résignerais pas si vite.;I would not come to terms with that so quickly.
B2;beanspruchen;revendiquer, solliciter;Akkusativ;;;;Präsens;Das Projekt beansprucht viel Zeit.;Le projet demande beaucoup de temps.;The project demands a lot of time.
B2;beanspruchen;revendiquer, solliciter;Akkusativ;;;;Perfekt;Er hat den Titel für sich beansprucht.;Il a revendiqué le titre pour lui-même.;He claimed the title for himself.
B2;beanspruchen;revendiquer, solliciter;Akkusativ;;;;Präteritum;Die Vorbereitung beanspruchte zwei Monate.;La préparation a demandé deux mois.;The preparation took two months.
B2;beanspruchen;revendiquer, solliciter;Akkusativ;;;;Konjunktiv II;Diese Lösung würde weniger Platz beanspruchen.;Cette solution demanderait moins de place.;This solution would take up less space.
B2;eingreifen;intervenir;;in + Akkusativ;;;Präsens;Der Schiedsrichter greift sofort ein.;L'arbitre intervient immédiatement.;The referee intervenes immediately.
B2;eingreifen;intervenir;;in + Akkusativ;;;Perfekt;Die Nachbarn haben rechtzeitig eingegriffen.;Les voisins sont intervenus à temps.;The neighbours intervened in time.
B2;eingreifen;intervenir;;in + Akkusativ;;;Präteritum;Der Staat griff in den Markt ein.;L'État est intervenu sur le marché.;The state intervened in the market.
B2;eingreifen;intervenir;;in + Akkusativ;;;Konjunktiv II;In diesem Fall würde ich nicht eingreifen.;Dans ce cas, je n'interviendrais pas.;In this case I would not intervene.
B2;einschätzen;évaluer, juger;Akkusativ;;;;Präsens;Wie schätzt du die Lage ein?;Comment évalues-tu la situation ?;How do you assess the situation?
B2;einschätzen;évaluer, juger;Akkusativ;;;;Perfekt;Er hat das Risiko falsch eingeschätzt.;Il a mal évalué le risque.;He assessed the risk wrongly.
B2;einschätzen;évaluer, juger;Akkusativ;;;;Präteritum;Die Fachleute schätzten den Schaden hoch ein.;Les experts évaluaient les dégâts à un niveau élevé.;The experts assessed the damage as high.
B2;einschätzen;évaluer, juger;Akkusativ;;;;Konjunktiv II;Ich würde den Aufwand geringer einschätzen.;J'évaluerais l'effort à un niveau moindre.;I would assess the effort as lower.
B2;sich durchsetzen;s'imposer;;gegen + Akkusativ;;oui;Präsens;Diese Technik setzt sich langsam durch.;Cette technique s'impose peu à peu.;This technique is slowly prevailing.
B2;sich durchsetzen;s'imposer;;gegen + Akkusativ;;oui;Perfekt;Sie hat sich gegen alle Widerstände durchgesetzt.;Elle s'est imposée contre toutes les résistances.;She prevailed against all resistance.
B2;sich durchsetzen;s'imposer;;gegen + Akkusativ;;oui;Präteritum;Der Vorschlag setzte sich schließlich durch.;La proposition s'est finalement imposée.;The proposal finally prevailed.
B2;sich durchsetzen;s'imposer;;gegen + Akkusativ;;oui;Konjunktiv II;Mit besseren Argumenten würde er sich durchsetzen.;Avec de meilleurs arguments, il s'imposerait.;With better arguments he would prevail.
B2;vermitteln;transmettre, servir d'intermédiaire;Akkusativ+Dativ;;;;Präsens;Der Kurs vermittelt die wichtigsten Grundlagen.;Le cours transmet les bases essentielles.;The course conveys the essential basics.
B2;vermitteln;transmettre, servir d'intermédiaire;Akkusativ+Dativ;;;;Perfekt;Ein Kollege hat uns die Wohnung vermittelt.;Un collègue nous a trouvé l'appartement.;A colleague found us the flat.
B2;vermitteln;transmettre, servir d'intermédiaire;Akkusativ+Dativ;;;;Präteritum;Sie vermittelte zwischen den beiden Parteien.;Elle a servi d'intermédiaire entre les deux parties.;She mediated between the two parties.
B2;vermitteln;transmettre, servir d'intermédiaire;Akkusativ+Dativ;;;;Konjunktiv II;Ein Video würde den Inhalt besser vermitteln.;Une vidéo transmettrait mieux le contenu.;A video would convey the content better.
B2;verschärfen;durcir, aggraver;Akkusativ;;;;Präsens;Die Regierung verschärft die Kontrollen.;Le gouvernement durcit les contrôles.;The government is tightening the controls.
B2;verschärfen;durcir, aggraver;Akkusativ;;;;Perfekt;Der Streit hat die Lage verschärft.;Le conflit a aggravé la situation.;The dispute worsened the situation.
B2;verschärfen;durcir, aggraver;Akkusativ;;;;Präteritum;Man verschärfte die Sicherheitsregeln.;On a durci les règles de sécurité.;The safety rules were tightened.
B2;verschärfen;durcir, aggraver;Akkusativ;;;;Konjunktiv II;Ein Verbot würde den Konflikt nur verschärfen.;Une interdiction ne ferait qu'aggraver le conflit.;A ban would only worsen the conflict.
B2;zutreffen;s'appliquer, être exact;;auf + Akkusativ;;;Präsens;Diese Regel trifft nur auf Neukunden zu.;Cette règle ne s'applique qu'aux nouveaux clients.;This rule applies only to new customers.
B2;zutreffen;s'appliquer, être exact;;auf + Akkusativ;;;Perfekt;Seine Vermutung hat genau zugetroffen.;Sa supposition s'est révélée exacte.;His assumption turned out to be exactly right.
B2;zutreffen;s'appliquer, être exact;;auf + Akkusativ;;;Präteritum;Die Beschreibung traf auf beide Fälle zu.;La description s'appliquait aux deux cas.;The description applied to both cases.
B2;zutreffen;s'appliquer, être exact;;auf + Akkusativ;;;Konjunktiv II;Ohne Ausnahme würde die Regel auf alle zutreffen.;Sans exception, la règle s'appliquerait à tous.;Without exception the rule would apply to everyone.
B2;entnehmen;déduire, prélever;Akkusativ+Dativ;;;;Präsens;Der Tabelle entnehmen wir die genauen Zahlen.;Nous tirons du tableau les chiffres exacts.;We take the exact figures from the table.
B2;entnehmen;déduire, prélever;Akkusativ+Dativ;;;;Perfekt;Ich habe dem Schreiben entnommen, dass die Frist läuft.;J'ai déduit du courrier que le délai court.;I inferred from the letter that the deadline is running.
B2;entnehmen;déduire, prélever;Akkusativ+Dativ;;;;Präteritum;Sie entnahm der Kasse hundert Euro.;Elle a prélevé cent euros de la caisse.;She took a hundred euros from the till.
B2;entnehmen;déduire, prélever;Akkusativ+Dativ;;;;Konjunktiv II;Diesem Satz würde ich etwas anderes entnehmen.;De cette phrase, je déduirais autre chose.;From this sentence I would infer something else.
B2;veranlassen;faire en sorte, ordonner;Akkusativ;;;;Präsens;Der Chef veranlasst eine interne Prüfung.;Le patron ordonne un contrôle interne.;The boss arranges an internal audit.
B2;veranlassen;faire en sorte, ordonner;Akkusativ;;;;Perfekt;Was hat dich zu diesem Schritt veranlasst?;Qu'est-ce qui t'a poussé à cette démarche ?;What prompted you to take this step?
B2;veranlassen;faire en sorte, ordonner;Akkusativ;;;;Präteritum;Die Beschwerde veranlasste eine Untersuchung.;La plainte a déclenché une enquête.;The complaint prompted an investigation.
B2;veranlassen;faire en sorte, ordonner;Akkusativ;;;;Konjunktiv II;Nichts würde mich zu einem Umzug veranlassen.;Rien ne me pousserait à déménager.;Nothing would prompt me to move.
B2;unterbinden;empêcher, faire cesser;Akkusativ;;;;Präsens;Die Schule unterbindet jede Form von Mobbing.;L'école fait cesser toute forme de harcèlement.;The school puts a stop to any form of bullying.
B2;unterbinden;empêcher, faire cesser;Akkusativ;;;;Perfekt;Der Wachdienst hat den Zutritt unterbunden.;Le service de sécurité a empêché l'accès.;Security put a stop to the access.
B2;unterbinden;empêcher, faire cesser;Akkusativ;;;;Präteritum;Man unterband den Handel sofort.;On a fait cesser le commerce immédiatement.;The trade was stopped immediately.
B2;unterbinden;empêcher, faire cesser;Akkusativ;;;;Konjunktiv II;Eine klare Regel würde solche Fälle unterbinden.;Une règle claire empêcherait de tels cas.;A clear rule would put a stop to such cases.
B2;beziffern;chiffrer, évaluer;Akkusativ;auf + Akkusativ;;;Präsens;Die Versicherung beziffert den Schaden auf 20 000 Euro.;L'assurance chiffre les dégâts à 20 000 euros.;The insurer puts the damage at 20,000 euros.
B2;beziffern;chiffrer, évaluer;Akkusativ;auf + Akkusativ;;;Perfekt;Man hat die Kosten auf eine Million beziffert.;On a chiffré les coûts à un million.;The costs were put at one million.
B2;beziffern;chiffrer, évaluer;Akkusativ;auf + Akkusativ;;;Präteritum;Die Studie bezifferte den Verlust genau.;L'étude chiffrait précisément la perte.;The study put an exact figure on the loss.
B2;beziffern;chiffrer, évaluer;Akkusativ;auf + Akkusativ;;;Konjunktiv II;Ich würde den Aufwand niedriger beziffern.;Je chiffrerais l'effort plus bas.;I would put the effort lower.
B2;revidieren;réviser (un jugement);Akkusativ;;;;Präsens;Nach dem Gespräch revidiere ich meine Meinung.;Après l'entretien, je révise mon opinion.;After the conversation I'm revising my opinion.
B2;revidieren;réviser (un jugement);Akkusativ;;;;Perfekt;Die Bank hat ihre Prognose revidiert.;La banque a révisé sa prévision.;The bank revised its forecast.
B2;revidieren;réviser (un jugement);Akkusativ;;;;Präteritum;Das Gericht revidierte das erste Urteil.;Le tribunal a révisé le premier jugement.;The court revised the first ruling.
B2;revidieren;réviser (un jugement);Akkusativ;;;;Konjunktiv II;Mit neuen Daten würde ich meine Einschätzung revidieren.;Avec de nouvelles données, je réviserais mon appréciation.;With new data I would revise my assessment.
B2;relativieren;relativiser;Akkusativ;;;;Präsens;Diese Zahl relativiert den ersten Eindruck.;Ce chiffre relativise la première impression.;This figure puts the first impression into perspective.
B2;relativieren;relativiser;Akkusativ;;;;Perfekt;Der Autor hat seine Aussage später relativiert.;L'auteur a relativisé plus tard son affirmation.;The author later qualified his statement.
B2;relativieren;relativiser;Akkusativ;;;;Präteritum;Der Vergleich relativierte das Ergebnis.;La comparaison relativisait le résultat.;The comparison put the result into perspective.
B2;relativieren;relativiser;Akkusativ;;;;Konjunktiv II;Ich würde diese Kritik etwas relativieren.;Je relativiserais un peu cette critique.;I would qualify this criticism somewhat.
B2;konkretisieren;préciser, concrétiser;Akkusativ;;;;Präsens;Können Sie Ihren Vorschlag konkretisieren?;Pouvez-vous préciser votre proposition ?;Could you make your proposal more concrete?
B2;konkretisieren;préciser, concrétiser;Akkusativ;;;;Perfekt;Das Team hat die Pläne konkretisiert.;L'équipe a concrétisé les plans.;The team made the plans concrete.
B2;konkretisieren;préciser, concrétiser;Akkusativ;;;;Präteritum;Er konkretisierte seine Forderungen erst später.;Il n'a précisé ses exigences que plus tard.;He only made his demands concrete later.
B2;konkretisieren;préciser, concrétiser;Akkusativ;;;;Konjunktiv II;Ich würde den Zeitplan zuerst konkretisieren.;Je préciserais d'abord le calendrier.;I would make the schedule concrete first.
B2;obliegen;incomber à;Dativ;;;;Präsens;Die Entscheidung obliegt dem Vorstand.;La décision incombe au conseil d'administration.;The decision rests with the board.
B2;obliegen;incomber à;Dativ;;;;Perfekt;Die Aufsicht hat der Gemeinde oblegen.;La surveillance incombait à la commune.;Supervision was incumbent upon the municipality.
B2;obliegen;incomber à;Dativ;;;;Präteritum;Diese Aufgabe oblag dem Sekretariat.;Cette tâche incombait au secrétariat.;This task rested with the secretariat.
B2;obliegen;incomber à;Dativ;;;;Konjunktiv II;Die Wahl würde in diesem Fall dir obliegen.;Dans ce cas, le choix t'incomberait.;In this case the choice would rest with you.
B2;bemängeln;critiquer, reprocher;Akkusativ;;;;Präsens;Die Prüfer bemängeln die fehlende Dokumentation.;Les contrôleurs reprochent l'absence de documentation.;The auditors criticise the missing documentation.
B2;bemängeln;critiquer, reprocher;Akkusativ;;;;Perfekt;Kunden haben die lange Wartezeit bemängelt.;Des clients ont critiqué la longue attente.;Customers criticised the long wait.
B2;bemängeln;critiquer, reprocher;Akkusativ;;;;Präteritum;Der Bericht bemängelte die Sicherheit.;Le rapport critiquait la sécurité.;The report criticised the safety.
B2;bemängeln;critiquer, reprocher;Akkusativ;;;;Konjunktiv II;Daran würde ich nichts bemängeln.;Je n'y trouverais rien à redire.;I would find no fault with that.
B2;einbüßen;perdre (au profit de rien);Akkusativ;;;;Präsens;Die Firma büßt Marktanteile ein.;L'entreprise perd des parts de marché.;The company is losing market share.
B2;einbüßen;perdre (au profit de rien);Akkusativ;;;;Perfekt;Er hat durch den Unfall viel Kraft eingebüßt.;L'accident lui a fait perdre beaucoup de force.;He lost a lot of strength through the accident.
B2;einbüßen;perdre (au profit de rien);Akkusativ;;;;Präteritum;Die Partei büßte zehn Prozent ein.;Le parti a perdu dix pour cent.;The party lost ten per cent.
B2;einbüßen;perdre (au profit de rien);Akkusativ;;;;Konjunktiv II;Ohne Reform würden wir an Glaubwürdigkeit einbüßen.;Sans réforme, nous perdrions en crédibilité.;Without reform we would forfeit credibility.
B2;entkräften;réfuter, invalider;Akkusativ;;;;Präsens;Diese Zahlen entkräften seinen Vorwurf.;Ces chiffres réfutent son reproche.;These figures refute his accusation.
B2;entkräften;réfuter, invalider;Akkusativ;;;;Perfekt;Der Anwalt hat den Verdacht entkräftet.;L'avocat a réfuté le soupçon.;The lawyer refuted the suspicion.
B2;entkräften;réfuter, invalider;Akkusativ;;;;Präteritum;Ein einziger Beleg entkräftete die These.;Une seule preuve a invalidé la thèse.;A single piece of evidence refuted the thesis.
B2;entkräften;réfuter, invalider;Akkusativ;;;;Konjunktiv II;Mit Dokumenten würde man den Vorwurf entkräften.;Avec des documents, on réfuterait le reproche.;With documents the accusation would be refuted.
B2;sich erübrigen;devenir superflu;;;oui;oui;Präsens;Damit erübrigt sich jede weitere Diskussion.;Toute discussion supplémentaire devient ainsi superflue.;Any further discussion thus becomes unnecessary.
B2;sich erübrigen;devenir superflu;;;oui;oui;Perfekt;Die Frage hat sich inzwischen erübrigt.;La question est devenue sans objet entre-temps.;The question has become moot in the meantime.
B2;sich erübrigen;devenir superflu;;;oui;oui;Präteritum;Nach der Zusage erübrigte sich der Antrag.;Après l'accord, la demande est devenue superflue.;After the approval the application became unnecessary.
B2;sich erübrigen;devenir superflu;;;oui;oui;Konjunktiv II;Mit einer klaren Regel würde sich die Nachfrage erübrigen.;Avec une règle claire, la question deviendrait superflue.;With a clear rule the query would become unnecessary.
B2;vorwerfen;reprocher;Akkusativ+Dativ;;;;Präsens;Man wirft ihm mangelnde Sorgfalt vor.;On lui reproche un manque de rigueur.;He is accused of a lack of care.
B2;vorwerfen;reprocher;Akkusativ+Dativ;;;;Perfekt;Sie hat mir nie etwas vorgeworfen.;Elle ne m'a jamais rien reproché.;She never reproached me with anything.
B2;vorwerfen;reprocher;Akkusativ+Dativ;;;;Präteritum;Die Presse warf der Firma Untätigkeit vor.;La presse reprochait à l'entreprise son inaction.;The press accused the company of inaction.
B2;vorwerfen;reprocher;Akkusativ+Dativ;;;;Konjunktiv II;Das würde ich niemandem vorwerfen.;Je ne le reprocherais à personne.;I would not reproach anyone with that.
B2;untermauern;étayer;Akkusativ;;;;Präsens;Er untermauert seine These mit Beispielen.;Il étaye sa thèse par des exemples.;He underpins his thesis with examples.
B2;untermauern;étayer;Akkusativ;;;;Perfekt;Die Studie hat unsere Vermutung untermauert.;L'étude a étayé notre supposition.;The study underpinned our assumption.
B2;untermauern;étayer;Akkusativ;;;;Präteritum;Zahlen untermauerten das Argument.;Des chiffres étayaient l'argument.;Figures underpinned the argument.
B2;untermauern;étayer;Akkusativ;;;;Konjunktiv II;Ich würde das mit einer Quelle untermauern.;J'étaierais cela par une source.;I would underpin that with a source.
B2;sich abzeichnen;se dessiner, se profiler;;;oui;oui;Präsens;Eine Lösung zeichnet sich langsam ab.;Une solution se dessine peu à peu.;A solution is slowly emerging.
B2;sich abzeichnen;se dessiner, se profiler;;;oui;oui;Perfekt;Der Trend hat sich schon früh abgezeichnet.;La tendance s'était dessinée très tôt.;The trend emerged early on.
B2;sich abzeichnen;se dessiner, se profiler;;;oui;oui;Präteritum;Am Horizont zeichnete sich ein Gewitter ab.;Un orage se profilait à l'horizon.;A storm was looming on the horizon.
B2;sich abzeichnen;se dessiner, se profiler;;;oui;oui;Konjunktiv II;Ohne Einigung würde sich ein Konflikt abzeichnen.;Sans accord, un conflit se profilerait.;Without agreement a conflict would loom.
B2;begünstigen;favoriser;Akkusativ;;;;Präsens;Das milde Klima begünstigt den Weinbau.;Le climat doux favorise la viticulture.;The mild climate favours viticulture.
B2;begünstigen;favoriser;Akkusativ;;;;Perfekt;Die Regel hat große Firmen begünstigt.;La règle a favorisé les grandes entreprises.;The rule favoured large companies.
B2;begünstigen;favoriser;Akkusativ;;;;Präteritum;Der Zufall begünstigte unseren Plan.;Le hasard a favorisé notre plan.;Chance favoured our plan.
B2;begünstigen;favoriser;Akkusativ;;;;Konjunktiv II;Eine Steuerreform würde kleine Betriebe begünstigen.;Une réforme fiscale favoriserait les petites entreprises.;A tax reform would favour small businesses.
B2;einleiten;engager, amorcer;Akkusativ;;;;Präsens;Die Behörde leitet ein Verfahren ein.;L'administration engage une procédure.;The authority initiates proceedings.
B2;einleiten;engager, amorcer;Akkusativ;;;;Perfekt;Wir haben die nötigen Schritte eingeleitet.;Nous avons engagé les démarches nécessaires.;We initiated the necessary steps.
B2;einleiten;engager, amorcer;Akkusativ;;;;Präteritum;Der Vorfall leitete eine Wende ein.;L'incident a amorcé un tournant.;The incident initiated a turning point.
B2;einleiten;engager, amorcer;Akkusativ;;;;Konjunktiv II;Ich würde zuerst ein Gespräch einleiten.;J'engagerais d'abord une discussion.;I would initiate a conversation first.
B2;erlangen;obtenir, acquérir;Akkusativ;;;;Präsens;Sie erlangt mit dem Kurs eine Zusatzqualifikation.;Elle obtient une qualification supplémentaire grâce au cours.;She attains an additional qualification through the course.
B2;erlangen;obtenir, acquérir;Akkusativ;;;;Perfekt;Er hat die Staatsbürgerschaft erlangt.;Il a obtenu la nationalité.;He attained citizenship.
B2;erlangen;obtenir, acquérir;Akkusativ;;;;Präteritum;Das Buch erlangte schnell Bekanntheit.;Le livre a rapidement acquis une notoriété.;The book quickly attained fame.
B2;erlangen;obtenir, acquérir;Akkusativ;;;;Konjunktiv II;Mit dieser Prüfung würde man den Abschluss erlangen.;Avec cet examen, on obtiendrait le diplôme.;With this exam one would attain the degree.
B2;schmälern;amoindrir;Akkusativ;;;;Präsens;Der Fehler schmälert die Leistung nicht.;L'erreur n'amoindrit pas la performance.;The mistake does not diminish the achievement.
B2;schmälern;amoindrir;Akkusativ;;;;Perfekt;Die Kritik hat seinen Erfolg nicht geschmälert.;La critique n'a pas amoindri son succès.;The criticism did not diminish his success.
B2;schmälern;amoindrir;Akkusativ;;;;Präteritum;Der Regen schmälerte die Freude kaum.;La pluie a à peine amoindri la joie.;The rain hardly diminished the joy.
B2;schmälern;amoindrir;Akkusativ;;;;Konjunktiv II;Ein Streit würde das Ergebnis schmälern.;Une dispute amoindrirait le résultat.;A quarrel would diminish the result.
B2;übertreffen;surpasser, dépasser;Akkusativ;;;;Präsens;Das Ergebnis übertrifft alle Erwartungen.;Le résultat dépasse toutes les attentes.;The result surpasses all expectations.
B2;übertreffen;surpasser, dépasser;Akkusativ;;;;Perfekt;Sie hat ihren eigenen Rekord übertroffen.;Elle a dépassé son propre record.;She surpassed her own record.
B2;übertreffen;surpasser, dépasser;Akkusativ;;;;Präteritum;Der Umsatz übertraf den des Vorjahres.;Le chiffre d'affaires a dépassé celui de l'an dernier.;Turnover surpassed that of the previous year.
B2;übertreffen;surpasser, dépasser;Akkusativ;;;;Konjunktiv II;Mit diesem Team würden wir uns selbst übertreffen.;Avec cette équipe, nous nous surpasserions.;With this team we would surpass ourselves.
B2;unterstreichen;souligner (au sens figuré);Akkusativ;;;;Präsens;Die Zahlen unterstreichen die Dringlichkeit.;Les chiffres soulignent l'urgence.;The figures underline the urgency.
B2;unterstreichen;souligner (au sens figuré);Akkusativ;;;;Perfekt;Er hat seine Bereitschaft mehrfach unterstrichen.;Il a souligné à plusieurs reprises sa disponibilité.;He underlined his willingness several times.
B2;unterstreichen;souligner (au sens figuré);Akkusativ;;;;Präteritum;Die Rede unterstrich den Ernst der Lage.;Le discours soulignait la gravité de la situation.;The speech underlined the seriousness of the situation.
B2;unterstreichen;souligner (au sens figuré);Akkusativ;;;;Konjunktiv II;Ein Beispiel würde diesen Punkt unterstreichen.;Un exemple soulignerait ce point.;An example would underline this point.
B2;verankern;ancrer, inscrire;Akkusativ;;;;Präsens;Das Recht ist im Grundgesetz verankert.;Ce droit est inscrit dans la Loi fondamentale.;The right is enshrined in the constitution.
B2;verankern;ancrer, inscrire;Akkusativ;;;;Perfekt;Die Stadt hat den Klimaschutz im Plan verankert.;La ville a inscrit la protection du climat dans son plan.;The city anchored climate protection in its plan.
B2;verankern;ancrer, inscrire;Akkusativ;;;;Präteritum;Man verankerte die Regel im Vertrag.;On a inscrit la règle dans le contrat.;The rule was anchored in the contract.
B2;verankern;ancrer, inscrire;Akkusativ;;;;Konjunktiv II;Ich würde diese Pflicht im Gesetz verankern.;J'inscrirais cette obligation dans la loi.;I would enshrine this duty in the law.
B2;zurückgehen;reculer, diminuer;;;oui;;Präsens;Die Zahl der Unfälle geht deutlich zurück.;Le nombre d'accidents diminue nettement.;The number of accidents is clearly declining.
B2;zurückgehen;reculer, diminuer;;;oui;;Perfekt;Der Umsatz ist um zehn Prozent zurückgegangen.;Le chiffre d'affaires a baissé de dix pour cent.;Turnover declined by ten per cent.
B2;zurückgehen;reculer, diminuer;;;oui;;Präteritum;Die Nachfrage ging im Winter zurück.;La demande diminuait en hiver.;Demand declined in winter.
B2;zurückgehen;reculer, diminuer;;;oui;;Konjunktiv II;Mit besseren Straßen würden die Unfälle zurückgehen.;Avec de meilleures routes, les accidents diminueraient.;With better roads accidents would decline.
B2;sich abheben;se distinguer, se détacher;;von + Dativ;;oui;Präsens;Ihr Stil hebt sich klar von den anderen ab.;Son style se distingue nettement des autres.;Her style clearly stands out from the others.
B2;sich abheben;se distinguer, se détacher;;von + Dativ;;oui;Perfekt;Das Angebot hat sich durch den Preis abgehoben.;L'offre s'est distinguée par son prix.;The offer stood out through its price.
B2;sich abheben;se distinguer, se détacher;;von + Dativ;;oui;Präteritum;Der Turm hob sich dunkel vom Himmel ab.;La tour se détachait, sombre, sur le ciel.;The tower stood out darkly against the sky.
B2;sich abheben;se distinguer, se détacher;;von + Dativ;;oui;Konjunktiv II;Mit einer eigenen Note würde sich das Projekt abheben.;Avec une touche personnelle, le projet se distinguerait.;With its own touch the project would stand out.
B2;auffordern;inviter (à faire), sommer;Akkusativ;zu + Dativ;;;Präsens;Der Vermieter fordert uns zur Zahlung auf.;Le propriétaire nous somme de payer.;The landlord calls on us to pay.
B2;auffordern;inviter (à faire), sommer;Akkusativ;zu + Dativ;;;Perfekt;Man hat ihn aufgefordert, den Saal zu verlassen.;On lui a demandé de quitter la salle.;He was called upon to leave the hall.
B2;auffordern;inviter (à faire), sommer;Akkusativ;zu + Dativ;;;Präteritum;Die Lehrerin forderte die Klasse zum Mitmachen auf.;L'enseignante invitait la classe à participer.;The teacher called on the class to join in.
B2;auffordern;inviter (à faire), sommer;Akkusativ;zu + Dativ;;;Konjunktiv II;Ich würde ihn schriftlich dazu auffordern.;Je l'inviterais à le faire par écrit.;I would call on him to do so in writing.
B2;befürworten;être favorable à;Akkusativ;;;;Präsens;Die Mehrheit befürwortet den Vorschlag.;La majorité est favorable à la proposition.;The majority advocates the proposal.
B2;befürworten;être favorable à;Akkusativ;;;;Perfekt;Der Ausschuss hat das Projekt befürwortet.;La commission s'est prononcée en faveur du projet.;The committee advocated the project.
B2;befürworten;être favorable à;Akkusativ;;;;Präteritum;Er befürwortete eine schnelle Lösung.;Il était favorable à une solution rapide.;He advocated a quick solution.
B2;befürworten;être favorable à;Akkusativ;;;;Konjunktiv II;Ich würde eine Testphase befürworten.;Je serais favorable à une phase d'essai.;I would advocate a trial phase.
B2;beisteuern;apporter (sa part);Akkusativ;;;;Präsens;Jeder steuert etwas zum Buffet bei.;Chacun apporte quelque chose au buffet.;Everyone contributes something to the buffet.
B2;beisteuern;apporter (sa part);Akkusativ;;;;Perfekt;Sie hat zwei Kapitel beigesteuert.;Elle a apporté deux chapitres.;She contributed two chapters.
B2;beisteuern;apporter (sa part);Akkusativ;;;;Präteritum;Der Verein steuerte das Material bei.;L'association a fourni le matériel.;The club contributed the material.
B2;beisteuern;apporter (sa part);Akkusativ;;;;Konjunktiv II;Ich würde gern eine Idee beisteuern.;J'apporterais volontiers une idée.;I would gladly contribute an idea.
B2;einbeziehen;associer, inclure;Akkusativ;in + Akkusativ;;;Präsens;Wir beziehen die Nachbarn in die Planung ein.;Nous associons les voisins à la planification.;We involve the neighbours in the planning.
B2;einbeziehen;associer, inclure;Akkusativ;in + Akkusativ;;;Perfekt;Man hat alle Abteilungen einbezogen.;On a associé tous les services.;All departments were involved.
B2;einbeziehen;associer, inclure;Akkusativ;in + Akkusativ;;;Präteritum;Die Studie bezog auch ältere Daten ein.;L'étude incluait aussi des données plus anciennes.;The study also included older data.
B2;einbeziehen;associer, inclure;Akkusativ;in + Akkusativ;;;Konjunktiv II;Ich würde die Betroffenen früher einbeziehen.;J'associerais les personnes concernées plus tôt.;I would involve those affected earlier.
B2;entgegenwirken;contrecarrer, contrer;Dativ;;;;Präsens;Die Maßnahme wirkt der Inflation entgegen.;La mesure contrecarre l'inflation.;The measure counteracts inflation.
B2;entgegenwirken;contrecarrer, contrer;Dativ;;;;Perfekt;Man hat dem Trend erfolgreich entgegengewirkt.;On a contré la tendance avec succès.;The trend was successfully counteracted.
B2;entgegenwirken;contrecarrer, contrer;Dativ;;;;Präteritum;Bewegung wirkte der Müdigkeit entgegen.;L'activité contrecarrait la fatigue.;Exercise counteracted the tiredness.
B2;entgegenwirken;contrecarrer, contrer;Dativ;;;;Konjunktiv II;Mehr Kontrolle würde dem Missbrauch entgegenwirken.;Plus de contrôle contrecarrerait les abus.;More control would counteract the abuse.
B2;herausstellen;mettre en avant, s'avérer;Akkusativ;;;;Präsens;Der Bericht stellt die Fortschritte heraus.;Le rapport met en avant les progrès.;The report highlights the progress.
B2;herausstellen;mettre en avant, s'avérer;Akkusativ;;;;Perfekt;Es hat sich herausgestellt, dass die Zahl falsch war.;Il s'est avéré que le chiffre était faux.;It turned out that the figure was wrong.
B2;herausstellen;mettre en avant, s'avérer;Akkusativ;;;;Präteritum;Der Trainer stellte die Teamleistung heraus.;L'entraîneur mettait en avant la performance de l'équipe.;The coach highlighted the team's performance.
B2;herausstellen;mettre en avant, s'avérer;Akkusativ;;;;Konjunktiv II;Ich würde eher die Risiken herausstellen.;Je mettrais plutôt en avant les risques.;I would rather highlight the risks.
B2;verdeutlichen;clarifier, illustrer;Akkusativ;;;;Präsens;Die Grafik verdeutlicht den Zusammenhang.;Le graphique clarifie le lien.;The chart clarifies the connection.
B2;verdeutlichen;clarifier, illustrer;Akkusativ;;;;Perfekt;Das Beispiel hat die Regel verdeutlicht.;L'exemple a clarifié la règle.;The example clarified the rule.
B2;verdeutlichen;clarifier, illustrer;Akkusativ;;;;Präteritum;Er verdeutlichte seine Position mit Zahlen.;Il clarifiait sa position avec des chiffres.;He clarified his position with figures.
B2;verdeutlichen;clarifier, illustrer;Akkusativ;;;;Konjunktiv II;Eine Zeichnung würde das besser verdeutlichen.;Un dessin clarifierait mieux la chose.;A drawing would clarify that better.
B2;vorsehen;prévoir;Akkusativ;;;;Präsens;Der Vertrag sieht eine Kündigungsfrist vor.;Le contrat prévoit un délai de préavis.;The contract provides for a notice period.
B2;vorsehen;prévoir;Akkusativ;;;;Perfekt;Wir haben zwei Stunden dafür vorgesehen.;Nous avons prévu deux heures pour cela.;We scheduled two hours for that.
B2;vorsehen;prévoir;Akkusativ;;;;Präteritum;Das Programm sah eine Pause vor.;Le programme prévoyait une pause.;The programme provided for a break.
B2;vorsehen;prévoir;Akkusativ;;;;Konjunktiv II;Ich würde dafür mehr Zeit vorsehen.;Je prévoirais plus de temps pour cela.;I would schedule more time for that.
B2;sich zuwenden;se tourner vers;Dativ;;;oui;Präsens;Nach dem Studium wendet er sich der Forschung zu.;Après ses études, il se tourne vers la recherche.;After his studies he turns to research.
B2;sich zuwenden;se tourner vers;Dativ;;;oui;Perfekt;Sie hat sich einem neuen Thema zugewandt.;Elle s'est tournée vers un nouveau sujet.;She turned to a new topic.
B2;sich zuwenden;se tourner vers;Dativ;;;oui;Präteritum;Der Autor wandte sich später dem Theater zu.;L'auteur s'est ensuite tourné vers le théâtre.;The author later turned to the theatre.
B2;sich zuwenden;se tourner vers;Dativ;;;oui;Konjunktiv II;Ich würde mich lieber praktischen Fragen zuwenden.;Je me tournerais plutôt vers des questions pratiques.;I would rather turn to practical questions.
B2;abraten;déconseiller;Dativ;von + Dativ;;;Präsens;Der Arzt rät von langen Reisen ab.;Le médecin déconseille les longs voyages.;The doctor advises against long journeys.
B2;abraten;déconseiller;Dativ;von + Dativ;;;Perfekt;Man hat mir von diesem Kauf abgeraten.;On m'a déconseillé cet achat.;I was advised against this purchase.
B2;abraten;déconseiller;Dativ;von + Dativ;;;Präteritum;Sie riet ihm von dem Vertrag ab.;Elle lui a déconseillé le contrat.;She advised him against the contract.
B2;abraten;déconseiller;Dativ;von + Dativ;;;Konjunktiv II;Davon würde ich dringend abraten.;Je le déconseillerais vivement.;I would strongly advise against it.
B2;anregen;suggérer, stimuler;Akkusativ;;;;Präsens;Sie regt eine gemeinsame Sitzung an.;Elle suggère une réunion commune.;She suggests a joint meeting.
B2;anregen;suggérer, stimuler;Akkusativ;;;;Perfekt;Der Artikel hat eine Debatte angeregt.;L'article a suscité un débat.;The article stimulated a debate.
B2;anregen;suggérer, stimuler;Akkusativ;;;;Präteritum;Kaffee regte seinen Kreislauf an.;Le café stimulait sa circulation.;Coffee stimulated his circulation.
B2;anregen;suggérer, stimuler;Akkusativ;;;;Konjunktiv II;Ich würde eine Umfrage anregen.;Je suggérerais un sondage.;I would suggest a survey.
B2;aufgreifen;reprendre (une idée);Akkusativ;;;;Präsens;Der Redner greift den Einwand sofort auf.;L'orateur reprend aussitôt l'objection.;The speaker immediately takes up the objection.
B2;aufgreifen;reprendre (une idée);Akkusativ;;;;Perfekt;Die Presse hat das Thema aufgegriffen.;La presse a repris le sujet.;The press took up the topic.
B2;aufgreifen;reprendre (une idée);Akkusativ;;;;Präteritum;Er griff meinen Vorschlag dankbar auf.;Il a repris ma proposition avec gratitude.;He gratefully took up my suggestion.
B2;aufgreifen;reprendre (une idée);Akkusativ;;;;Konjunktiv II;Diesen Gedanken würde ich später wieder aufgreifen.;Je reprendrais cette idée plus tard.;I would take up this idea again later.
B2;ausloten;sonder, explorer;Akkusativ;;;;Präsens;Wir loten zuerst die Möglichkeiten aus.;Nous sondons d'abord les possibilités.;We first sound out the possibilities.
B2;ausloten;sonder, explorer;Akkusativ;;;;Perfekt;Die Partner haben den Spielraum ausgelotet.;Les partenaires ont sondé la marge de manœuvre.;The partners sounded out the room for manoeuvre.
B2;ausloten;sonder, explorer;Akkusativ;;;;Präteritum;Man lotete die Grenzen des Machbaren aus.;On a sondé les limites du faisable.;The limits of the feasible were sounded out.
B2;ausloten;sonder, explorer;Akkusativ;;;;Konjunktiv II;Ich würde erst die Erwartungen ausloten.;Je sonderais d'abord les attentes.;I would first sound out expectations.
B2;abschaffen;abolir, supprimer;Akkusativ;;;;Präsens;Das Land schafft die Gebühren ab.;Le pays supprime les frais.;The country is abolishing the fees.
B2;abschaffen;abolir, supprimer;Akkusativ;;;;Perfekt;Man hat die alte Regel abgeschafft.;On a supprimé l'ancienne règle.;The old rule was abolished.
B2;abschaffen;abolir, supprimer;Akkusativ;;;;Präteritum;Die Stadt schaffte das Parkverbot ab.;La ville a supprimé l'interdiction de stationner.;The city abolished the parking ban.
B2;abschaffen;abolir, supprimer;Akkusativ;;;;Konjunktiv II;Diese Vorschrift würde ich abschaffen.;Je supprimerais cette règle.;I would abolish this regulation.
B2;abwickeln;traiter, mener à bien;Akkusativ;;;;Präsens;Die Bank wickelt die Zahlung schnell ab.;La banque traite le paiement rapidement.;The bank processes the payment quickly.
B2;abwickeln;traiter, mener à bien;Akkusativ;;;;Perfekt;Wir haben den Auftrag reibungslos abgewickelt.;Nous avons traité la commande sans accroc.;We handled the order smoothly.
B2;abwickeln;traiter, mener à bien;Akkusativ;;;;Präteritum;Das Team wickelte den Umzug in zwei Tagen ab.;L'équipe a mené le déménagement en deux jours.;The team handled the move in two days.
B2;abwickeln;traiter, mener à bien;Akkusativ;;;;Konjunktiv II;Online würde man das schneller abwickeln.;En ligne, on traiterait cela plus vite.;Online this would be handled faster.
B2;anfechten;contester (juridiquement);Akkusativ;;;;Präsens;Der Nachbar ficht die Entscheidung an.;Le voisin conteste la décision.;The neighbour is contesting the decision.
B2;anfechten;contester (juridiquement);Akkusativ;;;;Perfekt;Die Firma hat das Urteil angefochten.;L'entreprise a contesté le jugement.;The company contested the ruling.
B2;anfechten;contester (juridiquement);Akkusativ;;;;Präteritum;Er focht den Vertrag erfolgreich an.;Il a contesté le contrat avec succès.;He successfully contested the contract.
B2;anfechten;contester (juridiquement);Akkusativ;;;;Konjunktiv II;Diesen Bescheid würde ich anfechten.;Je contesterais cette décision.;I would contest this notice.
B2;angehen;aborder (un problème), concerner;Akkusativ;;;;Präsens;Wir gehen das Problem systematisch an.;Nous abordons le problème de façon systématique.;We are tackling the problem systematically.
B2;angehen;aborder (un problème), concerner;Akkusativ;;;;Perfekt;Das Team hat die Aufgabe mutig angegangen.;L'équipe a abordé la tâche avec courage.;The team tackled the task boldly.
B2;angehen;aborder (un problème), concerner;Akkusativ;;;;Präteritum;Diese Frage ging uns alle an.;Cette question nous concernait tous.;This question concerned us all.
B2;angehen;aborder (un problème), concerner;Akkusativ;;;;Konjunktiv II;Ich würde die Sache anders angehen.;J'aborderais la chose autrement.;I would tackle the matter differently.
B2;ankurbeln;relancer, stimuler;Akkusativ;;;;Präsens;Die Regierung kurbelt die Wirtschaft an.;Le gouvernement relance l'économie.;The government is boosting the economy.
B2;ankurbeln;relancer, stimuler;Akkusativ;;;;Perfekt;Der Rabatt hat den Verkauf angekurbelt.;La remise a relancé les ventes.;The discount boosted sales.
B2;ankurbeln;relancer, stimuler;Akkusativ;;;;Präteritum;Das Programm kurbelte den Tourismus an.;Le programme a relancé le tourisme.;The programme boosted tourism.
B2;ankurbeln;relancer, stimuler;Akkusativ;;;;Konjunktiv II;Niedrigere Preise würden die Nachfrage ankurbeln.;Des prix plus bas relanceraient la demande.;Lower prices would boost demand.
B2;aufbauen;bâtir, mettre en place;Akkusativ;;;;Präsens;Sie baut ein eigenes Netzwerk auf.;Elle met en place son propre réseau.;She is building up her own network.
B2;aufbauen;bâtir, mettre en place;Akkusativ;;;;Perfekt;Er hat das Unternehmen von null aufgebaut.;Il a bâti l'entreprise à partir de rien.;He built the company up from nothing.
B2;aufbauen;bâtir, mettre en place;Akkusativ;;;;Präteritum;Die Familie baute nach dem Krieg alles neu auf.;La famille a tout rebâti après la guerre.;The family rebuilt everything after the war.
B2;aufbauen;bâtir, mettre en place;Akkusativ;;;;Konjunktiv II;Ich würde zuerst Vertrauen aufbauen.;Je bâtirais d'abord la confiance.;I would build up trust first.
B2;aufheben;annuler, lever;Akkusativ;;;;Präsens;Der Staat hebt die Beschränkungen auf.;L'État lève les restrictions.;The state is lifting the restrictions.
B2;aufheben;annuler, lever;Akkusativ;;;;Perfekt;Das Gericht hat das Urteil aufgehoben.;Le tribunal a annulé le jugement.;The court repealed the ruling.
B2;aufheben;annuler, lever;Akkusativ;;;;Präteritum;Man hob das Verbot nach zwei Jahren auf.;On a levé l'interdiction après deux ans.;The ban was lifted after two years.
B2;aufheben;annuler, lever;Akkusativ;;;;Konjunktiv II;Diese Regel würde ich sofort aufheben.;J'annulerais cette règle immédiatement.;I would repeal this rule immediately.
B2;aufkommen;apparaître, prendre en charge;;für + Akkusativ;;;Präsens;Die Versicherung kommt für den Schaden auf.;L'assurance prend en charge le dommage.;The insurance covers the damage.
B2;aufkommen;apparaître, prendre en charge;;für + Akkusativ;;;Perfekt;Nach der Rede sind Zweifel aufgekommen.;Après le discours, des doutes sont apparus.;After the speech doubts arose.
B2;aufkommen;apparaître, prendre en charge;;für + Akkusativ;;;Präteritum;Plötzlich kam ein starker Wind auf.;Soudain, un vent fort s'est levé.;Suddenly a strong wind came up.
B2;aufkommen;apparaître, prendre en charge;;für + Akkusativ;;;Konjunktiv II;Für die Kosten würde die Firma aufkommen.;L'entreprise prendrait les frais en charge.;The company would cover the costs.
B2;ausarbeiten;élaborer;Akkusativ;;;;Präsens;Die Gruppe arbeitet einen Vorschlag aus.;Le groupe élabore une proposition.;The group is working out a proposal.
B2;ausarbeiten;élaborer;Akkusativ;;;;Perfekt;Wir haben einen genauen Plan ausgearbeitet.;Nous avons élaboré un plan précis.;We worked out a precise plan.
B2;ausarbeiten;élaborer;Akkusativ;;;;Präteritum;Der Ausschuss arbeitete zwei Varianten aus.;La commission a élaboré deux variantes.;The committee worked out two variants.
B2;ausarbeiten;élaborer;Akkusativ;;;;Konjunktiv II;Ich würde die Details später ausarbeiten.;J'élaborerais les détails plus tard.;I would work out the details later.
B2;ausbauen;développer, agrandir;Akkusativ;;;;Präsens;Die Stadt baut das Radwegenetz aus.;La ville développe le réseau de pistes cyclables.;The city is expanding the cycle network.
B2;ausbauen;développer, agrandir;Akkusativ;;;;Perfekt;Wir haben den Dachboden ausgebaut.;Nous avons aménagé le grenier.;We converted the attic.
B2;ausbauen;développer, agrandir;Akkusativ;;;;Präteritum;Der Verein baute seine Angebote aus.;L'association a développé son offre.;The club expanded its offerings.
B2;ausbauen;développer, agrandir;Akkusativ;;;;Konjunktiv II;Mit mehr Mitteln würden wir das Angebot ausbauen.;Avec plus de moyens, nous développerions l'offre.;With more funds we would expand the offering.
B2;auslegen;interpréter, avancer (de l'argent);Akkusativ;;;;Präsens;Das Gericht legt den Vertrag streng aus.;Le tribunal interprète le contrat strictement.;The court interprets the contract strictly.
B2;auslegen;interpréter, avancer (de l'argent);Akkusativ;;;;Perfekt;Ich habe das Geld für dich ausgelegt.;J'ai avancé l'argent pour toi.;I laid out the money for you.
B2;auslegen;interpréter, avancer (de l'argent);Akkusativ;;;;Präteritum;Sie legte seine Worte falsch aus.;Elle a mal interprété ses paroles.;She misinterpreted his words.
B2;auslegen;interpréter, avancer (de l'argent);Akkusativ;;;;Konjunktiv II;Diesen Satz würde ich anders auslegen.;J'interpréterais cette phrase autrement.;I would interpret this sentence differently.
B2;ausrichten;organiser, transmettre (un message);Akkusativ+Dativ;;;;Präsens;Die Stadt richtet das Turnier aus.;La ville organise le tournoi.;The city is hosting the tournament.
B2;ausrichten;organiser, transmettre (un message);Akkusativ+Dativ;;;;Perfekt;Ich habe ihr deine Grüße ausgerichtet.;Je lui ai transmis tes salutations.;I passed on your greetings to her.
B2;ausrichten;organiser, transmettre (un message);Akkusativ+Dativ;;;;Präteritum;Der Verein richtete das Fest jedes Jahr aus.;L'association organisait la fête chaque année.;The club hosted the festival every year.
B2;ausrichten;organiser, transmettre (un message);Akkusativ+Dativ;;;;Konjunktiv II;Ich würde ihm nichts ausrichten.;Je ne lui transmettrais rien.;I would not pass anything on to him.
B2;aussetzen;suspendre, exposer à;Akkusativ;;;;Präsens;Der Verband setzt die Regel vorerst aus.;La fédération suspend la règle pour l'instant.;The association is suspending the rule for now.
B2;aussetzen;suspendre, exposer à;Akkusativ;;;;Perfekt;Man hat die Zahlungen ausgesetzt.;On a suspendu les paiements.;The payments were suspended.
B2;aussetzen;suspendre, exposer à;Akkusativ;;;;Präteritum;Der Motor setzte kurz aus.;Le moteur a eu une brève défaillance.;The engine cut out briefly.
B2;aussetzen;suspendre, exposer à;Akkusativ;;;;Konjunktiv II;Bei Regen würden wir das Spiel aussetzen.;En cas de pluie, nous suspendrions le match.;In case of rain we would suspend the game.
B2;beauftragen;charger (qn de qch);Akkusativ;mit + Dativ;;;Präsens;Die Gemeinde beauftragt eine Fachfirma.;La commune mandate une entreprise spécialisée.;The municipality commissions a specialist firm.
B2;beauftragen;charger (qn de qch);Akkusativ;mit + Dativ;;;Perfekt;Man hat ihn mit der Prüfung beauftragt.;On l'a chargé du contrôle.;He was commissioned with the audit.
B2;beauftragen;charger (qn de qch);Akkusativ;mit + Dativ;;;Präteritum;Der Chef beauftragte zwei Kollegen damit.;Le patron en a chargé deux collègues.;The boss commissioned two colleagues with it.
B2;beauftragen;charger (qn de qch);Akkusativ;mit + Dativ;;;Konjunktiv II;Ich würde damit einen Experten beauftragen.;J'en chargerais un expert.;I would commission an expert with it.
B2;beeinträchtigen;nuire à, altérer;Akkusativ;;;;Präsens;Der Lärm beeinträchtigt die Konzentration.;Le bruit nuit à la concentration.;The noise impairs concentration.
B2;beeinträchtigen;nuire à, altérer;Akkusativ;;;;Perfekt;Die Bauarbeiten haben den Verkehr beeinträchtigt.;Les travaux ont perturbé la circulation.;The construction impaired the traffic.
B2;beeinträchtigen;nuire à, altérer;Akkusativ;;;;Präteritum;Nebel beeinträchtigte die Sicht erheblich.;Le brouillard altérait fortement la visibilité.;Fog considerably impaired visibility.
B2;beeinträchtigen;nuire à, altérer;Akkusativ;;;;Konjunktiv II;Ein Umbau würde den Betrieb beeinträchtigen.;Des travaux nuiraient à l'activité.;A conversion would impair operations.
B2;belasten;peser sur, charger;Akkusativ;;;;Präsens;Die hohen Mieten belasten viele Familien.;Les loyers élevés pèsent sur beaucoup de familles.;High rents burden many families.
B2;belasten;peser sur, charger;Akkusativ;;;;Perfekt;Der Streit hat unsere Beziehung belastet.;Le conflit a pesé sur notre relation.;The dispute burdened our relationship.
B2;belasten;peser sur, charger;Akkusativ;;;;Präteritum;Die Schulden belasteten den Haushalt schwer.;Les dettes pesaient lourdement sur le budget.;The debts heavily burdened the budget.
B2;belasten;peser sur, charger;Akkusativ;;;;Konjunktiv II;Eine neue Steuer würde die Betriebe belasten.;Une nouvelle taxe pèserait sur les entreprises.;A new tax would burden businesses.
B2;benachteiligen;désavantager;Akkusativ;;;;Präsens;Diese Regel benachteiligt kleine Betriebe.;Cette règle désavantage les petites entreprises.;This rule disadvantages small businesses.
B2;benachteiligen;désavantager;Akkusativ;;;;Perfekt;Das System hat Frauen lange benachteiligt.;Le système a longtemps désavantagé les femmes.;The system long disadvantaged women.
B2;benachteiligen;désavantager;Akkusativ;;;;Präteritum;Der Zeitplan benachteiligte die Berufstätigen.;L'horaire désavantageait les actifs.;The schedule disadvantaged working people.
B2;benachteiligen;désavantager;Akkusativ;;;;Konjunktiv II;Eine Pauschale würde große Familien benachteiligen.;Un forfait désavantagerait les familles nombreuses.;A flat rate would disadvantage large families.
B2;beschleunigen;accélérer;Akkusativ;;;;Präsens;Die Software beschleunigt den ganzen Vorgang.;Le logiciel accélère toute la procédure.;The software accelerates the whole process.
B2;beschleunigen;accélérer;Akkusativ;;;;Perfekt;Die Reform hat die Verfahren beschleunigt.;La réforme a accéléré les procédures.;The reform accelerated the procedures.
B2;beschleunigen;accélérer;Akkusativ;;;;Präteritum;Der Fahrer beschleunigte auf der Autobahn.;Le conducteur a accéléré sur l'autoroute.;The driver accelerated on the motorway.
B2;beschleunigen;accélérer;Akkusativ;;;;Konjunktiv II;Mehr Personal würde die Bearbeitung beschleunigen.;Plus de personnel accélérerait le traitement.;More staff would accelerate the processing.
B2;bestreiten;contester, nier;Akkusativ;;;;Präsens;Der Angeklagte bestreitet jede Beteiligung.;L'accusé conteste toute participation.;The defendant denies any involvement.
B2;bestreiten;contester, nier;Akkusativ;;;;Perfekt;Niemand hat diese Tatsache bestritten.;Personne n'a contesté ce fait.;Nobody disputed this fact.
B2;bestreiten;contester, nier;Akkusativ;;;;Präteritum;Sie bestritt den Vorwurf entschieden.;Elle a fermement contesté l'accusation.;She firmly denied the accusation.
B2;bestreiten;contester, nier;Akkusativ;;;;Konjunktiv II;Diesen Punkt würde ich nicht bestreiten.;Je ne contesterais pas ce point.;I would not dispute this point.
B2;bevorzugen;préférer, privilégier;Akkusativ;;;;Präsens;Viele Kunden bevorzugen regionale Produkte.;Beaucoup de clients préfèrent les produits régionaux.;Many customers prefer regional products.
B2;bevorzugen;préférer, privilégier;Akkusativ;;;;Perfekt;Er hat immer den direkten Weg bevorzugt.;Il a toujours préféré la voie directe.;He always preferred the direct route.
B2;bevorzugen;préférer, privilégier;Akkusativ;;;;Präteritum;Die Jury bevorzugte den zweiten Entwurf.;Le jury a préféré le deuxième projet.;The jury preferred the second draft.
B2;bevorzugen;préférer, privilégier;Akkusativ;;;;Konjunktiv II;Ich würde eine schriftliche Antwort bevorzugen.;Je préférerais une réponse écrite.;I would prefer a written answer.
B2;darlegen;exposer, expliciter;Akkusativ;;;;Präsens;Der Bericht legt die Gründe ausführlich dar.;Le rapport expose les raisons en détail.;The report sets out the reasons in detail.
B2;darlegen;exposer, expliciter;Akkusativ;;;;Perfekt;Sie hat ihre Sicht der Dinge dargelegt.;Elle a exposé sa vision des choses.;She set out her view of things.
B2;darlegen;exposer, expliciter;Akkusativ;;;;Präteritum;Der Anwalt legte den Sachverhalt dar.;L'avocat a exposé les faits.;The lawyer set out the facts.
B2;darlegen;exposer, expliciter;Akkusativ;;;;Konjunktiv II;Ich würde die Lage nüchterner darlegen.;J'exposerais la situation plus sobrement.;I would set out the situation more soberly.
B2;eindämmen;endiguer, contenir;Akkusativ;;;;Präsens;Neue Regeln dämmen den Lärm ein.;De nouvelles règles endiguent le bruit.;New rules curb the noise.
B2;eindämmen;endiguer, contenir;Akkusativ;;;;Perfekt;Man hat die Ausbreitung eingedämmt.;On a endigué la propagation.;The spread was curbed.
B2;eindämmen;endiguer, contenir;Akkusativ;;;;Präteritum;Die Maßnahme dämmte die Kosten ein.;La mesure a contenu les coûts.;The measure curbed the costs.
B2;eindämmen;endiguer, contenir;Akkusativ;;;;Konjunktiv II;Eine Obergrenze würde den Verbrauch eindämmen.;Un plafond endiguerait la consommation.;A cap would curb consumption.
B2;einholen;rattraper, recueillir;Akkusativ;;;;Präsens;Wir holen zuerst ein Angebot ein.;Nous recueillons d'abord un devis.;We first obtain a quote.
B2;einholen;rattraper, recueillir;Akkusativ;;;;Perfekt;Sie hat den Rückstand schnell eingeholt.;Elle a vite rattrapé son retard.;She quickly caught up.
B2;einholen;rattraper, recueillir;Akkusativ;;;;Präteritum;Der Läufer holte die Spitze ein.;Le coureur a rattrapé la tête de course.;The runner caught up with the leaders.
B2;einholen;rattraper, recueillir;Akkusativ;;;;Konjunktiv II;Ich würde vorher eine Genehmigung einholen.;Je recueillerais d'abord une autorisation.;I would obtain permission beforehand.
B2;einstufen;classer, situer (un niveau);Akkusativ;;;;Präsens;Der Test stuft dich auf Niveau B2 ein.;Le test te situe au niveau B2.;The test rates you at level B2.
B2;einstufen;classer, situer (un niveau);Akkusativ;;;;Perfekt;Man hat das Risiko als hoch eingestuft.;On a classé le risque comme élevé.;The risk was classified as high.
B2;einstufen;classer, situer (un niveau);Akkusativ;;;;Präteritum;Die Schule stufte ihn in die dritte Klasse ein.;L'école l'a classé en troisième année.;The school placed him in the third year.
B2;einstufen;classer, situer (un niveau);Akkusativ;;;;Konjunktiv II;Ich würde den Fall anders einstufen.;Je classerais ce cas autrement.;I would classify the case differently.
B2;entlasten;soulager, décharger;Akkusativ;;;;Präsens;Die neue Stelle entlastet das ganze Team.;Le nouveau poste soulage toute l'équipe.;The new position relieves the whole team.
B2;entlasten;soulager, décharger;Akkusativ;;;;Perfekt;Die Umgehungsstraße hat den Ortskern entlastet.;La rocade a désengorgé le centre.;The bypass relieved the town centre.
B2;entlasten;soulager, décharger;Akkusativ;;;;Präteritum;Der Zeuge entlastete den Angeklagten.;Le témoin a disculpé l'accusé.;The witness exonerated the defendant.
B2;entlasten;soulager, décharger;Akkusativ;;;;Konjunktiv II;Eine zweite Kasse würde uns spürbar entlasten.;Une deuxième caisse nous soulagerait sensiblement.;A second till would noticeably relieve us.
B2;entsprechen;correspondre à;Dativ;;;;Präsens;Das Ergebnis entspricht unseren Erwartungen.;Le résultat correspond à nos attentes.;The result corresponds to our expectations.
B2;entsprechen;correspondre à;Dativ;;;;Perfekt;Die Ware hat der Beschreibung nicht entsprochen.;La marchandise ne correspondait pas à la description.;The goods did not correspond to the description.
B2;entsprechen;correspondre à;Dativ;;;;Präteritum;Sein Verhalten entsprach nicht den Regeln.;Son comportement ne correspondait pas aux règles.;His behaviour did not conform to the rules.
B2;entsprechen;correspondre à;Dativ;;;;Konjunktiv II;Diese Lösung würde unseren Bedürfnissen entsprechen.;Cette solution correspondrait à nos besoins.;This solution would correspond to our needs.
B2;erproben;expérimenter, tester;Akkusativ;;;;Präsens;Die Klinik erprobt ein neues Verfahren.;La clinique expérimente un nouveau procédé.;The clinic is trialling a new procedure.
B2;erproben;expérimenter, tester;Akkusativ;;;;Perfekt;Wir haben das Modell ein Jahr lang erprobt.;Nous avons testé le modèle pendant un an.;We trialled the model for a year.
B2;erproben;expérimenter, tester;Akkusativ;;;;Präteritum;Man erprobte die Software in drei Schulen.;On a testé le logiciel dans trois écoles.;The software was trialled in three schools.
B2;erproben;expérimenter, tester;Akkusativ;;;;Konjunktiv II;Ich würde das Konzept zuerst erproben.;Je testerais d'abord le concept.;I would trial the concept first.
B2;erschweren;compliquer, rendre difficile;Akkusativ;;;;Präsens;Der Schnee erschwert die Anfahrt.;La neige complique l'accès.;The snow makes the approach harder.
B2;erschweren;compliquer, rendre difficile;Akkusativ;;;;Perfekt;Die neuen Auflagen haben alles erschwert.;Les nouvelles contraintes ont tout compliqué.;The new requirements made everything harder.
B2;erschweren;compliquer, rendre difficile;Akkusativ;;;;Präteritum;Der Lärm erschwerte die Verständigung.;Le bruit compliquait la communication.;The noise made communication harder.
B2;erschweren;compliquer, rendre difficile;Akkusativ;;;;Konjunktiv II;Eine weitere Frist würde die Planung erschweren.;Un délai supplémentaire compliquerait la planification.;Another deadline would make planning harder.
B2;erzielen;obtenir (un résultat);Akkusativ;;;;Präsens;Die Mannschaft erzielt drei Tore.;L'équipe marque trois buts.;The team scores three goals.
B2;erzielen;obtenir (un résultat);Akkusativ;;;;Perfekt;Wir haben gute Ergebnisse erzielt.;Nous avons obtenu de bons résultats.;We achieved good results.
B2;erzielen;obtenir (un résultat);Akkusativ;;;;Präteritum;Die Verhandlung erzielte keinen Fortschritt.;La négociation n'a obtenu aucun progrès.;The negotiation achieved no progress.
B2;erzielen;obtenir (un résultat);Akkusativ;;;;Konjunktiv II;Mit Übung würdest du bessere Noten erzielen.;Avec de l'entraînement, tu obtiendrais de meilleures notes.;With practice you would achieve better marks.
B2;gewährleisten;garantir, assurer;Akkusativ;;;;Präsens;Die Firma gewährleistet den Datenschutz.;L'entreprise garantit la protection des données.;The company ensures data protection.
B2;gewährleisten;garantir, assurer;Akkusativ;;;;Perfekt;Man hat die Versorgung jederzeit gewährleistet.;On a assuré l'approvisionnement à tout moment.;Supply was ensured at all times.
B2;gewährleisten;garantir, assurer;Akkusativ;;;;Präteritum;Zwei Notausgänge gewährleisteten die Sicherheit.;Deux issues de secours assuraient la sécurité.;Two emergency exits ensured safety.
B2;gewährleisten;garantir, assurer;Akkusativ;;;;Konjunktiv II;Nur ein Vertrag würde das gewährleisten.;Seul un contrat le garantirait.;Only a contract would ensure that.
B2;gliedern;structurer, articuler;Akkusativ;;;;Präsens;Sie gliedert den Text in drei Teile.;Elle structure le texte en trois parties.;She structures the text into three parts.
B2;gliedern;structurer, articuler;Akkusativ;;;;Perfekt;Der Autor hat das Kapitel klar gegliedert.;L'auteur a clairement structuré le chapitre.;The author clearly structured the chapter.
B2;gliedern;structurer, articuler;Akkusativ;;;;Präteritum;Man gliederte den Vortrag nach Themen.;On a structuré l'exposé par thèmes.;The talk was structured by topic.
B2;gliedern;structurer, articuler;Akkusativ;;;;Konjunktiv II;Ich würde den Aufsatz anders gliedern.;Je structurerais la dissertation autrement.;I would structure the essay differently.
B2;kennzeichnen;caractériser, signaler;Akkusativ;;;;Präsens;Ein Schild kennzeichnet den Notausgang.;Un panneau signale la sortie de secours.;A sign marks the emergency exit.
B2;kennzeichnen;caractériser, signaler;Akkusativ;;;;Perfekt;Diese Jahre haben die Region stark gekennzeichnet.;Ces années ont fortement marqué la région.;These years strongly marked the region.
B2;kennzeichnen;caractériser, signaler;Akkusativ;;;;Präteritum;Sorgfalt kennzeichnete seine ganze Arbeit.;Le soin caractérisait tout son travail.;Care characterised all his work.
B2;kennzeichnen;caractériser, signaler;Akkusativ;;;;Konjunktiv II;Ich würde die Wege besser kennzeichnen.;Je signalerais mieux les chemins.;I would mark the paths better.
B2;mindern;réduire, diminuer;Akkusativ;;;;Präsens;Der Mangel mindert den Wert der Wohnung.;Le défaut réduit la valeur de l'appartement.;The defect reduces the flat's value.
B2;mindern;réduire, diminuer;Akkusativ;;;;Perfekt;Die Verspätung hat die Freude nicht gemindert.;Le retard n'a pas diminué la joie.;The delay did not reduce the joy.
B2;mindern;réduire, diminuer;Akkusativ;;;;Präteritum;Der Lärmschutz minderte die Belastung.;La protection acoustique réduisait la nuisance.;The noise barrier reduced the strain.
B2;mindern;réduire, diminuer;Akkusativ;;;;Konjunktiv II;Ein Rabatt würde den Ärger mindern.;Une remise atténuerait le mécontentement.;A discount would reduce the annoyance.
B2;nahelegen;suggérer fortement;Akkusativ+Dativ;;;;Präsens;Die Daten legen einen Zusammenhang nahe.;Les données suggèrent fortement un lien.;The data strongly suggest a connection.
B2;nahelegen;suggérer fortement;Akkusativ+Dativ;;;;Perfekt;Man hat ihm den Rücktritt nahegelegt.;On lui a fortement suggéré de démissionner.;He was strongly advised to resign.
B2;nahelegen;suggérer fortement;Akkusativ+Dativ;;;;Präteritum;Das Ergebnis legte eine zweite Prüfung nahe.;Le résultat suggérait un second contrôle.;The result suggested a second check.
B2;nahelegen;suggérer fortement;Akkusativ+Dativ;;;;Konjunktiv II;Ich würde ihr ein Gespräch nahelegen.;Je lui suggérerais fortement un entretien.;I would strongly suggest a talk to her.
B2;offenlegen;divulguer, rendre public;Akkusativ;;;;Präsens;Das Unternehmen legt seine Zahlen offen.;L'entreprise rend ses chiffres publics.;The company discloses its figures.
B2;offenlegen;divulguer, rendre public;Akkusativ;;;;Perfekt;Er hat seine Interessen offengelegt.;Il a divulgué ses intérêts.;He disclosed his interests.
B2;offenlegen;divulguer, rendre public;Akkusativ;;;;Präteritum;Die Zeitung legte den Vertrag offen.;Le journal a rendu le contrat public.;The newspaper disclosed the contract.
B2;offenlegen;divulguer, rendre public;Akkusativ;;;;Konjunktiv II;Ich würde alle Quellen offenlegen.;Je divulguerais toutes les sources.;I would disclose all sources.
B2;prägen;marquer, façonner;Akkusativ;;;;Präsens;Die Kirche prägt das Bild der Altstadt.;L'église marque l'image de la vieille ville.;The church shapes the look of the old town.
B2;prägen;marquer, façonner;Akkusativ;;;;Perfekt;Diese Jahre haben ihn stark geprägt.;Ces années l'ont fortement marqué.;Those years shaped him strongly.
B2;prägen;marquer, façonner;Akkusativ;;;;Präteritum;Der Bergbau prägte die ganze Region.;L'industrie minière a façonné toute la région.;Mining shaped the whole region.
B2;prägen;marquer, façonner;Akkusativ;;;;Konjunktiv II;Ein solcher Aufenthalt würde jeden prägen.;Un tel séjour marquerait n'importe qui.;Such a stay would shape anyone.
B2;sichern;sécuriser, assurer;Akkusativ;;;;Präsens;Die Firma sichert ihre Daten täglich.;L'entreprise sauvegarde ses données chaque jour.;The company backs up its data daily.
B2;sichern;sécuriser, assurer;Akkusativ;;;;Perfekt;Der Vertrag hat uns den Platz gesichert.;Le contrat nous a assuré la place.;The contract secured us the place.
B2;sichern;sécuriser, assurer;Akkusativ;;;;Präteritum;Zwei Seile sicherten die Kletterer.;Deux cordes assuraient les grimpeurs.;Two ropes secured the climbers.
B2;sichern;sécuriser, assurer;Akkusativ;;;;Konjunktiv II;Ein Backup würde die Arbeit sichern.;Une sauvegarde sécuriserait le travail.;A backup would secure the work.
B2;überarbeiten;retravailler, remanier;Akkusativ;;;;Präsens;Der Autor überarbeitet gerade das dritte Kapitel.;L'auteur remanie actuellement le troisième chapitre.;The author is currently revising the third chapter.
B2;überarbeiten;retravailler, remanier;Akkusativ;;;;Perfekt;Wir haben das Konzept komplett überarbeitet.;Nous avons entièrement remanié le concept.;We completely revised the concept.
B2;überarbeiten;retravailler, remanier;Akkusativ;;;;Präteritum;Sie überarbeitete den Text über Nacht.;Elle a retravaillé le texte pendant la nuit.;She revised the text overnight.
B2;überarbeiten;retravailler, remanier;Akkusativ;;;;Konjunktiv II;Diesen Absatz würde ich noch überarbeiten.;Je remanierais encore ce paragraphe.;I would revise this paragraph again.
B2;untersagen;interdire (officiellement);Akkusativ+Dativ;;;;Präsens;Die Behörde untersagt den Verkauf.;L'autorité interdit la vente.;The authority prohibits the sale.
B2;untersagen;interdire (officiellement);Akkusativ+Dativ;;;;Perfekt;Man hat ihm die Weiterfahrt untersagt.;On lui a interdit de poursuivre sa route.;He was prohibited from driving on.
B2;untersagen;interdire (officiellement);Akkusativ+Dativ;;;;Präteritum;Der Richter untersagte jede Veröffentlichung.;Le juge a interdit toute publication.;The judge prohibited any publication.
B2;untersagen;interdire (officiellement);Akkusativ+Dativ;;;;Konjunktiv II;Ich würde solche Anrufe untersagen.;J'interdirais de tels appels.;I would prohibit such calls.
B2;veranschaulichen;illustrer, rendre concret;Akkusativ;;;;Präsens;Ein Schaubild veranschaulicht den Ablauf.;Un schéma illustre le déroulement.;A diagram illustrates the process.
B2;veranschaulichen;illustrer, rendre concret;Akkusativ;;;;Perfekt;Sie hat die Regel mit einem Beispiel veranschaulicht.;Elle a illustré la règle par un exemple.;She illustrated the rule with an example.
B2;veranschaulichen;illustrer, rendre concret;Akkusativ;;;;Präteritum;Der Film veranschaulichte das Problem gut.;Le film illustrait bien le problème.;The film illustrated the problem well.
B2;veranschaulichen;illustrer, rendre concret;Akkusativ;;;;Konjunktiv II;Eine Karte würde die Lage veranschaulichen.;Une carte illustrerait la situation.;A map would illustrate the situation.
B2;vereinfachen;simplifier;Akkusativ;;;;Präsens;Die App vereinfacht die Anmeldung.;L'application simplifie l'inscription.;The app simplifies registration.
B2;vereinfachen;simplifier;Akkusativ;;;;Perfekt;Man hat das Formular stark vereinfacht.;On a fortement simplifié le formulaire.;The form was greatly simplified.
B2;vereinfachen;simplifier;Akkusativ;;;;Präteritum;Die Reform vereinfachte das Steuerrecht.;La réforme a simplifié le droit fiscal.;The reform simplified tax law.
B2;vereinfachen;simplifier;Akkusativ;;;;Konjunktiv II;Zwei Schritte weniger würden alles vereinfachen.;Deux étapes de moins simplifieraient tout.;Two fewer steps would simplify everything.
B2;verfassen;rédiger;Akkusativ;;;;Präsens;Sie verfasst den Bericht bis Freitag.;Elle rédige le rapport d'ici vendredi.;She is writing the report by Friday.
B2;verfassen;rédiger;Akkusativ;;;;Perfekt;Er hat einen offenen Brief verfasst.;Il a rédigé une lettre ouverte.;He composed an open letter.
B2;verfassen;rédiger;Akkusativ;;;;Präteritum;Die Gruppe verfasste eine gemeinsame Erklärung.;Le groupe a rédigé une déclaration commune.;The group composed a joint statement.
B2;verfassen;rédiger;Akkusativ;;;;Konjunktiv II;Ich würde den Text neutraler verfassen.;Je rédigerais le texte de façon plus neutre.;I would write the text more neutrally.
B2;verlagern;déplacer, délocaliser;Akkusativ;;;;Präsens;Die Firma verlagert die Produktion ins Ausland.;L'entreprise délocalise la production à l'étranger.;The company is relocating production abroad.
B2;verlagern;déplacer, délocaliser;Akkusativ;;;;Perfekt;Der Verkehr hat sich auf die Nebenstraßen verlagert.;Le trafic s'est reporté sur les routes secondaires.;Traffic shifted onto the side roads.
B2;verlagern;déplacer, délocaliser;Akkusativ;;;;Präteritum;Man verlagerte das Lager an den Stadtrand.;On a déplacé l'entrepôt en périphérie.;The warehouse was relocated to the outskirts.
B2;verlagern;déplacer, délocaliser;Akkusativ;;;;Konjunktiv II;Ich würde den Termin auf Montag verlagern.;Je déplacerais le rendez-vous à lundi.;I would shift the appointment to Monday.
B2;verstärken;renforcer;Akkusativ;;;;Präsens;Die Stadt verstärkt die Kontrollen am Wochenende.;La ville renforce les contrôles le week-end.;The city reinforces checks at the weekend.
B2;verstärken;renforcer;Akkusativ;;;;Perfekt;Der Vorfall hat meinen Verdacht verstärkt.;L'incident a renforcé mon soupçon.;The incident reinforced my suspicion.
B2;verstärken;renforcer;Akkusativ;;;;Präteritum;Man verstärkte das Team um zwei Personen.;On a renforcé l'équipe de deux personnes.;The team was reinforced by two people.
B2;verstärken;renforcer;Akkusativ;;;;Konjunktiv II;Eine Kampagne würde den Effekt verstärken.;Une campagne renforcerait l'effet.;A campaign would reinforce the effect.
B2;verwerfen;rejeter, abandonner (une idée);Akkusativ;;;;Präsens;Das Team verwirft den ersten Entwurf.;L'équipe rejette le premier projet.;The team discards the first draft.
B2;verwerfen;rejeter, abandonner (une idée);Akkusativ;;;;Perfekt;Wir haben diesen Plan schnell verworfen.;Nous avons vite abandonné ce plan.;We quickly discarded this plan.
B2;verwerfen;rejeter, abandonner (une idée);Akkusativ;;;;Präteritum;Sie verwarf den Gedanken sofort.;Elle a immédiatement rejeté l'idée.;She immediately discarded the idea.
B2;verwerfen;rejeter, abandonner (une idée);Akkusativ;;;;Konjunktiv II;Diese Variante würde ich verwerfen.;Je rejetterais cette variante.;I would discard this variant.
B2;vorantreiben;faire avancer;Akkusativ;;;;Präsens;Die Leitung treibt das Projekt entschlossen voran.;La direction fait avancer le projet avec détermination.;Management is driving the project forward decisively.
B2;vorantreiben;faire avancer;Akkusativ;;;;Perfekt;Sie hat die Digitalisierung vorangetrieben.;Elle a fait avancer la numérisation.;She drove digitalisation forward.
B2;vorantreiben;faire avancer;Akkusativ;;;;Präteritum;Der Druck trieb die Verhandlungen voran.;La pression a fait avancer les négociations.;The pressure drove the negotiations forward.
B2;vorantreiben;faire avancer;Akkusativ;;;;Konjunktiv II;Mit mehr Geld würden wir den Ausbau vorantreiben.;Avec plus d'argent, nous ferions avancer l'extension.;With more money we would drive the expansion forward.
B2;vorlegen;présenter, soumettre;Akkusativ;;;;Präsens;Die Firma legt morgen die Bilanz vor.;L'entreprise présente demain son bilan.;The company presents its balance sheet tomorrow.
B2;vorlegen;présenter, soumettre;Akkusativ;;;;Perfekt;Er hat alle Unterlagen rechtzeitig vorgelegt.;Il a soumis tous les documents à temps.;He submitted all documents on time.
B2;vorlegen;présenter, soumettre;Akkusativ;;;;Präteritum;Der Ausschuss legte einen Zwischenbericht vor.;La commission a présenté un rapport intermédiaire.;The committee presented an interim report.
B2;vorlegen;présenter, soumettre;Akkusativ;;;;Konjunktiv II;Ich würde zuerst einen Entwurf vorlegen.;Je présenterais d'abord un projet.;I would submit a draft first.
B2;zulassen;autoriser, admettre;Akkusativ;;;;Präsens;Die Schule lässt nur zwanzig Teilnehmer zu.;L'école n'admet que vingt participants.;The school admits only twenty participants.
B2;zulassen;autoriser, admettre;Akkusativ;;;;Perfekt;Man hat das Medikament in Europa zugelassen.;On a autorisé le médicament en Europe.;The medicine was approved in Europe.
B2;zulassen;autoriser, admettre;Akkusativ;;;;Präteritum;Der Text ließ mehrere Deutungen zu.;Le texte admettait plusieurs interprétations.;The text permitted several interpretations.
B2;zulassen;autoriser, admettre;Akkusativ;;;;Konjunktiv II;Ich würde keine Ausnahme zulassen.;Je n'autoriserais aucune exception.;I would permit no exception.
B2;zusichern;garantir, promettre formellement;Akkusativ+Dativ;;;;Präsens;Die Stadt sichert uns die Unterstützung zu.;La ville nous garantit son soutien.;The city assures us of its support.
B2;zusichern;garantir, promettre formellement;Akkusativ+Dativ;;;;Perfekt;Man hat ihm völlige Freiheit zugesichert.;On lui a garanti une entière liberté.;He was assured complete freedom.
B2;zusichern;garantir, promettre formellement;Akkusativ+Dativ;;;;Präteritum;Der Chef sicherte eine Antwort bis Freitag zu.;Le patron a promis une réponse pour vendredi.;The boss assured an answer by Friday.
B2;zusichern;garantir, promettre formellement;Akkusativ+Dativ;;;;Konjunktiv II;Schriftlich würde ich das nicht zusichern.;Je ne le garantirais pas par écrit.;I would not assure that in writing.
B2;anpassen;adapter, ajuster;Akkusativ;an + Akkusativ;;;Präsens;Wir passen das Angebot an die Nachfrage an.;Nous adaptons l'offre à la demande.;We adapt the offering to demand.
B2;anpassen;adapter, ajuster;Akkusativ;an + Akkusativ;;;Perfekt;Sie hat den Text an das Publikum angepasst.;Elle a adapté le texte au public.;She adapted the text to the audience.
B2;anpassen;adapter, ajuster;Akkusativ;an + Akkusativ;;;Präteritum;Die Firma passte die Preise an.;L'entreprise a ajusté les prix.;The company adjusted the prices.
B2;anpassen;adapter, ajuster;Akkusativ;an + Akkusativ;;;Konjunktiv II;Ich würde den Plan an die Realität anpassen.;J'adapterais le plan à la réalité.;I would adapt the plan to reality.
B2;ansiedeln;implanter, installer;Akkusativ;;;;Präsens;Die Region siedelt neue Betriebe an.;La région implante de nouvelles entreprises.;The region is attracting new businesses.
B2;ansiedeln;implanter, installer;Akkusativ;;;;Perfekt;Man hat das Zentrum am Stadtrand angesiedelt.;On a implanté le centre en périphérie.;The centre was located on the outskirts.
B2;ansiedeln;implanter, installer;Akkusativ;;;;Präteritum;Der Roman siedelte die Handlung in Wien an.;Le roman situait l'action à Vienne.;The novel set the plot in Vienna.
B2;ansiedeln;implanter, installer;Akkusativ;;;;Konjunktiv II;Ich würde das Labor näher am Campus ansiedeln.;J'implanterais le laboratoire plus près du campus.;I would locate the lab closer to the campus.
B2;aussagen;témoigner, exprimer;;über + Akkusativ;;;Präsens;Der Zeuge sagt morgen vor Gericht aus.;Le témoin témoigne demain au tribunal.;The witness testifies in court tomorrow.
B2;aussagen;témoigner, exprimer;;über + Akkusativ;;;Perfekt;Die Zahlen haben wenig über die Qualität ausgesagt.;Les chiffres disaient peu de chose sur la qualité.;The figures said little about quality.
B2;aussagen;témoigner, exprimer;;über + Akkusativ;;;Präteritum;Sie sagte unter Eid aus.;Elle a témoigné sous serment.;She testified under oath.
B2;aussagen;témoigner, exprimer;;über + Akkusativ;;;Konjunktiv II;Ohne Anwalt würde ich nicht aussagen.;Sans avocat, je ne témoignerais pas.;Without a lawyer I would not testify.
B2;bedingen;conditionner, entraîner;Akkusativ;;;;Präsens;Der Umbau bedingt eine längere Schließung.;Les travaux entraînent une fermeture prolongée.;The conversion entails a longer closure.
B2;bedingen;conditionner, entraîner;Akkusativ;;;;Perfekt;Die Wetterlage hat die Verspätung bedingt.;La météo a entraîné le retard.;The weather caused the delay.
B2;bedingen;conditionner, entraîner;Akkusativ;;;;Präteritum;Beide Faktoren bedingten einander.;Les deux facteurs se conditionnaient mutuellement.;Both factors conditioned each other.
B2;bedingen;conditionner, entraîner;Akkusativ;;;;Konjunktiv II;Ein Umzug würde viele Änderungen bedingen.;Un déménagement entraînerait beaucoup de changements.;A move would entail many changes.
B2;beteiligen;faire participer, associer;Akkusativ;an + Dativ;;;Präsens;Die Schule beteiligt die Eltern an der Planung.;L'école associe les parents à la planification.;The school involves parents in the planning.
B2;beteiligen;faire participer, associer;Akkusativ;an + Dativ;;;Perfekt;Über hundert Personen haben sich beteiligt.;Plus de cent personnes ont participé.;Over a hundred people took part.
B2;beteiligen;faire participer, associer;Akkusativ;an + Dativ;;;Präteritum;Man beteiligte alle Abteilungen am Projekt.;On a associé tous les services au projet.;All departments were involved in the project.
B2;beteiligen;faire participer, associer;Akkusativ;an + Dativ;;;Konjunktiv II;Ich würde die Betroffenen stärker beteiligen.;J'associerais davantage les personnes concernées.;I would involve those affected more.
B2;betrachten;considérer, observer;Akkusativ;als + Akkusativ;;;Präsens;Wir betrachten das Problem aus zwei Blickwinkeln.;Nous considérons le problème sous deux angles.;We consider the problem from two angles.
B2;betrachten;considérer, observer;Akkusativ;als + Akkusativ;;;Perfekt;Er hat das Bild lange betrachtet.;Il a longuement observé le tableau.;He looked at the painting for a long time.
B2;betrachten;considérer, observer;Akkusativ;als + Akkusativ;;;Präteritum;Man betrachtete ihn als Fachmann.;On le considérait comme un expert.;He was regarded as an expert.
B2;betrachten;considérer, observer;Akkusativ;als + Akkusativ;;;Konjunktiv II;Ich würde das eher als Chance betrachten.;Je considérerais cela plutôt comme une chance.;I would rather regard that as an opportunity.
B2;dämpfen;atténuer, freiner;Akkusativ;;;;Präsens;Die Nachricht dämpft die Stimmung im Team.;La nouvelle atténue l'enthousiasme dans l'équipe.;The news dampens the mood in the team.
B2;dämpfen;atténuer, freiner;Akkusativ;;;;Perfekt;Der Teppich hat den Schall gedämpft.;Le tapis a atténué le bruit.;The carpet dampened the sound.
B2;dämpfen;atténuer, freiner;Akkusativ;;;;Präteritum;Die hohen Preise dämpften die Nachfrage.;Les prix élevés freinaient la demande.;High prices dampened demand.
B2;dämpfen;atténuer, freiner;Akkusativ;;;;Konjunktiv II;Eine Erklärung würde die Kritik dämpfen.;Une explication atténuerait la critique.;An explanation would dampen the criticism.
B2;hemmen;freiner, inhiber;Akkusativ;;;;Präsens;Bürokratie hemmt die Entwicklung kleiner Firmen.;La bureaucratie freine le développement des petites entreprises.;Bureaucracy inhibits the growth of small firms.
B2;hemmen;freiner, inhiber;Akkusativ;;;;Perfekt;Die Kälte hat das Wachstum gehemmt.;Le froid a freiné la croissance.;The cold inhibited the growth.
B2;hemmen;freiner, inhiber;Akkusativ;;;;Präteritum;Angst hemmte ihn beim Sprechen.;La peur l'inhibait quand il parlait.;Fear inhibited him when speaking.
B2;hemmen;freiner, inhiber;Akkusativ;;;;Konjunktiv II;Zu viele Regeln würden die Kreativität hemmen.;Trop de règles freineraient la créativité.;Too many rules would inhibit creativity.
B2;hinauszögern;faire traîner, retarder;Akkusativ;;;;Präsens;Er zögert die Entscheidung immer weiter hinaus.;Il retarde la décision encore et encore.;He keeps delaying the decision.
B2;hinauszögern;faire traîner, retarder;Akkusativ;;;;Perfekt;Man hat den Umzug um ein Jahr hinausgezögert.;On a retardé le déménagement d'un an.;The move was delayed by a year.
B2;hinauszögern;faire traîner, retarder;Akkusativ;;;;Präteritum;Sie zögerte das Gespräch bewusst hinaus.;Elle a délibérément fait traîner l'entretien.;She deliberately dragged out the conversation.
B2;hinauszögern;faire traîner, retarder;Akkusativ;;;;Konjunktiv II;Ich würde die Antwort nicht länger hinauszögern.;Je ne retarderais pas davantage la réponse.;I would not delay the answer any longer.
B2;hinterlegen;déposer (en garantie);Akkusativ;;;;Präsens;Gäste hinterlegen den Schlüssel an der Rezeption.;Les clients déposent la clé à la réception.;Guests leave the key at reception.
B2;hinterlegen;déposer (en garantie);Akkusativ;;;;Perfekt;Wir haben eine Kaution hinterlegt.;Nous avons déposé une caution.;We lodged a deposit.
B2;hinterlegen;déposer (en garantie);Akkusativ;;;;Präteritum;Er hinterlegte seine Nummer beim Portier.;Il a laissé son numéro au concierge.;He left his number with the porter.
B2;hinterlegen;déposer (en garantie);Akkusativ;;;;Konjunktiv II;Ich würde lieber eine Kopie hinterlegen.;Je déposerais plutôt une copie.;I would rather lodge a copy.
B2;sanieren;rénover, assainir;Akkusativ;;;;Präsens;Die Gemeinde saniert das alte Schwimmbad.;La commune rénove l'ancienne piscine.;The municipality is renovating the old pool.
B2;sanieren;rénover, assainir;Akkusativ;;;;Perfekt;Man hat den Betrieb erfolgreich saniert.;On a assaini l'entreprise avec succès.;The business was successfully restructured.
B2;sanieren;rénover, assainir;Akkusativ;;;;Präteritum;Die Stadt sanierte drei Schulen gleichzeitig.;La ville a rénové trois écoles en même temps.;The city renovated three schools at once.
B2;sanieren;rénover, assainir;Akkusativ;;;;Konjunktiv II;Ich würde zuerst das Dach sanieren.;Je rénoverais d'abord le toit.;I would renovate the roof first.
B2;stützen;soutenir, étayer;Akkusativ;;;;Präsens;Die Zahlen stützen unsere Vermutung.;Les chiffres étayent notre supposition.;The figures support our assumption.
B2;stützen;soutenir, étayer;Akkusativ;;;;Perfekt;Der Staat hat die Branche mit Krediten gestützt.;L'État a soutenu le secteur par des crédits.;The state propped up the sector with loans.
B2;stützen;soutenir, étayer;Akkusativ;;;;Präteritum;Zwei Balken stützten das ganze Dach.;Deux poutres soutenaient tout le toit.;Two beams supported the whole roof.
B2;stützen;soutenir, étayer;Akkusativ;;;;Konjunktiv II;Eine zweite Quelle würde die These stützen.;Une deuxième source étayerait la thèse.;A second source would support the thesis.
B2;überwachen;surveiller, contrôler;Akkusativ;;;;Präsens;Kameras überwachen den Eingang rund um die Uhr.;Des caméras surveillent l'entrée 24 heures sur 24.;Cameras monitor the entrance around the clock.
B2;überwachen;surveiller, contrôler;Akkusativ;;;;Perfekt;Ein Arzt hat den Verlauf überwacht.;Un médecin a surveillé l'évolution.;A doctor monitored the progress.
B2;überwachen;surveiller, contrôler;Akkusativ;;;;Präteritum;Die Behörde überwachte die Einhaltung der Regeln.;L'autorité contrôlait le respect des règles.;The authority monitored compliance with the rules.
B2;überwachen;surveiller, contrôler;Akkusativ;;;;Konjunktiv II;Ich würde die Temperatur ständig überwachen.;Je surveillerais la température en permanence.;I would monitor the temperature constantly.
B2;umgehen;contourner, éviter;Akkusativ;;;;Präsens;Die Firma umgeht damit die neuen Auflagen.;L'entreprise contourne ainsi les nouvelles contraintes.;The company thereby circumvents the new requirements.
B2;umgehen;contourner, éviter;Akkusativ;;;;Perfekt;Man hat das Verbot geschickt umgangen.;On a habilement contourné l'interdiction.;The ban was cleverly circumvented.
B2;umgehen;contourner, éviter;Akkusativ;;;;Präteritum;Er umging die Frage mit einem Scherz.;Il a éludé la question par une plaisanterie.;He evaded the question with a joke.
B2;umgehen;contourner, éviter;Akkusativ;;;;Konjunktiv II;Diese Regel würde ich nicht umgehen.;Je ne contournerais pas cette règle.;I would not circumvent this rule.
B2;unterlaufen;échapper (une erreur), se glisser;Dativ;;;;Präsens;Mir unterläuft manchmal ein Tippfehler.;Il m'arrive parfois de faire une faute de frappe.;A typo sometimes slips in for me.
B2;unterlaufen;échapper (une erreur), se glisser;Dativ;;;;Perfekt;Dem Team ist ein schwerer Fehler unterlaufen.;Une grave erreur s'est glissée dans le travail de l'équipe.;A serious mistake slipped past the team.
B2;unterlaufen;échapper (une erreur), se glisser;Dativ;;;;Präteritum;Dem Übersetzer unterlief eine Verwechslung.;Le traducteur a commis une confusion.;The translator made a mix-up.
B2;unterlaufen;échapper (une erreur), se glisser;Dativ;;;;Konjunktiv II;Mit einer Kontrolle würde uns das nicht unterlaufen.;Avec un contrôle, cela ne nous arriverait pas.;With a check that would not slip past us.
B2;verbergen;dissimuler;Akkusativ;;;;Präsens;Sie verbirgt ihre Enttäuschung gut.;Elle dissimule bien sa déception.;She conceals her disappointment well.
B2;verbergen;dissimuler;Akkusativ;;;;Perfekt;Er hat die Wahrheit lange verborgen.;Il a longtemps dissimulé la vérité.;He long concealed the truth.
B2;verbergen;dissimuler;Akkusativ;;;;Präteritum;Der Nebel verbarg das ganze Tal.;Le brouillard dissimulait toute la vallée.;The fog concealed the whole valley.
B2;verbergen;dissimuler;Akkusativ;;;;Konjunktiv II;Ich würde meine Zweifel nicht verbergen.;Je ne dissimulerais pas mes doutes.;I would not conceal my doubts.
B2;verfolgen;poursuivre, suivre;Akkusativ;;;;Präsens;Wir verfolgen die Entwicklung aufmerksam.;Nous suivons l'évolution avec attention.;We follow the development closely.
B2;verfolgen;poursuivre, suivre;Akkusativ;;;;Perfekt;Sie hat dieses Ziel jahrelang verfolgt.;Elle a poursuivi cet objectif pendant des années.;She pursued this goal for years.
B2;verfolgen;poursuivre, suivre;Akkusativ;;;;Präteritum;Die Polizei verfolgte den Wagen bis zur Grenze.;La police a poursuivi la voiture jusqu'à la frontière.;The police pursued the car to the border.
B2;verfolgen;poursuivre, suivre;Akkusativ;;;;Konjunktiv II;Diesen Ansatz würde ich weiter verfolgen.;Je poursuivrais cette approche.;I would pursue this approach further.
B2;vergeben;attribuer, pardonner;Akkusativ+Dativ;;;;Präsens;Die Jury vergibt jedes Jahr drei Preise.;Le jury attribue trois prix chaque année.;The jury awards three prizes every year.
B2;vergeben;attribuer, pardonner;Akkusativ+Dativ;;;;Perfekt;Alle Plätze sind bereits vergeben.;Toutes les places sont déjà attribuées.;All places have already been allocated.
B2;vergeben;attribuer, pardonner;Akkusativ+Dativ;;;;Präteritum;Sie vergab ihm den Fehler sofort.;Elle lui a immédiatement pardonné son erreur.;She immediately forgave him the mistake.
B2;vergeben;attribuer, pardonner;Akkusativ+Dativ;;;;Konjunktiv II;Diesen Auftrag würde ich extern vergeben.;J'attribuerais ce mandat à l'extérieur.;I would award this contract externally.
B2;verharren;demeurer, rester figé;;in + Dativ;;;Präsens;Die Preise verharren auf hohem Niveau.;Les prix demeurent à un niveau élevé.;Prices remain at a high level.
B2;verharren;demeurer, rester figé;;in + Dativ;;;Perfekt;Er hat lange in dieser Haltung verharrt.;Il est resté longtemps dans cette position.;He remained in that posture for a long time.
B2;verharren;demeurer, rester figé;;in + Dativ;;;Präteritum;Die Gruppe verharrte einen Moment im Schweigen.;Le groupe est resté un instant silencieux.;The group remained silent for a moment.
B2;verharren;demeurer, rester figé;;in + Dativ;;;Konjunktiv II;Ohne Reform würde alles im alten Zustand verharren.;Sans réforme, tout resterait en l'état.;Without reform everything would remain unchanged.
B2;verkürzen;raccourcir, écourter;Akkusativ;;;;Präsens;Die neue Strecke verkürzt die Fahrt um zwanzig Minuten.;Le nouveau tracé raccourcit le trajet de vingt minutes.;The new route shortens the trip by twenty minutes.
B2;verkürzen;raccourcir, écourter;Akkusativ;;;;Perfekt;Man hat die Wartezeit deutlich verkürzt.;On a nettement raccourci le temps d'attente.;The waiting time was significantly shortened.
B2;verkürzen;raccourcir, écourter;Akkusativ;;;;Präteritum;Der Regen verkürzte das Fest.;La pluie a écourté la fête.;The rain cut the party short.
B2;verkürzen;raccourcir, écourter;Akkusativ;;;;Konjunktiv II;Ich würde die Sitzung auf eine Stunde verkürzen.;Je raccourcirais la réunion à une heure.;I would shorten the meeting to one hour.
B2;verschieben;reporter, décaler;Akkusativ;;;;Präsens;Wir verschieben die Sitzung auf nächste Woche.;Nous reportons la réunion à la semaine prochaine.;We are postponing the meeting to next week.
B2;verschieben;reporter, décaler;Akkusativ;;;;Perfekt;Der Veranstalter hat das Konzert verschoben.;L'organisateur a reporté le concert.;The organiser postponed the concert.
B2;verschieben;reporter, décaler;Akkusativ;;;;Präteritum;Man verschob den Termin zweimal.;On a reporté le rendez-vous deux fois.;The appointment was postponed twice.
B2;verschieben;reporter, décaler;Akkusativ;;;;Konjunktiv II;Ich würde die Prüfung nicht verschieben.;Je ne reporterais pas l'examen.;I would not postpone the exam.
B2;wahren;préserver, sauvegarder;Akkusativ;;;;Präsens;Der Betrieb wahrt die Rechte seiner Angestellten.;L'entreprise préserve les droits de ses employés.;The company preserves its employees' rights.
B2;wahren;préserver, sauvegarder;Akkusativ;;;;Perfekt;Sie hat immer Abstand gewahrt.;Elle a toujours gardé ses distances.;She always maintained her distance.
B2;wahren;préserver, sauvegarder;Akkusativ;;;;Präteritum;Der Vertrag wahrte die Interessen beider Seiten.;Le contrat préservait les intérêts des deux parties.;The contract preserved both sides' interests.
B2;wahren;préserver, sauvegarder;Akkusativ;;;;Konjunktiv II;In dieser Lage würde ich Ruhe wahren.;Dans cette situation, je garderais mon calme.;In this situation I would maintain calm.
B2;besiegeln;sceller, entériner;Akkusativ;;;;Präsens;Ein Handschlag besiegelt die Vereinbarung.;Une poignée de main scelle l'accord.;A handshake seals the agreement.
B2;besiegeln;sceller, entériner;Akkusativ;;;;Perfekt;Das letzte Tor hat den Sieg besiegelt.;Le dernier but a scellé la victoire.;The last goal sealed the victory.
B2;besiegeln;sceller, entériner;Akkusativ;;;;Präteritum;Die Unterschrift besiegelte den Verkauf.;La signature a scellé la vente.;The signature sealed the sale.
B2;besiegeln;sceller, entériner;Akkusativ;;;;Konjunktiv II;Ein Vertrag würde die Partnerschaft besiegeln.;Un contrat scellerait le partenariat.;A contract would seal the partnership.
B2;bewerkstelligen;réussir à faire, mener à bien;Akkusativ;;;;Präsens;Wie bewerkstelligt ihr das in so kurzer Zeit?;Comment réussissez-vous cela en si peu de temps ?;How do you manage that in such a short time?
B2;bewerkstelligen;réussir à faire, mener à bien;Akkusativ;;;;Perfekt;Sie hat den Umzug allein bewerkstelligt.;Elle a mené le déménagement à bien toute seule.;She managed the move on her own.
B2;bewerkstelligen;réussir à faire, mener à bien;Akkusativ;;;;Präteritum;Das Team bewerkstelligte die Aufgabe in zwei Tagen.;L'équipe a mené la tâche à bien en deux jours.;The team pulled off the task in two days.
B2;bewerkstelligen;réussir à faire, mener à bien;Akkusativ;;;;Konjunktiv II;Ohne Hilfe würde ich das kaum bewerkstelligen.;Sans aide, j'y arriverais difficilement.;Without help I could hardly manage that.
B2;bilanzieren;dresser le bilan;Akkusativ;;;;Präsens;Am Jahresende bilanziert der Verein seine Arbeit.;En fin d'année, l'association dresse le bilan de son travail.;At the year's end the club takes stock of its work.
B2;bilanzieren;dresser le bilan;Akkusativ;;;;Perfekt;Die Zeitung hat das Festival positiv bilanziert.;Le journal a dressé un bilan positif du festival.;The paper took a positive view of the festival.
B2;bilanzieren;dresser le bilan;Akkusativ;;;;Präteritum;Der Bericht bilanzierte zehn Jahre Arbeit.;Le rapport dressait le bilan de dix ans de travail.;The report took stock of ten years of work.
B2;bilanzieren;dresser le bilan;Akkusativ;;;;Konjunktiv II;Nach der Saison würde ich nüchtern bilanzieren.;Après la saison, je dresserais un bilan lucide.;After the season I would take sober stock.
B2;abbrechen;interrompre, annuler;Akkusativ;;;;Präsens;Wir brechen das Gespräch hier ab.;Nous interrompons la conversation ici.;We are breaking off the conversation here.
B2;abbrechen;interrompre, annuler;Akkusativ;;;;Perfekt;Sie hat ihr Studium nach zwei Jahren abgebrochen.;Elle a interrompu ses études après deux ans.;She broke off her studies after two years.
B2;abbrechen;interrompre, annuler;Akkusativ;;;;Präteritum;Der Regen brach das Konzert ab.;La pluie a interrompu le concert.;The rain cut the concert short.
B2;abbrechen;interrompre, annuler;Akkusativ;;;;Konjunktiv II;An deiner Stelle würde ich das Projekt nicht abbrechen.;À ta place, je n'interromprais pas le projet.;In your place I would not abandon the project.
B2;anführen;"mener, diriger ; citer";Akkusativ;;;;Präsens;Sie führt die Gruppe seit drei Jahren an.;Elle dirige le groupe depuis trois ans.;She has been leading the group for three years.
B2;anführen;"mener, diriger ; citer";Akkusativ;;;;Perfekt;Er hat mehrere Beispiele angeführt.;Il a cité plusieurs exemples.;He cited several examples.
B2;anführen;"mener, diriger ; citer";Akkusativ;;;;Präteritum;Ein junger Offizier führte die Truppe an.;Un jeune officier menait la troupe.;A young officer led the troop.
B2;anführen;"mener, diriger ; citer";Akkusativ;;;;Konjunktiv II;Ich würde hier ein stärkeres Argument anführen.;Je citerais ici un argument plus fort.;I would cite a stronger argument here.
B2;aufhalten;retenir, retarder;Akkusativ;;;;Präsens;Der Stau hält uns eine Stunde auf.;L'embouteillage nous retarde d'une heure.;The traffic jam is holding us up for an hour.
B2;aufhalten;retenir, retarder;Akkusativ;;;;Perfekt;Wir haben uns drei Tage in Wien aufgehalten.;Nous avons séjourné trois jours à Vienne.;We stayed in Vienna for three days.
B2;aufhalten;retenir, retarder;Akkusativ;;;;Präteritum;Nichts hielt ihn mehr auf.;Plus rien ne le retenait.;Nothing held him back any more.
B2;aufhalten;retenir, retarder;Akkusativ;;;;Konjunktiv II;Ohne den Regen würde uns nichts aufhalten.;Sans la pluie, rien ne nous retarderait.;Without the rain nothing would hold us up.
B2;befreien;libérer, délivrer;Akkusativ;;;;Präsens;Diese Regel befreit dich nicht von deiner Pflicht.;Cette règle ne te libère pas de ton devoir.;This rule does not free you from your duty.
B2;befreien;libérer, délivrer;Akkusativ;;;;Perfekt;Sie haben den Vogel aus dem Netz befreit.;Ils ont libéré l'oiseau du filet.;They freed the bird from the net.
B2;befreien;libérer, délivrer;Akkusativ;;;;Präteritum;Die Nachricht befreite ihn von seiner Angst.;La nouvelle l'a libéré de sa peur.;The news freed him from his fear.
B2;befreien;libérer, délivrer;Akkusativ;;;;Konjunktiv II;Ein Geständnis würde sie von dieser Last befreien.;Un aveu la libérerait de ce fardeau.;A confession would free her from this burden.
B2;benennen;nommer, désigner;Akkusativ;;;;Präsens;Er benennt das Problem sehr genau.;Il nomme le problème très précisément.;He names the problem very precisely.
B2;benennen;nommer, désigner;Akkusativ;;;;Perfekt;Die Stadt hat die Straße neu benannt.;La ville a rebaptisé la rue.;The city renamed the street.
B2;benennen;nommer, désigner;Akkusativ;;;;Präteritum;Der Bericht benannte drei Ursachen.;Le rapport désignait trois causes.;The report named three causes.
B2;benennen;nommer, désigner;Akkusativ;;;;Konjunktiv II;Ich würde die Schwierigkeit klarer benennen.;Je nommerais la difficulté plus clairement.;I would name the difficulty more clearly.
B2;eingehen;"accepter, entrer dans ; mourir (plante)";;auf + Akkusativ;;;Präsens;Auf diesen Vorschlag gehe ich nicht ein.;Je n'accepte pas cette proposition.;I will not agree to this proposal.
B2;eingehen;"accepter, entrer dans ; mourir (plante)";;auf + Akkusativ;;;Perfekt;Die Pflanze ist ohne Wasser eingegangen.;La plante est morte faute d'eau.;The plant died without water.
B2;eingehen;"accepter, entrer dans ; mourir (plante)";;auf + Akkusativ;;;Präteritum;Sie ging auf jede Frage geduldig ein.;Elle répondait patiemment à chaque question.;She patiently addressed every question.
B2;eingehen;"accepter, entrer dans ; mourir (plante)";;auf + Akkusativ;;;Konjunktiv II;Ich würde auf dieses Angebot nicht eingehen.;Je n'accepterais pas cette offre.;I would not take up this offer.
B2;feuern;"tirer ; congédier";Akkusativ;;;;Präsens;Der Chef feuert selten jemanden.;Le patron congédie rarement quelqu'un.;The boss rarely fires anyone.
B2;feuern;"tirer ; congédier";Akkusativ;;;;Perfekt;Sie haben ihn ohne Erklärung gefeuert.;Ils l'ont congédié sans explication.;They fired him without explanation.
B2;feuern;"tirer ; congédier";Akkusativ;;;;Präteritum;Der Soldat feuerte in die Luft.;Le soldat a tiré en l'air.;The soldier fired into the air.
B2;feuern;"tirer ; congédier";Akkusativ;;;;Konjunktiv II;An seiner Stelle würde ich niemanden feuern.;À sa place, je ne congédierais personne.;In his place I would not fire anyone.
B2;rühren;"remuer ; émouvoir";Akkusativ;;;;Präsens;Rühr die Suppe langsam um.;Remue la soupe lentement.;Stir the soup slowly.
B2;rühren;"remuer ; émouvoir";Akkusativ;;;;Perfekt;Ihre Rede hat alle gerührt.;Son discours a ému tout le monde.;Her speech moved everyone.
B2;rühren;"remuer ; émouvoir";Akkusativ;;;;Präteritum;Der Brief rührte ihn zu Tränen.;La lettre l'a ému jusqu'aux larmes.;The letter moved him to tears.
B2;rühren;"remuer ; émouvoir";Akkusativ;;;;Konjunktiv II;Ein solches Bild würde jeden rühren.;Une telle image émouvrait n'importe qui.;Such a picture would move anyone.
B2;treiben;"pousser, faire ; dériver";Akkusativ;;;;Präsens;Was treibst du eigentlich den ganzen Tag?;Qu'est-ce que tu fabriques toute la journée ?;What are you actually doing all day?
B2;treiben;"pousser, faire ; dériver";Akkusativ;;;;Perfekt;Das Boot ist stundenlang auf dem See getrieben.;Le bateau a dérivé des heures sur le lac.;The boat drifted on the lake for hours.
B2;treiben;"pousser, faire ; dériver";Akkusativ;;;;Präteritum;Die Angst trieb ihn aus dem Haus.;La peur l'a chassé de la maison.;Fear drove him out of the house.
B2;treiben;"pousser, faire ; dériver";Akkusativ;;;;Konjunktiv II;Ohne Ruder würde das Boot einfach treiben.;Sans rames, le bateau dériverait tout simplement.;Without oars the boat would simply drift.
B2;vergehen;passer, s'écouler;;;oui;;Präsens;Die Zeit vergeht hier sehr schnell.;Le temps passe très vite ici.;Time passes very quickly here.
B2;vergehen;passer, s'écouler;;;oui;;Perfekt;Seitdem sind zehn Jahre vergangen.;Dix ans se sont écoulés depuis.;Ten years have passed since then.
B2;vergehen;passer, s'écouler;;;oui;;Präteritum;Der Sommer verging wie im Flug.;L'été est passé à toute vitesse.;The summer flew by.
B2;vergehen;passer, s'écouler;;;oui;;Konjunktiv II;Ohne Arbeit würde der Tag langsamer vergehen.;Sans travail, la journée passerait plus lentement.;Without work the day would pass more slowly.
B2;wenden;tourner, retourner (sich wenden an : s'adresser à);Akkusativ;;;;Präsens;Bitte wenden Sie den Wagen hier.;Faites demi-tour ici, s'il vous plaît.;Please turn the car around here.
B2;wenden;tourner, retourner (sich wenden an : s'adresser à);Akkusativ;;;;Perfekt;Sie hat sich an ihren Anwalt gewendet.;Elle s'est adressée à son avocat.;She turned to her lawyer.
B2;wenden;tourner, retourner (sich wenden an : s'adresser à);Akkusativ;;;;Präteritum;Er wendete das Blatt und las weiter.;Il a tourné la page et a continué à lire.;He turned the page and read on.
B2;wenden;tourner, retourner (sich wenden an : s'adresser à);Akkusativ;;;;Konjunktiv II;Ich würde mich direkt an die Direktion wenden.;Je m'adresserais directement à la direction.;I would turn directly to the management.
B2;wirken;"agir, faire effet ; paraître";;;oui;;Präsens;Das Medikament wirkt nach zwanzig Minuten.;Le médicament fait effet après vingt minutes.;The medicine takes effect after twenty minutes.
B2;wirken;"agir, faire effet ; paraître";;;oui;;Perfekt;Seine Worte haben lange nachgewirkt.;Ses paroles ont eu un effet durable.;His words had a lasting effect.
B2;wirken;"agir, faire effet ; paraître";;;oui;;Präteritum;Sie wirkte müde, aber zufrieden.;Elle paraissait fatiguée mais satisfaite.;She seemed tired but content.
B2;wirken;"agir, faire effet ; paraître";;;oui;;Konjunktiv II;Ohne Zucker würde der Tee anders wirken.;Sans sucre, le thé ferait un autre effet.;Without sugar the tea would have a different effect.
B2;erwischen;attraper, surprendre;Akkusativ;;;;Präsens;Wenn ich mich beeile, erwische ich den Bus.;Si je me dépêche, j'attrape l'autobus.;If I hurry I'll catch the bus.
B2;erwischen;attraper, surprendre;Akkusativ;;;;Perfekt;Die Lehrerin hat ihn beim Abschreiben erwischt.;L'enseignante l'a surpris en train de copier.;The teacher caught him copying.
B2;erwischen;attraper, surprendre;Akkusativ;;;;Präteritum;Wir erwischten gerade noch den letzten Zug.;Nous avons attrapé le dernier train de justesse.;We just caught the last train.
B2;erwischen;attraper, surprendre;Akkusativ;;;;Konjunktiv II;Mit dem Fahrrad würde ich den Zug noch erwischen.;À vélo, j'attraperais encore le train.;By bike I would still catch the train.
B2;abschreiben;copier, recopier;Akkusativ;;;;Präsens;Er schreibt die Lösung vom Nachbarn ab.;Il copie la solution sur son voisin.;He is copying the answer from his neighbour.
B2;abschreiben;copier, recopier;Akkusativ;;;;Perfekt;Sie hat den ganzen Text von Hand abgeschrieben.;Elle a recopié tout le texte à la main.;She copied out the whole text by hand.
B2;abschreiben;copier, recopier;Akkusativ;;;;Präteritum;Die Firma schrieb die alten Geräte ab.;L'entreprise a amorti les vieux appareils.;The company wrote off the old equipment.
B2;abschreiben;copier, recopier;Akkusativ;;;;Konjunktiv II;Ohne Notizen würde ich nichts abschreiben können.;Sans notes, je ne pourrais rien recopier.;Without notes I wouldn't be able to copy anything.
B2;bewässern;irriguer, arroser;Akkusativ;;;;Präsens;Im Sommer bewässern sie die Felder nachts.;En été, ils irriguent les champs la nuit.;In summer they irrigate the fields at night.
B2;bewässern;irriguer, arroser;Akkusativ;;;;Perfekt;Man hat den Garten zwei Wochen lang bewässert.;On a arrosé le jardin pendant deux semaines.;The garden was watered for two weeks.
B2;bewässern;irriguer, arroser;Akkusativ;;;;Präteritum;Ein alter Kanal bewässerte das ganze Tal.;Un vieux canal irriguait toute la vallée.;An old canal irrigated the whole valley.
B2;bewässern;irriguer, arroser;Akkusativ;;;;Konjunktiv II;Ohne Regen würde man hier alles bewässern müssen.;Sans pluie, il faudrait tout irriguer ici.;Without rain everything here would have to be irrigated.
B2;zerschlagen;briser, fracasser;Akkusativ;;;;Präsens;Der Sturm zerschlägt die alten Fensterscheiben.;La tempête fracasse les vieilles vitres.;The storm smashes the old window panes.
B2;zerschlagen;briser, fracasser;Akkusativ;;;;Perfekt;Alle Hoffnungen wurden damit zerschlagen.;Tous les espoirs ont été anéantis.;All hopes were dashed by that.
B2;zerschlagen;briser, fracasser;Akkusativ;;;;Präteritum;Er zerschlug den Stein mit einem Hammer.;Il a fracassé la pierre avec un marteau.;He smashed the stone with a hammer.
B2;zerschlagen;briser, fracasser;Akkusativ;;;;Konjunktiv II;Ein Sturz würde die Vase sofort zerschlagen.;Une chute fracasserait le vase aussitôt.;A fall would smash the vase at once.
B2;auseinanderbrechen;se disloquer, se briser en deux;;;oui;;Präsens;Das alte Boot bricht langsam auseinander.;Le vieux bateau se disloque lentement.;The old boat is slowly breaking apart.
B2;auseinanderbrechen;se disloquer, se briser en deux;;;oui;;Perfekt;Die Koalition ist nach zwei Jahren auseinandergebrochen.;La coalition s'est disloquée après deux ans.;The coalition broke apart after two years.
B2;auseinanderbrechen;se disloquer, se briser en deux;;;oui;;Präteritum;Die Brücke brach unter dem Gewicht auseinander.;Le pont s'est rompu sous le poids.;The bridge broke apart under the weight.
B2;auseinanderbrechen;se disloquer, se briser en deux;;;oui;;Konjunktiv II;Ohne Reparatur würde das Dach auseinanderbrechen.;Sans réparation, le toit se disloquerait.;Without repair the roof would break apart.
B2;erheben;"lever, élever ; percevoir (un impôt)";Akkusativ;;;;Präsens;Die Stadt erhebt eine Gebühr für Besucher.;La ville perçoit une taxe sur les visiteurs.;The city levies a fee on visitors.
B2;erheben;"lever, élever ; percevoir (un impôt)";Akkusativ;;;;Perfekt;Er hat gegen das Urteil Einspruch erhoben.;Il a fait opposition au jugement.;He lodged an objection against the ruling.
B2;erheben;"lever, élever ; percevoir (un impôt)";Akkusativ;;;;Präteritum;Sie erhob langsam den Kopf.;Elle a lentement relevé la tête.;She slowly raised her head.
B2;erheben;"lever, élever ; percevoir (un impôt)";Akkusativ;;;;Konjunktiv II;Gegen diese Entscheidung würde ich Einspruch erheben.;Je ferais opposition à cette décision.;I would object to this decision.
B2;hinnehmen;accepter, subir;Akkusativ;;;;Präsens;Diese Behandlung nehme ich nicht länger hin.;Je n'accepte plus ce traitement.;I will not put up with this treatment any longer.
B2;hinnehmen;accepter, subir;Akkusativ;;;;Perfekt;Sie hat die Niederlage sportlich hingenommen.;Elle a accepté la défaite sportivement.;She took the defeat in good spirit.
B2;hinnehmen;accepter, subir;Akkusativ;;;;Präteritum;Man nahm die Verspätung ohne Klage hin.;On a accepté le retard sans se plaindre.;The delay was accepted without complaint.
B2;hinnehmen;accepter, subir;Akkusativ;;;;Konjunktiv II;So einen Ton würde ich nicht hinnehmen.;Je n'accepterais pas un tel ton.;I would not put up with that tone.
B2;abbauen;"démonter ; réduire ; extraire";Akkusativ;;;;Präsens;Nach dem Fest bauen wir die Zelte ab.;Après la fête, nous démontons les tentes.;After the party we take down the tents.
B2;abbauen;"démonter ; réduire ; extraire";Akkusativ;;;;Perfekt;Die Firma hat hundert Stellen abgebaut.;L'entreprise a supprimé cent postes.;The company cut a hundred jobs.
B2;abbauen;"démonter ; réduire ; extraire";Akkusativ;;;;Präteritum;Hier baute man früher Kohle ab.;On extrayait autrefois du charbon ici.;Coal used to be mined here.
B2;abbauen;"démonter ; réduire ; extraire";Akkusativ;;;;Konjunktiv II;Ich würde diese Spannungen langsam abbauen.;Je réduirais ces tensions petit à petit.;I would reduce these tensions gradually.
B2;kreuzen;croiser;Akkusativ;;;;Präsens;Die beiden Wege kreuzen sich am Bach.;Les deux chemins se croisent près du ruisseau.;The two paths cross at the stream.
B2;kreuzen;croiser;Akkusativ;;;;Perfekt;Unsere Blicke haben sich kurz gekreuzt.;Nos regards se sont brièvement croisés.;Our eyes met briefly.
B2;kreuzen;croiser;Akkusativ;;;;Präteritum;Die Straße kreuzte die Bahnlinie.;La route croisait la voie ferrée.;The road crossed the railway line.
B2;kreuzen;croiser;Akkusativ;;;;Konjunktiv II;Weiter oben würden sich die Wege kreuzen.;Plus haut, les chemins se croiseraient.;Further up the paths would cross.
B2;überlassen;laisser, confier;Akkusativ+Dativ;;;;Präsens;Diese Entscheidung überlasse ich dir.;Je te laisse cette décision.;I'll leave this decision to you.
B2;überlassen;laisser, confier;Akkusativ+Dativ;;;;Perfekt;Sie haben uns das Haus für eine Woche überlassen.;Ils nous ont laissé la maison pour une semaine.;They let us have the house for a week.
B2;überlassen;laisser, confier;Akkusativ+Dativ;;;;Präteritum;Er überließ ihr die ganze Organisation.;Il lui a laissé toute l'organisation.;He left the whole organisation to her.
B2;überlassen;laisser, confier;Akkusativ+Dativ;;;;Konjunktiv II;Ich würde nichts dem Zufall überlassen.;Je ne laisserais rien au hasard.;I would leave nothing to chance.
B2;verderben;"gâcher ; s'abîmer";Akkusativ;;;;Präsens;Bei dieser Hitze verdirbt die Milch schnell.;Par cette chaleur, le lait tourne vite.;In this heat the milk goes off quickly.
B2;verderben;"gâcher ; s'abîmer";Akkusativ;;;;Perfekt;Der Regen hat uns den ganzen Tag verdorben.;La pluie nous a gâché toute la journée.;The rain spoiled our whole day.
B2;verderben;"gâcher ; s'abîmer";Akkusativ;;;;Präteritum;Ein einziger Satz verdarb die Stimmung.;Une seule phrase a gâché l'ambiance.;A single sentence spoiled the mood.
B2;verderben;"gâcher ; s'abîmer";Akkusativ;;;;Konjunktiv II;Ohne Kühlschrank würde das Fleisch verderben.;Sans réfrigérateur, la viande s'abîmerait.;Without a fridge the meat would spoil.
B2;antreiben;"pousser, motiver ; propulser";Akkusativ;;;;Präsens;Die Neugier treibt sie immer wieder an.;La curiosité la pousse sans cesse.;Curiosity drives her again and again.
B2;antreiben;"pousser, motiver ; propulser";Akkusativ;;;;Perfekt;Ein kleiner Motor hat das Boot angetrieben.;Un petit moteur propulsait le bateau.;A small motor propelled the boat.
B2;antreiben;"pousser, motiver ; propulser";Akkusativ;;;;Präteritum;Der Trainer trieb die Mannschaft an.;L'entraîneur poussait l'équipe.;The coach urged the team on.
B2;antreiben;"pousser, motiver ; propulser";Akkusativ;;;;Konjunktiv II;Etwas mehr Lob würde ihn stärker antreiben.;Un peu plus d'éloges le motiverait davantage.;A little more praise would drive him harder.
B2;spalten;"fendre ; diviser";Akkusativ;;;;Präsens;Diese Frage spaltet das ganze Land.;Cette question divise tout le pays.;This question divides the whole country.
B2;spalten;"fendre ; diviser";Akkusativ;;;;Perfekt;Er hat das Holz mit der Axt gespalten.;Il a fendu le bois à la hache.;He split the wood with the axe.
B2;spalten;"fendre ; diviser";Akkusativ;;;;Präteritum;Der Blitz spaltete den alten Baum.;La foudre a fendu le vieil arbre.;Lightning split the old tree.
B2;spalten;"fendre ; diviser";Akkusativ;;;;Konjunktiv II;Ein solcher Vorschlag würde die Gruppe spalten.;Une telle proposition diviserait le groupe.;Such a proposal would split the group.
B2;sich aufhalten;séjourner, s'attarder;;;;oui;Präsens;Wir halten uns drei Tage in Wien auf.;Nous séjournons trois jours à Vienne.;We're staying in Vienna for three days.
B2;sich aufhalten;séjourner, s'attarder;;;;oui;Perfekt;Er hat sich lange im Ausland aufgehalten.;Il a longtemps séjourné à l'étranger.;He stayed abroad for a long time.
B2;sich aufhalten;séjourner, s'attarder;;;;oui;Präteritum;Sie hielt sich einen Monat in Rom auf.;Elle a séjourné un mois à Rome.;She stayed in Rome for a month.
B2;sich aufhalten;séjourner, s'attarder;;;;oui;Konjunktiv II;Dort würde ich mich nicht lange aufhalten.;Je ne m'y attarderais pas longtemps.;I wouldn't stay there long.
B2;sich leisten;s'offrir, se permettre;Akkusativ;;;oui;Präsens;Ich leiste mir einmal im Jahr eine Reise.;Je m'offre un voyage une fois par an.;I treat myself to a trip once a year.
B2;sich leisten;s'offrir, se permettre;Akkusativ;;;oui;Perfekt;Wir haben uns ein neues Auto geleistet.;Nous nous sommes offert une nouvelle voiture.;We treated ourselves to a new car.
B2;sich leisten;s'offrir, se permettre;Akkusativ;;;oui;Präteritum;Er leistete sich ein teures Hotel.;Il s'est offert un hôtel cher.;He treated himself to an expensive hotel.
B2;sich leisten;s'offrir, se permettre;Akkusativ;;;oui;Konjunktiv II;So etwas würde ich mir nicht leisten.;Je ne me permettrais pas une chose pareille.;I wouldn't allow myself something like that.
B2;kümmern;préoccuper, importer à (qn);Akkusativ;;;;Präsens;Das kümmert mich nicht.;Ça ne me préoccupe pas.;That doesn't bother me.
B2;kümmern;préoccuper, importer à (qn);Akkusativ;;;;Perfekt;Sein Urteil hat sie nie gekümmert.;Son jugement ne l'a jamais préoccupée.;His opinion never bothered her.
B2;kümmern;préoccuper, importer à (qn);Akkusativ;;;;Präteritum;Die Kosten kümmerten ihn wenig.;Les coûts le préoccupaient peu.;The costs bothered him little.
B2;kümmern;préoccuper, importer à (qn);Akkusativ;;;;Konjunktiv II;Das würde mich nicht kümmern.;Ça ne me préoccuperait pas.;That wouldn't bother me.
B2;beziehen;"emménager dans ; percevoir, toucher (une somme)";Akkusativ;;;;Präsens;Wir beziehen die neue Wohnung im Juli.;Nous emménageons dans le nouvel appartement en juillet.;We're moving into the new flat in July.
B2;beziehen;"emménager dans ; percevoir, toucher (une somme)";Akkusativ;;;;Perfekt;Er hat drei Jahre lang Arbeitslosengeld bezogen.;Il a touché des allocations chômage pendant trois ans.;He drew unemployment benefits for three years.
B2;beziehen;"emménager dans ; percevoir, toucher (une somme)";Akkusativ;;;;Präteritum;Die Familie bezog das Haus im Frühjahr.;La famille a emménagé dans la maison au printemps.;The family moved into the house in spring.
B2;beziehen;"emménager dans ; percevoir, toucher (une somme)";Akkusativ;;;;Konjunktiv II;Ich würde die Zeitung lieber online beziehen.;Je préférerais recevoir le journal en ligne.;I would rather get the newspaper online.
B2;durchsetzen;imposer, faire aboutir (qch);Akkusativ;;;;Präsens;Die Regierung setzt das neue Gesetz durch.;Le gouvernement impose la nouvelle loi.;The government is pushing through the new law.
B2;durchsetzen;imposer, faire aboutir (qch);Akkusativ;;;;Perfekt;Er hat seine Forderung durchgesetzt.;Il a imposé sa revendication.;He pushed through his demand.
B2;durchsetzen;imposer, faire aboutir (qch);Akkusativ;;;;Präteritum;Die Gewerkschaft setzte höhere Löhne durch.;Le syndicat a obtenu des salaires plus élevés.;The union pushed through higher wages.
B2;durchsetzen;imposer, faire aboutir (qch);Akkusativ;;;;Konjunktiv II;So einen Plan würde ich nie durchsetzen.;Je n'imposerais jamais un tel plan.;I would never push through such a plan.
C1;erörtern;discuter en détail, débattre de;Akkusativ;;;;Präsens;Wir erörtern die Frage im nächsten Treffen.;Nous débattrons de la question à la prochaine rencontre.;We will discuss the question at the next meeting.
C1;erörtern;discuter en détail, débattre de;Akkusativ;;;;Perfekt;Der Ausschuss hat den Vorschlag lange erörtert.;Le comité a longuement débattu de la proposition.;The committee discussed the proposal at length.
C1;erörtern;discuter en détail, débattre de;Akkusativ;;;;Präteritum;Man erörterte damals ganz andere Fragen.;À l'époque, on débattait de tout autres questions.;Back then quite different questions were discussed.
C1;erörtern;discuter en détail, débattre de;Akkusativ;;;;Konjunktiv II;Ich würde das lieber persönlich erörtern.;Je préférerais en débattre en personne.;I would rather discuss that in person.
C1;voraussetzen;présupposer, exiger comme condition;Akkusativ;;;;Präsens;Die Stelle setzt sehr gute Deutschkenntnisse voraus.;Le poste exige de très bonnes connaissances en allemand.;The position requires very good German.
C1;voraussetzen;présupposer, exiger comme condition;Akkusativ;;;;Perfekt;Er hat einfach vorausgesetzt, dass alle Bescheid wissen.;Il a simplement présumé que tout le monde était au courant.;He simply assumed that everyone knew.
C1;voraussetzen;présupposer, exiger comme condition;Akkusativ;;;;Präteritum;Der Text setzte viel Vorwissen voraus.;Le texte présupposait beaucoup de connaissances préalables.;The text presupposed a lot of prior knowledge.
C1;voraussetzen;présupposer, exiger comme condition;Akkusativ;;;;Konjunktiv II;Das würde eine ganz andere Ausbildung voraussetzen.;Cela supposerait une tout autre formation.;That would require quite different training.
C1;unterstellen;insinuer, imputer;Akkusativ+Dativ;;;;Präsens;Du unterstellst mir etwas, das ich nie gesagt habe.;Tu m'imputes quelque chose que je n'ai jamais dit.;You are imputing to me something I never said.
C1;unterstellen;insinuer, imputer;Akkusativ+Dativ;;;;Perfekt;Man hat ihm böse Absichten unterstellt.;On lui a prêté de mauvaises intentions.;He was accused of having bad intentions.
C1;unterstellen;insinuer, imputer;Akkusativ+Dativ;;;;Präteritum;Sie unterstellte ihm Nachlässigkeit.;Elle lui imputait de la négligence.;She imputed carelessness to him.
C1;unterstellen;insinuer, imputer;Akkusativ+Dativ;;;;Konjunktiv II;Ich würde niemandem so etwas unterstellen.;Je n'imputerais cela à personne.;I would not impute such a thing to anyone.
C1;einwenden;objecter;Akkusativ;;;;Präsens;Dagegen lässt sich wenig einwenden.;Il y a peu à objecter à cela.;There is little to object to that.
C1;einwenden;objecter;Akkusativ;;;;Perfekt;Niemand hat etwas eingewendet.;Personne n'a rien objecté.;Nobody raised any objection.
C1;einwenden;objecter;Akkusativ;;;;Präteritum;Er wandte ein, die Frist sei zu kurz.;Il objecta que le délai était trop court.;He objected that the deadline was too short.
C1;einwenden;objecter;Akkusativ;;;;Konjunktiv II;Ich würde einwenden, dass die Zahlen alt sind.;J'objecterais que les chiffres sont anciens.;I would object that the figures are old.
C1;folgern;conclure, déduire;Akkusativ;;;;Präsens;Daraus folgere ich, dass die Methode nichts taugt.;J'en conclus que la méthode ne vaut rien.;From that I conclude the method is worthless.
C1;folgern;conclure, déduire;Akkusativ;;;;Perfekt;Die Studie hat daraus zu viel gefolgert.;L'étude en a trop conclu.;The study inferred too much from it.
C1;folgern;conclure, déduire;Akkusativ;;;;Präteritum;Er folgerte voreilig aus einem Einzelfall.;Il tira des conclusions hâtives d'un cas isolé.;He hastily drew conclusions from a single case.
C1;folgern;conclure, déduire;Akkusativ;;;;Konjunktiv II;Daraus würde ich nichts folgern.;Je n'en conclurais rien.;I would draw no conclusion from that.
C1;ableiten;déduire, dériver;Akkusativ;;;;Präsens;Aus dem Text lässt sich keine Regel ableiten.;On ne peut déduire aucune règle du texte.;No rule can be derived from the text.
C1;ableiten;déduire, dériver;Akkusativ;;;;Perfekt;Sie hat ihre These aus zwei Beispielen abgeleitet.;Elle a tiré sa thèse de deux exemples.;She derived her thesis from two examples.
C1;ableiten;déduire, dériver;Akkusativ;;;;Präteritum;Man leitete daraus ein Recht ab.;On en déduisit un droit.;A right was derived from it.
C1;ableiten;déduire, dériver;Akkusativ;;;;Konjunktiv II;Daraus würde ich keinen Anspruch ableiten.;Je n'en tirerais aucun droit.;I would not derive any claim from that.
C1;gewichten;pondérer, hiérarchiser;Akkusativ;;;;Präsens;Wir gewichten Erfahrung höher als Noten.;Nous pondérons l'expérience plus fortement que les notes.;We weight experience more heavily than grades.
C1;gewichten;pondérer, hiérarchiser;Akkusativ;;;;Perfekt;Die Jury hat die Kriterien unterschiedlich gewichtet.;Le jury a pondéré les critères différemment.;The jury weighted the criteria differently.
C1;gewichten;pondérer, hiérarchiser;Akkusativ;;;;Präteritum;Man gewichtete damals nur den Preis.;À l'époque, on ne pondérait que le prix.;At the time only price was given weight.
C1;gewichten;pondérer, hiérarchiser;Akkusativ;;;;Konjunktiv II;Ich würde das anders gewichten.;Je pondérerais cela autrement.;I would weight that differently.
C1;sich zuspitzen;exacerber, radicaliser;Akkusativ;;;oui;Präsens;Die Lage spitzt sich von Tag zu Tag zu.;La situation s'aggrave de jour en jour.;The situation is escalating by the day.
C1;sich zuspitzen;exacerber, radicaliser;Akkusativ;;;oui;Perfekt;Der Konflikt hat sich weiter zugespitzt.;Le conflit s'est encore aggravé.;The conflict escalated further.
C1;sich zuspitzen;exacerber, radicaliser;Akkusativ;;;oui;Präteritum;Die Krise spitzte sich im Winter zu.;La crise s'aggrava pendant l'hiver.;The crisis came to a head in winter.
C1;sich zuspitzen;exacerber, radicaliser;Akkusativ;;;oui;Konjunktiv II;Ich würde es nicht so zuspitzen.;Je ne forcerais pas le trait à ce point.;I would not put it so sharply.
C1;beharren;s'obstiner, persister;Dativ;auf;;;Präsens;Sie beharrt auf ihrem Standpunkt.;Elle persiste dans son point de vue.;She insists on her position.
C1;beharren;s'obstiner, persister;Dativ;auf;;;Perfekt;Er hat auf dem Termin beharrt.;Il a insisté sur la date.;He insisted on the date.
C1;beharren;s'obstiner, persister;Dativ;auf;;;Präteritum;Beide beharrten auf ihrer Version.;Tous deux persistaient dans leur version.;Both insisted on their version.
C1;beharren;s'obstiner, persister;Dativ;auf;;;Konjunktiv II;An seiner Stelle würde ich nicht darauf beharren.;À sa place, je n'insisterais pas là-dessus.;In his place I would not insist on it.
C1;erschließen;rendre accessible, aménager (sich erschließen : se déduire);Akkusativ;;;;Präsens;Die Bedeutung lässt sich aus dem Zusammenhang erschließen.;Le sens se laisse déduire du contexte.;The meaning can be inferred from the context.
C1;erschließen;rendre accessible, aménager (sich erschließen : se déduire);Akkusativ;;;;Perfekt;Die Stadt hat ein neues Viertel erschlossen.;La ville a viabilisé un nouveau quartier.;The city opened up a new district.
C1;erschließen;rendre accessible, aménager (sich erschließen : se déduire);Akkusativ;;;;Präteritum;Er erschloss sich die Regel selbst.;Il déduisit la règle par lui-même.;He worked out the rule for himself.
C1;erschließen;rendre accessible, aménager (sich erschließen : se déduire);Akkusativ;;;;Konjunktiv II;Daraus würde sich der Sinn erschließen.;Le sens s'en dégagerait.;The meaning would become clear from that.
C1;sich abschwächen;atténuer, affaiblir;Akkusativ;;;oui;Präsens;Er schwächt seine Kritik im letzten Satz wieder ab.;Il atténue sa critique dans la dernière phrase.;He tones down his criticism in the last sentence.
C1;sich abschwächen;atténuer, affaiblir;Akkusativ;;;oui;Perfekt;Das Wachstum hat sich deutlich abgeschwächt.;La croissance s'est nettement affaiblie.;Growth has weakened markedly.
C1;sich abschwächen;atténuer, affaiblir;Akkusativ;;;oui;Präteritum;Der Sturm schwächte sich über Nacht ab.;La tempête faiblit pendant la nuit.;The storm weakened overnight.
C1;sich abschwächen;atténuer, affaiblir;Akkusativ;;;oui;Konjunktiv II;Ich würde die Formulierung etwas abschwächen.;J'atténuerais un peu la formulation.;I would tone the wording down a little.
C1;ausufern;déborder, prendre des proportions excessives;;;oui;;Präsens;Die Diskussion ufert jedes Mal aus.;La discussion déborde à chaque fois.;The discussion gets out of hand every time.
C1;ausufern;déborder, prendre des proportions excessives;;;oui;;Perfekt;Das Projekt ist völlig ausgeufert.;Le projet a complètement dérapé.;The project got completely out of hand.
C1;ausufern;déborder, prendre des proportions excessives;;;oui;;Präteritum;Die Kosten uferten schnell aus.;Les coûts dérapèrent rapidement.;The costs quickly spiralled.
C1;ausufern;déborder, prendre des proportions excessives;;;oui;;Konjunktiv II;Ohne Regeln würde das sofort ausufern.;Sans règles, cela déraperait aussitôt.;Without rules that would immediately get out of hand.
C1;veranschlagen;estimer, évaluer (un coût);Akkusativ;;;;Präsens;Wir veranschlagen dafür drei Wochen.;Nous estimons cela à trois semaines.;We are budgeting three weeks for that.
C1;veranschlagen;estimer, évaluer (un coût);Akkusativ;;;;Perfekt;Die Kosten wurden zu niedrig veranschlagt.;Les coûts ont été évalués trop bas.;The costs were estimated too low.
C1;veranschlagen;estimer, évaluer (un coût);Akkusativ;;;;Präteritum;Man veranschlagte damals zwei Millionen.;On évaluait alors le montant à deux millions.;At the time two million were budgeted.
C1;veranschlagen;estimer, évaluer (un coût);Akkusativ;;;;Konjunktiv II;Ich würde eher fünf Tage veranschlagen.;Je compterais plutôt cinq jours.;I would rather budget five days.
C1;einkalkulieren;prévoir dans le calcul, tenir compte de;Akkusativ;;;;Präsens;Verzögerungen kalkulieren wir von vornherein ein.;Nous prévoyons les retards dès le départ.;We factor delays in from the outset.
C1;einkalkulieren;prévoir dans le calcul, tenir compte de;Akkusativ;;;;Perfekt;Den Widerstand hatte niemand einkalkuliert.;Personne n'avait prévu la résistance.;Nobody had factored in the resistance.
C1;einkalkulieren;prévoir dans le calcul, tenir compte de;Akkusativ;;;;Präteritum;Sie kalkulierte einen Verlust ein.;Elle prévoyait une perte dans ses calculs.;She factored in a loss.
C1;einkalkulieren;prévoir dans le calcul, tenir compte de;Akkusativ;;;;Konjunktiv II;Ich würde einen Puffer einkalkulieren.;Je prévoirais une marge.;I would factor in a buffer.
C1;aufschlüsseln;ventiler, détailler (des chiffres);Akkusativ;;;;Präsens;Die Kosten sind nach Bereichen aufgeschlüsselt.;Les coûts sont ventilés par domaine.;The costs are broken down by area.
C1;aufschlüsseln;ventiler, détailler (des chiffres);Akkusativ;;;;Perfekt;Der Bericht hat die Zahlen sauber aufgeschlüsselt.;Le rapport a ventilé les chiffres proprement.;The report broke the figures down cleanly.
C1;aufschlüsseln;ventiler, détailler (des chiffres);Akkusativ;;;;Präteritum;Er schlüsselte die Summe nach Monaten auf.;Il ventila la somme par mois.;He broke the sum down by month.
C1;aufschlüsseln;ventiler, détailler (des chiffres);Akkusativ;;;;Konjunktiv II;Ich würde das nach Regionen aufschlüsseln.;Je ventilerais cela par régions.;I would break that down by region.
C1;heranziehen;faire appel à, se référer à;Akkusativ;;;;Präsens;Für den Vergleich ziehen wir ältere Daten heran.;Pour la comparaison, nous nous référons à des données plus anciennes.;For the comparison we draw on older data.
C1;heranziehen;faire appel à, se référer à;Akkusativ;;;;Perfekt;Man hat einen externen Gutachter herangezogen.;On a fait appel à un expert externe.;An external expert was called in.
C1;heranziehen;faire appel à, se référer à;Akkusativ;;;;Präteritum;Sie zog dafür zwei Studien heran.;Elle s'appuya pour cela sur deux études.;She drew on two studies for it.
C1;heranziehen;faire appel à, se référer à;Akkusativ;;;;Konjunktiv II;Ich würde eher die Originalquelle heranziehen.;Je m'appuierais plutôt sur la source d'origine.;I would rather consult the original source.
C1;herleiten;déduire, faire dériver;Akkusativ;;;;Präsens;Woraus leitest du diese Regel her?;D'où déduis-tu cette règle ?;What are you deriving this rule from?
C1;herleiten;déduire, faire dériver;Akkusativ;;;;Perfekt;Die Formel wurde sauber hergeleitet.;La formule a été démontrée proprement.;The formula was properly derived.
C1;herleiten;déduire, faire dériver;Akkusativ;;;;Präteritum;Er leitete alles aus einem Satz her.;Il déduisait tout d'une seule phrase.;He derived everything from one sentence.
C1;herleiten;déduire, faire dériver;Akkusativ;;;;Konjunktiv II;So würde ich das nicht herleiten.;Ce n'est pas ainsi que je le déduirais.;I would not derive it that way.
C1;bekräftigen;réaffirmer, confirmer avec force;Akkusativ;;;;Präsens;Sie bekräftigt ihre Zusage noch einmal schriftlich.;Elle réaffirme son engagement une fois de plus par écrit.;She reaffirms her commitment once more in writing.
C1;bekräftigen;réaffirmer, confirmer avec force;Akkusativ;;;;Perfekt;Beide Seiten haben die Vereinbarung bekräftigt.;Les deux parties ont réaffirmé l'accord.;Both sides reaffirmed the agreement.
C1;bekräftigen;réaffirmer, confirmer avec force;Akkusativ;;;;Präteritum;Der Minister bekräftigte den Zeitplan.;Le ministre réaffirma le calendrier.;The minister reaffirmed the timetable.
C1;bekräftigen;réaffirmer, confirmer avec force;Akkusativ;;;;Konjunktiv II;Ich würde das an seiner Stelle öffentlich bekräftigen.;À sa place, je le réaffirmerais publiquement.;In his place I would reaffirm it publicly.
C1;zugestehen;concéder, accorder;Akkusativ+Dativ;;;;Präsens;Man muss ihm zugestehen, dass er es versucht hat.;Il faut lui concéder qu'il a essayé.;One must concede that he tried.
C1;zugestehen;concéder, accorder;Akkusativ+Dativ;;;;Perfekt;Die Firma hat ihr zwei freie Tage zugestanden.;L'entreprise lui a accordé deux jours de congé.;The company granted her two days off.
C1;zugestehen;concéder, accorder;Akkusativ+Dativ;;;;Präteritum;Er gestand einen Fehler zu, mehr nicht.;Il concéda une erreur, rien de plus.;He conceded one mistake, no more.
C1;zugestehen;concéder, accorder;Akkusativ+Dativ;;;;Konjunktiv II;So viel Zeit würde ich niemandem zugestehen.;Je n'accorderais autant de temps à personne.;I would grant nobody that much time.
C1;abstreiten;nier, contester;Akkusativ;;;;Präsens;Er streitet jede Beteiligung ab.;Il nie toute participation.;He denies any involvement.
C1;abstreiten;nier, contester;Akkusativ;;;;Perfekt;Sie hat es bis zuletzt abgestritten.;Elle l'a nié jusqu'au bout.;She denied it to the very end.
C1;abstreiten;nier, contester;Akkusativ;;;;Präteritum;Beide stritten die Absprache ab.;Tous deux nièrent l'entente.;Both denied the arrangement.
C1;abstreiten;nier, contester;Akkusativ;;;;Konjunktiv II;Das würde ich an seiner Stelle nicht abstreiten.;À sa place, je ne le nierais pas.;In his place I would not deny that.
C1;verharmlosen;minimiser, banaliser;Akkusativ;;;;Präsens;Der Bericht verharmlost die Risiken.;Le rapport minimise les risques.;The report plays down the risks.
C1;verharmlosen;minimiser, banaliser;Akkusativ;;;;Perfekt;Man hat die Lage jahrelang verharmlost.;On a minimisé la situation pendant des années.;The situation was played down for years.
C1;verharmlosen;minimiser, banaliser;Akkusativ;;;;Präteritum;Die Zeitung verharmloste den Vorfall.;Le journal minimisa l'incident.;The paper trivialized the incident.
C1;verharmlosen;minimiser, banaliser;Akkusativ;;;;Konjunktiv II;Ich würde nichts davon verharmlosen.;Je n'en minimiserais rien.;I would trivialize none of it.
C1;aushebeln;neutraliser, contourner (une règle);Akkusativ;;;;Präsens;Die Ausnahme hebelt die ganze Regel aus.;L'exception neutralise toute la règle.;The exception overrides the whole rule.
C1;aushebeln;neutraliser, contourner (une règle);Akkusativ;;;;Perfekt;Ein einziger Absatz hat den Schutz ausgehebelt.;Un seul alinéa a réduit la protection à néant.;A single paragraph overrode the protection.
C1;aushebeln;neutraliser, contourner (une règle);Akkusativ;;;;Präteritum;Die Praxis hebelte das Gesetz aus.;La pratique contournait la loi.;Practice circumvented the law.
C1;aushebeln;neutraliser, contourner (une règle);Akkusativ;;;;Konjunktiv II;Das würde jede Kontrolle aushebeln.;Cela réduirait tout contrôle à néant.;That would override every control.
C1;einstehen;répondre de, se porter garant;;für;;;Präsens;Für seine Leute steht er ein.;Il répond de ses gens.;He answers for his people.
C1;einstehen;répondre de, se porter garant;;für;;;Perfekt;Sie ist für den Schaden eingestanden.;Elle a répondu du dommage.;She answered for the damage.
C1;einstehen;répondre de, se porter garant;;für;;;Präteritum;Niemand stand für die Entscheidung ein.;Personne n'assuma la décision.;Nobody answered for the decision.
C1;einstehen;répondre de, se porter garant;;für;;;Konjunktiv II;Dafür würde ich nicht einstehen.;Je n'en répondrais pas.;I would not vouch for that.
C1;absichern;sécuriser, garantir;Akkusativ;;;;Präsens;Der Vertrag sichert beide Seiten ab.;Le contrat sécurise les deux parties.;The contract safeguards both sides.
C1;absichern;sécuriser, garantir;Akkusativ;;;;Perfekt;Das Projekt ist finanziell abgesichert.;Le projet est financièrement sécurisé.;The project is financially secured.
C1;absichern;sécuriser, garantir;Akkusativ;;;;Präteritum;Man sicherte die Baustelle nachts ab.;On sécurisait le chantier la nuit.;The site was secured at night.
C1;absichern;sécuriser, garantir;Akkusativ;;;;Konjunktiv II;Ich würde das vertraglich absichern.;Je sécuriserais cela par contrat.;I would secure that contractually.
C1;abwenden;détourner, éviter (un danger);Akkusativ;;;;Präsens;Nur ein Kredit wendet die Insolvenz ab.;Seul un crédit évite la faillite.;Only a loan will avert insolvency.
C1;abwenden;détourner, éviter (un danger);Akkusativ;;;;Perfekt;Das Schlimmste wurde abgewendet.;Le pire a été évité.;The worst was averted.
C1;abwenden;détourner, éviter (un danger);Akkusativ;;;;Präteritum;Ein Anruf wandte das Unglück ab.;Un appel évita le malheur.;A phone call averted the disaster.
C1;abwenden;détourner, éviter (un danger);Akkusativ;;;;Konjunktiv II;Damit würde man nichts abwenden.;Cela n'éviterait rien.;That would avert nothing.
C1;auffangen;amortir, absorber (un choc);Akkusativ;;;;Präsens;Die Rücklagen fangen den Ausfall auf.;Les réserves absorbent la perte.;The reserves absorb the shortfall.
C1;auffangen;amortir, absorber (un choc);Akkusativ;;;;Perfekt;Der Staat hat die Verluste aufgefangen.;L'État a absorbé les pertes.;The state absorbed the losses.
C1;auffangen;amortir, absorber (un choc);Akkusativ;;;;Präteritum;Die Familie fing den Schock auf.;La famille encaissa le choc.;The family cushioned the shock.
C1;auffangen;amortir, absorber (un choc);Akkusativ;;;;Konjunktiv II;Ein zweites Team würde das auffangen.;Une deuxième équipe absorberait cela.;A second team would absorb that.
C1;abfedern;amortir, atténuer;Akkusativ;;;;Präsens;Zuschüsse federn die Preiserhöhung ab.;Des aides amortissent la hausse des prix.;Subsidies cushion the price increase.
C1;abfedern;amortir, atténuer;Akkusativ;;;;Perfekt;Der Übergang wurde sozial abgefedert.;La transition a été amortie socialement.;The transition was socially cushioned.
C1;abfedern;amortir, atténuer;Akkusativ;;;;Präteritum;Die Rücklage federte den Ausfall ab.;La réserve amortit la perte.;The reserve cushioned the loss.
C1;abfedern;amortir, atténuer;Akkusativ;;;;Konjunktiv II;Eine Frist würde das abfedern.;Un délai amortirait cela.;A grace period would cushion that.
C1;eingrenzen;circonscrire, restreindre;Akkusativ;;;;Präsens;Wir grenzen die Suche auf zwei Jahre ein.;Nous restreignons la recherche à deux années.;We are narrowing the search to two years.
C1;eingrenzen;circonscrire, restreindre;Akkusativ;;;;Perfekt;Die Ursache wurde eingegrenzt.;La cause a été circonscrite.;The cause was narrowed down.
C1;eingrenzen;circonscrire, restreindre;Akkusativ;;;;Präteritum;Man grenzte den Schaden schnell ein.;On circonscrivit vite les dégâts.;The damage was quickly contained.
C1;eingrenzen;circonscrire, restreindre;Akkusativ;;;;Konjunktiv II;Ich würde das Thema stärker eingrenzen.;Je délimiterais davantage le sujet.;I would narrow the topic down further.
C1;ausklammern;laisser de côté, exclure;Akkusativ;;;;Präsens;Diese Frage klammern wir heute aus.;Nous laissons cette question de côté aujourd'hui.;We are leaving that question aside today.
C1;ausklammern;laisser de côté, exclure;Akkusativ;;;;Perfekt;Der Bericht hat die Kosten ausgeklammert.;Le rapport a laissé les coûts de côté.;The report bracketed out the costs.
C1;ausklammern;laisser de côté, exclure;Akkusativ;;;;Präteritum;Sie klammerte den heikelsten Punkt aus.;Elle laissait de côté le point le plus délicat.;She left out the most delicate point.
C1;ausklammern;laisser de côté, exclure;Akkusativ;;;;Konjunktiv II;Das würde ich nicht ausklammern.;Je ne laisserais pas cela de côté.;I would not leave that aside.
C1;einhergehen;aller de pair avec;;mit;;;Präsens;Wachstum geht oft mit höherem Verbrauch einher.;La croissance va souvent de pair avec une consommation accrue.;Growth often goes hand in hand with higher consumption.
C1;einhergehen;aller de pair avec;;mit;;;Perfekt;Der Umbau ist mit Lärm einhergegangen.;Les travaux se sont accompagnés de bruit.;The rebuilding went hand in hand with noise.
C1;einhergehen;aller de pair avec;;mit;;;Präteritum;Die Reform ging mit Kürzungen einher.;La réforme s'accompagnait de coupes.;The reform went hand in hand with cuts.
C1;einhergehen;aller de pair avec;;mit;;;Konjunktiv II;Das würde mit hohen Kosten einhergehen.;Cela s'accompagnerait de coûts élevés.;That would go hand in hand with high costs.
C1;beantragen;demander officiellement, déposer une demande;Akkusativ;;;;Präsens;Sie beantragt eine Verlängerung des Visums.;Elle demande une prolongation du visa.;She is applying for a visa extension.
C1;beantragen;demander officiellement, déposer une demande;Akkusativ;;;;Perfekt;Er hat Elternzeit beantragt.;Il a demandé un congé parental.;He applied for parental leave.
C1;beantragen;demander officiellement, déposer une demande;Akkusativ;;;;Präteritum;Die Firma beantragte einen Zuschuss.;L'entreprise demanda une subvention.;The company applied for a subsidy.
C1;beantragen;demander officiellement, déposer une demande;Akkusativ;;;;Konjunktiv II;Ich würde das schriftlich beantragen.;Je le demanderais par écrit.;I would apply for that in writing.
C1;genehmigen;autoriser, approuver;Akkusativ;;;;Präsens;Das Amt genehmigt den Umbau unter Auflagen.;L'administration autorise les travaux sous conditions.;The authority approves the conversion subject to conditions.
C1;genehmigen;autoriser, approuver;Akkusativ;;;;Perfekt;Der Antrag wurde nach acht Monaten genehmigt.;La demande a été approuvée après huit mois.;The application was approved after eight months.
C1;genehmigen;autoriser, approuver;Akkusativ;;;;Präteritum;Man genehmigte nur die Hälfte der Summe.;On n'approuva que la moitié de la somme.;Only half the sum was approved.
C1;genehmigen;autoriser, approuver;Akkusativ;;;;Konjunktiv II;So würde das niemand genehmigen.;Personne n'approuverait cela ainsi.;Nobody would approve it like that.
C1;entziehen;retirer, priver de;Akkusativ+Dativ;;;;Präsens;Man entzieht ihm die Lizenz für ein Jahr.;On lui retire la licence pour un an.;His licence is being revoked for a year.
C1;entziehen;retirer, priver de;Akkusativ+Dativ;;;;Perfekt;Der Verein hat ihm das Amt entzogen.;L'association lui a retiré sa fonction.;The club stripped him of the office.
C1;entziehen;retirer, priver de;Akkusativ+Dativ;;;;Präteritum;Das Gericht entzog ihr das Sorgerecht.;Le tribunal lui retira la garde.;The court withdrew her custody.
C1;entziehen;retirer, priver de;Akkusativ+Dativ;;;;Konjunktiv II;Ich würde ihm die Aufgabe entziehen.;Je lui retirerais la tâche.;I would take the task away from him.
C1;erteilen;accorder, délivrer (une autorisation);Akkusativ+Dativ;;;;Präsens;Die Behörde erteilt die Erlaubnis erst nach Prüfung.;L'administration délivre l'autorisation seulement après examen.;The authority issues the permit only after review.
C1;erteilen;accorder, délivrer (une autorisation);Akkusativ+Dativ;;;;Perfekt;Man hat ihr eine Ausnahmegenehmigung erteilt.;On lui a accordé une dérogation.;She was granted a special permit.
C1;erteilen;accorder, délivrer (une autorisation);Akkusativ+Dativ;;;;Präteritum;Der Chef erteilte ihm einen klaren Auftrag.;Le patron lui donna une consigne claire.;The boss gave him a clear assignment.
C1;erteilen;accorder, délivrer (une autorisation);Akkusativ+Dativ;;;;Konjunktiv II;Diese Auskunft würde ich nicht erteilen.;Je ne donnerais pas ce renseignement.;I would not give out that information.
C1;auferlegen;imposer (une obligation);Akkusativ+Dativ;;;;Präsens;Das Gesetz erlegt den Betrieben neue Pflichten auf.;La loi impose de nouvelles obligations aux entreprises.;The law imposes new duties on businesses.
C1;auferlegen;imposer (une obligation);Akkusativ+Dativ;;;;Perfekt;Man hat ihm eine Geldbuße auferlegt.;On lui a infligé une amende.;A fine was imposed on him.
C1;auferlegen;imposer (une obligation);Akkusativ+Dativ;;;;Präteritum;Die Schule erlegte allen dieselbe Regel auf.;L'école imposait à tous la même règle.;The school imposed the same rule on everyone.
C1;auferlegen;imposer (une obligation);Akkusativ+Dativ;;;;Konjunktiv II;So etwas würde ich niemandem auferlegen.;Je n'imposerais cela à personne.;I would impose such a thing on nobody.
C1;verhängen;prononcer, infliger (une sanction);Akkusativ;;;;Präsens;Das Gericht verhängt eine Geldstrafe.;Le tribunal prononce une amende.;The court imposes a fine.
C1;verhängen;prononcer, infliger (une sanction);Akkusativ;;;;Perfekt;Über die Stadt wurde eine Ausgangssperre verhängt.;Un couvre-feu a été décrété sur la ville.;A curfew was imposed on the city.
C1;verhängen;prononcer, infliger (une sanction);Akkusativ;;;;Präteritum;Der Verband verhängte eine Sperre von drei Spielen.;La fédération prononça une suspension de trois matchs.;The association imposed a three-match ban.
C1;verhängen;prononcer, infliger (une sanction);Akkusativ;;;;Konjunktiv II;Ich würde keine Strafe verhängen.;Je ne prononcerais aucune sanction.;I would impose no penalty.
C1;widerrufen;révoquer, se rétracter;Akkusativ;;;;Präsens;Sie widerruft den Vertrag innerhalb der Frist.;Elle se rétracte du contrat dans le délai.;She withdraws from the contract within the deadline.
C1;widerrufen;révoquer, se rétracter;Akkusativ;;;;Perfekt;Er hat seine Aussage widerrufen.;Il a rétracté sa déclaration.;He retracted his statement.
C1;widerrufen;révoquer, se rétracter;Akkusativ;;;;Präteritum;Die Bank widerrief die Zusage.;La banque révoqua son accord.;The bank revoked the commitment.
C1;widerrufen;révoquer, se rétracter;Akkusativ;;;;Konjunktiv II;An deiner Stelle würde ich widerrufen.;À ta place, je me rétracterais.;In your place I would withdraw.
C1;vertagen;ajourner, reporter;Akkusativ;;;;Präsens;Wir vertagen die Entscheidung auf nächste Woche.;Nous ajournons la décision à la semaine prochaine.;We are postponing the decision to next week.
C1;vertagen;ajourner, reporter;Akkusativ;;;;Perfekt;Die Sitzung wurde zweimal vertagt.;La séance a été reportée deux fois.;The meeting was adjourned twice.
C1;vertagen;ajourner, reporter;Akkusativ;;;;Präteritum;Man vertagte den Punkt auf unbestimmte Zeit.;On reporta le point à une date indéterminée.;The item was adjourned indefinitely.
C1;vertagen;ajourner, reporter;Akkusativ;;;;Konjunktiv II;Ich würde das nicht noch einmal vertagen.;Je ne reporterais pas cela une fois de plus.;I would not postpone that again.
C1;nachreichen;fournir ultérieurement;Akkusativ;;;;Präsens;Die fehlenden Belege reichen Sie bitte nach.;Veuillez fournir les justificatifs manquants ultérieurement.;Please submit the missing receipts afterwards.
C1;nachreichen;fournir ultérieurement;Akkusativ;;;;Perfekt;Das Attest wurde am Montag nachgereicht.;Le certificat a été fourni après coup le lundi.;The certificate was handed in on Monday.
C1;nachreichen;fournir ultérieurement;Akkusativ;;;;Präteritum;Sie reichte die Unterschrift nach.;Elle fournit la signature après coup.;She submitted the signature later.
C1;nachreichen;fournir ultérieurement;Akkusativ;;;;Konjunktiv II;Ich würde den Nachweis nachreichen.;Je fournirais le justificatif après coup.;I would submit the proof later.
C1;verschweigen;taire, passer sous silence;Akkusativ+Dativ;;;;Präsens;Er verschweigt den wichtigsten Teil.;Il tait la partie la plus importante.;He is concealing the most important part.
C1;verschweigen;taire, passer sous silence;Akkusativ+Dativ;;;;Perfekt;Man hat ihr die Diagnose lange verschwiegen.;On lui a longtemps caché le diagnostic.;The diagnosis was kept from her for a long time.
C1;verschweigen;taire, passer sous silence;Akkusativ+Dativ;;;;Präteritum;Der Bericht verschwieg die Kosten.;Le rapport passait les coûts sous silence.;The report said nothing about the costs.
C1;verschweigen;taire, passer sous silence;Akkusativ+Dativ;;;;Konjunktiv II;Das würde ich nicht verschweigen.;Je ne passerais pas cela sous silence.;I would not keep quiet about that.
C1;beschönigen;enjoliver, présenter sous un jour favorable;Akkusativ;;;;Präsens;Der Text beschönigt die Lage.;Le texte enjolive la situation.;The text glosses over the situation.
C1;beschönigen;enjoliver, présenter sous un jour favorable;Akkusativ;;;;Perfekt;Nichts wurde beschönigt.;Rien n'a été enjolivé.;Nothing was glossed over.
C1;beschönigen;enjoliver, présenter sous un jour favorable;Akkusativ;;;;Präteritum;Sie beschönigte den Aufwand.;Elle minimisait l'effort à fournir.;She played down the effort involved.
C1;beschönigen;enjoliver, présenter sous un jour favorable;Akkusativ;;;;Konjunktiv II;Ich würde da nichts beschönigen.;Je n'enjoliverais rien là-dedans.;I would gloss over nothing there.
C1;entschärfen;désamorcer, atténuer;Akkusativ;;;;Präsens;Ein Satz genügte, um die Lage zu entschärfen.;Une phrase a suffi à désamorcer la situation.;One sentence was enough to defuse the situation.
C1;entschärfen;désamorcer, atténuer;Akkusativ;;;;Perfekt;Der Konflikt wurde vorläufig entschärft.;Le conflit a été désamorcé provisoirement.;The conflict was defused for the time being.
C1;entschärfen;désamorcer, atténuer;Akkusativ;;;;Präteritum;Die Änderung entschärfte den schärfsten Absatz.;La modification adoucit l'alinéa le plus dur.;The amendment softened the harshest paragraph.
C1;entschärfen;désamorcer, atténuer;Akkusativ;;;;Konjunktiv II;Eine Frist würde das entschärfen.;Un délai désamorcerait cela.;A grace period would defuse that.
C1;aushandeln;négocier;Akkusativ;;;;Präsens;Die Bedingungen handeln wir gemeinsam aus.;Nous négocions les conditions ensemble.;We negotiate the terms together.
C1;aushandeln;négocier;Akkusativ;;;;Perfekt;Der Kompromiss wurde über Nacht ausgehandelt.;Le compromis a été négocié en une nuit.;The compromise was negotiated overnight.
C1;aushandeln;négocier;Akkusativ;;;;Präteritum;Sie handelte einen besseren Preis aus.;Elle négocia un meilleur prix.;She negotiated a better price.
C1;aushandeln;négocier;Akkusativ;;;;Konjunktiv II;Ich würde eine längere Frist aushandeln.;Je négocierais un délai plus long.;I would negotiate a longer deadline.
C1;beilegen;"régler (un différend) ; joindre";Akkusativ;;;;Präsens;Beide Seiten legen den Streit bei.;Les deux parties règlent le différend.;Both sides settle the dispute.
C1;beilegen;"régler (un différend) ; joindre";Akkusativ;;;;Perfekt;Der Streit wurde ohne Gericht beigelegt.;Le litige a été réglé sans tribunal.;The dispute was settled without court.
C1;beilegen;"régler (un différend) ; joindre";Akkusativ;;;;Präteritum;Er legte dem Brief eine Rechnung bei.;Il joignit une facture à la lettre.;He enclosed an invoice with the letter.
C1;beilegen;"régler (un différend) ; joindre";Akkusativ;;;;Konjunktiv II;Ich würde die Sache still beilegen.;Je réglerais l'affaire discrètement.;I would settle the matter quietly.
C1;verorten;situer, localiser;Akkusativ;;;;Präsens;Man verortet den Ursprung im vierzehnten Jahrhundert.;On situe l'origine au quatorzième siècle.;The origin is placed in the fourteenth century.
C1;verorten;situer, localiser;Akkusativ;;;;Perfekt;Die Studie hat das Problem falsch verortet.;L'étude a mal situé le problème.;The study located the problem in the wrong place.
C1;verorten;situer, localiser;Akkusativ;;;;Präteritum;Sie verortete sich klar in der Mitte.;Elle se situait clairement au centre.;She placed herself clearly in the centre.
C1;verorten;situer, localiser;Akkusativ;;;;Konjunktiv II;Ich würde das eher im Süden verorten.;Je situerais cela plutôt dans le sud.;I would place that further south.
C1;bezeugen;témoigner de, attester;Akkusativ;;;;Präsens;Zwei Nachbarn bezeugen den Vorfall.;Deux voisins témoignent de l'incident.;Two neighbours testify to the incident.
C1;bezeugen;témoigner de, attester;Akkusativ;;;;Perfekt;Der Vorgang ist urkundlich bezeugt.;Le fait est attesté par un document.;The event is documented in records.
C1;bezeugen;témoigner de, attester;Akkusativ;;;;Präteritum;Sie bezeugte, dass er anwesend war.;Elle témoigna qu'il était présent.;She testified that he was present.
C1;bezeugen;témoigner de, attester;Akkusativ;;;;Konjunktiv II;Das würde ich jederzeit bezeugen.;J'en témoignerais à tout moment.;I would testify to that any time.
C1;beteuern;protester de, assurer avec insistance;Akkusativ;;;;Präsens;Er beteuert seine Unschuld.;Il proteste de son innocence.;He protests his innocence.
C1;beteuern;protester de, assurer avec insistance;Akkusativ;;;;Perfekt;Sie hat immer wieder beteuert, nichts gewusst zu haben.;Elle a affirmé et réaffirmé n'avoir rien su.;She insisted again and again that she knew nothing.
C1;beteuern;protester de, assurer avec insistance;Akkusativ;;;;Präteritum;Beide beteuerten ihre Absicht.;Tous deux protestaient de leur bonne intention.;Both insisted on their good intentions.
C1;beteuern;protester de, assurer avec insistance;Akkusativ;;;;Konjunktiv II;An seiner Stelle würde ich weniger beteuern.;À sa place, je protesterais moins de ma bonne foi.;In his place I would protest less.
C1;leugnen;nier;Akkusativ;;;;Präsens;Niemand leugnet das Ausmaß des Schadens.;Personne ne nie l'ampleur des dégâts.;Nobody denies the extent of the damage.
C1;leugnen;nier;Akkusativ;;;;Perfekt;Er hat es bis zum Schluss geleugnet.;Il l'a nié jusqu'à la fin.;He denied it until the very end.
C1;leugnen;nier;Akkusativ;;;;Präteritum;Die Firma leugnete jede Verantwortung.;L'entreprise niait toute responsabilité.;The company denied all responsibility.
C1;leugnen;nier;Akkusativ;;;;Konjunktiv II;Das würde ich nicht leugnen.;Je ne le nierais pas.;I would not deny that.
C1;dementieren;démentir;Akkusativ;;;;Präsens;Das Ministerium dementiert den Bericht.;Le ministère dément le rapport.;The ministry denies the report.
C1;dementieren;démentir;Akkusativ;;;;Perfekt;Die Meldung wurde noch am selben Tag dementiert.;L'information a été démentie le jour même.;The report was denied the same day.
C1;dementieren;démentir;Akkusativ;;;;Präteritum;Er dementierte alles und bestätigte nichts.;Il démentait tout et ne confirmait rien.;He denied everything and confirmed nothing.
C1;dementieren;démentir;Akkusativ;;;;Konjunktiv II;Ich würde das nicht dementieren.;Je ne démentirais pas cela.;I would not deny that.
C1;aufbauschen;exagérer, monter en épingle;Akkusativ;;;;Präsens;Die Presse bauscht die Sache auf.;La presse monte l'affaire en épingle.;The press is blowing the matter out of proportion.
C1;aufbauschen;exagérer, monter en épingle;Akkusativ;;;;Perfekt;Der Vorfall wurde völlig aufgebauscht.;L'incident a été monté en épingle.;The incident was completely blown out of proportion.
C1;aufbauschen;exagérer, monter en épingle;Akkusativ;;;;Präteritum;Man bauschte einen Streit zum Skandal auf.;On transformait une dispute en scandale.;A quarrel was blown up into a scandal.
C1;aufbauschen;exagérer, monter en épingle;Akkusativ;;;;Konjunktiv II;Ich würde das nicht aufbauschen.;Je n'en ferais pas tout un plat.;I would not blow that up.
C1;kompensieren;compenser;Akkusativ;;;;Präsens;Erfahrung kompensiert einiges an Tempo.;L'expérience compense pas mal de vitesse.;Experience compensates for a good deal of speed.
C1;kompensieren;compenser;Akkusativ;;;;Perfekt;Der Verlust wurde durch Einsparungen kompensiert.;La perte a été compensée par des économies.;The loss was offset by savings.
C1;kompensieren;compenser;Akkusativ;;;;Präteritum;Sie kompensierte die Schwäche mit Technik.;Elle compensait sa faiblesse par la technique.;She compensated for the weakness with technique.
C1;kompensieren;compenser;Akkusativ;;;;Konjunktiv II;Das würde die Kosten kaum kompensieren.;Cela ne compenserait guère les coûts.;That would hardly offset the costs.
C1;aufwiegen;contrebalancer, valoir;Akkusativ;;;;Präsens;Der Gewinn wiegt den Aufwand nicht auf.;Le gain ne contrebalance pas l'effort.;The gain does not outweigh the effort.
C1;aufwiegen;contrebalancer, valoir;Akkusativ;;;;Perfekt;Ein guter Abend hat die Woche aufgewogen.;Une bonne soirée a compensé toute la semaine.;One good evening made up for the week.
C1;aufwiegen;contrebalancer, valoir;Akkusativ;;;;Präteritum;Nichts wog diesen Verlust auf.;Rien ne compensait cette perte.;Nothing made up for that loss.
C1;aufwiegen;contrebalancer, valoir;Akkusativ;;;;Konjunktiv II;Keine Summe würde das aufwiegen.;Aucune somme ne compenserait cela.;No sum would make up for that.
C1;einordnen;classer, situer;Akkusativ;;;;Präsens;Man muss die Zahl im Kontext einordnen.;Il faut situer ce chiffre dans son contexte.;The figure has to be placed in context.
C1;einordnen;classer, situer;Akkusativ;;;;Perfekt;Der Fund wurde ins zwölfte Jahrhundert eingeordnet.;La trouvaille a été datée du douzième siècle.;The find was dated to the twelfth century.
C1;einordnen;classer, situer;Akkusativ;;;;Präteritum;Sie ordnete sich politisch links ein.;Elle se classait politiquement à gauche.;She placed herself politically on the left.
C1;einordnen;classer, situer;Akkusativ;;;;Konjunktiv II;Ich würde das anders einordnen.;Je situerais cela autrement.;I would classify that differently.
C1;abgrenzen;délimiter, distinguer;Akkusativ;;;;Präsens;Wir grenzen den Begriff klar vom Nachbarbegriff ab.;Nous distinguons clairement la notion de sa voisine.;We clearly distinguish the term from its neighbour.
C1;abgrenzen;délimiter, distinguer;Akkusativ;;;;Perfekt;Das Thema wurde sauber abgegrenzt.;Le sujet a été proprement délimité.;The topic was cleanly delimited.
C1;abgrenzen;délimiter, distinguer;Akkusativ;;;;Präteritum;Er grenzte sich von der Gruppe ab.;Il se démarquait du groupe.;He distanced himself from the group.
C1;abgrenzen;délimiter, distinguer;Akkusativ;;;;Konjunktiv II;Ich würde das schärfer abgrenzen.;Je délimiterais cela plus nettement.;I would delimit that more sharply.
C1;herabsetzen;"réduire ; rabaisser";Akkusativ;;;;Präsens;Man setzt die Grenze auf achtzehn Jahre herab.;On abaisse la limite à dix-huit ans.;The limit is being lowered to eighteen.
C1;herabsetzen;"réduire ; rabaisser";Akkusativ;;;;Perfekt;Der Preis wurde deutlich herabgesetzt.;Le prix a été nettement baissé.;The price was significantly reduced.
C1;herabsetzen;"réduire ; rabaisser";Akkusativ;;;;Präteritum;Seine Bemerkung setzte sie öffentlich herab.;Sa remarque la rabaissait en public.;His remark belittled her in public.
C1;herabsetzen;"réduire ; rabaisser";Akkusativ;;;;Konjunktiv II;Ich würde niemanden so herabsetzen.;Je ne rabaisserais personne ainsi.;I would belittle nobody like that.
C1;hervorgehen;ressortir de, résulter;;aus;;;Präsens;Aus dem Brief geht das Gegenteil hervor.;Il ressort de la lettre le contraire.;The opposite emerges from the letter.
C1;hervorgehen;ressortir de, résulter;;aus;;;Perfekt;Aus dem Verein ist eine Stiftung hervorgegangen.;Une fondation est née de l'association.;A foundation emerged from the association.
C1;hervorgehen;ressortir de, résulter;;aus;;;Präteritum;Daraus ging keine klare Regel hervor.;Il n'en ressortait aucune règle claire.;No clear rule followed from that.
C1;hervorgehen;ressortir de, résulter;;aus;;;Konjunktiv II;Daraus würde nichts anderes hervorgehen.;Il n'en ressortirait rien d'autre.;Nothing else would follow from that.
C1;münden;déboucher sur, se jeter dans;;in;;;Präsens;Die Debatte mündet meist in denselben Streit.;Le débat débouche le plus souvent sur la même dispute.;The debate usually leads to the same quarrel.
C1;münden;déboucher sur, se jeter dans;;in;;;Perfekt;Der Protest ist in einen Streik gemündet.;La contestation a débouché sur une grève.;The protest led to a strike.
C1;münden;déboucher sur, se jeter dans;;in;;;Präteritum;Die Straße mündete in einen Feldweg.;La route débouchait sur un chemin de terre.;The road turned into a farm track.
C1;münden;déboucher sur, se jeter dans;;in;;;Konjunktiv II;Das würde in einer Sackgasse münden.;Cela déboucherait sur une impasse.;That would lead into a dead end.
C1;mutmaßen;conjecturer, présumer;Akkusativ;;;;Präsens;Man kann nur mutmaßen, warum er ging.;On ne peut que conjecturer pourquoi il est parti.;One can only speculate why he left.
C1;mutmaßen;conjecturer, présumer;Akkusativ;;;;Perfekt;Die Zeitung hat viel gemutmaßt und wenig gewusst.;Le journal a beaucoup supposé et peu su.;The paper speculated a lot and knew little.
C1;mutmaßen;conjecturer, présumer;Akkusativ;;;;Präteritum;Sie mutmaßte einen technischen Fehler.;Elle supposait une panne technique.;She surmised a technical fault.
C1;mutmaßen;conjecturer, présumer;Akkusativ;;;;Konjunktiv II;Ich würde da nicht mutmaßen.;Je ne me risquerais pas à des suppositions.;I would not speculate about that.
C1;weiterleiten;transmettre, faire suivre;Akkusativ;;;;Präsens;Ich leite die Anfrage an die Fachabteilung weiter.;Je transmets la demande au service compétent.;I am forwarding the enquiry to the relevant department.
C1;weiterleiten;transmettre, faire suivre;Akkusativ;;;;Perfekt;Die Beschwerde wurde nie weitergeleitet.;La plainte n'a jamais été transmise.;The complaint was never passed on.
C1;weiterleiten;transmettre, faire suivre;Akkusativ;;;;Präteritum;Er leitete die Mail sofort weiter.;Il transmit le courriel aussitôt.;He forwarded the email immediately.
C1;weiterleiten;transmettre, faire suivre;Akkusativ;;;;Konjunktiv II;Das würde ich nicht weiterleiten.;Je ne transmettrais pas cela.;I would not forward that.
C1;zurückstellen;différer, mettre en attente;Akkusativ;;;;Präsens;Wir stellen das Vorhaben vorerst zurück.;Nous différons le projet pour l'instant.;We are putting the project on hold for now.
C1;zurückstellen;différer, mettre en attente;Akkusativ;;;;Perfekt;Der Antrag wurde bis Herbst zurückgestellt.;La demande a été mise en attente jusqu'à l'automne.;The application was deferred until autumn.
C1;zurückstellen;différer, mettre en attente;Akkusativ;;;;Präteritum;Sie stellte eigene Wünsche zurück.;Elle faisait passer ses propres envies après.;She set her own wishes aside.
C1;zurückstellen;différer, mettre en attente;Akkusativ;;;;Konjunktiv II;Ich würde das nicht zurückstellen.;Je ne mettrais pas cela en attente.;I would not defer that.
C1;ermahnen;exhorter, rappeler à l'ordre;Akkusativ;;;;Präsens;Der Lehrer ermahnt die Klasse zur Ruhe.;Le professeur rappelle la classe au calme.;The teacher urges the class to be quiet.
C1;ermahnen;exhorter, rappeler à l'ordre;Akkusativ;;;;Perfekt;Man hat ihn zweimal ermahnt.;On l'a rappelé à l'ordre deux fois.;He was admonished twice.
C1;ermahnen;exhorter, rappeler à l'ordre;Akkusativ;;;;Präteritum;Sie ermahnte ihn zur Vorsicht.;Elle l'exhortait à la prudence.;She urged him to be careful.
C1;ermahnen;exhorter, rappeler à l'ordre;Akkusativ;;;;Konjunktiv II;Ich würde ihn erst einmal ermahnen.;Je commencerais par le rappeler à l'ordre.;I would first give him a warning.
C1;protokollieren;consigner, dresser le procès-verbal;Akkusativ;;;;Präsens;Wer protokolliert die Sitzung?;Qui rédige le procès-verbal de la séance ?;Who is taking the minutes of the meeting?
C1;protokollieren;consigner, dresser le procès-verbal;Akkusativ;;;;Perfekt;Jede Änderung wurde protokolliert.;Chaque modification a été consignée.;Every change was recorded.
C1;protokollieren;consigner, dresser le procès-verbal;Akkusativ;;;;Präteritum;Sie protokollierte den Verlauf genau.;Elle consignait le déroulement avec précision.;She recorded the sequence precisely.
C1;protokollieren;consigner, dresser le procès-verbal;Akkusativ;;;;Konjunktiv II;Ich würde das schriftlich protokollieren.;Je consignerais cela par écrit.;I would record that in writing.
C1;einsehen;"consulter ; reconnaître";Akkusativ;;;;Präsens;Die Akte darf jeder einsehen.;Le dossier est consultable par tous.;Anyone may inspect the file.
C1;einsehen;"consulter ; reconnaître";Akkusativ;;;;Perfekt;Er hat seinen Fehler eingesehen.;Il a reconnu son erreur.;He has acknowledged his mistake.
C1;einsehen;"consulter ; reconnaître";Akkusativ;;;;Präteritum;Sie sah ein, dass es keinen Sinn hatte.;Elle comprit que cela n'avait aucun sens.;She realized that it made no sense.
C1;einsehen;"consulter ; reconnaître";Akkusativ;;;;Konjunktiv II;Das würde ich sofort einsehen.;Je l'admettrais aussitôt.;I would accept that at once.
C1;vorenthalten;priver de, refuser (une information);Akkusativ+Dativ;;;;Präsens;Man enthält ihm die wichtigsten Zahlen vor.;On lui refuse les chiffres les plus importants.;The most important figures are being withheld from him.
C1;vorenthalten;priver de, refuser (une information);Akkusativ+Dativ;;;;Perfekt;Die Information wurde uns vorenthalten.;L'information nous a été cachée.;The information was withheld from us.
C1;vorenthalten;priver de, refuser (une information);Akkusativ+Dativ;;;;Präteritum;Der Verlag enthielt ihr das Honorar vor.;L'éditeur lui refusait ses honoraires.;The publisher withheld her fee.
C1;vorenthalten;priver de, refuser (une information);Akkusativ+Dativ;;;;Konjunktiv II;Das würde ich niemandem vorenthalten.;Je ne priverais personne de cela.;I would withhold that from nobody.
C1;schlichten;arbitrer, concilier;Akkusativ;;;;Präsens;Eine dritte Person schlichtet den Streit.;Une tierce personne arbitre le différend.;A third person mediates the dispute.
C1;schlichten;arbitrer, concilier;Akkusativ;;;;Perfekt;Der Konflikt wurde außergerichtlich geschlichtet.;Le conflit a été réglé à l'amiable.;The conflict was settled out of court.
C1;schlichten;arbitrer, concilier;Akkusativ;;;;Präteritum;Sie schlichtete zwischen beiden Seiten.;Elle arbitrait entre les deux parties.;She mediated between both sides.
C1;schlichten;arbitrer, concilier;Akkusativ;;;;Konjunktiv II;Ich würde das nicht selbst schlichten.;Je n'arbitrerais pas cela moi-même.;I would not mediate that myself.
C1;unterzeichnen;signer (officiellement);Akkusativ;;;;Präsens;Beide Seiten unterzeichnen den Vertrag am Freitag.;Les deux parties signent le contrat vendredi.;Both sides sign the contract on Friday.
C1;unterzeichnen;signer (officiellement);Akkusativ;;;;Perfekt;Das Abkommen wurde 1994 unterzeichnet.;L'accord a été signé en 1994.;The agreement was signed in 1994.
C1;unterzeichnen;signer (officiellement);Akkusativ;;;;Präteritum;Er unterzeichnete ohne zu lesen.;Il signa sans lire.;He signed without reading.
C1;unterzeichnen;signer (officiellement);Akkusativ;;;;Konjunktiv II;So würde ich nicht unterzeichnen.;Je ne signerais pas dans ces termes.;I would not sign it like that.
C1;verlängern;prolonger;Akkusativ;;;;Präsens;Wir verlängern den Vertrag um zwei Jahre.;Nous prolongeons le contrat de deux ans.;We are extending the contract by two years.
C1;verlängern;prolonger;Akkusativ;;;;Perfekt;Die Frist wurde noch einmal verlängert.;Le délai a encore été prolongé.;The deadline was extended once more.
C1;verlängern;prolonger;Akkusativ;;;;Präteritum;Man verlängerte die Öffnungszeiten.;On prolongeait les heures d'ouverture.;Opening hours were extended.
C1;verlängern;prolonger;Akkusativ;;;;Konjunktiv II;Ich würde das nicht verlängern.;Je ne prolongerais pas cela.;I would not renew that.
C1;auslaufen;expirer, arriver à échéance;;;oui;;Präsens;Die Förderung läuft Ende des Jahres aus.;L'aide arrive à échéance à la fin de l'année.;The funding expires at the end of the year.
C1;auslaufen;expirer, arriver à échéance;;;oui;;Perfekt;Der Vertrag ist im Juni ausgelaufen.;Le contrat a expiré en juin.;The contract expired in June.
C1;auslaufen;expirer, arriver à échéance;;;oui;;Präteritum;Die Serie lief nach drei Staffeln aus.;La série s'arrêta après trois saisons.;The series ended after three seasons.
C1;auslaufen;expirer, arriver à échéance;;;oui;;Konjunktiv II;Das Programm würde ohnehin auslaufen.;Le programme prendrait fin de toute façon.;The programme would expire anyway.
C1;nachhaken;relancer, creuser (une question);;bei + Dativ;;;Präsens;Die Journalistin hakt bei dem Minister nach.;La journaliste relance le ministre.;The journalist follows up with the minister.
C1;nachhaken;relancer, creuser (une question);;bei + Dativ;;;Perfekt;Niemand hat an dieser Stelle nachgehakt.;Personne n'a creusé la question sur ce point.;Nobody probed at that point.
C1;nachhaken;relancer, creuser (une question);;bei + Dativ;;;Präteritum;Er hakte so lange nach, bis eine Antwort kam.;Il insista jusqu'à obtenir une réponse.;He kept probing until an answer came.
C1;nachhaken;relancer, creuser (une question);;bei + Dativ;;;Konjunktiv II;Da würde ich nachhaken.;Là, je creuserais la question.;I would follow up on that.
C1;nachfassen;revenir à la charge, relancer;;bei + Dativ;;;Präsens;Wir fassen bei der Kundin noch einmal nach.;Nous relançons la cliente une fois de plus.;We follow up with the client once more.
C1;nachfassen;revenir à la charge, relancer;;bei + Dativ;;;Perfekt;Die Firma hat nie nachgefasst.;L'entreprise n'a jamais relancé.;The company never followed up.
C1;nachfassen;revenir à la charge, relancer;;bei + Dativ;;;Präteritum;Sie fasste telefonisch nach.;Elle relançait par téléphone.;She followed up by phone.
C1;nachfassen;revenir à la charge, relancer;;bei + Dativ;;;Konjunktiv II;Ich würde schriftlich nachfassen.;Je relancerais par écrit.;I would follow up in writing.
C1;durchleuchten;passer au crible, radiographier;Akkusativ;;;;Präsens;Der Ausschuss durchleuchtet die Vergabe.;La commission passe l'attribution au crible.;The committee is scrutinizing the award.
C1;durchleuchten;passer au crible, radiographier;Akkusativ;;;;Perfekt;Die Finanzen wurden gründlich durchleuchtet.;Les finances ont été passées au crible.;The finances were thoroughly scrutinized.
C1;durchleuchten;passer au crible, radiographier;Akkusativ;;;;Präteritum;Man durchleuchtete jeden Vertrag.;On passait chaque contrat au crible.;Every contract was scrutinized.
C1;durchleuchten;passer au crible, radiographier;Akkusativ;;;;Konjunktiv II;Ich würde die Zahlen durchleuchten.;Je passerais les chiffres au crible.;I would scrutinize the figures.
C1;aufdecken;mettre au jour, révéler;Akkusativ;;;;Präsens;Zwei Journalisten decken den Skandal auf.;Deux journalistes révèlent le scandale.;Two journalists uncover the scandal.
C1;aufdecken;mettre au jour, révéler;Akkusativ;;;;Perfekt;Der Fehler wurde erst spät aufgedeckt.;L'erreur n'a été découverte que tardivement.;The error was uncovered only late.
C1;aufdecken;mettre au jour, révéler;Akkusativ;;;;Präteritum;Die Prüfung deckte drei Lücken auf.;L'audit révéla trois lacunes.;The audit uncovered three gaps.
C1;aufdecken;mettre au jour, révéler;Akkusativ;;;;Konjunktiv II;Das würde jede Prüfung aufdecken.;N'importe quel audit le révélerait.;Any audit would uncover that.
C1;vertuschen;étouffer, dissimuler;Akkusativ;;;;Präsens;Man versucht, den Vorfall zu vertuschen.;On essaie d'étouffer l'incident.;There is an attempt to cover up the incident.
C1;vertuschen;étouffer, dissimuler;Akkusativ;;;;Perfekt;Jahrelang wurde alles vertuscht.;Pendant des années, tout a été étouffé.;Everything was covered up for years.
C1;vertuschen;étouffer, dissimuler;Akkusativ;;;;Präteritum;Die Leitung vertuschte den Bericht.;La direction étouffait le rapport.;The management covered up the report.
C1;vertuschen;étouffer, dissimuler;Akkusativ;;;;Konjunktiv II;Ich würde nichts vertuschen.;Je n'étoufferais rien.;I would cover up nothing.
C1;verschleiern;masquer, obscurcir;Akkusativ;;;;Präsens;Die Sprache verschleiert mehr, als sie sagt.;La langue masque plus qu'elle ne dit.;The language obscures more than it says.
C1;verschleiern;masquer, obscurcir;Akkusativ;;;;Perfekt;Die Herkunft des Geldes wurde verschleiert.;L'origine de l'argent a été dissimulée.;The origin of the money was disguised.
C1;verschleiern;masquer, obscurcir;Akkusativ;;;;Präteritum;Der Bericht verschleierte die Verluste.;Le rapport masquait les pertes.;The report obscured the losses.
C1;verschleiern;masquer, obscurcir;Akkusativ;;;;Konjunktiv II;Das würde die eigentliche Frage verschleiern.;Cela masquerait la vraie question.;That would obscure the real question.
C1;kaschieren;camoufler, dissimuler;Akkusativ;;;;Präsens;Der Anstrich kaschiert die Risse nur.;La peinture ne fait que camoufler les fissures.;The paint only papers over the cracks.
C1;kaschieren;camoufler, dissimuler;Akkusativ;;;;Perfekt;Man hat die Schwäche geschickt kaschiert.;On a habilement masqué la faiblesse.;The weakness was cleverly concealed.
C1;kaschieren;camoufler, dissimuler;Akkusativ;;;;Präteritum;Sie kaschierte ihre Unsicherheit mit Tempo.;Elle masquait son incertitude par la vitesse.;She concealed her uncertainty with speed.
C1;kaschieren;camoufler, dissimuler;Akkusativ;;;;Konjunktiv II;Das würde das Problem nur kaschieren.;Cela ne ferait que masquer le problème.;That would only paper over the problem.
C1;vortäuschen;feindre, simuler;Akkusativ;;;;Präsens;Er täuscht Interesse vor.;Il feint l'intérêt.;He feigns interest.
C1;vortäuschen;feindre, simuler;Akkusativ;;;;Perfekt;Der Einbruch war vorgetäuscht.;Le cambriolage était simulé.;The break-in was faked.
C1;vortäuschen;feindre, simuler;Akkusativ;;;;Präteritum;Sie täuschte Zuversicht vor.;Elle feignait la confiance.;She feigned confidence.
C1;vortäuschen;feindre, simuler;Akkusativ;;;;Konjunktiv II;Ich würde nichts vortäuschen.;Je ne feindrais rien.;I would feign nothing.
C1;verfälschen;fausser, altérer;Akkusativ;;;;Präsens;Eine kleine Auswahl verfälscht das Ergebnis.;Une petite sélection fausse le résultat.;A small selection distorts the result.
C1;verfälschen;fausser, altérer;Akkusativ;;;;Perfekt;Die Übersetzung hat den Sinn verfälscht.;La traduction a dénaturé le sens.;The translation distorted the meaning.
C1;verfälschen;fausser, altérer;Akkusativ;;;;Präteritum;Der Ausschnitt verfälschte die Aussage.;L'extrait dénaturait le propos.;The excerpt distorted the statement.
C1;verfälschen;fausser, altérer;Akkusativ;;;;Konjunktiv II;Das würde die Statistik verfälschen.;Cela fausserait la statistique.;That would distort the statistics.
C1;standhalten;résister, tenir bon;Dativ;;;;Präsens;Die These hält der Prüfung nicht stand.;La thèse ne résiste pas à l'examen.;The thesis does not withstand scrutiny.
C1;standhalten;résister, tenir bon;Dativ;;;;Perfekt;Das Dach hat dem Sturm standgehalten.;Le toit a résisté à la tempête.;The roof withstood the storm.
C1;standhalten;résister, tenir bon;Dativ;;;;Präteritum;Sie hielt dem Druck stand.;Elle résistait à la pression.;She withstood the pressure.
C1;standhalten;résister, tenir bon;Dativ;;;;Konjunktiv II;So etwas würde keiner Prüfung standhalten.;Une chose pareille ne résisterait à aucun examen.;That would withstand no scrutiny.
C1;durchhalten;tenir jusqu'au bout;Akkusativ;;;;Präsens;Die letzten zwei Kilometer hält kaum jemand durch.;Les deux derniers kilomètres, presque personne ne les tient.;Hardly anyone holds out for the last two kilometres.
C1;durchhalten;tenir jusqu'au bout;Akkusativ;;;;Perfekt;Er hat das Programm durchgehalten.;Il a tenu le programme jusqu'au bout.;He saw the programme through.
C1;durchhalten;tenir jusqu'au bout;Akkusativ;;;;Präteritum;Sie hielt bis zum Schluss durch.;Elle tint bon jusqu'à la fin.;She held out to the end.
C1;durchhalten;tenir jusqu'au bout;Akkusativ;;;;Konjunktiv II;So lange würde ich nicht durchhalten.;Je ne tiendrais pas aussi longtemps.;I would not hold out that long.
C1;einlenken;revenir à de meilleurs sentiments, céder;;;oui;;Präsens;Nach zwei Stunden lenkt er ein.;Au bout de deux heures, il cède.;After two hours he relents.
C1;einlenken;revenir à de meilleurs sentiments, céder;;;oui;;Perfekt;Die Gegenseite hat schließlich eingelenkt.;La partie adverse a fini par céder.;The other side finally relented.
C1;einlenken;revenir à de meilleurs sentiments, céder;;;oui;;Präteritum;Sie lenkte im letzten Moment ein.;Elle céda au dernier moment.;She backed down at the last moment.
C1;einlenken;revenir à de meilleurs sentiments, céder;;;oui;;Konjunktiv II;Ich würde an seiner Stelle einlenken.;À sa place, je céderais.;In his place I would back down.
C1;zurückrudern;faire marche arrière;;;oui;;Präsens;Nach der Kritik rudert die Firma zurück.;Après les critiques, l'entreprise fait marche arrière.;After the criticism the company backpedals.
C1;zurückrudern;faire marche arrière;;;oui;;Perfekt;Der Minister ist am nächsten Tag zurückgerudert.;Le ministre a fait marche arrière dès le lendemain.;The minister backpedalled the next day.
C1;zurückrudern;faire marche arrière;;;oui;;Präteritum;Sie ruderte auffällig schnell zurück.;Elle faisait marche arrière étonnamment vite.;She backpedalled conspicuously fast.
C1;zurückrudern;faire marche arrière;;;oui;;Konjunktiv II;Ich würde nicht zurückrudern.;Je ne ferais pas marche arrière.;I would not backpedal.
C1;pochen;insister, faire valoir avec force;;auf;;;Präsens;Sie pocht auf ihr Recht.;Elle fait valoir son droit avec force.;She insists on her right.
C1;pochen;insister, faire valoir avec force;;auf;;;Perfekt;Er hat auf Einhaltung der Frist gepocht.;Il a exigé le respect du délai.;He insisted on the deadline being met.
C1;pochen;insister, faire valoir avec force;;auf;;;Präteritum;Beide pochten auf den Vertrag.;Tous deux s'appuyaient sur le contrat.;Both insisted on the contract.
C1;pochen;insister, faire valoir avec force;;auf;;;Konjunktiv II;Darauf würde ich nicht pochen.;Je n'insisterais pas là-dessus.;I would not insist on that.
C1;archivieren;archiver;Akkusativ;;;;Präsens;Alle Verträge werden zehn Jahre archiviert.;Tous les contrats sont archivés dix ans.;All contracts are archived for ten years.
C1;archivieren;archiver;Akkusativ;;;;Perfekt;Die Mails wurden nie archiviert.;Les courriels n'ont jamais été archivés.;The emails were never archived.
C1;archivieren;archiver;Akkusativ;;;;Präteritum;Man archivierte die Fotos nach Jahren.;On archivait les photos par année.;The photos were archived by year.
C1;archivieren;archiver;Akkusativ;;;;Konjunktiv II;Ich würde das digital archivieren.;J'archiverais cela sous forme numérique.;I would archive that digitally.
C1;abmahnen;mettre en demeure, adresser un avertissement;Akkusativ;;;;Präsens;Der Arbeitgeber mahnt ihn schriftlich ab.;L'employeur lui adresse un avertissement écrit.;The employer issues him a written warning.
C1;abmahnen;mettre en demeure, adresser un avertissement;Akkusativ;;;;Perfekt;Sie wurde wegen Verspätung abgemahnt.;Elle a reçu un avertissement pour ses retards.;She was formally warned for lateness.
C1;abmahnen;mettre en demeure, adresser un avertissement;Akkusativ;;;;Präteritum;Man mahnte den Betrieb zweimal ab.;On adressa deux avertissements à l'établissement.;The company was formally warned twice.
C1;abmahnen;mettre en demeure, adresser un avertissement;Akkusativ;;;;Konjunktiv II;Ich würde erst einmal nicht abmahnen.;Je ne donnerais pas d'avertissement pour l'instant.;I would not issue a warning just yet.
C1;deeskalieren;désamorcer, faire baisser la tension;;;oui;;Präsens;Ein ruhiger Ton deeskaliert oft mehr als Argumente.;Un ton calme désamorce souvent plus que des arguments.;A calm tone often de-escalates more than arguments do.
C1;deeskalieren;désamorcer, faire baisser la tension;;;oui;;Perfekt;Die Polizei hat bewusst deeskaliert.;La police a délibérément apaisé la situation.;The police deliberately de-escalated.
C1;deeskalieren;désamorcer, faire baisser la tension;;;oui;;Präteritum;Sie deeskalierte mit einem einzigen Satz.;Elle apaisa tout d'une seule phrase.;She de-escalated with a single sentence.
C1;deeskalieren;désamorcer, faire baisser la tension;;;oui;;Konjunktiv II;Ich würde zuerst deeskalieren.;Je commencerais par apaiser la situation.;I would de-escalate first.
C1;ratifizieren;ratifier;Akkusativ;;;;Präsens;Das Parlament ratifiziert das Abkommen im Herbst.;Le parlement ratifie l'accord à l'automne.;Parliament ratifies the agreement in autumn.
C1;ratifizieren;ratifier;Akkusativ;;;;Perfekt;Zwölf Staaten haben den Vertrag ratifiziert.;Douze États ont ratifié le traité.;Twelve states have ratified the treaty.
C1;ratifizieren;ratifier;Akkusativ;;;;Präteritum;Man ratifizierte erst nach langem Streit.;On ne ratifia qu'après une longue querelle.;It was ratified only after a long dispute.
C1;ratifizieren;ratifier;Akkusativ;;;;Konjunktiv II;Dieses Abkommen würde ich nicht ratifizieren.;Je ne ratifierais pas cet accord.;I would not ratify this agreement.
C1;bürgen;se porter garant;;für;;;Präsens;Die Eltern bürgen für die Miete.;Les parents se portent garants du loyer.;The parents stand surety for the rent.
C1;bürgen;se porter garant;;für;;;Perfekt;Er hat für einen Freund gebürgt.;Il s'est porté garant pour un ami.;He stood surety for a friend.
C1;bürgen;se porter garant;;für;;;Präteritum;Sie bürgte mit ihrem Namen.;Elle se portait garante de son nom.;She vouched with her name.
C1;bürgen;se porter garant;;für;;;Konjunktiv II;Dafür würde ich nicht bürgen.;Je ne m'en porterais pas garant.;I would not vouch for that.
C1;versanden;s'enliser, tourner court;;;oui;;Präsens;Das Projekt versandet ohne Leitung.;Le projet s'enlise sans direction.;The project peters out without leadership.
C1;versanden;s'enliser, tourner court;;;oui;;Perfekt;Die Initiative ist nach zwei Jahren versandet.;L'initiative s'est enlisée au bout de deux ans.;The initiative fizzled out after two years.
C1;versanden;s'enliser, tourner court;;;oui;;Präteritum;Die Gespräche versandeten im Sommer.;Les discussions s'enlisèrent durant l'été.;The talks petered out over the summer.
C1;versanden;s'enliser, tourner court;;;oui;;Konjunktiv II;Ohne Termin würde das versanden.;Sans échéance, cela s'enliserait.;Without a date that would fizzle out.
C1;erahnen;pressentir, deviner;Akkusativ;;;;Präsens;Man erahnt die Umrisse im Nebel.;On devine les contours dans le brouillard.;One can make out the outlines in the fog.
C1;erahnen;pressentir, deviner;Akkusativ;;;;Perfekt;Niemand hat das Ausmaß erahnt.;Personne n'a pressenti l'ampleur.;Nobody sensed the scale of it.
C1;erahnen;pressentir, deviner;Akkusativ;;;;Präteritum;Sie erahnte die Antwort schon.;Elle devinait déjà la réponse.;She already sensed the answer.
C1;erahnen;pressentir, deviner;Akkusativ;;;;Konjunktiv II;Das würde man kaum erahnen.;On le devinerait difficilement.;One would hardly sense that.
C1;untergliedern;subdiviser, structurer;Akkusativ;;;;Präsens;Wir untergliedern den Bericht in vier Teile.;Nous subdivisons le rapport en quatre parties.;We subdivide the report into four parts.
C1;untergliedern;subdiviser, structurer;Akkusativ;;;;Perfekt;Das Kapitel ist fein untergliedert.;Le chapitre est subdivisé avec finesse.;The chapter is finely subdivided.
C1;untergliedern;subdiviser, structurer;Akkusativ;;;;Präteritum;Er untergliederte den Stoff nach Themen.;Il subdivisait la matière par thèmes.;He subdivided the material by topic.
C1;untergliedern;subdiviser, structurer;Akkusativ;;;;Konjunktiv II;Ich würde das anders untergliedern.;Je subdiviserais cela autrement.;I would subdivide it differently.
C1;drängen;presser, pousser;Akkusativ;;;;Präsens;Die Zeit drängt.;Le temps presse.;Time is pressing.
C1;drängen;presser, pousser;Akkusativ;;;;Perfekt;Man hat sie zu einer schnellen Antwort gedrängt.;On l'a pressée de répondre rapidement.;She was pressed for a quick answer.
C1;drängen;presser, pousser;Akkusativ;;;;Präteritum;Er drängte auf eine Entscheidung.;Il pressait pour obtenir une décision.;He pressed for a decision.
C1;drängen;presser, pousser;Akkusativ;;;;Konjunktiv II;Ich würde nicht drängen.;Je ne mettrais pas la pression.;I would not press.
C1;bedrängen;harceler, mettre sous pression;Akkusativ;;;;Präsens;Die Gläubiger bedrängen ihn seit Monaten.;Les créanciers le harcèlent depuis des mois.;The creditors have been pressuring him for months.
C1;bedrängen;harceler, mettre sous pression;Akkusativ;;;;Perfekt;Man hat sie mit Fragen bedrängt.;On l'a assaillie de questions.;She was beset with questions.
C1;bedrängen;harceler, mettre sous pression;Akkusativ;;;;Präteritum;Der Gegner bedrängte den Torwart.;L'adversaire harcelait le gardien.;The opponent put the goalkeeper under pressure.
C1;bedrängen;harceler, mettre sous pression;Akkusativ;;;;Konjunktiv II;So würde ich niemanden bedrängen.;Je ne harcèlerais personne ainsi.;I would pressure nobody like that.
C1;zusetzen;éprouver, mettre à mal;Dativ;;;;Präsens;Die Hitze setzt den Alten zu.;La chaleur éprouve les personnes âgées.;The heat is taking its toll on the elderly.
C1;zusetzen;éprouver, mettre à mal;Dativ;;;;Perfekt;Der Verlust hat ihm sehr zugesetzt.;La perte l'a beaucoup éprouvé.;The loss took a great toll on him.
C1;zusetzen;éprouver, mettre à mal;Dativ;;;;Präteritum;Der Winter setzte den Bäumen zu.;L'hiver éprouvait les arbres.;The winter took its toll on the trees.
C1;zusetzen;éprouver, mettre à mal;Dativ;;;;Konjunktiv II;Das würde jedem zusetzen.;Cela éprouverait n'importe qui.;That would take a toll on anyone.
C1;zermürben;user, miner;Akkusativ;;;;Präsens;Das lange Warten zermürbt die Familie.;La longue attente mine la famille.;The long wait is wearing the family down.
C1;zermürben;user, miner;Akkusativ;;;;Perfekt;Der Streit hat beide zermürbt.;Le conflit a usé les deux camps.;The dispute wore both of them down.
C1;zermürben;user, miner;Akkusativ;;;;Präteritum;Die Ungewissheit zermürbte ihn.;L'incertitude le minait.;The uncertainty wore him down.
C1;zermürben;user, miner;Akkusativ;;;;Konjunktiv II;Das würde jeden zermürben.;Cela userait n'importe qui.;That would wear anyone down.
C1;entmutigen;décourager;Akkusativ;;;;Präsens;Der erste Fehlschlag entmutigt viele.;Le premier échec en décourage beaucoup.;The first failure discourages many.
C1;entmutigen;décourager;Akkusativ;;;;Perfekt;Die Absage hat sie nicht entmutigt.;Le refus ne l'a pas découragée.;The rejection did not discourage her.
C1;entmutigen;décourager;Akkusativ;;;;Präteritum;Das Ergebnis entmutigte das Team.;Le résultat décourageait l'équipe.;The result discouraged the team.
C1;entmutigen;décourager;Akkusativ;;;;Konjunktiv II;Das würde mich nicht entmutigen.;Cela ne me découragerait pas.;That would not discourage me.
C1;bestärken;conforter, encourager dans;Akkusativ;;;;Präsens;Der Zuspruch bestärkt sie in ihrem Vorhaben.;Le soutien la conforte dans son projet.;The encouragement reinforces her in her plan.
C1;bestärken;conforter, encourager dans;Akkusativ;;;;Perfekt;Die Zahlen haben ihn in seiner Meinung bestärkt.;Les chiffres l'ont conforté dans son opinion.;The figures confirmed him in his view.
C1;bestärken;conforter, encourager dans;Akkusativ;;;;Präteritum;Das Gespräch bestärkte meinen Verdacht.;L'entretien confortait mes soupçons.;The conversation reinforced my suspicion.
C1;bestärken;conforter, encourager dans;Akkusativ;;;;Konjunktiv II;Das würde mich nur bestärken.;Cela ne ferait que me conforter.;That would only reinforce my view.
C1;beflügeln;donner des ailes, stimuler;Akkusativ;;;;Präsens;Der frühe Erfolg beflügelt die ganze Mannschaft.;Le succès précoce donne des ailes à toute l'équipe.;The early success spurs the whole team on.
C1;beflügeln;donner des ailes, stimuler;Akkusativ;;;;Perfekt;Das Lob hat sie sichtlich beflügelt.;L'éloge lui a visiblement donné des ailes.;The praise visibly inspired her.
C1;beflügeln;donner des ailes, stimuler;Akkusativ;;;;Präteritum;Die Aussicht beflügelte ihn.;La perspective lui donnait des ailes.;The prospect spurred him on.
C1;beflügeln;donner des ailes, stimuler;Akkusativ;;;;Konjunktiv II;Das würde jeden beflügeln.;Cela donnerait des ailes à n'importe qui.;That would inspire anyone.
C1;anspornen;stimuler, aiguillonner;Akkusativ;;;;Präsens;Der Wettbewerb spornt beide an.;La compétition stimule les deux.;The competition spurs both of them on.
C1;anspornen;stimuler, aiguillonner;Akkusativ;;;;Perfekt;Die Niederlage hat ihn erst recht angespornt.;La défaite l'a d'autant plus stimulé.;The defeat spurred him on all the more.
C1;anspornen;stimuler, aiguillonner;Akkusativ;;;;Präteritum;Ihre Worte spornten das Team an.;Ses mots stimulaient l'équipe.;Her words motivated the team.
C1;anspornen;stimuler, aiguillonner;Akkusativ;;;;Konjunktiv II;Das würde mich anspornen.;Cela me stimulerait.;That would spur me on.
C1;lähmen;paralyser;Akkusativ;;;;Präsens;Die Angst vor Fehlern lähmt das ganze Team.;La peur de l'erreur paralyse toute l'équipe.;Fear of mistakes paralyses the whole team.
C1;lähmen;paralyser;Akkusativ;;;;Perfekt;Der Streik hat den Verkehr gelähmt.;La grève a paralysé la circulation.;The strike paralysed traffic.
C1;lähmen;paralyser;Akkusativ;;;;Präteritum;Die Nachricht lähmte alle für einen Moment.;La nouvelle paralysa tout le monde un instant.;The news paralysed everyone for a moment.
C1;lähmen;paralyser;Akkusativ;;;;Konjunktiv II;Das würde die Verwaltung lähmen.;Cela paralyserait l'administration.;That would paralyse the administration.
C1;vereiteln;faire échouer, déjouer;Akkusativ;;;;Präsens;Ein Zufall vereitelt den Plan.;Un hasard fait échouer le plan.;A coincidence thwarts the plan.
C1;vereiteln;faire échouer, déjouer;Akkusativ;;;;Perfekt;Der Einbruch wurde vereitelt.;Le cambriolage a été déjoué.;The break-in was foiled.
C1;vereiteln;faire échouer, déjouer;Akkusativ;;;;Präteritum;Schlechtes Wetter vereitelte den Start.;Le mauvais temps fit échouer le départ.;Bad weather thwarted the launch.
C1;vereiteln;faire échouer, déjouer;Akkusativ;;;;Konjunktiv II;Ein einziger Anruf würde das vereiteln.;Un seul appel ferait échouer cela.;A single phone call would thwart that.
C1;durchkreuzen;contrecarrer;Akkusativ;;;;Präsens;Der Regen durchkreuzt unsere Pläne.;La pluie contrecarre nos plans.;The rain crosses our plans.
C1;durchkreuzen;contrecarrer;Akkusativ;;;;Perfekt;Eine Krankheit hat alles durchkreuzt.;Une maladie a contrarié tous les plans.;An illness foiled everything.
C1;durchkreuzen;contrecarrer;Akkusativ;;;;Präteritum;Der Einspruch durchkreuzte das Vorhaben.;L'opposition contraria le projet.;The objection crossed the plan.
C1;durchkreuzen;contrecarrer;Akkusativ;;;;Konjunktiv II;Das würde die Reise durchkreuzen.;Cela contrarierait le voyage.;That would scupper the trip.
C1;zunichtemachen;réduire à néant;Akkusativ;;;;Präsens;Ein Satz macht die ganze Arbeit zunichte.;Une phrase réduit tout le travail à néant.;One sentence wrecks all the work.
C1;zunichtemachen;réduire à néant;Akkusativ;;;;Perfekt;Der Sturm hat die Ernte zunichtegemacht.;La tempête a anéanti la récolte.;The storm destroyed the harvest.
C1;zunichtemachen;réduire à néant;Akkusativ;;;;Präteritum;Ein Fehler machte alles zunichte.;Une erreur anéantit tout.;One mistake wrecked everything.
C1;zunichtemachen;réduire à néant;Akkusativ;;;;Konjunktiv II;Das würde jede Chance zunichtemachen.;Cela anéantirait toute chance.;That would destroy any chance.
C1;misslingen;rater, échouer;;;oui;;Präsens;Der Versuch misslingt beim ersten Mal fast immer.;La tentative rate presque toujours la première fois.;The attempt almost always fails the first time.
C1;misslingen;rater, échouer;;;oui;;Perfekt;Der Kuchen ist gründlich misslungen.;Le gâteau a complètement raté.;The cake went thoroughly wrong.
C1;misslingen;rater, échouer;;;oui;;Präteritum;Die Überraschung misslang.;La surprise échoua.;The surprise went wrong.
C1;misslingen;rater, échouer;;;oui;;Konjunktiv II;Ohne Übung würde das misslingen.;Sans entraînement, cela échouerait.;Without practice that would go wrong.
C1;straucheln;trébucher, vaciller;;;oui;;Präsens;Auch erfahrene Firmen straucheln manchmal.;Même des entreprises expérimentées vacillent parfois.;Even experienced firms sometimes stumble.
C1;straucheln;trébucher, vaciller;;;oui;;Perfekt;Er ist über eine Kleinigkeit gestrauchelt.;Il a trébuché sur un détail.;He stumbled over a triviality.
C1;straucheln;trébucher, vaciller;;;oui;;Präteritum;Das Unternehmen strauchelte im dritten Jahr.;L'entreprise vacilla la troisième année.;The company faltered in its third year.
C1;straucheln;trébucher, vaciller;;;oui;;Konjunktiv II;Ohne Rücklagen würde jeder straucheln.;Sans réserves, n'importe qui vacillerait.;Without reserves anyone would falter.
C1;fruchten;porter ses fruits, servir à quelque chose;;;oui;;Präsens;Alle Ermahnungen fruchten nichts.;Toutes les remontrances ne servent à rien.;All the warnings have no effect.
C1;fruchten;porter ses fruits, servir à quelque chose;;;oui;;Perfekt;Die Mühe hat am Ende gefruchtet.;L'effort a fini par porter ses fruits.;The effort paid off in the end.
C1;fruchten;porter ses fruits, servir à quelque chose;;;oui;;Präteritum;Der Appell fruchtete nicht.;L'appel resta sans effet.;The appeal had no effect.
C1;fruchten;porter ses fruits, servir à quelque chose;;;oui;;Konjunktiv II;Das würde bei ihm nicht fruchten.;Cela n'aurait aucun effet sur lui.;That would have no effect on him.
C1;sich amortisieren;amortir, rentabiliser;Akkusativ;;;oui;Präsens;Die Anlage amortisiert sich in sieben Jahren.;L'installation s'amortit en sept ans.;The system pays for itself in seven years.
C1;sich amortisieren;amortir, rentabiliser;Akkusativ;;;oui;Perfekt;Der Kauf hat sich längst amortisiert.;L'achat est amorti depuis longtemps.;The purchase paid for itself long ago.
C1;sich amortisieren;amortir, rentabiliser;Akkusativ;;;oui;Präteritum;Das Gerät amortisierte sich rasch.;L'appareil s'amortit rapidement.;The device paid for itself quickly.
C1;sich amortisieren;amortir, rentabiliser;Akkusativ;;;oui;Konjunktiv II;Bei dem Preis würde sich das nie amortisieren.;À ce prix, cela ne s'amortirait jamais.;At that price it would never pay for itself.
C1;sich rentieren;être rentable;Akkusativ;;;oui;Präsens;Für zwei Wochen rentiert sich der Aufwand nicht.;Pour deux semaines, l'effort n'est pas rentable.;For two weeks the effort is not worth it.
C1;sich rentieren;être rentable;Akkusativ;;;oui;Perfekt;Der Umbau hat sich rentiert.;Les travaux se sont révélés rentables.;The conversion paid off.
C1;sich rentieren;être rentable;Akkusativ;;;oui;Präteritum;Das Geschäft rentierte sich nie.;Le commerce ne fut jamais rentable.;The business never paid.
C1;sich rentieren;être rentable;Akkusativ;;;oui;Konjunktiv II;Das würde sich kaum rentieren.;Cela serait à peine rentable.;That would hardly pay.
C1;abwerfen;rapporter (un rendement);Akkusativ;;;;Präsens;Die Anlage wirft kaum Zinsen ab.;Le placement ne rapporte presque pas d'intérêts.;The investment yields hardly any interest.
C1;abwerfen;rapporter (un rendement);Akkusativ;;;;Perfekt;Das Projekt hat nichts abgeworfen.;Le projet n'a rien rapporté.;The project yielded nothing.
C1;abwerfen;rapporter (un rendement);Akkusativ;;;;Präteritum;Der Laden warf gerade genug ab.;La boutique rapportait tout juste assez.;The shop brought in just enough.
C1;abwerfen;rapporter (un rendement);Akkusativ;;;;Konjunktiv II;Das würde mehr abwerfen.;Cela rapporterait davantage.;That would yield more.
C1;erwirtschaften;dégager (un bénéfice), générer;Akkusativ;;;;Präsens;Der Betrieb erwirtschaftet einen kleinen Überschuss.;L'entreprise dégage un léger excédent.;The business generates a small surplus.
C1;erwirtschaften;dégager (un bénéfice), générer;Akkusativ;;;;Perfekt;Man hat drei Jahre lang Verluste erwirtschaftet.;On a accumulé des pertes trois années durant.;Losses were generated for three years.
C1;erwirtschaften;dégager (un bénéfice), générer;Akkusativ;;;;Präteritum;Die Filiale erwirtschaftete nie Gewinn.;La succursale ne dégageait jamais de bénéfice.;The branch never generated a profit.
C1;erwirtschaften;dégager (un bénéfice), générer;Akkusativ;;;;Konjunktiv II;So würde man nichts erwirtschaften.;Ainsi, on ne dégagerait rien.;That way one would generate nothing.
C1;verwarnen;avertir officiellement;Akkusativ;;;;Präsens;Der Schiedsrichter verwarnt den Spieler.;L'arbitre avertit le joueur.;The referee cautions the player.
C1;verwarnen;avertir officiellement;Akkusativ;;;;Perfekt;Sie wurde nur mündlich verwarnt.;Elle n'a reçu qu'un avertissement oral.;She was only verbally cautioned.
C1;verwarnen;avertir officiellement;Akkusativ;;;;Präteritum;Man verwarnte ihn wegen Lärms.;On l'avertit pour tapage.;He was cautioned for noise.
C1;verwarnen;avertir officiellement;Akkusativ;;;;Konjunktiv II;Ich würde erst verwarnen.;Je commencerais par avertir.;I would issue a caution first.
C1;mahnen;rappeler à l'ordre, relancer (un paiement);Akkusativ;;;;Präsens;Die Stadtwerke mahnen nach vier Wochen.;Les services municipaux relancent au bout de quatre semaines.;The utility sends a reminder after four weeks.
C1;mahnen;rappeler à l'ordre, relancer (un paiement);Akkusativ;;;;Perfekt;Man hat ihn zweimal gemahnt.;On lui a envoyé deux rappels.;He was sent two reminders.
C1;mahnen;rappeler à l'ordre, relancer (un paiement);Akkusativ;;;;Präteritum;Sie mahnte zur Vorsicht.;Elle appelait à la prudence.;She urged caution.
C1;mahnen;rappeler à l'ordre, relancer (un paiement);Akkusativ;;;;Konjunktiv II;Ich würde erst freundlich mahnen.;Je commencerais par un rappel courtois.;I would send a friendly reminder first.
C1;nachverhandeln;renégocier;;über + Akkusativ;;;Präsens;Über den Preis müssen wir noch einmal nachverhandeln.;Nous devons renégocier le prix.;We have to renegotiate the price.
C1;nachverhandeln;renégocier;;über + Akkusativ;;;Perfekt;Der Vertrag wurde zweimal nachverhandelt.;Le contrat a été renégocié deux fois.;The contract was renegotiated twice.
C1;nachverhandeln;renégocier;;über + Akkusativ;;;Präteritum;Sie verhandelte erfolgreich nach.;Elle renégocia avec succès.;She successfully renegotiated.
C1;nachverhandeln;renégocier;;über + Akkusativ;;;Konjunktiv II;Ich würde nachverhandeln.;Je renégocierais.;I would renegotiate.
C1;sichten;"trier, passer en revue ; apercevoir";Akkusativ;;;;Präsens;Wir sichten zuerst das gesamte Material.;Nous passons d'abord tout le matériel en revue.;First we sift through all the material.
C1;sichten;"trier, passer en revue ; apercevoir";Akkusativ;;;;Perfekt;Die Bewerbungen wurden noch nicht gesichtet.;Les candidatures n'ont pas encore été passées en revue.;The applications have not yet been reviewed.
C1;sichten;"trier, passer en revue ; apercevoir";Akkusativ;;;;Präteritum;Man sichtete das Wrack aus der Luft.;On repéra l'épave depuis les airs.;The wreck was sighted from the air.
C1;sichten;"trier, passer en revue ; apercevoir";Akkusativ;;;;Konjunktiv II;Ich würde das zuerst sichten.;Je passerais cela en revue d'abord.;I would sift through that first.
C1;sondieren;sonder, tâter le terrain;Akkusativ;;;;Präsens;Beide Seiten sondieren zunächst die Lage.;Les deux camps sondent d'abord le terrain.;Both sides first sound out the situation.
C1;sondieren;sonder, tâter le terrain;Akkusativ;;;;Perfekt;Man hat vorab sondiert, ob eine Mehrheit möglich ist.;On a sondé au préalable s'il y avait une majorité.;It was sounded out in advance whether a majority was possible.
C1;sondieren;sonder, tâter le terrain;Akkusativ;;;;Präteritum;Sie sondierte vorsichtig die Stimmung.;Elle sondait prudemment les esprits.;She cautiously sounded out the mood.
C1;sondieren;sonder, tâter le terrain;Akkusativ;;;;Konjunktiv II;Ich würde erst sondieren.;Je commencerais par sonder le terrain.;I would sound things out first.
C1;eruieren;établir, déterminer;Akkusativ;;;;Präsens;Wir eruieren noch, wer zuständig ist.;Nous cherchons encore à établir qui est compétent.;We are still ascertaining who is responsible.
C1;eruieren;établir, déterminer;Akkusativ;;;;Perfekt;Der genaue Ablauf wurde nie eruiert.;Le déroulement exact n'a jamais été établi.;The exact sequence was never ascertained.
C1;eruieren;établir, déterminer;Akkusativ;;;;Präteritum;Man eruierte drei mögliche Ursachen.;On établit trois causes possibles.;Three possible causes were ascertained.
C1;eruieren;établir, déterminer;Akkusativ;;;;Konjunktiv II;Das würde ich vorher eruieren.;Je tirerais cela au clair au préalable.;I would ascertain that beforehand.
C1;recherchieren;enquêter, faire des recherches;;über + Akkusativ;;;Präsens;Zwei Reporter recherchieren über den Skandal.;Deux reporters enquêtent sur le scandale.;Two reporters are researching the scandal.
C1;recherchieren;enquêter, faire des recherches;;über + Akkusativ;;;Perfekt;Der Beitrag war sauber recherchiert.;L'article était solidement documenté.;The piece was properly researched.
C1;recherchieren;enquêter, faire des recherches;;über + Akkusativ;;;Präteritum;Sie recherchierte in drei Archiven.;Elle fit des recherches dans trois archives.;She researched in three archives.
C1;recherchieren;enquêter, faire des recherches;;über + Akkusativ;;;Konjunktiv II;Das würde ich genauer recherchieren.;Je vérifierais cela de plus près.;I would research that more closely.
C1;zusammentragen;rassembler, compiler;Akkusativ;;;;Präsens;Wir tragen alle Belege zusammen.;Nous rassemblons tous les justificatifs.;We are gathering all the receipts.
C1;zusammentragen;rassembler, compiler;Akkusativ;;;;Perfekt;Er hat das Material über Jahre zusammengetragen.;Il a rassemblé le matériel pendant des années.;He compiled the material over years.
C1;zusammentragen;rassembler, compiler;Akkusativ;;;;Präteritum;Sie trug die Zahlen aus vier Quellen zusammen.;Elle rassembla les chiffres de quatre sources.;She compiled the figures from four sources.
C1;zusammentragen;rassembler, compiler;Akkusativ;;;;Konjunktiv II;Ich würde erst alles zusammentragen.;Je rassemblerais tout d'abord.;I would gather everything first.
C1;bündeln;regrouper, mutualiser;Akkusativ;;;;Präsens;Die Gemeinden bündeln ihre Einkäufe.;Les communes regroupent leurs achats.;The municipalities pool their purchasing.
C1;bündeln;regrouper, mutualiser;Akkusativ;;;;Perfekt;Man hat die Zuständigkeiten gebündelt.;On a regroupé les compétences.;Responsibilities were bundled together.
C1;bündeln;regrouper, mutualiser;Akkusativ;;;;Präteritum;Sie bündelte drei Anträge zu einem.;Elle regroupa trois demandes en une.;She combined three applications into one.
C1;bündeln;regrouper, mutualiser;Akkusativ;;;;Konjunktiv II;Ich würde das bündeln.;Je regrouperais cela.;I would bundle that together.
C1;straffen;resserrer, alléger;Akkusativ;;;;Präsens;Wir straffen den Ablauf um zwanzig Minuten.;Nous resserrons le déroulement de vingt minutes.;We are tightening the schedule by twenty minutes.
C1;straffen;resserrer, alléger;Akkusativ;;;;Perfekt;Der Text wurde deutlich gestrafft.;Le texte a été nettement resserré.;The text was considerably tightened.
C1;straffen;resserrer, alléger;Akkusativ;;;;Präteritum;Man straffte die Organisation.;On resserrait l'organisation.;The organization was streamlined.
C1;straffen;resserrer, alléger;Akkusativ;;;;Konjunktiv II;Ich würde den Vortrag straffen.;Je resserrerais l'exposé.;I would tighten up the talk.
C1;ausweiten;étendre, élargir;Akkusativ;;;;Präsens;Die Firma weitet ihr Angebot aus.;L'entreprise élargit son offre.;The company is expanding its range.
C1;ausweiten;étendre, élargir;Akkusativ;;;;Perfekt;Der Konflikt hat sich auf die Region ausgeweitet.;Le conflit s'est étendu à toute la région.;The conflict spread to the region.
C1;ausweiten;étendre, élargir;Akkusativ;;;;Präteritum;Man weitete die Suche aus.;On élargit les recherches.;The search was widened.
C1;ausweiten;étendre, élargir;Akkusativ;;;;Konjunktiv II;Ich würde das nicht ausweiten.;Je n'élargirais pas cela.;I would not expand that.
C1;aufstocken;augmenter, renforcer (un effectif);Akkusativ;;;;Präsens;Wir stocken das Team um zwei Stellen auf.;Nous renforçons l'équipe de deux postes.;We are increasing the team by two positions.
C1;aufstocken;augmenter, renforcer (un effectif);Akkusativ;;;;Perfekt;Das Budget wurde nachträglich aufgestockt.;Le budget a été augmenté après coup.;The budget was topped up afterwards.
C1;aufstocken;augmenter, renforcer (un effectif);Akkusativ;;;;Präteritum;Man stockte die Reserven auf.;On augmentait les réserves.;Reserves were increased.
C1;aufstocken;augmenter, renforcer (un effectif);Akkusativ;;;;Konjunktiv II;Ich würde eher aufstocken als kürzen.;J'augmenterais plutôt que de couper.;I would rather increase than cut.
C1;drosseln;réduire, brider;Akkusativ;;;;Präsens;Ab Mitternacht drosselt der Anbieter die Geschwindigkeit.;À partir de minuit, le fournisseur bride la vitesse.;From midnight the provider throttles the speed.
C1;drosseln;réduire, brider;Akkusativ;;;;Perfekt;Die Produktion wurde gedrosselt.;La production a été ralentie.;Production was cut back.
C1;drosseln;réduire, brider;Akkusativ;;;;Präteritum;Man drosselte den Verbrauch um ein Fünftel.;On réduisit la consommation d'un cinquième.;Consumption was cut by a fifth.
C1;drosseln;réduire, brider;Akkusativ;;;;Konjunktiv II;Ich würde das Tempo drosseln.;Je ralentirais le rythme.;I would throttle back the pace.
C1;zurückfahren;réduire progressivement;Akkusativ;;;;Präsens;Der Betrieb fährt die Schichten zurück.;L'usine réduit les équipes.;The plant is scaling back shifts.
C1;zurückfahren;réduire progressivement;Akkusativ;;;;Perfekt;Die Förderung wurde schrittweise zurückgefahren.;Les aides ont été réduites progressivement.;Funding was scaled back step by step.
C1;zurückfahren;réduire progressivement;Akkusativ;;;;Präteritum;Man fuhr die Bestände zurück.;On réduisait les stocks.;Stocks were run down.
C1;zurückfahren;réduire progressivement;Akkusativ;;;;Konjunktiv II;Ich würde das langsam zurückfahren.;Je réduirais cela lentement.;I would scale that back slowly.
C1;umschichten;réaffecter, redéployer;Akkusativ;;;;Präsens;Wir schichten Mittel von A nach B um.;Nous réaffectons des moyens de A vers B.;We are reallocating funds from A to B.
C1;umschichten;réaffecter, redéployer;Akkusativ;;;;Perfekt;Das Vermögen wurde umgeschichtet.;Le patrimoine a été réaffecté.;The assets were reallocated.
C1;umschichten;réaffecter, redéployer;Akkusativ;;;;Präteritum;Man schichtete zwei Stellen um.;On redéploya deux postes.;Two posts were redeployed.
C1;umschichten;réaffecter, redéployer;Akkusativ;;;;Konjunktiv II;Ich würde nichts umschichten.;Je ne redéploierais rien.;I would reallocate nothing.
C1;zweckentfremden;détourner de sa destination;Akkusativ;;;;Präsens;Man zweckentfremdet den Raum als Lager.;On détourne la salle en entrepôt.;The room is being used as a store instead.
C1;zweckentfremden;détourner de sa destination;Akkusativ;;;;Perfekt;Die Mittel wurden zweckentfremdet.;Les fonds ont été détournés de leur objet.;The funds were misappropriated.
C1;zweckentfremden;détourner de sa destination;Akkusativ;;;;Präteritum;Er zweckentfremdete die Wohnung als Büro.;Il utilisait l'appartement comme bureau.;He used the flat as an office instead.
C1;zweckentfremden;détourner de sa destination;Akkusativ;;;;Konjunktiv II;So etwas würde ich nicht zweckentfremden.;Je ne détournerais pas une chose pareille de son usage.;I would not misuse something like that.
C1;wegfallen;disparaître, être supprimé;;;oui;;Präsens;Mit der neuen Regel fällt die Gebühr weg.;Avec la nouvelle règle, la taxe disparaît.;With the new rule the fee is dropped.
C1;wegfallen;disparaître, être supprimé;;;oui;;Perfekt;Zwei Haltestellen sind weggefallen.;Deux arrêts ont été supprimés.;Two stops were dropped.
C1;wegfallen;disparaître, être supprimé;;;oui;;Präteritum;Die Ausnahme fiel 2020 weg.;L'exception disparut en 2020.;The exemption ceased in 2020.
C1;wegfallen;disparaître, être supprimé;;;oui;;Konjunktiv II;Damit würde der Grund wegfallen.;La raison disparaîtrait du même coup.;That would remove the reason.
C1;anfallen;survenir, se produire (des frais);;;oui;;Präsens;Zusätzliche Kosten fallen nicht an.;Aucun frais supplémentaire ne survient.;No additional costs arise.
C1;anfallen;survenir, se produire (des frais);;;oui;;Perfekt;Es ist mehr Arbeit angefallen als geplant.;Il y a eu plus de travail que prévu.;More work arose than planned.
C1;anfallen;survenir, se produire (des frais);;;oui;;Präteritum;Am Wochenende fielen Überstunden an.;Le week-end, des heures supplémentaires s'accumulaient.;Overtime accrued at the weekend.
C1;anfallen;survenir, se produire (des frais);;;oui;;Konjunktiv II;Dabei würde eine Gebühr anfallen.;Des frais s'y ajouteraient.;A fee would arise in that case.
C1;zustehen;revenir de droit à;Dativ;;;;Präsens;Ihr stehen dreißig Urlaubstage zu.;Elle a droit à trente jours de congé.;She is entitled to thirty days' leave.
C1;zustehen;revenir de droit à;Dativ;;;;Perfekt;Ihm hat der Platz nie zugestanden.;Cette place ne lui est jamais revenue de droit.;The place was never his by right.
C1;zustehen;revenir de droit à;Dativ;;;;Präteritum;Uns stand eine Entschädigung zu.;Une indemnité nous revenait.;We were entitled to compensation.
C1;zustehen;revenir de droit à;Dativ;;;;Konjunktiv II;Das würde ihm nicht zustehen.;Cela ne lui reviendrait pas de droit.;He would not be entitled to that.
C1;zukommen;revenir à, incomber;Dativ;;;;Präsens;Diese Aufgabe kommt der Gemeinde zu.;Cette tâche incombe à la commune.;This task falls to the municipality.
C1;zukommen;revenir à, incomber;Dativ;;;;Perfekt;Ihm ist die Ehre zugekommen, zu eröffnen.;L'honneur d'ouvrir lui est revenu.;The honour of opening fell to him.
C1;zukommen;revenir à, incomber;Dativ;;;;Präteritum;Der Sache kam große Bedeutung zu.;L'affaire revêtait une grande importance.;The matter was of great importance.
C1;zukommen;revenir à, incomber;Dativ;;;;Konjunktiv II;Dieses Recht würde ihr zukommen.;Ce droit lui reviendrait.;That right would be hers.
C1;unterbleiben;ne pas avoir lieu, être omis;;;oui;;Präsens;Eine Begründung unterbleibt in der Regel.;Une justification est généralement omise.;A justification is usually omitted.
C1;unterbleiben;ne pas avoir lieu, être omis;;;oui;;Perfekt;Die Prüfung ist unterblieben.;Le contrôle n'a pas eu lieu.;The check did not take place.
C1;unterbleiben;ne pas avoir lieu, être omis;;;oui;;Präteritum;Jede Warnung unterblieb.;Tout avertissement fit défaut.;Every warning was omitted.
C1;unterbleiben;ne pas avoir lieu, être omis;;;oui;;Konjunktiv II;Das würde besser unterbleiben.;Mieux vaudrait s'en abstenir.;That had better be omitted.
C1;ausbleiben;ne pas se produire, faire défaut;;;oui;;Präsens;Der erhoffte Erfolg bleibt aus.;Le succès espéré ne vient pas.;The hoped-for success fails to materialize.
C1;ausbleiben;ne pas se produire, faire défaut;;;oui;;Perfekt;Die Reaktion ist ausgeblieben.;La réaction ne s'est pas produite.;The reaction failed to come.
C1;ausbleiben;ne pas se produire, faire défaut;;;oui;;Präteritum;Der Regen blieb den ganzen Sommer aus.;La pluie fit défaut tout l'été.;The rain failed all summer.
C1;ausbleiben;ne pas se produire, faire défaut;;;oui;;Konjunktiv II;Ohne Werbung würde der Andrang ausbleiben.;Sans publicité, l'affluence ne viendrait pas.;Without advertising the crowds would not come.
C1;eintreffen;arriver, se réaliser;;;oui;;Präsens;Die Lieferung trifft am Dienstag ein.;La livraison arrive mardi.;The delivery arrives on Tuesday.
C1;eintreffen;arriver, se réaliser;;;oui;;Perfekt;Seine Vorhersage ist eingetroffen.;Sa prévision s'est réalisée.;His prediction came true.
C1;eintreffen;arriver, se réaliser;;;oui;;Präteritum;Die Gäste trafen verspätet ein.;Les invités arrivèrent en retard.;The guests arrived late.
C1;eintreffen;arriver, se réaliser;;;oui;;Konjunktiv II;Das würde so nie eintreffen.;Cela ne se réaliserait jamais ainsi.;That would never come true.
C1;gebühren;revenir de droit, être dû;Dativ;;;;Präsens;Ihm gebührt der Dank aller.;Les remerciements de tous lui reviennent.;The thanks of everyone are due to him.
C1;gebühren;revenir de droit, être dû;Dativ;;;;Perfekt;Ihr hat der erste Platz gebührt.;La première place lui est revenue de droit.;First place was rightfully hers.
C1;gebühren;revenir de droit, être dû;Dativ;;;;Präteritum;Dem Alter gebührte damals Respekt.;À l'époque, l'âge imposait le respect.;Age commanded respect in those days.
C1;gebühren;revenir de droit, être dû;Dativ;;;;Konjunktiv II;Das würde ihr zu Recht gebühren.;Cela lui reviendrait à juste titre.;That would rightly be hers.
C1;abspecken;alléger, dégraisser;Akkusativ;;;;Präsens;Wir specken das Programm ab.;Nous allégeons le programme.;We are slimming down the programme.
C1;abspecken;alléger, dégraisser;Akkusativ;;;;Perfekt;Die Ausstattung wurde abgespeckt.;L'équipement a été allégé.;The equipment list was trimmed.
C1;abspecken;alléger, dégraisser;Akkusativ;;;;Präteritum;Man speckte den Entwurf deutlich ab.;On allégea nettement le projet.;The draft was significantly slimmed down.
C1;abspecken;alléger, dégraisser;Akkusativ;;;;Konjunktiv II;Ich würde den Text abspecken.;J'allégerais le texte.;I would trim the text down.
C1;beipflichten;abonder dans le sens de, approuver;Dativ;;;;Präsens;Da kann ich ihr nur beipflichten.;Là, je ne peux que l'approuver.;There I can only agree with her.
C1;beipflichten;abonder dans le sens de, approuver;Dativ;;;;Perfekt;Alle haben ihm beigepflichtet.;Tous lui ont donné raison.;Everyone concurred with him.
C1;beipflichten;abonder dans le sens de, approuver;Dativ;;;;Präteritum;Sie pflichtete dem Vorschlag bei.;Elle approuvait la proposition.;She concurred with the proposal.
C1;beipflichten;abonder dans le sens de, approuver;Dativ;;;;Konjunktiv II;Ich würde ihm nicht beipflichten.;Je ne lui donnerais pas raison.;I would not agree with him.
C1;entgegnen;répliquer, rétorquer;Akkusativ;;;;Präsens;Darauf entgegnet sie nur einen Satz.;Elle n'y réplique qu'une phrase.;To that she replies with just one sentence.
C1;entgegnen;répliquer, rétorquer;Akkusativ;;;;Perfekt;Er hat nichts entgegnet.;Il n'a rien répliqué.;He made no reply.
C1;entgegnen;répliquer, rétorquer;Akkusativ;;;;Präteritum;Sie entgegnete ruhig, das stimme nicht.;Elle répliqua calmement que c'était faux.;She calmly retorted that this was not true.
C1;entgegnen;répliquer, rétorquer;Akkusativ;;;;Konjunktiv II;Ich würde darauf nichts entgegnen.;Je ne répliquerais rien à cela.;I would make no reply to that.
C1;entgegensetzen;opposer (un argument);Akkusativ+Dativ;;;;Präsens;Dem hat er nichts entgegenzusetzen.;Il n'a rien à y opposer.;He has nothing to counter that with.
C1;entgegensetzen;opposer (un argument);Akkusativ+Dativ;;;;Perfekt;Man hat dem Vorwurf Zahlen entgegengesetzt.;On a opposé des chiffres au reproche.;Figures were set against the accusation.
C1;entgegensetzen;opposer (un argument);Akkusativ+Dativ;;;;Präteritum;Sie setzte der Kritik Ruhe entgegen.;Elle opposait son calme à la critique.;She countered the criticism with calm.
C1;entgegensetzen;opposer (un argument);Akkusativ+Dativ;;;;Konjunktiv II;Dem würde ich Erfahrung entgegensetzen.;J'opposerais à cela l'expérience.;I would counter that with experience.
C1;aufbegehren;se rebeller, s'insurger;;gegen;;;Präsens;Die Belegschaft begehrt gegen den Plan auf.;Le personnel s'insurge contre le plan.;The workforce is rebelling against the plan.
C1;aufbegehren;se rebeller, s'insurger;;gegen;;;Perfekt;Niemand hat aufbegehrt.;Personne ne s'est insurgé.;Nobody protested.
C1;aufbegehren;se rebeller, s'insurger;;gegen;;;Präteritum;Sie begehrte gegen die Regel auf.;Elle s'insurgeait contre la règle.;She rebelled against the rule.
C1;aufbegehren;se rebeller, s'insurger;;gegen;;;Konjunktiv II;Ich würde dagegen aufbegehren.;Je m'insurgerais contre cela.;I would protest against that.
C1;protestieren;protester;;gegen;;;Präsens;Zweihundert Menschen protestieren vor dem Rathaus.;Deux cents personnes protestent devant la mairie.;Two hundred people are protesting outside the town hall.
C1;protestieren;protester;;gegen;;;Perfekt;Der Verband hat schriftlich protestiert.;La fédération a protesté par écrit.;The association protested in writing.
C1;protestieren;protester;;gegen;;;Präteritum;Er protestierte gegen die Kürzung.;Il protestait contre la coupe budgétaire.;He protested against the cut.
C1;protestieren;protester;;gegen;;;Konjunktiv II;Dagegen würde ich protestieren.;Je protesterais contre cela.;I would protest against that.
C1;zaudern;hésiter, tergiverser;;;oui;;Präsens;Wer zaudert, verliert hier den Platz.;Qui hésite perd sa place ici.;Whoever dithers loses their place here.
C1;zaudern;hésiter, tergiverser;;;oui;;Perfekt;Sie hat keinen Moment gezaudert.;Elle n'a pas hésité un instant.;She did not hesitate for a moment.
C1;zaudern;hésiter, tergiverser;;;oui;;Präteritum;Die Leitung zauderte zu lange.;La direction hésita trop longtemps.;The management dithered too long.
C1;zaudern;hésiter, tergiverser;;;oui;;Konjunktiv II;Da würde ich nicht zaudern.;Là, je n'hésiterais pas.;I would not hesitate there.
C1;umschwenken;changer de cap, virer;;;oui;;Präsens;Nach der Kritik schwenkt die Partei um.;Après les critiques, le parti change de cap.;After the criticism the party changes tack.
C1;umschwenken;changer de cap, virer;;;oui;;Perfekt;Er ist überraschend umgeschwenkt.;Il a changé de cap de façon inattendue.;He switched surprisingly.
C1;umschwenken;changer de cap, virer;;;oui;;Präteritum;Die Firma schwenkte auf Elektro um.;L'entreprise se tourna vers l'électrique.;The company switched to electric.
C1;umschwenken;changer de cap, virer;;;oui;;Konjunktiv II;Ich würde nicht umschwenken.;Je ne changerais pas de cap.;I would not change tack.
C1;umdenken;changer sa façon de penser;;;oui;;Präsens;Hier müssen wir grundsätzlich umdenken.;Ici, il nous faut repenser fondamentalement.;Here we have to rethink from the ground up.
C1;umdenken;changer sa façon de penser;;;oui;;Perfekt;Die Branche hat spät umgedacht.;Le secteur a revu sa façon de penser tardivement.;The industry rethought late.
C1;umdenken;changer sa façon de penser;;;oui;;Präteritum;Nach dem Unfall dachte er um.;Après l'accident, il changea de perspective.;After the accident he changed his thinking.
C1;umdenken;changer sa façon de penser;;;oui;;Konjunktiv II;Ich würde da umdenken.;Là, je reverrais ma façon de voir.;I would rethink that.
C1;nachempfinden;comprendre par empathie, se représenter;Akkusativ+Dativ;;;;Präsens;Das kann ich gut nachempfinden.;Je peux tout à fait le comprendre.;I can readily relate to that.
C1;nachempfinden;comprendre par empathie, se représenter;Akkusativ+Dativ;;;;Perfekt;Man hat ihre Lage nie nachempfunden.;On n'a jamais su se mettre à sa place.;Nobody ever empathized with her position.
C1;nachempfinden;comprendre par empathie, se représenter;Akkusativ+Dativ;;;;Präteritum;Er empfand den Schmerz nach.;Il ressentait la douleur avec elle.;He felt the pain along with her.
C1;nachempfinden;comprendre par empathie, se représenter;Akkusativ+Dativ;;;;Konjunktiv II;Das würde jeder nachempfinden.;N'importe qui le comprendrait de l'intérieur.;Anyone would relate to that.
C1;mitfühlen;compatir;;mit;;;Präsens;Ich fühle mit dir.;Je compatis avec toi.;I feel for you.
C1;mitfühlen;compatir;;mit;;;Perfekt;Alle haben mit der Familie mitgefühlt.;Tous ont compati avec la famille.;Everyone sympathized with the family.
C1;mitfühlen;compatir;;mit;;;Präteritum;Sie fühlte still mit.;Elle compatissait en silence.;She quietly sympathized.
C1;mitfühlen;compatir;;mit;;;Konjunktiv II;Jeder würde da mitfühlen.;Tout le monde compatirait.;Anyone would feel for them.
C1;verinnerlichen;intérioriser, s'approprier;Akkusativ;;;;Präsens;Die Regel muss man verinnerlichen, nicht auswendig lernen.;La règle doit être intériorisée, pas apprise par cœur.;The rule has to be internalized, not memorized.
C1;verinnerlichen;intérioriser, s'approprier;Akkusativ;;;;Perfekt;Er hat die Haltung völlig verinnerlicht.;Il a complètement intériorisé cette attitude.;He has completely internalized the attitude.
C1;verinnerlichen;intérioriser, s'approprier;Akkusativ;;;;Präteritum;Sie verinnerlichte den Ablauf in einer Woche.;Elle assimila la procédure en une semaine.;She internalized the procedure in a week.
C1;verinnerlichen;intérioriser, s'approprier;Akkusativ;;;;Konjunktiv II;Das würde ich erst verinnerlichen.;Je commencerais par l'assimiler.;I would internalize that first.
C1;sich einprägen;graver dans la mémoire;Akkusativ;;;oui;Präsens;Ein Bild prägt sich besser ein als eine Liste.;Une image se grave mieux qu'une liste.;A picture sticks better than a list.
C1;sich einprägen;graver dans la mémoire;Akkusativ;;;oui;Perfekt;Der Satz hat sich mir eingeprägt.;Cette phrase m'a marqué.;The sentence stuck in my mind.
C1;sich einprägen;graver dans la mémoire;Akkusativ;;;oui;Präteritum;Sie prägte sich die Zahlen ein.;Elle mémorisait les chiffres.;She memorized the figures.
C1;sich einprägen;graver dans la mémoire;Akkusativ;;;oui;Konjunktiv II;So würde ich mir das einprägen.;C'est ainsi que je le mémoriserais.;That is how I would memorize it.
C1;auffrischen;rafraîchir (des connaissances);Akkusativ;;;;Präsens;Vor der Reise frische ich mein Spanisch auf.;Avant le voyage, je rafraîchis mon espagnol.;Before the trip I am brushing up my Spanish.
C1;auffrischen;rafraîchir (des connaissances);Akkusativ;;;;Perfekt;Er hat seine Kenntnisse aufgefrischt.;Il a rafraîchi ses connaissances.;He brushed up his knowledge.
C1;auffrischen;rafraîchir (des connaissances);Akkusativ;;;;Präteritum;Sie frischte die Grammatik auf.;Elle révisait la grammaire.;She refreshed her grammar.
C1;auffrischen;rafraîchir (des connaissances);Akkusativ;;;;Konjunktiv II;Ich würde das kurz auffrischen.;Je rafraîchirais cela rapidement.;I would brush that up briefly.
C1;pauken;bachoter, potasser;Akkusativ;;;;Präsens;Er paukt seit einer Woche Vokabeln.;Il potasse du vocabulaire depuis une semaine.;He has been cramming vocabulary for a week.
C1;pauken;bachoter, potasser;Akkusativ;;;;Perfekt;Wir haben die ganze Nacht gepaukt.;Nous avons bûché toute la nuit.;We crammed all night.
C1;pauken;bachoter, potasser;Akkusativ;;;;Präteritum;Sie paukte Formeln bis zum Morgen.;Elle bûchait des formules jusqu'au matin.;She crammed formulas until morning.
C1;pauken;bachoter, potasser;Akkusativ;;;;Konjunktiv II;So kurz vorher würde ich nicht mehr pauken.;Si près de l'échéance, je ne bûcherais plus.;I would not cram this close to the exam.
C1;büffeln;bûcher, bosser (des révisions);Akkusativ;;;;Präsens;Am Wochenende büffeln wir Grammatik.;Le week-end, on bûche la grammaire.;At the weekend we grind away at grammar.
C1;büffeln;bûcher, bosser (des révisions);Akkusativ;;;;Perfekt;Sie hat drei Wochen gebüffelt.;Elle a potassé pendant trois semaines.;She swotted for three weeks.
C1;büffeln;bûcher, bosser (des révisions);Akkusativ;;;;Präteritum;Er büffelte Vokabeln im Bus.;Il potassait son vocabulaire dans le bus.;He swotted vocabulary on the bus.
C1;büffeln;bûcher, bosser (des révisions);Akkusativ;;;;Konjunktiv II;Ich würde weniger büffeln und mehr reden.;Je potasserais moins et je parlerais davantage.;I would swot less and speak more.
C1;erlernen;apprendre (un métier, une langue);Akkusativ;;;;Präsens;Eine Sprache erlernt man nicht in einem Sommer.;On n'apprend pas une langue en un été.;You do not learn a language in one summer.
C1;erlernen;apprendre (un métier, une langue);Akkusativ;;;;Perfekt;Er hat das Handwerk von Grund auf erlernt.;Il a appris le métier depuis la base.;He learned the trade from the ground up.
C1;erlernen;apprendre (un métier, une langue);Akkusativ;;;;Präteritum;Sie erlernte drei Instrumente.;Elle apprit trois instruments.;She learned three instruments.
C1;erlernen;apprendre (un métier, une langue);Akkusativ;;;;Konjunktiv II;Ich würde lieber ein Handwerk erlernen.;J'apprendrais plutôt un métier manuel.;I would rather learn a trade.
C1;vertiefen;approfondir;Akkusativ;;;;Präsens;Im dritten Jahr vertiefen wir das Thema.;En troisième année, nous approfondissons le sujet.;In the third year we go deeper into the topic.
C1;vertiefen;approfondir;Akkusativ;;;;Perfekt;Das Gespräch hat die Bekanntschaft vertieft.;L'entretien a approfondi la relation.;The conversation deepened the acquaintance.
C1;vertiefen;approfondir;Akkusativ;;;;Präteritum;Sie vertiefte sich in die Akten.;Elle se plongeait dans les dossiers.;She buried herself in the files.
C1;vertiefen;approfondir;Akkusativ;;;;Konjunktiv II;Ich würde das vertiefen.;J'approfondirais cela.;I would go deeper into that.
C1;verfeinern;affiner, raffiner;Akkusativ;;;;Präsens;Wir verfeinern das Verfahren Schritt für Schritt.;Nous affinons le procédé pas à pas.;We refine the process step by step.
C1;verfeinern;affiner, raffiner;Akkusativ;;;;Perfekt;Das Rezept wurde über Jahre verfeinert.;La recette a été affinée au fil des ans.;The recipe was refined over years.
C1;verfeinern;affiner, raffiner;Akkusativ;;;;Präteritum;Er verfeinerte die Methode erheblich.;Il affina considérablement la méthode.;He refined the method considerably.
C1;verfeinern;affiner, raffiner;Akkusativ;;;;Konjunktiv II;Ich würde das noch verfeinern.;J'affinerais encore cela.;I would refine that further.
C1;auskundschaften;explorer, aller reconnaître;Akkusativ;;;;Präsens;Wir kundschaften die Strecke vorher aus.;Nous allons reconnaître le trajet à l'avance.;We scout out the route beforehand.
C1;auskundschaften;explorer, aller reconnaître;Akkusativ;;;;Perfekt;Sie haben das Gelände ausgekundschaftet.;Ils ont reconnu le terrain.;They reconnoitred the terrain.
C1;auskundschaften;explorer, aller reconnaître;Akkusativ;;;;Präteritum;Er kundschaftete die Lage aus.;Il reconnaissait les lieux.;He scouted out the situation.
C1;auskundschaften;explorer, aller reconnaître;Akkusativ;;;;Konjunktiv II;Ich würde das vorher auskundschaften.;Je reconnaîtrais les lieux au préalable.;I would scout that out beforehand.
C1;zuspielen;"faire parvenir (discrètement) ; passer";Akkusativ+Dativ;;;;Präsens;Jemand spielt der Presse Dokumente zu.;Quelqu'un fait parvenir des documents à la presse.;Someone is leaking documents to the press.
C1;zuspielen;"faire parvenir (discrètement) ; passer";Akkusativ+Dativ;;;;Perfekt;Der Bericht wurde uns zugespielt.;Le rapport nous a été transmis sous le manteau.;The report was leaked to us.
C1;zuspielen;"faire parvenir (discrètement) ; passer";Akkusativ+Dativ;;;;Präteritum;Er spielte ihr den Ball zu.;Il lui passait le ballon.;He passed her the ball.
C1;zuspielen;"faire parvenir (discrètement) ; passer";Akkusativ+Dativ;;;;Konjunktiv II;So etwas würde ich niemandem zuspielen.;Je ne refilerais cela à personne.;I would leak such a thing to nobody.
C1;erlahmen;s'essouffler, retomber;;;oui;;Präsens;Nach zwei Monaten erlahmt das Interesse.;Au bout de deux mois, l'intérêt retombe.;After two months interest flags.
C1;erlahmen;s'essouffler, retomber;;;oui;;Perfekt;Der Eifer ist schnell erlahmt.;L'ardeur est vite retombée.;The enthusiasm quickly petered out.
C1;erlahmen;s'essouffler, retomber;;;oui;;Präteritum;Die Diskussion erlahmte gegen Mitternacht.;La discussion s'essoufflait vers minuit.;The discussion flagged towards midnight.
C1;erlahmen;s'essouffler, retomber;;;oui;;Konjunktiv II;Ohne Ziel würde das erlahmen.;Sans objectif, cela s'essoufflerait.;Without a goal that would peter out.
C1;umwidmen;réaffecter (un lieu, un fonds);Akkusativ;;;;Präsens;Die Stadt widmet die Halle zur Turnhalle um.;La ville réaffecte le hall en gymnase.;The city is repurposing the hall as a gym.
C1;umwidmen;réaffecter (un lieu, un fonds);Akkusativ;;;;Perfekt;Die Mittel wurden umgewidmet.;Les fonds ont été réaffectés.;The funds were redesignated.
C1;umwidmen;réaffecter (un lieu, un fonds);Akkusativ;;;;Präteritum;Man widmete das Gebäude um.;On changea l'affectation du bâtiment.;The building was repurposed.
C1;umwidmen;réaffecter (un lieu, un fonds);Akkusativ;;;;Konjunktiv II;Ich würde den Raum umwidmen.;Je changerais l'affectation de la pièce.;I would repurpose the room.
C1;sicherstellen;"garantir, s'assurer de ; saisir";Akkusativ;;;;Präsens;Wir stellen sicher, dass niemand vergessen wird.;Nous nous assurons que personne n'est oublié.;We ensure that nobody is forgotten.
C1;sicherstellen;"garantir, s'assurer de ; saisir";Akkusativ;;;;Perfekt;Die Polizei hat das Fahrzeug sichergestellt.;La police a saisi le véhicule.;The police seized the vehicle.
C1;sicherstellen;"garantir, s'assurer de ; saisir";Akkusativ;;;;Präteritum;Man stellte die Versorgung sicher.;On assurait l'approvisionnement.;Supply was ensured.
C1;sicherstellen;"garantir, s'assurer de ; saisir";Akkusativ;;;;Konjunktiv II;Ich würde das vorher sicherstellen.;Je m'en assurerais au préalable.;I would make sure of that beforehand.
C1;bewilligen;accorder, allouer;Akkusativ;;;;Präsens;Der Rat bewilligt die Mittel für zwei Jahre.;Le conseil accorde les moyens pour deux ans.;The council grants the funds for two years.
C1;bewilligen;accorder, allouer;Akkusativ;;;;Perfekt;Der Urlaub wurde bewilligt.;Le congé a été accordé.;The leave was approved.
C1;bewilligen;accorder, allouer;Akkusativ;;;;Präteritum;Man bewilligte nur die Hälfte.;On n'accorda que la moitié.;Only half was granted.
C1;bewilligen;accorder, allouer;Akkusativ;;;;Konjunktiv II;Das würde ich nicht bewilligen.;Je n'accorderais pas cela.;I would not approve that.
C1;verweigern;refuser (de donner);Akkusativ+Dativ;;;;Präsens;Er verweigert die Aussage.;Il refuse de témoigner.;He refuses to testify.
C1;verweigern;refuser (de donner);Akkusativ+Dativ;;;;Perfekt;Man hat ihr den Zutritt verweigert.;On lui a refusé l'accès.;She was denied entry.
C1;verweigern;refuser (de donner);Akkusativ+Dativ;;;;Präteritum;Die Bank verweigerte den Kredit.;La banque refusait le crédit.;The bank refused the loan.
C1;verweigern;refuser (de donner);Akkusativ+Dativ;;;;Konjunktiv II;Das würde ich verweigern.;Je refuserais cela.;I would refuse that.
C1;dulden;tolérer, souffrir;Akkusativ;;;;Präsens;Die Sache duldet keinen Aufschub.;L'affaire ne souffre aucun report.;The matter brooks no delay.
C1;dulden;tolérer, souffrir;Akkusativ;;;;Perfekt;Der Zustand wurde jahrelang geduldet.;La situation a été tolérée pendant des années.;The situation was tolerated for years.
C1;dulden;tolérer, souffrir;Akkusativ;;;;Präteritum;Man duldete die Bude ohne Genehmigung.;On tolérait la baraque sans autorisation.;The stall was tolerated without a permit.
C1;dulden;tolérer, souffrir;Akkusativ;;;;Konjunktiv II;So etwas würde ich nicht dulden.;Je ne tolérerais pas une chose pareille.;I would not tolerate such a thing.
C1;billigen;approuver, donner son aval;Akkusativ;;;;Präsens;Der Ausschuss billigt den Entwurf.;La commission approuve le projet.;The committee approves the draft.
C1;billigen;approuver, donner son aval;Akkusativ;;;;Perfekt;Das Vorgehen wurde nachträglich gebilligt.;La démarche a été approuvée après coup.;The action was approved after the fact.
C1;billigen;approuver, donner son aval;Akkusativ;;;;Präteritum;Sie billigte den Kompromiss schweigend.;Elle approuvait le compromis en silence.;She tacitly approved the compromise.
C1;billigen;approuver, donner son aval;Akkusativ;;;;Konjunktiv II;Das würde ich nie billigen.;Je n'approuverais jamais cela.;I would never approve of that.
C1;missbilligen;désapprouver;Akkusativ;;;;Präsens;Der Vorstand missbilligt dieses Vorgehen.;Le comité désapprouve cette manière de faire.;The board disapproves of this course of action.
C1;missbilligen;désapprouver;Akkusativ;;;;Perfekt;Man hat seinen Ton deutlich missbilligt.;On a nettement désapprouvé son ton.;His tone was clearly disapproved of.
C1;missbilligen;désapprouver;Akkusativ;;;;Präteritum;Sie missbilligte die Entscheidung offen.;Elle désapprouvait ouvertement la décision.;She openly disapproved of the decision.
C1;missbilligen;désapprouver;Akkusativ;;;;Konjunktiv II;Das würde ich missbilligen.;Je désapprouverais cela.;I would disapprove of that.
C1;ahnden;sanctionner, réprimer;Akkusativ;;;;Präsens;Verstöße werden mit einem Bußgeld geahndet.;Les infractions sont sanctionnées par une amende.;Violations are penalized with a fine.
C1;ahnden;sanctionner, réprimer;Akkusativ;;;;Perfekt;Der Fall wurde nie geahndet.;L'affaire n'a jamais été sanctionnée.;The case was never punished.
C1;ahnden;sanctionner, réprimer;Akkusativ;;;;Präteritum;Man ahndete das Vergehen milde.;On sanctionnait l'infraction avec indulgence.;The offence was punished mildly.
C1;ahnden;sanctionner, réprimer;Akkusativ;;;;Konjunktiv II;Das würde ich streng ahnden.;Je sanctionnerais cela sévèrement.;I would punish that severely.
C1;sanktionieren;sanctionner;Akkusativ;;;;Präsens;Die Liga sanktioniert das Foul mit einer Sperre.;La ligue sanctionne la faute par une suspension.;The league sanctions the foul with a ban.
C1;sanktionieren;sanctionner;Akkusativ;;;;Perfekt;Der Verstoß wurde nicht sanktioniert.;L'infraction n'a pas été sanctionnée.;The breach was not sanctioned.
C1;sanktionieren;sanctionner;Akkusativ;;;;Präteritum;Man sanktionierte drei Vereine.;On sanctionna trois clubs.;Three clubs were sanctioned.
C1;sanktionieren;sanctionner;Akkusativ;;;;Konjunktiv II;Ich würde das nicht sanktionieren.;Je ne sanctionnerais pas cela.;I would not sanction that.
C1;auszeichnen;distinguer, récompenser;Akkusativ;;;;Präsens;Die Stadt zeichnet jedes Jahr drei Projekte aus.;La ville récompense chaque année trois projets.;The city gives awards to three projects a year.
C1;auszeichnen;distinguer, récompenser;Akkusativ;;;;Perfekt;Sie wurde für ihre Arbeit ausgezeichnet.;Elle a été distinguée pour son travail.;She was honoured for her work.
C1;auszeichnen;distinguer, récompenser;Akkusativ;;;;Präteritum;Man zeichnete den Film in Cannes aus.;On récompensa le film à Cannes.;The film was awarded a prize in Cannes.
C1;auszeichnen;distinguer, récompenser;Akkusativ;;;;Konjunktiv II;Diesen Beitrag würde ich auszeichnen.;Je récompenserais cette contribution.;I would give this contribution an award.
C1;würdigen;saluer, rendre hommage à;Akkusativ;;;;Präsens;Der Nachruf würdigt vor allem ihre Beharrlichkeit.;La nécrologie salue avant tout sa ténacité.;The obituary pays tribute above all to her tenacity.
C1;würdigen;saluer, rendre hommage à;Akkusativ;;;;Perfekt;Seine Leistung wurde nie gewürdigt.;Son travail n'a jamais été reconnu à sa valeur.;His achievement was never acknowledged.
C1;würdigen;saluer, rendre hommage à;Akkusativ;;;;Präteritum;Man würdigte ihr Lebenswerk.;On rendit hommage à l'œuvre de sa vie.;Her life's work was honoured.
C1;würdigen;saluer, rendre hommage à;Akkusativ;;;;Konjunktiv II;Das würde ich ausdrücklich würdigen.;Je le saluerais expressément.;I would expressly acknowledge that.
C1;sich anbahnen;amorcer, s'esquisser;Akkusativ;;;oui;Präsens;Da bahnt sich eine Lösung an.;Une solution s'esquisse là.;A solution is in the offing there.
C1;sich anbahnen;amorcer, s'esquisser;Akkusativ;;;oui;Perfekt;Ein Treffen wurde diskret angebahnt.;Une rencontre a été discrètement amorcée.;A meeting was discreetly arranged.
C1;sich anbahnen;amorcer, s'esquisser;Akkusativ;;;oui;Präteritum;Es bahnte sich ein Streit an.;Une dispute se préparait.;A quarrel was brewing.
C1;sich anbahnen;amorcer, s'esquisser;Akkusativ;;;oui;Konjunktiv II;So etwas würde sich langsam anbahnen.;Une chose pareille se préparerait lentement.;Such a thing would develop slowly.
C1;bevorstehen;être imminent;Dativ;;;;Präsens;Uns steht ein schwieriger Winter bevor.;Un hiver difficile nous attend.;A difficult winter lies ahead of us.
C1;bevorstehen;être imminent;Dativ;;;;Perfekt;Die Prüfung hat kurz bevorgestanden.;L'examen était tout proche.;The exam was imminent.
C1;bevorstehen;être imminent;Dativ;;;;Präteritum;Ein Wechsel stand seit Monaten bevor.;Un changement s'annonçait depuis des mois.;A change had been imminent for months.
C1;bevorstehen;être imminent;Dativ;;;;Konjunktiv II;Dann würde uns viel Arbeit bevorstehen.;Il nous attendrait alors beaucoup de travail.;Then a lot of work would lie ahead.
C1;heraufziehen;s'annoncer (orage, crise);;;oui;;Präsens;Im Westen zieht ein Gewitter herauf.;À l'ouest, un orage s'annonce.;A storm is gathering in the west.
C1;heraufziehen;s'annoncer (orage, crise);;;oui;;Perfekt;Eine Krise ist langsam heraufgezogen.;Une crise s'est annoncée lentement.;A crisis slowly gathered.
C1;heraufziehen;s'annoncer (orage, crise);;;oui;;Präteritum;Am Horizont zog Nebel herauf.;À l'horizon montait le brouillard.;Fog gathered on the horizon.
C1;heraufziehen;s'annoncer (orage, crise);;;oui;;Konjunktiv II;Damit würde neuer Ärger heraufziehen.;De nouveaux ennuis s'annonceraient ainsi.;That would bring new trouble.
C1;abflauen;faiblir, retomber;;;oui;;Präsens;Der Wind flaut gegen Abend ab.;Le vent faiblit vers le soir.;The wind eases off towards evening.
C1;abflauen;faiblir, retomber;;;oui;;Perfekt;Die Aufregung ist rasch abgeflaut.;L'agitation est vite retombée.;The excitement quickly died down.
C1;abflauen;faiblir, retomber;;;oui;;Präteritum;Die Nachfrage flaute im Sommer ab.;La demande faiblissait pendant l'été.;Demand eased off in the summer.
C1;abflauen;faiblir, retomber;;;oui;;Konjunktiv II;Das würde von selbst abflauen.;Cela retomberait de soi-même.;That would die down by itself.
C1;abtasten;palper, tâter, explorer;Akkusativ;;;;Präsens;In der ersten Runde tasten sich beide ab.;Au premier round, les deux se tâtent.;In the first round both feel each other out.
C1;abtasten;palper, tâter, explorer;Akkusativ;;;;Perfekt;Der Arzt hat den Bauch abgetastet.;Le médecin a palpé le ventre.;The doctor palpated the abdomen.
C1;abtasten;palper, tâter, explorer;Akkusativ;;;;Präteritum;Sie tastete die Wand nach dem Schalter ab.;Elle tâtait le mur à la recherche de l'interrupteur.;She felt along the wall for the switch.
C1;abtasten;palper, tâter, explorer;Akkusativ;;;;Konjunktiv II;Ich würde die Lage erst abtasten.;Je commencerais par tâter le terrain.;I would feel out the situation first.
C1;hochfahren;monter en puissance, démarrer;Akkusativ;;;;Präsens;Die Produktion wird schrittweise hochgefahren.;La production monte en puissance progressivement.;Production is being ramped up gradually.
C1;hochfahren;monter en puissance, démarrer;Akkusativ;;;;Perfekt;Der Rechner hat lange hochgefahren.;L'ordinateur a mis longtemps à démarrer.;The computer took a long time to boot.
C1;hochfahren;monter en puissance, démarrer;Akkusativ;;;;Präteritum;Man fuhr die Anlage wieder hoch.;On remit l'installation en marche.;The plant was started up again.
C1;hochfahren;monter en puissance, démarrer;Akkusativ;;;;Konjunktiv II;Ich würde die Kapazität hochfahren.;J'augmenterais la capacité.;I would ramp up capacity.
C1;zufallen;revenir à, échoir;Dativ;;;;Präsens;Diese Rolle fällt meist den Jüngsten zu.;Ce rôle échoit le plus souvent aux plus jeunes.;This role usually falls to the youngest.
C1;zufallen;revenir à, échoir;Dativ;;;;Perfekt;Ihm ist die Aufgabe einfach zugefallen.;La tâche lui est simplement échue.;The task simply fell to him.
C1;zufallen;revenir à, échoir;Dativ;;;;Präteritum;Das Haus fiel der Tochter zu.;La maison revint à la fille.;The house went to the daughter.
C1;zufallen;revenir à, échoir;Dativ;;;;Konjunktiv II;Die Verantwortung würde uns zufallen.;La responsabilité nous incomberait.;The responsibility would fall to us.
C1;bezuschussen;subventionner;Akkusativ;;;;Präsens;Das Land bezuschusst den Umbau zur Hälfte.;Le Land subventionne les travaux pour moitié.;The state subsidizes half of the conversion.
C1;bezuschussen;subventionner;Akkusativ;;;;Perfekt;Der Kurs wurde vom Betrieb bezuschusst.;Le cours a été subventionné par l'entreprise.;The course was subsidized by the employer.
C1;bezuschussen;subventionner;Akkusativ;;;;Präteritum;Man bezuschusste die Miete drei Jahre lang.;On subventionna le loyer pendant trois ans.;The rent was subsidized for three years.
C1;bezuschussen;subventionner;Akkusativ;;;;Konjunktiv II;Das würde niemand bezuschussen.;Personne ne subventionnerait cela.;Nobody would subsidize that.
C1;unterwandern;noyauter, infiltrer;Akkusativ;;;;Präsens;Die Ausnahmen unterwandern die Regel.;Les exceptions minent la règle.;The exceptions undermine the rule.
C1;unterwandern;noyauter, infiltrer;Akkusativ;;;;Perfekt;Die Gruppe wurde von innen unterwandert.;Le groupe a été noyauté de l'intérieur.;The group was infiltrated from within.
C1;unterwandern;noyauter, infiltrer;Akkusativ;;;;Präteritum;Man unterwanderte den Verein systematisch.;On noyautait l'association méthodiquement.;The association was systematically infiltrated.
C1;unterwandern;noyauter, infiltrer;Akkusativ;;;;Konjunktiv II;Das würde die Regel unterwandern.;Cela viderait la règle de sa substance.;That would undermine the rule.
C1;ausschmücken;enjoliver, broder;Akkusativ;;;;Präsens;Er schmückt jede Geschichte aus.;Il enjolive chaque histoire.;He embellishes every story.
C1;ausschmücken;enjoliver, broder;Akkusativ;;;;Perfekt;Der Bericht wurde stark ausgeschmückt.;Le récit a été largement enjolivé.;The account was heavily embellished.
C1;ausschmücken;enjoliver, broder;Akkusativ;;;;Präteritum;Sie schmückte die Anekdote aus.;Elle enjolivait l'anecdote.;She embellished the anecdote.
C1;ausschmücken;enjoliver, broder;Akkusativ;;;;Konjunktiv II;Ich würde nichts ausschmücken.;Je n'enjoliverais rien.;I would embellish nothing.
C1;anzweifeln;mettre en doute;Akkusativ;;;;Präsens;Niemand zweifelt seine Kompetenz an.;Personne ne met en doute sa compétence.;Nobody questions his competence.
C1;anzweifeln;mettre en doute;Akkusativ;;;;Perfekt;Die Zahlen wurden früh angezweifelt.;Les chiffres ont été mis en doute très tôt.;The figures were questioned early on.
C1;anzweifeln;mettre en doute;Akkusativ;;;;Präteritum;Sie zweifelte die Methode an.;Elle mettait la méthode en doute.;She cast doubt on the method.
C1;anzweifeln;mettre en doute;Akkusativ;;;;Konjunktiv II;Das würde ich anzweifeln.;Je mettrais cela en doute.;I would question that.
C1;erhärten;corroborer, confirmer;Akkusativ;;;;Präsens;Neue Funde erhärten den Verdacht.;De nouvelles découvertes corroborent le soupçon.;New findings substantiate the suspicion.
C1;erhärten;corroborer, confirmer;Akkusativ;;;;Perfekt;Die Vermutung hat sich erhärtet.;L'hypothèse s'est confirmée.;The suspicion was borne out.
C1;erhärten;corroborer, confirmer;Akkusativ;;;;Präteritum;Zwei Zeugen erhärteten die Aussage.;Deux témoins corroborèrent la déclaration.;Two witnesses corroborated the statement.
C1;erhärten;corroborer, confirmer;Akkusativ;;;;Konjunktiv II;Das würde den Verdacht erhärten.;Cela renforcerait le soupçon.;That would substantiate the suspicion.
C1;hervorbringen;produire, engendrer;Akkusativ;;;;Präsens;Die Region bringt seit je gute Winzer hervor.;La région produit depuis toujours de bons vignerons.;The region has always produced good winemakers.
C1;hervorbringen;produire, engendrer;Akkusativ;;;;Perfekt;Das Jahrzehnt hat wenig Neues hervorgebracht.;La décennie a produit peu de neuf.;The decade produced little that was new.
C1;hervorbringen;produire, engendrer;Akkusativ;;;;Präteritum;Die Schule brachte drei Meister hervor.;L'école forma trois champions.;The school produced three champions.
C1;hervorbringen;produire, engendrer;Akkusativ;;;;Konjunktiv II;Das würde nichts Gutes hervorbringen.;Cela n'engendrerait rien de bon.;That would bring forth nothing good.
C1;zeitigen;produire (un résultat);Akkusativ;;;;Präsens;Die Maßnahme zeitigt erste Erfolge.;La mesure produit ses premiers succès.;The measure is yielding its first successes.
C1;zeitigen;produire (un résultat);Akkusativ;;;;Perfekt;Der Aufwand hat kaum Wirkung gezeitigt.;L'effort n'a guère produit d'effet.;The effort produced hardly any effect.
C1;zeitigen;produire (un résultat);Akkusativ;;;;Präteritum;Die Reform zeitigte unerwartete Folgen.;La réforme entraîna des suites inattendues.;The reform produced unexpected consequences.
C1;zeitigen;produire (un résultat);Akkusativ;;;;Konjunktiv II;Das würde keine Wirkung zeitigen.;Cela ne produirait aucun effet.;That would produce no effect.
C1;durchschlagen;se répercuter, se faire sentir;;auf + Akkusativ;;;Präsens;Höhere Löhne schlagen auf die Preise durch.;Des salaires plus élevés se répercutent sur les prix.;Higher wages feed through to prices.
C1;durchschlagen;se répercuter, se faire sentir;;auf + Akkusativ;;;Perfekt;Der Effekt hat erst spät durchgeschlagen.;L'effet ne s'est fait sentir que tardivement.;The effect only fed through late.
C1;durchschlagen;se répercuter, se faire sentir;;auf + Akkusativ;;;Präteritum;Die Kosten schlugen sofort durch.;Les coûts se répercutèrent aussitôt.;The costs fed through immediately.
C1;durchschlagen;se répercuter, se faire sentir;;auf + Akkusativ;;;Konjunktiv II;Das würde auf die Miete durchschlagen.;Cela se répercuterait sur le loyer.;That would feed through to the rent.
C1;abfärben;déteindre (au propre et au figuré);;auf;;;Präsens;Seine Gelassenheit färbt auf das ganze Team ab.;Son calme déteint sur toute l'équipe.;His calm rubs off on the whole team.
C1;abfärben;déteindre (au propre et au figuré);;auf;;;Perfekt;Der rote Pullover hat abgefärbt.;Le pull rouge a déteint.;The red jumper ran in the wash.
C1;abfärben;déteindre (au propre et au figuré);;auf;;;Präteritum;Die Stimmung färbte auf alle ab.;L'ambiance déteignait sur tout le monde.;The mood rubbed off on everyone.
C1;abfärben;déteindre (au propre et au figuré);;auf;;;Konjunktiv II;Das würde auf die Kinder abfärben.;Cela déteindrait sur les enfants.;That would rub off on the children.
C1;übergreifen;s'étendre, gagner;;auf;;;Präsens;Das Feuer greift auf den Nachbarhof über.;Le feu gagne la ferme voisine.;The fire spreads to the neighbouring farm.
C1;übergreifen;s'étendre, gagner;;auf;;;Perfekt;Der Streik hat auf zwei Werke übergegriffen.;La grève s'est étendue à deux usines.;The strike spread to two plants.
C1;übergreifen;s'étendre, gagner;;auf;;;Präteritum;Die Unruhe griff auf die Stadt über.;L'agitation gagnait la ville.;The unrest spread to the city.
C1;übergreifen;s'étendre, gagner;;auf;;;Konjunktiv II;Das würde schnell übergreifen.;Cela s'étendrait rapidement.;That would spread quickly.
C1;ausstrahlen;rayonner, diffuser;Akkusativ;;;;Präsens;Sie strahlt eine große Ruhe aus.;Elle dégage un grand calme.;She radiates great calm.
C1;ausstrahlen;rayonner, diffuser;Akkusativ;;;;Perfekt;Die Sendung wurde nie ausgestrahlt.;L'émission n'a jamais été diffusée.;The programme was never broadcast.
C1;ausstrahlen;rayonner, diffuser;Akkusativ;;;;Präteritum;Der Ofen strahlte Wärme aus.;Le poêle dégageait de la chaleur.;The stove radiated heat.
C1;ausstrahlen;rayonner, diffuser;Akkusativ;;;;Konjunktiv II;Das würde Sicherheit ausstrahlen.;Cela dégagerait une impression de sécurité.;That would radiate confidence.
C1;festschreiben;inscrire, graver dans un texte;Akkusativ;;;;Präsens;Der Vertrag schreibt den Preis für zwei Jahre fest.;Le contrat fixe le prix pour deux ans.;The contract fixes the price for two years.
C1;festschreiben;inscrire, graver dans un texte;Akkusativ;;;;Perfekt;Das Recht wurde in der Verfassung festgeschrieben.;Ce droit a été inscrit dans la Constitution.;The right was enshrined in the constitution.
C1;festschreiben;inscrire, graver dans un texte;Akkusativ;;;;Präteritum;Man schrieb die Regel schriftlich fest.;On fixait la règle par écrit.;The rule was set down in writing.
C1;festschreiben;inscrire, graver dans un texte;Akkusativ;;;;Konjunktiv II;Ich würde das nicht festschreiben.;Je ne graverais pas cela dans le marbre.;I would not set that in stone.
C1;zementieren;figer, bétonner;Akkusativ;;;;Präsens;Die Reform zementiert die alten Verhältnisse.;La réforme fige les anciens rapports.;The reform entrenches the old arrangements.
C1;zementieren;figer, bétonner;Akkusativ;;;;Perfekt;Der Beschluss hat die Spaltung zementiert.;La décision a figé la division.;The decision cemented the split.
C1;zementieren;figer, bétonner;Akkusativ;;;;Präteritum;Man zementierte den Zustand für Jahrzehnte.;On figea la situation pour des décennies.;The situation was cemented for decades.
C1;zementieren;figer, bétonner;Akkusativ;;;;Konjunktiv II;Das würde die Ungleichheit zementieren.;Cela figerait l'inégalité.;That would entrench inequality.
C1;aufweichen;assouplir, amollir;Akkusativ;;;;Präsens;Die Ausnahmen weichen die Regel auf.;Les exceptions assouplissent la règle.;The exceptions water the rule down.
C1;aufweichen;assouplir, amollir;Akkusativ;;;;Perfekt;Der Kompromiss hat das Gesetz aufgeweicht.;Le compromis a édulcoré la loi.;The compromise watered the law down.
C1;aufweichen;assouplir, amollir;Akkusativ;;;;Präteritum;Der Regen weichte den Boden auf.;La pluie détrempait le sol.;The rain softened the ground.
C1;aufweichen;assouplir, amollir;Akkusativ;;;;Konjunktiv II;Das würde die Vorgabe aufweichen.;Cela affaiblirait la consigne.;That would water down the requirement.
C1;lockern;assouplir, desserrer;Akkusativ;;;;Präsens;Ab Mai lockert das Land die Regeln.;À partir de mai, le pays assouplit les règles.;From May the country relaxes the rules.
C1;lockern;assouplir, desserrer;Akkusativ;;;;Perfekt;Die Vorschriften wurden gelockert.;Les règles ont été assouplies.;The regulations were relaxed.
C1;lockern;assouplir, desserrer;Akkusativ;;;;Präteritum;Er lockerte die Schraube eine halbe Drehung.;Il desserra la vis d'un demi-tour.;He loosened the screw half a turn.
C1;lockern;assouplir, desserrer;Akkusativ;;;;Konjunktiv II;Ich würde das nicht lockern.;Je n'assouplirais pas cela.;I would not relax that.
C1;nachjustieren;réajuster;;;oui;;Präsens;Nach dem Test justieren wir nach.;Après le test, nous réajustons.;After the test we fine-tune.
C1;nachjustieren;réajuster;;;oui;;Perfekt;Man hat zweimal nachjustiert.;On a réajusté deux fois.;It was readjusted twice.
C1;nachjustieren;réajuster;;;oui;;Präteritum;Sie justierte die Werte nach.;Elle réajustait les valeurs.;She readjusted the values.
C1;nachjustieren;réajuster;;;oui;;Konjunktiv II;Da würde ich nachjustieren.;Là, je réajusterais.;I would fine-tune that.
C1;nachbessern;corriger, reprendre;;;oui;;Präsens;Der Handwerker muss kostenlos nachbessern.;L'artisan doit reprendre le travail gratuitement.;The tradesman has to rectify it free of charge.
C1;nachbessern;corriger, reprendre;;;oui;;Perfekt;Am Entwurf wurde dreimal nachgebessert.;Le projet a été retouché trois fois.;The draft was reworked three times.
C1;nachbessern;corriger, reprendre;;;oui;;Präteritum;Man besserte an zwei Stellen nach.;On retoucha deux passages.;Two spots were touched up.
C1;nachbessern;corriger, reprendre;;;oui;;Konjunktiv II;Ich würde hier nachbessern.;Je retoucherais ici.;I would rectify that here.
C1;fälschen;falsifier, contrefaire;Akkusativ;;;;Präsens;Er fälscht die Unterschrift seines Vaters.;Il falsifie la signature de son père.;He forges his father's signature.
C1;fälschen;falsifier, contrefaire;Akkusativ;;;;Perfekt;Das Gemälde war gefälscht.;Le tableau était un faux.;The painting was a forgery.
C1;fälschen;falsifier, contrefaire;Akkusativ;;;;Präteritum;Man fälschte die Abrechnung.;On falsifiait le décompte.;The accounts were falsified.
C1;fälschen;falsifier, contrefaire;Akkusativ;;;;Konjunktiv II;So etwas würde ich nie fälschen.;Je ne falsifierais jamais une chose pareille.;I would never forge such a thing.
C1;tarnen;camoufler, masquer;Akkusativ;;;;Präsens;Die Gebühr tarnt sich als Servicepauschale.;La taxe se camoufle en forfait de service.;The fee is disguised as a service charge.
C1;tarnen;camoufler, masquer;Akkusativ;;;;Perfekt;Der Bau war als Scheune getarnt.;La construction était camouflée en grange.;The building was disguised as a barn.
C1;tarnen;camoufler, masquer;Akkusativ;;;;Präteritum;Er tarnte seine Absicht geschickt.;Il masquait habilement son intention.;He cleverly disguised his intention.
C1;tarnen;camoufler, masquer;Akkusativ;;;;Konjunktiv II;Ich würde nichts tarnen.;Je ne camouflerais rien.;I would disguise nothing.
C1;bohren;"insister lourdement ; percer";Akkusativ;;;;Präsens;Sie bohrt so lange, bis er antwortet.;Elle insiste jusqu'à ce qu'il réponde.;She keeps pressing until he answers.
C1;bohren;"insister lourdement ; percer";Akkusativ;;;;Perfekt;Der Reporter hat hartnäckig gebohrt.;Le journaliste a insisté sans relâche.;The reporter kept digging stubbornly.
C1;bohren;"insister lourdement ; percer";Akkusativ;;;;Präteritum;Man bohrte ein Loch in die Wand.;On perça un trou dans le mur.;A hole was drilled in the wall.
C1;bohren;"insister lourdement ; percer";Akkusativ;;;;Konjunktiv II;Da würde ich weiter bohren.;Là, je continuerais à creuser.;I would keep digging there.
C1;abklopfen;sonder, passer en revue;Akkusativ;;;;Präsens;Wir klopfen jede Annahme einzeln ab.;Nous sondons chaque hypothèse une à une.;We test every assumption one by one.
C1;abklopfen;sonder, passer en revue;Akkusativ;;;;Perfekt;Der Text wurde auf Fehler abgeklopft.;Le texte a été passé au crible pour en trouver les fautes.;The text was checked over for errors.
C1;abklopfen;sonder, passer en revue;Akkusativ;;;;Präteritum;Sie klopfte alle Möglichkeiten ab.;Elle examinait toutes les possibilités.;She sounded out every possibility.
C1;abklopfen;sonder, passer en revue;Akkusativ;;;;Konjunktiv II;Ich würde das vorher abklopfen.;J'examinerais cela au préalable.;I would sound that out beforehand.
C1;überhandnehmen;prendre le dessus, proliférer;;;oui;;Präsens;Die Beschwerden nehmen überhand.;Les plaintes prennent le dessus.;The complaints are getting out of hand.
C1;überhandnehmen;prendre le dessus, proliférer;;;oui;;Perfekt;Der Wildwuchs hat überhandgenommen.;La prolifération a pris le dessus.;The unchecked growth got out of hand.
C1;überhandnehmen;prendre le dessus, proliférer;;;oui;;Präteritum;Die Fehler nahmen überhand.;Les erreurs se multipliaient.;The errors became rampant.
C1;überhandnehmen;prendre le dessus, proliférer;;;oui;;Konjunktiv II;Ohne Regeln würde das überhandnehmen.;Sans règles, cela prendrait le dessus.;Without rules that would get out of hand.
C1;einreißen;"s'installer (une mauvaise habitude) ; démolir";;;oui;;Präsens;Diese Nachlässigkeit reißt langsam ein.;Cette négligence s'installe peu à peu.;This carelessness is slowly creeping in.
C1;einreißen;"s'installer (une mauvaise habitude) ; démolir";;;oui;;Perfekt;Eine schlechte Gewohnheit ist eingerissen.;Une mauvaise habitude s'est installée.;A bad habit has crept in.
C1;einreißen;"s'installer (une mauvaise habitude) ; démolir";;;oui;;Präteritum;Man riss die alte Mauer ein.;On démolit le vieux mur.;The old wall was torn down.
C1;einreißen;"s'installer (une mauvaise habitude) ; démolir";;;oui;;Konjunktiv II;Das würde schnell einreißen.;Cela s'installerait vite.;That would quickly creep in.
C1;abebben;refluer, retomber;;;oui;;Präsens;Die Empörung ebbt nach drei Tagen ab.;L'indignation retombe au bout de trois jours.;The outrage subsides after three days.
C1;abebben;refluer, retomber;;;oui;;Perfekt;Der Andrang ist abgeebbt.;L'affluence est retombée.;The rush has ebbed away.
C1;abebben;refluer, retomber;;;oui;;Präteritum;Der Lärm ebbte langsam ab.;Le bruit décroissait lentement.;The noise slowly subsided.
C1;abebben;refluer, retomber;;;oui;;Konjunktiv II;Das würde von selbst abebben.;Cela retomberait de soi-même.;That would subside on its own.
C1;nachziehen;emboîter le pas, suivre;;;oui;;Präsens;Wenn einer die Preise senkt, ziehen alle nach.;Si l'un baisse ses prix, tous emboîtent le pas.;If one cuts prices, all follow suit.
C1;nachziehen;emboîter le pas, suivre;;;oui;;Perfekt;Zwei Länder haben nachgezogen.;Deux pays ont suivi le mouvement.;Two countries followed suit.
C1;nachziehen;emboîter le pas, suivre;;;oui;;Präteritum;Die Konkurrenz zog sofort nach.;La concurrence suivit aussitôt.;The competition followed suit at once.
C1;nachziehen;emboîter le pas, suivre;;;oui;;Konjunktiv II;Die anderen würden nachziehen.;Les autres suivraient.;The others would follow suit.
C1;gleichziehen;revenir à égalité, rattraper;;mit + Dativ;;;Präsens;Kurz vor Schluss zieht die Mannschaft gleich.;Peu avant la fin, l'équipe revient à égalité.;Shortly before the end the team draws level.
C1;gleichziehen;revenir à égalité, rattraper;;mit + Dativ;;;Perfekt;Der Osten hat beim Einkommen nicht gleichgezogen.;L'est n'a pas rattrapé son retard sur les revenus.;The east has not caught up on income.
C1;gleichziehen;revenir à égalité, rattraper;;mit + Dativ;;;Präteritum;Sie zog im letzten Jahr gleich.;Elle égalisa l'an dernier.;She drew level in the last year.
C1;gleichziehen;revenir à égalité, rattraper;;mit + Dativ;;;Konjunktiv II;Damit würde man gleichziehen.;On se mettrait ainsi à égalité.;That would draw us level.
C1;aufholen;combler un retard;Akkusativ;;;;Präsens;Er holt zwei Sekunden pro Runde auf.;Il reprend deux secondes par tour.;He gains two seconds a lap.
C1;aufholen;combler un retard;Akkusativ;;;;Perfekt;Die Firma hat den Rückstand aufgeholt.;L'entreprise a comblé son retard.;The company made up the shortfall.
C1;aufholen;combler un retard;Akkusativ;;;;Präteritum;Sie holte im zweiten Halbjahr auf.;Elle rattrapait au second semestre.;She caught up in the second half-year.
C1;aufholen;combler un retard;Akkusativ;;;;Konjunktiv II;Das würde man nicht mehr aufholen.;On ne rattraperait plus cela.;That could no longer be made up.
C1;zurückfallen;décrocher, retomber;;;oui;;Präsens;Ohne Investitionen fällt die Region zurück.;Sans investissements, la région décroche.;Without investment the region falls behind.
C1;zurückfallen;décrocher, retomber;;;oui;;Perfekt;Er ist auf Platz sieben zurückgefallen.;Il est retombé à la septième place.;He slipped back to seventh place.
C1;zurückfallen;décrocher, retomber;;;oui;;Präteritum;Die Schule fiel im Vergleich zurück.;L'école reculait dans la comparaison.;The school fell behind in the comparison.
C1;zurückfallen;décrocher, retomber;;;oui;;Konjunktiv II;Sonst würden wir zurückfallen.;Sinon, nous prendrions du retard.;Otherwise we would fall behind.
C1;dominieren;dominer;Akkusativ;;;;Präsens;Zwei Anbieter dominieren den Markt.;Deux fournisseurs dominent le marché.;Two providers dominate the market.
C1;dominieren;dominer;Akkusativ;;;;Perfekt;Ein Thema hat die Debatte dominiert.;Un seul sujet a dominé le débat.;One topic dominated the debate.
C1;dominieren;dominer;Akkusativ;;;;Präteritum;Sie dominierte das Turnier.;Elle dominait le tournoi.;She dominated the tournament.
C1;dominieren;dominer;Akkusativ;;;;Konjunktiv II;Das würde das Gespräch dominieren.;Cela dominerait la conversation.;That would dominate the conversation.
C1;ablösen;remplacer, relayer;Akkusativ;;;;Präsens;Um zwei Uhr löst sie den Kollegen ab.;À deux heures, elle relaie le collègue.;At two she relieves her colleague.
C1;ablösen;remplacer, relayer;Akkusativ;;;;Perfekt;Das neue Verfahren hat das alte abgelöst.;Le nouveau procédé a remplacé l'ancien.;The new procedure replaced the old one.
C1;ablösen;remplacer, relayer;Akkusativ;;;;Präteritum;Eine Generation löste die andere ab.;Une génération succédait à l'autre.;One generation succeeded the other.
C1;ablösen;remplacer, relayer;Akkusativ;;;;Konjunktiv II;Das würde das bisherige System ablösen.;Cela remplacerait le système actuel.;That would replace the existing system.
C1;nachfolgen;succéder à;Dativ;;;;Präsens;Wer folgt ihr im Amt nach?;Qui lui succède à ce poste ?;Who succeeds her in office?
C1;nachfolgen;succéder à;Dativ;;;;Perfekt;Ihm ist niemand nachgefolgt.;Personne ne lui a succédé.;Nobody succeeded him.
C1;nachfolgen;succéder à;Dativ;;;;Präteritum;Sein Sohn folgte ihm im Betrieb nach.;Son fils lui succéda dans l'entreprise.;His son succeeded him in the business.
C1;nachfolgen;succéder à;Dativ;;;;Konjunktiv II;Ich würde ihm nicht nachfolgen wollen.;Je n'aimerais pas lui succéder.;I would not want to succeed him.
C1;beerben;hériter de, prendre la succession de;Akkusativ;;;;Präsens;Die Tochter beerbt den Betrieb.;La fille hérite de l'entreprise.;The daughter inherits the business.
C1;beerben;hériter de, prendre la succession de;Akkusativ;;;;Perfekt;Sie hat ihre Tante beerbt.;Elle a hérité de sa tante.;She inherited from her aunt.
C1;beerben;hériter de, prendre la succession de;Akkusativ;;;;Präteritum;Er beerbte den langjährigen Vorsitzenden.;Il prit la succession du président de longue date.;He succeeded the long-serving chairman.
C1;beerben;hériter de, prendre la succession de;Akkusativ;;;;Konjunktiv II;Ihn würde ich ungern beerben.;Je n'aimerais pas prendre sa succession.;I would not like to succeed him.
C1;fortdauern;persister, se prolonger;;;oui;;Präsens;Der Streit dauert seit Jahren fort.;Le conflit persiste depuis des années.;The dispute has persisted for years.
C1;fortdauern;persister, se prolonger;;;oui;;Perfekt;Die Trockenheit hat bis September fortgedauert.;La sécheresse a duré jusqu'en septembre.;The drought continued until September.
C1;fortdauern;persister, se prolonger;;;oui;;Präteritum;Der Zustand dauerte unverändert fort.;La situation persistait sans changement.;The situation persisted unchanged.
C1;fortdauern;persister, se prolonger;;;oui;;Konjunktiv II;Das würde noch lange fortdauern.;Cela durerait encore longtemps.;That would continue for a long time.
C1;fortbestehen;subsister, continuer d'exister;;;oui;;Präsens;Die Regel besteht bis heute fort.;La règle subsiste jusqu'à aujourd'hui.;The rule remains in force to this day.
C1;fortbestehen;subsister, continuer d'exister;;;oui;;Perfekt;Der Verein hat den Krieg über fortbestanden.;L'association a subsisté pendant toute la guerre.;The association continued to exist through the war.
C1;fortbestehen;subsister, continuer d'exister;;;oui;;Präteritum;Die Vorschrift bestand formal fort.;La règle subsistait formellement.;The regulation formally remained.
C1;fortbestehen;subsister, continuer d'exister;;;oui;;Konjunktiv II;Das Problem würde fortbestehen.;Le problème subsisterait.;The problem would remain.
C1;überdauern;survivre à, traverser le temps;Akkusativ;;;;Präsens;Der Bau überdauert alle seine Erbauer.;L'édifice survit à tous ses bâtisseurs.;The building outlasts all its builders.
C1;überdauern;survivre à, traverser le temps;Akkusativ;;;;Perfekt;Nur drei Bände haben den Brand überdauert.;Trois volumes seulement ont survécu à l'incendie.;Only three volumes survived the fire.
C1;überdauern;survivre à, traverser le temps;Akkusativ;;;;Präteritum;Die Tradition überdauerte zwei Jahrhunderte.;La tradition traversa deux siècles.;The tradition survived two centuries.
C1;überdauern;survivre à, traverser le temps;Akkusativ;;;;Konjunktiv II;Das würde uns alle überdauern.;Cela nous survivrait à tous.;That would outlast us all.
C1;fortführen;poursuivre, reprendre le flambeau;Akkusativ;;;;Präsens;Sie führt die Praxis ihres Vaters fort.;Elle poursuit le cabinet de son père.;She carries on her father's practice.
C1;fortführen;poursuivre, reprendre le flambeau;Akkusativ;;;;Perfekt;Das Projekt wurde nicht fortgeführt.;Le projet n'a pas été poursuivi.;The project was not continued.
C1;fortführen;poursuivre, reprendre le flambeau;Akkusativ;;;;Präteritum;Man führte die Reihe bis 1998 fort.;On poursuivit la série jusqu'en 1998.;The series was continued until 1998.
C1;fortführen;poursuivre, reprendre le flambeau;Akkusativ;;;;Konjunktiv II;Ich würde das so nicht fortführen.;Je ne poursuivrais pas cela ainsi.;I would not continue it that way.
C1;wiederaufnehmen;reprendre (une activité, un dossier);Akkusativ;;;;Präsens;Das Gericht nimmt das Verfahren wieder auf.;Le tribunal rouvre la procédure.;The court reopens the proceedings.
C1;wiederaufnehmen;reprendre (une activité, un dossier);Akkusativ;;;;Perfekt;Die Gespräche wurden wiederaufgenommen.;Les discussions ont été reprises.;The talks were resumed.
C1;wiederaufnehmen;reprendre (une activité, un dossier);Akkusativ;;;;Präteritum;Sie nahm das Studium wieder auf.;Elle reprit ses études.;She resumed her studies.
C1;wiederaufnehmen;reprendre (une activité, un dossier);Akkusativ;;;;Konjunktiv II;Ich würde die Arbeit wiederaufnehmen.;Je reprendrais le travail.;I would resume the work.
C1;ruhen;être suspendu, reposer;;;oui;;Präsens;Das Verfahren ruht bis zum Gutachten.;La procédure est suspendue jusqu'à l'expertise.;The proceedings are suspended pending the report.
C1;ruhen;être suspendu, reposer;;;oui;;Perfekt;Die Bauarbeiten haben den Winter über geruht.;Les travaux sont restés à l'arrêt tout l'hiver.;Construction work was suspended over the winter.
C1;ruhen;être suspendu, reposer;;;oui;;Präteritum;Der Betrieb ruhte drei Wochen.;L'exploitation resta à l'arrêt trois semaines.;Operations were suspended for three weeks.
C1;ruhen;être suspendu, reposer;;;oui;;Konjunktiv II;Der Vertrag würde so lange ruhen.;Le contrat serait suspendu d'ici là.;The contract would be suspended for that long.
C1;naheliegen;aller de soi, s'imposer;;;oui;;Präsens;Dieser Verdacht liegt nahe.;Ce soupçon s'impose.;This suspicion is an obvious one.
C1;naheliegen;aller de soi, s'imposer;;;oui;;Perfekt;Die Erklärung hat von Anfang an nahegelegen.;L'explication s'imposait dès le départ.;The explanation was obvious from the start.
C1;naheliegen;aller de soi, s'imposer;;;oui;;Präteritum;Der Gedanke lag nahe.;L'idée venait naturellement à l'esprit.;The thought was an obvious one.
C1;naheliegen;aller de soi, s'imposer;;;oui;;Konjunktiv II;Das würde naheliegen.;Cela irait de soi.;That would be the obvious thing.
C1;einleuchten;paraître évident, convaincre;Dativ;;;;Präsens;Das leuchtet mir nicht ein.;Cela ne me paraît pas évident.;That does not make sense to me.
C1;einleuchten;paraître évident, convaincre;Dativ;;;;Perfekt;Seine Begründung hat allen eingeleuchtet.;Sa justification a convaincu tout le monde.;His reasoning made sense to everyone.
C1;einleuchten;paraître évident, convaincre;Dativ;;;;Präteritum;Der Vergleich leuchtete sofort ein.;La comparaison parut aussitôt évidente.;The comparison made immediate sense.
C1;einleuchten;paraître évident, convaincre;Dativ;;;;Konjunktiv II;So würde es mir einleuchten.;Ainsi, cela me paraîtrait évident.;Put that way it would make sense to me.
C1;befremden;déconcerter, choquer;Akkusativ;;;;Präsens;Sein Ton befremdet mich.;Son ton me déconcerte.;His tone disconcerts me.
C1;befremden;déconcerter, choquer;Akkusativ;;;;Perfekt;Die Absage hat viele befremdet.;Le refus en a déconcerté beaucoup.;The refusal put many people off.
C1;befremden;déconcerter, choquer;Akkusativ;;;;Präteritum;Die Reaktion befremdete das Publikum.;La réaction déconcertait le public.;The reaction disconcerted the audience.
C1;befremden;déconcerter, choquer;Akkusativ;;;;Konjunktiv II;Das würde mich befremden.;Cela me déconcerterait.;That would disconcert me.
C1;verwundern;étonner;Akkusativ;;;;Präsens;Das Ergebnis verwundert kaum jemanden.;Le résultat n'étonne presque personne.;The result surprises hardly anyone.
C1;verwundern;étonner;Akkusativ;;;;Perfekt;Ihre Ruhe hat alle verwundert.;Son calme a étonné tout le monde.;Her calm astonished everyone.
C1;verwundern;étonner;Akkusativ;;;;Präteritum;Es verwunderte mich, dass er kam.;Cela m'étonnait qu'il vienne.;It surprised me that he came.
C1;verwundern;étonner;Akkusativ;;;;Konjunktiv II;Das würde mich verwundern.;Cela m'étonnerait.;That would surprise me.
C1;verblüffen;stupéfier, épater;Akkusativ;;;;Präsens;Die einfache Lösung verblüfft alle.;La solution simple stupéfie tout le monde.;The simple solution amazes everyone.
C1;verblüffen;stupéfier, épater;Akkusativ;;;;Perfekt;Sein Gedächtnis hat uns verblüfft.;Sa mémoire nous a stupéfiés.;His memory astounded us.
C1;verblüffen;stupéfier, épater;Akkusativ;;;;Präteritum;Der Trick verblüffte die Kinder.;Le tour de magie stupéfiait les enfants.;The trick amazed the children.
C1;verblüffen;stupéfier, épater;Akkusativ;;;;Konjunktiv II;Das würde niemanden verblüffen.;Cela ne stupéfierait personne.;That would astound nobody.
C1;bestürzen;consterner, bouleverser;Akkusativ;;;;Präsens;Die Nachricht bestürzt die ganze Belegschaft.;La nouvelle consterne tout le personnel.;The news dismays the entire workforce.
C1;bestürzen;consterner, bouleverser;Akkusativ;;;;Perfekt;Der Bericht hat viele bestürzt.;Le rapport en a consterné beaucoup.;The report shocked many.
C1;bestürzen;consterner, bouleverser;Akkusativ;;;;Präteritum;Das Ausmaß bestürzte die Fachwelt.;L'ampleur consterna les spécialistes.;The scale dismayed the experts.
C1;bestürzen;consterner, bouleverser;Akkusativ;;;;Konjunktiv II;Das würde mich bestürzen.;Cela me consternerait.;That would dismay me.
C1;aufwühlen;remuer, bouleverser;Akkusativ;;;;Präsens;Der Film wühlt auf und tröstet nicht.;Le film remue et ne console pas.;The film stirs you up and offers no comfort.
C1;aufwühlen;remuer, bouleverser;Akkusativ;;;;Perfekt;Das Gespräch hat sie sehr aufgewühlt.;L'entretien l'a beaucoup bouleversée.;The conversation deeply unsettled her.
C1;aufwühlen;remuer, bouleverser;Akkusativ;;;;Präteritum;Die Erinnerung wühlte ihn auf.;Le souvenir le bouleversait.;The memory stirred him up.
C1;aufwühlen;remuer, bouleverser;Akkusativ;;;;Konjunktiv II;Das würde jeden aufwühlen.;Cela bouleverserait n'importe qui.;That would unsettle anyone.
C1;beschwichtigen;apaiser, calmer les esprits;Akkusativ;;;;Präsens;Die Leitung versucht zu beschwichtigen.;La direction tente d'apaiser.;The management is trying to placate.
C1;beschwichtigen;apaiser, calmer les esprits;Akkusativ;;;;Perfekt;Man hat die Anwohner beschwichtigt.;On a rassuré les riverains.;The residents were placated.
C1;beschwichtigen;apaiser, calmer les esprits;Akkusativ;;;;Präteritum;Sie beschwichtigte mit ruhiger Stimme.;Elle apaisait d'une voix calme.;She placated them in a calm voice.
C1;beschwichtigen;apaiser, calmer les esprits;Akkusativ;;;;Konjunktiv II;Ich würde nicht beschwichtigen.;Je ne chercherais pas à apaiser.;I would not try to placate.
C1;besänftigen;adoucir, calmer;Akkusativ;;;;Präsens;Ein Wort genügt, um ihn zu besänftigen.;Un mot suffit à le calmer.;One word is enough to mollify him.
C1;besänftigen;adoucir, calmer;Akkusativ;;;;Perfekt;Die Geste hat die Gemüter besänftigt.;Le geste a calmé les esprits.;The gesture soothed tempers.
C1;besänftigen;adoucir, calmer;Akkusativ;;;;Präteritum;Sie besänftigte die aufgebrachte Menge.;Elle calmait la foule en colère.;She calmed the angry crowd.
C1;besänftigen;adoucir, calmer;Akkusativ;;;;Konjunktiv II;Das würde ihn kaum besänftigen.;Cela le calmerait à peine.;That would hardly mollify him.
C1;aufmuntern;remonter le moral;Akkusativ;;;;Präsens;Ein Anruf muntert manchmal mehr auf als ein Rat.;Un appel remonte parfois plus le moral qu'un conseil.;A phone call sometimes cheers you up more than advice.
C1;aufmuntern;remonter le moral;Akkusativ;;;;Perfekt;Der Besuch hat ihn aufgemuntert.;La visite lui a remonté le moral.;The visit cheered him up.
C1;aufmuntern;remonter le moral;Akkusativ;;;;Präteritum;Sie munterte die Gruppe auf.;Elle remontait le moral du groupe.;She cheered the group up.
C1;aufmuntern;remonter le moral;Akkusativ;;;;Konjunktiv II;Das würde sie aufmuntern.;Cela lui remonterait le moral.;That would cheer her up.
C1;zerstreuen;"dissiper (des doutes) ; distraire";Akkusativ;;;;Präsens;Der Blick in die Akte zerstreut jeden Zweifel.;Un coup d'œil au dossier dissipe tout doute.;A look at the file dispels every doubt.
C1;zerstreuen;"dissiper (des doutes) ; distraire";Akkusativ;;;;Perfekt;Die Bedenken wurden nicht zerstreut.;Les réserves n'ont pas été dissipées.;The concerns were not dispelled.
C1;zerstreuen;"dissiper (des doutes) ; distraire";Akkusativ;;;;Präteritum;Ein Spaziergang zerstreute sie.;Une promenade la distrayait.;A walk took her mind off things.
C1;zerstreuen;"dissiper (des doutes) ; distraire";Akkusativ;;;;Konjunktiv II;Das würde meine Bedenken zerstreuen.;Cela dissiperait mes réserves.;That would dispel my concerns.
C1;mitwirken;participer, collaborer;;an;;;Präsens;An dem Band wirken zwölf Autoren mit.;Douze auteurs collaborent à ce volume.;Twelve authors contribute to the volume.
C1;mitwirken;participer, collaborer;;an;;;Perfekt;Sie hat an der Studie mitgewirkt.;Elle a participé à l'étude.;She took part in the study.
C1;mitwirken;participer, collaborer;;an;;;Präteritum;Er wirkte bei zwei Filmen mit.;Il participa à deux films.;He took part in two films.
C1;mitwirken;participer, collaborer;;an;;;Konjunktiv II;Daran würde ich gern mitwirken.;J'aimerais y participer.;I would gladly take part in that.
C1;mitgestalten;contribuer à façonner;Akkusativ;;;;Präsens;Die Schüler gestalten den Raum mit.;Les élèves contribuent à aménager la salle.;The pupils help shape the room.
C1;mitgestalten;contribuer à façonner;Akkusativ;;;;Perfekt;Sie hat das Programm mitgestaltet.;Elle a contribué à façonner le programme.;She helped shape the programme.
C1;mitgestalten;contribuer à façonner;Akkusativ;;;;Präteritum;Man gestaltete den Wandel mit.;On contribuait à façonner le changement.;People helped shape the change.
C1;mitgestalten;contribuer à façonner;Akkusativ;;;;Konjunktiv II;Ich würde das gern mitgestalten.;J'aimerais contribuer à façonner cela.;I would like to help shape that.
C1;mitreden;avoir voix au chapitre;;bei + Dativ;;;Präsens;Bei dieser Frage wollen alle mitreden.;Sur cette question, tous veulent avoir voix au chapitre.;On this question everyone wants a say.
C1;mitreden;avoir voix au chapitre;;bei + Dativ;;;Perfekt;Die Belegschaft hat nie mitgeredet.;Le personnel n'a jamais eu voix au chapitre.;The workforce never had a say.
C1;mitreden;avoir voix au chapitre;;bei + Dativ;;;Präteritum;Er redete überall mit.;Il donnait son avis sur tout.;He had a say in everything.
C1;mitreden;avoir voix au chapitre;;bei + Dativ;;;Konjunktiv II;Da würde ich gern mitreden.;J'aimerais avoir voix au chapitre.;I would like a say in that.
C1;mitbestimmen;codécider, participer aux décisions;;bei + Dativ;;;Präsens;Der Betriebsrat bestimmt bei Einstellungen mit.;Le comité d'entreprise codécide des embauches.;The works council has a say in hiring.
C1;mitbestimmen;codécider, participer aux décisions;;bei + Dativ;;;Perfekt;Die Eltern haben mitbestimmt.;Les parents ont eu leur mot à dire.;The parents had a say.
C1;mitbestimmen;codécider, participer aux décisions;;bei + Dativ;;;Präteritum;Man bestimmte über die Räume mit.;On décidait aussi de l'usage des salles.;People had a say over the rooms.
C1;mitbestimmen;codécider, participer aux décisions;;bei + Dativ;;;Konjunktiv II;Ich würde gern mitbestimmen.;J'aimerais avoir mon mot à dire.;I would like to have a say.
C1;betrauen;charger de, confier une mission;Akkusativ;;;;Präsens;Man betraut sie mit der Leitung.;On lui confie la direction.;She is being entrusted with the leadership.
C1;betrauen;charger de, confier une mission;Akkusativ;;;;Perfekt;Er wurde mit der Prüfung betraut.;On lui a confié le contrôle.;He was entrusted with the audit.
C1;betrauen;charger de, confier une mission;Akkusativ;;;;Präteritum;Man betraute eine Kanzlei damit.;On en chargea un cabinet.;A law firm was entrusted with it.
C1;betrauen;charger de, confier une mission;Akkusativ;;;;Konjunktiv II;Damit würde ich sie betrauen.;C'est à elle que je le confierais.;I would entrust her with that.
C1;abstellen;"détacher (du personnel) ; arrêter";Akkusativ;;;;Präsens;Man stellt zwei Leute für das Projekt ab.;On détache deux personnes pour le projet.;Two people are being seconded to the project.
C1;abstellen;"détacher (du personnel) ; arrêter";Akkusativ;;;;Perfekt;Der Missstand wurde nie abgestellt.;Le dysfonctionnement n'a jamais été corrigé.;The problem was never eliminated.
C1;abstellen;"détacher (du personnel) ; arrêter";Akkusativ;;;;Präteritum;Sie stellte die Heizung ab.;Elle éteignait le chauffage.;She switched the heating off.
C1;abstellen;"détacher (du personnel) ; arrêter";Akkusativ;;;;Konjunktiv II;Ich würde jemanden dafür abstellen.;J'affecterais quelqu'un à cette tâche.;I would second someone for that.
C1;bereitstellen;mettre à disposition;Akkusativ;;;;Präsens;Das Land stellt die Mittel bereit.;Le Land met les moyens à disposition.;The state provides the funds.
C1;bereitstellen;mettre à disposition;Akkusativ;;;;Perfekt;Die Unterlagen wurden rechtzeitig bereitgestellt.;Les documents ont été fournis à temps.;The documents were made available in time.
C1;bereitstellen;mettre à disposition;Akkusativ;;;;Präteritum;Man stellte einen Raum bereit.;On mettait une salle à disposition.;A room was made available.
C1;bereitstellen;mettre à disposition;Akkusativ;;;;Konjunktiv II;Ich würde dafür ein Budget bereitstellen.;J'y consacrerais un budget.;I would provide a budget for that.
C1;zuweisen;attribuer, assigner;Akkusativ+Dativ;;;;Präsens;Die Schule weist jedem Kind einen Platz zu.;L'école attribue une place à chaque enfant.;The school allocates a place to every child.
C1;zuweisen;attribuer, assigner;Akkusativ+Dativ;;;;Perfekt;Ihm wurde ein Betreuer zugewiesen.;On lui a attribué un référent.;A supervisor was assigned to him.
C1;zuweisen;attribuer, assigner;Akkusativ+Dativ;;;;Präteritum;Man wies ihr die schwierigsten Fälle zu.;On lui attribuait les dossiers les plus difficiles.;She was assigned the hardest cases.
C1;zuweisen;attribuer, assigner;Akkusativ+Dativ;;;;Konjunktiv II;Ich würde das anders zuweisen.;Je répartirais cela autrement.;I would allocate that differently.
C1;zuteilen;répartir, allouer;Akkusativ+Dativ;;;;Präsens;Der Verband teilt die Startplätze zu.;La fédération répartit les places de départ.;The association allots the starting places.
C1;zuteilen;répartir, allouer;Akkusativ+Dativ;;;;Perfekt;Uns wurden zwei Stunden zugeteilt.;Deux heures nous ont été allouées.;We were allotted two hours.
C1;zuteilen;répartir, allouer;Akkusativ+Dativ;;;;Präteritum;Man teilte jedem eine Aufgabe zu.;On attribuait une tâche à chacun.;Each was allotted a task.
C1;zuteilen;répartir, allouer;Akkusativ+Dativ;;;;Konjunktiv II;Ich würde die Zeit gleich zuteilen.;Je répartirais le temps également.;I would allot the time equally.
C1;entsenden;déléguer, envoyer (officiellement);Akkusativ;;;;Präsens;Die Stadt entsendet zwei Vertreter.;La ville délègue deux représentants.;The city sends two representatives.
C1;entsenden;déléguer, envoyer (officiellement);Akkusativ;;;;Perfekt;Man hat Beobachter entsandt.;On a envoyé des observateurs.;Observers were dispatched.
C1;entsenden;déléguer, envoyer (officiellement);Akkusativ;;;;Präteritum;Der Verein entsandte eine Delegation.;L'association dépêcha une délégation.;The association sent a delegation.
C1;entsenden;déléguer, envoyer (officiellement);Akkusativ;;;;Konjunktiv II;Ich würde niemanden entsenden.;Je n'enverrais personne.;I would send nobody.
C1;abordnen;détacher (un agent);Akkusativ;;;;Präsens;Zwei Beamte werden ins Ministerium abgeordnet.;Deux fonctionnaires sont détachés au ministère.;Two officials are being seconded to the ministry.
C1;abordnen;détacher (un agent);Akkusativ;;;;Perfekt;Sie wurde für ein Jahr abgeordnet.;Elle a été détachée pour un an.;She was seconded for a year.
C1;abordnen;détacher (un agent);Akkusativ;;;;Präteritum;Man ordnete ihn an die Schule ab.;On le détacha auprès de l'école.;He was seconded to the school.
C1;abordnen;détacher (un agent);Akkusativ;;;;Konjunktiv II;Ich würde sie dorthin abordnen.;C'est là que je la détacherais.;I would second her there.
C1;umreißen;esquisser à grands traits;Akkusativ;;;;Präsens;Er umreißt das Problem in drei Sätzen.;Il esquisse le problème en trois phrases.;He outlines the problem in three sentences.
C1;umreißen;esquisser à grands traits;Akkusativ;;;;Perfekt;Die Aufgabe wurde nur grob umrissen.;La tâche n'a été esquissée que dans les grandes lignes.;The task was only roughly outlined.
C1;umreißen;esquisser à grands traits;Akkusativ;;;;Präteritum;Sie umriss das Vorhaben knapp.;Elle exposa le projet en quelques mots.;She outlined the plan concisely.
C1;umreißen;esquisser à grands traits;Akkusativ;;;;Konjunktiv II;Ich würde das kurz umreißen.;J'esquisserais cela brièvement.;I would outline that briefly.
C1;skizzieren;esquisser, ébaucher;Akkusativ;;;;Präsens;Sie skizziert den Ablauf auf einer Serviette.;Elle esquisse le déroulement sur une serviette.;She sketches the sequence on a napkin.
C1;skizzieren;esquisser, ébaucher;Akkusativ;;;;Perfekt;Der Plan wurde nur skizziert.;Le plan n'a été qu'esquissé.;The plan was only sketched out.
C1;skizzieren;esquisser, ébaucher;Akkusativ;;;;Präteritum;Er skizzierte drei Möglichkeiten.;Il esquissa trois possibilités.;He outlined three options.
C1;skizzieren;esquisser, ébaucher;Akkusativ;;;;Konjunktiv II;Ich würde das erst skizzieren.;Je commencerais par l'esquisser.;I would sketch that out first.
C1;ausformulieren;rédiger en toutes lettres;Akkusativ;;;;Präsens;Die Stichpunkte müssen noch ausformuliert werden.;Les notes doivent encore être rédigées en toutes lettres.;The notes still have to be written out in full.
C1;ausformulieren;rédiger en toutes lettres;Akkusativ;;;;Perfekt;Der Antrag wurde sauber ausformuliert.;La demande a été rédigée proprement.;The application was properly written out.
C1;ausformulieren;rédiger en toutes lettres;Akkusativ;;;;Präteritum;Sie formulierte den Absatz aus.;Elle rédigeait le paragraphe en entier.;She wrote the paragraph out in full.
C1;ausformulieren;rédiger en toutes lettres;Akkusativ;;;;Konjunktiv II;Ich würde das ausformulieren.;Je rédigerais cela entièrement.;I would write that out in full.
C1;redigieren;réviser, mettre au point (un texte);Akkusativ;;;;Präsens;Zwei Kolleginnen redigieren den Beitrag.;Deux collègues révisent l'article.;Two colleagues edit the piece.
C1;redigieren;réviser, mettre au point (un texte);Akkusativ;;;;Perfekt;Der Text wurde stark redigiert.;Le texte a été fortement remanié.;The text was heavily edited.
C1;redigieren;réviser, mettre au point (un texte);Akkusativ;;;;Präteritum;Er redigierte die Rede über Nacht.;Il remania le discours pendant la nuit.;He edited the speech overnight.
C1;redigieren;réviser, mettre au point (un texte);Akkusativ;;;;Konjunktiv II;Ich würde das noch redigieren.;Je remanierais encore cela.;I would still edit that.
C1;lektorieren;relire et corriger (un manuscrit);Akkusativ;;;;Präsens;Der Verlag lektoriert jedes Manuskript zweimal.;L'éditeur relit chaque manuscrit deux fois.;The publisher copy-edits every manuscript twice.
C1;lektorieren;relire et corriger (un manuscrit);Akkusativ;;;;Perfekt;Das Buch wurde nie lektoriert.;Le livre n'a jamais été relu par un correcteur.;The book was never copy-edited.
C1;lektorieren;relire et corriger (un manuscrit);Akkusativ;;;;Präteritum;Sie lektorierte drei Bände.;Elle corrigea trois volumes.;She copy-edited three volumes.
C1;lektorieren;relire et corriger (un manuscrit);Akkusativ;;;;Konjunktiv II;Ich würde das lektorieren lassen.;Je ferais relire cela par un correcteur.;I would have that copy-edited.
C1;einfügen;insérer, intégrer;Akkusativ;;;;Präsens;Wir fügen an dieser Stelle einen Absatz ein.;Nous insérons un paragraphe à cet endroit.;We are inserting a paragraph at this point.
C1;einfügen;insérer, intégrer;Akkusativ;;;;Perfekt;Ein Satz wurde nachträglich eingefügt.;Une phrase a été insérée après coup.;A sentence was inserted afterwards.
C1;einfügen;insérer, intégrer;Akkusativ;;;;Präteritum;Sie fügte eine Fußnote ein.;Elle inséra une note de bas de page.;She inserted a footnote.
C1;einfügen;insérer, intégrer;Akkusativ;;;;Konjunktiv II;Hier würde ich ein Beispiel einfügen.;J'insérerais un exemple ici.;I would insert an example here.
C1;umstellen;réorganiser, permuter;Akkusativ;;;;Präsens;Wir stellen die beiden Kapitel um.;Nous intervertissons les deux chapitres.;We are swapping the two chapters round.
C1;umstellen;réorganiser, permuter;Akkusativ;;;;Perfekt;Der Betrieb hat auf Ökostrom umgestellt.;L'entreprise est passée à l'électricité verte.;The company switched to green electricity.
C1;umstellen;réorganiser, permuter;Akkusativ;;;;Präteritum;Man stellte die Reihenfolge um.;On modifiait l'ordre.;The order was rearranged.
C1;umstellen;réorganiser, permuter;Akkusativ;;;;Konjunktiv II;Ich würde die Absätze umstellen.;Je réorganiserais les paragraphes.;I would rearrange the paragraphs.
C1;betiteln;intituler;Akkusativ;;;;Präsens;Wie betiteln wir das Kapitel?;Comment intitulons-nous le chapitre ?;How shall we title the chapter?
C1;betiteln;intituler;Akkusativ;;;;Perfekt;Der Aufsatz wurde schlicht betitelt.;L'article a été sobrement intitulé.;The essay was plainly titled.
C1;betiteln;intituler;Akkusativ;;;;Präteritum;Sie betitelte den Band mit einer Frage.;Elle intitulait le volume par une question.;She titled the volume with a question.
C1;betiteln;intituler;Akkusativ;;;;Konjunktiv II;Ich würde das anders betiteln.;Je l'intitulerais autrement.;I would title that differently.
C1;beschriften;étiqueter, annoter;Akkusativ;;;;Präsens;Alle Kisten sind beschriftet.;Toutes les caisses sont étiquetées.;All the boxes are labelled.
C1;beschriften;étiqueter, annoter;Akkusativ;;;;Perfekt;Die Grafik wurde nicht beschriftet.;Le graphique n'a pas été légendé.;The chart was not labelled.
C1;beschriften;étiqueter, annoter;Akkusativ;;;;Präteritum;Er beschriftete jede Probe.;Il étiquetait chaque échantillon.;He labelled every sample.
C1;beschriften;étiqueter, annoter;Akkusativ;;;;Konjunktiv II;Ich würde die Achsen beschriften.;Je légenderais les axes.;I would label the axes.
C1;nummerieren;numéroter;Akkusativ;;;;Präsens;Bitte nummerieren Sie die Seiten fortlaufend.;Veuillez numéroter les pages en continu.;Please number the pages consecutively.
C1;nummerieren;numéroter;Akkusativ;;;;Perfekt;Die Absätze wurden nummeriert.;Les paragraphes ont été numérotés.;The paragraphs were numbered.
C1;nummerieren;numéroter;Akkusativ;;;;Präteritum;Man nummerierte die Bilder von eins bis vierzig.;On numérota les images de un à quarante.;The pictures were numbered from one to forty.
C1;nummerieren;numéroter;Akkusativ;;;;Konjunktiv II;Ich würde die Regeln nummerieren.;Je numéroterais les règles.;I would number the rules.
C1;verweisen;"renvoyer à ; expulser";;auf;;;Präsens;Der Text verweist auf drei ältere Studien.;Le texte renvoie à trois études plus anciennes.;The text refers to three older studies.
C1;verweisen;"renvoyer à ; expulser";;auf;;;Perfekt;Man hat auf die Fußnote verwiesen.;On a renvoyé à la note de bas de page.;Reference was made to the footnote.
C1;verweisen;"renvoyer à ; expulser";;auf;;;Präteritum;Sie verwies auf den Anhang.;Elle renvoyait à l'annexe.;She referred to the appendix.
C1;verweisen;"renvoyer à ; expulser";;auf;;;Konjunktiv II;Ich würde auf die Quelle verweisen.;Je renverrais à la source.;I would refer to the source.
C1;sich zurechtfinden;s'orienter, se repérer;Akkusativ;;;oui;Präsens;In der neuen Software findet sich niemand zurecht.;Personne ne se repère dans le nouveau logiciel.;Nobody can find their way around the new software.
C1;sich zurechtfinden;s'orienter, se repérer;Akkusativ;;;oui;Perfekt;Sie hat sich schnell zurechtgefunden.;Elle s'est vite repérée.;She quickly found her way around.
C1;sich zurechtfinden;s'orienter, se repérer;Akkusativ;;;oui;Präteritum;Er fand sich in der Stadt gut zurecht.;Il se repérait bien dans la ville.;He found his way around the city well.
C1;sich zurechtfinden;s'orienter, se repérer;Akkusativ;;;oui;Konjunktiv II;Da würde ich mich nicht zurechtfinden.;Là, je ne m'y retrouverais pas.;I would not find my way around there.
C1;sich verirren;s'égarer;Akkusativ;;;oui;Präsens;Im Nebel verirrt man sich schnell.;Dans le brouillard, on s'égare vite.;In fog you get lost quickly.
C1;sich verirren;s'égarer;Akkusativ;;;oui;Perfekt;Zwei Wanderer haben sich verirrt.;Deux randonneurs se sont égarés.;Two hikers got lost.
C1;sich verirren;s'égarer;Akkusativ;;;oui;Präteritum;Sie verirrte sich in den Gassen.;Elle se perdait dans les ruelles.;She got lost in the alleys.
C1;sich verirren;s'égarer;Akkusativ;;;oui;Konjunktiv II;Ohne Karte würde ich mich verirren.;Sans carte, je me perdrais.;Without a map I would get lost.
C1;abkommen;s'écarter, dévier;;von;;;Präsens;Wir kommen vom Thema ab.;Nous nous écartons du sujet.;We are straying from the topic.
C1;abkommen;s'écarter, dévier;;von;;;Perfekt;Das Auto ist von der Fahrbahn abgekommen.;La voiture a quitté la chaussée.;The car left the road.
C1;abkommen;s'écarter, dévier;;von;;;Präteritum;Man kam von der ursprünglichen Idee ab.;On s'écartait de l'idée initiale.;They moved away from the original idea.
C1;abkommen;s'écarter, dévier;;von;;;Konjunktiv II;Davon würde ich nicht abkommen.;Je ne m'en écarterais pas.;I would not depart from that.
C1;umkehren;faire demi-tour, inverser;;;oui;;Präsens;Bei diesem Wetter kehren wir um.;Par ce temps, nous faisons demi-tour.;In this weather we turn back.
C1;umkehren;faire demi-tour, inverser;;;oui;;Perfekt;Auf halber Strecke sind sie umgekehrt.;À mi-chemin, ils ont fait demi-tour.;They turned back halfway.
C1;umkehren;faire demi-tour, inverser;;;oui;;Präteritum;Man kehrte die Reihenfolge um.;On inversait l'ordre.;The order was reversed.
C1;umkehren;faire demi-tour, inverser;;;oui;;Konjunktiv II;Ich würde jetzt umkehren.;Je ferais demi-tour maintenant.;I would turn back now.
C1;überschreiten;dépasser, franchir;Akkusativ;;;;Präsens;Die Kosten überschreiten den Voranschlag deutlich.;Les coûts dépassent nettement le devis.;The costs clearly exceed the estimate.
C1;überschreiten;dépasser, franchir;Akkusativ;;;;Perfekt;Er hat seine Befugnisse überschritten.;Il a outrepassé ses attributions.;He exceeded his authority.
C1;überschreiten;dépasser, franchir;Akkusativ;;;;Präteritum;Man überschritt die Frist um zwei Tage.;On dépassa le délai de deux jours.;The deadline was exceeded by two days.
C1;überschreiten;dépasser, franchir;Akkusativ;;;;Konjunktiv II;Das würde jede Grenze überschreiten.;Cela dépasserait toutes les bornes.;That would cross every line.
C1;unterschreiten;rester en dessous de;Akkusativ;;;;Präsens;Der Wert unterschreitet den Grenzwert deutlich.;La valeur reste nettement sous la limite.;The value falls clearly below the limit.
C1;unterschreiten;rester en dessous de;Akkusativ;;;;Perfekt;Die Emissionen haben das Ziel unterschritten.;Les émissions sont passées sous l'objectif.;Emissions fell below the target.
C1;unterschreiten;rester en dessous de;Akkusativ;;;;Präteritum;Man unterschritt das Budget um zehn Prozent.;On resta dix pour cent sous le budget.;The budget was undercut by ten per cent.
C1;unterschreiten;rester en dessous de;Akkusativ;;;;Konjunktiv II;Das würde den Mindestwert unterschreiten.;Cela passerait sous le seuil minimal.;That would fall below the minimum.
C1;verfehlen;manquer, rater;Akkusativ;;;;Präsens;Die Kampagne verfehlt ihr Ziel.;La campagne manque son but.;The campaign misses its target.
C1;verfehlen;manquer, rater;Akkusativ;;;;Perfekt;Wir haben uns am Bahnhof verfehlt.;Nous nous sommes manqués à la gare.;We missed each other at the station.
C1;verfehlen;manquer, rater;Akkusativ;;;;Präteritum;Der Wurf verfehlte den Korb knapp.;Le tir manqua le panier de peu.;The shot narrowly missed the basket.
C1;verfehlen;manquer, rater;Akkusativ;;;;Konjunktiv II;So würde man die Wirkung verfehlen.;Ainsi, on manquerait son effet.;That way the effect would be missed.
C1;durchstehen;tenir jusqu'au bout, traverser;Akkusativ;;;;Präsens;Diese Woche stehen wir auch noch durch.;Cette semaine aussi, nous tiendrons le coup.;We will get through this week as well.
C1;durchstehen;tenir jusqu'au bout, traverser;Akkusativ;;;;Perfekt;Sie hat zwei Operationen durchgestanden.;Elle a traversé deux opérations.;She got through two operations.
C1;durchstehen;tenir jusqu'au bout, traverser;Akkusativ;;;;Präteritum;Er stand die Prüfung ohne Panik durch.;Il traversa l'examen sans paniquer.;He got through the exam without panicking.
C1;durchstehen;tenir jusqu'au bout, traverser;Akkusativ;;;;Konjunktiv II;Das würde ich nicht durchstehen.;Je ne tiendrais pas le coup.;I would not get through that.
C1;überstehen;surmonter, survivre à;Akkusativ;;;;Präsens;Der Baum übersteht auch harte Winter.;L'arbre survit même aux hivers rudes.;The tree survives even hard winters.
C1;überstehen;surmonter, survivre à;Akkusativ;;;;Perfekt;Das Haus hat den Sturm überstanden.;La maison a résisté à la tempête.;The house came through the storm.
C1;überstehen;surmonter, survivre à;Akkusativ;;;;Präteritum;Sie überstand die Krise ohne Schulden.;Elle traversa la crise sans dettes.;She came through the crisis without debt.
C1;überstehen;surmonter, survivre à;Akkusativ;;;;Konjunktiv II;Das würde kein Betrieb überstehen.;Aucune entreprise n'y survivrait.;No business would survive that.
C1;wegstecken;encaisser sans broncher;Akkusativ;;;;Präsens;Kritik steckt er erstaunlich gut weg.;Il encaisse la critique étonnamment bien.;He takes criticism in his stride remarkably well.
C1;wegstecken;encaisser sans broncher;Akkusativ;;;;Perfekt;Die Niederlage hat sie schnell weggesteckt.;Elle a vite encaissé la défaite.;She quickly shrugged off the defeat.
C1;wegstecken;encaisser sans broncher;Akkusativ;;;;Präteritum;Er steckte den Verlust ohne ein Wort weg.;Il encaissa la perte sans un mot.;He shrugged off the loss without a word.
C1;wegstecken;encaisser sans broncher;Akkusativ;;;;Konjunktiv II;Das würde ich nicht so wegstecken.;Je n'encaisserais pas cela si facilement.;I would not shrug that off so easily.
C1;verkraften;supporter, digérer (un coup dur);Akkusativ;;;;Präsens;Ein weiterer Ausfall ist nicht zu verkraften.;Une panne de plus serait insupportable.;Another failure could not be handled.
C1;verkraften;supporter, digérer (un coup dur);Akkusativ;;;;Perfekt;Der Betrieb hat den Verlust verkraftet.;L'entreprise a absorbé la perte.;The company coped with the loss.
C1;verkraften;supporter, digérer (un coup dur);Akkusativ;;;;Präteritum;Sie verkraftete den Umzug erstaunlich gut.;Elle supportait le déménagement étonnamment bien.;She coped with the move remarkably well.
C1;verkraften;supporter, digérer (un coup dur);Akkusativ;;;;Konjunktiv II;So viel Arbeit würde niemand verkraften.;Personne ne supporterait autant de travail.;Nobody would cope with that much work.
C1;meistern;maîtriser, venir à bout de;Akkusativ;;;;Präsens;Sie meistert schwierige Gespräche mit Ruhe.;Elle maîtrise les conversations difficiles avec calme.;She handles difficult conversations calmly.
C1;meistern;maîtriser, venir à bout de;Akkusativ;;;;Perfekt;Er hat die Prüfung souverän gemeistert.;Il a réussi l'examen avec maîtrise.;He mastered the exam with ease.
C1;meistern;maîtriser, venir à bout de;Akkusativ;;;;Präteritum;Man meisterte die Umstellung in drei Wochen.;On maîtrisa la transition en trois semaines.;The changeover was mastered in three weeks.
C1;meistern;maîtriser, venir à bout de;Akkusativ;;;;Konjunktiv II;Das würde sie mit links meistern.;Elle y arriverait les doigts dans le nez.;She would handle that with one hand.
C1;schultern;prendre sur ses épaules, assumer;Akkusativ;;;;Präsens;Die Kosten schultert am Ende die Gemeinde.;Les coûts sont finalement assumés par la commune.;In the end the municipality shoulders the costs.
C1;schultern;prendre sur ses épaules, assumer;Akkusativ;;;;Perfekt;Sie hat die Verantwortung allein geschultert.;Elle a assumé seule la responsabilité.;She shouldered the responsibility alone.
C1;schultern;prendre sur ses épaules, assumer;Akkusativ;;;;Präteritum;Er schulterte die Arbeit von zweien.;Il assumait le travail de deux personnes.;He shouldered the work of two.
C1;schultern;prendre sur ses épaules, assumer;Akkusativ;;;;Konjunktiv II;Das würde ich nicht allein schultern.;Je n'assumerais pas cela seul.;I would not shoulder that alone.
C1;stemmen;soulever, assumer (une charge);Akkusativ;;;;Präsens;Diese Summe stemmt der Verein nicht.;L'association ne peut pas assumer cette somme.;The association cannot manage that sum.
C1;stemmen;soulever, assumer (une charge);Akkusativ;;;;Perfekt;Die Familie hat den Umbau allein gestemmt.;La famille a mené les travaux à bout de bras.;The family managed the conversion on their own.
C1;stemmen;soulever, assumer (une charge);Akkusativ;;;;Präteritum;Er stemmte das Projekt neben dem Beruf.;Il portait le projet à côté de son métier.;He managed the project alongside his job.
C1;stemmen;soulever, assumer (une charge);Akkusativ;;;;Konjunktiv II;Das würde ich zu zweit stemmen.;Je m'y mettrais à deux.;I would manage that with two of us.
C1;sich durchbeißen;s'accrocher, serrer les dents;Akkusativ;;;oui;Präsens;Die ersten Monate muss man sich durchbeißen.;Les premiers mois, il faut serrer les dents.;You have to tough out the first months.
C1;sich durchbeißen;s'accrocher, serrer les dents;Akkusativ;;;oui;Perfekt;Sie hat sich durchgebissen und blieb.;Elle s'est accrochée et elle est restée.;She toughed it out and stayed.
C1;sich durchbeißen;s'accrocher, serrer les dents;Akkusativ;;;oui;Präteritum;Er biss sich zwei Jahre lang durch.;Il s'accrocha deux années durant.;He toughed it out for two years.
C1;sich durchbeißen;s'accrocher, serrer les dents;Akkusativ;;;oui;Konjunktiv II;Da würde ich mich durchbeißen.;Là, je m'accrocherais.;I would tough that out.
C1;anpacken;"mettre la main à la pâte ; empoigner";Akkusativ;;;;Präsens;Hier packt jeder mit an.;Ici, chacun met la main à la pâte.;Here everyone gets stuck in.
C1;anpacken;"mettre la main à la pâte ; empoigner";Akkusativ;;;;Perfekt;Sie hat das Problem sofort angepackt.;Elle a empoigné le problème aussitôt.;She tackled the problem at once.
C1;anpacken;"mettre la main à la pâte ; empoigner";Akkusativ;;;;Präteritum;Man packte die Sache gemeinsam an.;On empoignait l'affaire ensemble.;They tackled the matter together.
C1;anpacken;"mettre la main à la pâte ; empoigner";Akkusativ;;;;Konjunktiv II;Das würde ich anders anpacken.;Je m'y prendrais autrement.;I would tackle that differently.
C1;sich verzetteln;s'éparpiller, se disperser;Akkusativ;;;oui;Präsens;Man verzettelt sich leicht bei so vielen Ideen.;On s'éparpille facilement avec autant d'idées.;It is easy to spread yourself thin with so many ideas.
C1;sich verzetteln;s'éparpiller, se disperser;Akkusativ;;;oui;Perfekt;Das Projekt hat sich in Details verzettelt.;Le projet s'est perdu dans les détails.;The project got lost in details.
C1;sich verzetteln;s'éparpiller, se disperser;Akkusativ;;;oui;Präteritum;Er verzettelte sich im ersten Jahr.;Il s'éparpilla la première année.;He spread himself too thin in the first year.
C1;sich verzetteln;s'éparpiller, se disperser;Akkusativ;;;oui;Konjunktiv II;So würde man sich verzetteln.;On s'éparpillerait ainsi.;That way one would spread oneself too thin.
C1;abschweifen;digresser, s'éloigner du sujet;;;oui;;Präsens;Entschuldigung, ich schweife ab.;Pardon, je m'écarte du sujet.;Sorry, I am digressing.
C1;abschweifen;digresser, s'éloigner du sujet;;;oui;;Perfekt;Der Vortrag ist mehrfach abgeschweift.;L'exposé s'est égaré plusieurs fois.;The talk digressed several times.
C1;abschweifen;digresser, s'éloigner du sujet;;;oui;;Präteritum;Ihre Gedanken schweiften ab.;Ses pensées vagabondaient.;Her thoughts wandered.
C1;abschweifen;digresser, s'éloigner du sujet;;;oui;;Konjunktiv II;Da würde ich nicht abschweifen.;Là, je ne m'écarterais pas du sujet.;I would not digress there.
C1;ausschweifen;s'étendre à l'excès;;;oui;;Präsens;In der Einleitung schweift er zu weit aus.;Dans l'introduction, il s'étend trop.;In the introduction he rambles too far.
C1;ausschweifen;s'étendre à l'excès;;;oui;;Perfekt;Der Text ist arg ausgeschweift.;Le texte s'est beaucoup trop étendu.;The text rambled badly.
C1;ausschweifen;s'étendre à l'excès;;;oui;;Präteritum;Sie schweifte nie aus.;Elle ne s'étendait jamais.;She never rambled.
C1;ausschweifen;s'étendre à l'excès;;;oui;;Konjunktiv II;Ich würde da nicht ausschweifen.;Je ne m'étendrais pas là-dessus.;I would not ramble there.
C1;klarstellen;mettre les choses au clair;Akkusativ;;;;Präsens;Ich möchte eines klarstellen.;Je voudrais mettre une chose au clair.;I would like to make one thing clear.
C1;klarstellen;mettre les choses au clair;Akkusativ;;;;Perfekt;Die Leitung hat klargestellt, dass niemand geht.;La direction a précisé que personne ne partait.;Management made clear that nobody is leaving.
C1;klarstellen;mettre les choses au clair;Akkusativ;;;;Präteritum;Sie stellte den Sachverhalt klar.;Elle clarifiait les faits.;She clarified the facts.
C1;klarstellen;mettre les choses au clair;Akkusativ;;;;Konjunktiv II;Das würde ich sofort klarstellen.;Je clarifierais cela sur-le-champ.;I would clarify that at once.
C1;richtigstellen;rectifier, corriger publiquement;Akkusativ;;;;Präsens;Die Zeitung stellt die Zahl richtig.;Le journal rectifie le chiffre.;The paper corrects the figure.
C1;richtigstellen;rectifier, corriger publiquement;Akkusativ;;;;Perfekt;Der Fehler wurde nie richtiggestellt.;L'erreur n'a jamais été rectifiée.;The error was never corrected.
C1;richtigstellen;rectifier, corriger publiquement;Akkusativ;;;;Präteritum;Er stellte das Zitat richtig.;Il rectifia la citation.;He set the quotation straight.
C1;richtigstellen;rectifier, corriger publiquement;Akkusativ;;;;Konjunktiv II;Das würde ich öffentlich richtigstellen.;Je rectifierais cela publiquement.;I would correct that publicly.
C1;präzisieren;préciser;Akkusativ;;;;Präsens;Können Sie das präzisieren?;Pouvez-vous préciser cela ?;Could you be more precise about that?
C1;präzisieren;préciser;Akkusativ;;;;Perfekt;Der Antrag wurde nachträglich präzisiert.;La demande a été précisée après coup.;The application was made more precise afterwards.
C1;präzisieren;préciser;Akkusativ;;;;Präteritum;Sie präzisierte ihre Forderung.;Elle précisait sa revendication.;She specified her demand.
C1;präzisieren;préciser;Akkusativ;;;;Konjunktiv II;Ich würde das präzisieren.;Je préciserais cela.;I would be more precise about that.
C1;erläutern;expliciter, commenter;Akkusativ;;;;Präsens;Der Anhang erläutert jede Position einzeln.;L'annexe explicite chaque poste séparément.;The appendix explains every item separately.
C1;erläutern;expliciter, commenter;Akkusativ;;;;Perfekt;Sie hat das Verfahren ausführlich erläutert.;Elle a expliqué la procédure en détail.;She explained the procedure in detail.
C1;erläutern;expliciter, commenter;Akkusativ;;;;Präteritum;Er erläuterte die Grafik in zwei Minuten.;Il commenta le graphique en deux minutes.;He explained the chart in two minutes.
C1;erläutern;expliciter, commenter;Akkusativ;;;;Konjunktiv II;Das würde ich kurz erläutern.;J'expliquerais cela brièvement.;I would explain that briefly.
C1;umschreiben;paraphraser, contourner par une périphrase;Akkusativ;;;;Präsens;Wenn dir das Wort fehlt, umschreib es.;Si le mot te manque, contourne-le.;If the word escapes you, describe it another way.
C1;umschreiben;paraphraser, contourner par une périphrase;Akkusativ;;;;Perfekt;Er hat die Absage höflich umschrieben.;Il a formulé le refus poliment, à mots couverts.;He couched the refusal politely.
C1;umschreiben;paraphraser, contourner par une périphrase;Akkusativ;;;;Präteritum;Sie umschrieb den Begriff mit drei Sätzen.;Elle définissait le terme en trois phrases.;She paraphrased the term in three sentences.
C1;umschreiben;paraphraser, contourner par une périphrase;Akkusativ;;;;Konjunktiv II;Das würde ich lieber umschreiben.;Je préférerais le dire autrement.;I would rather paraphrase that.
C1;paraphrasieren;paraphraser;Akkusativ;;;;Präsens;Zitieren Sie oder paraphrasieren Sie, aber nennen Sie die Quelle.;Citez ou paraphrasez, mais nommez la source.;Quote or paraphrase, but name the source.
C1;paraphrasieren;paraphraser;Akkusativ;;;;Perfekt;Der Aufsatz hat die Studie nur paraphrasiert.;L'article n'a fait que paraphraser l'étude.;The essay merely paraphrased the study.
C1;paraphrasieren;paraphraser;Akkusativ;;;;Präteritum;Sie paraphrasierte den Absatz.;Elle paraphrasait le paragraphe.;She paraphrased the paragraph.
C1;paraphrasieren;paraphraser;Akkusativ;;;;Konjunktiv II;Ich würde hier paraphrasieren.;Je paraphraserais ici.;I would paraphrase here.
C1;abkürzen;abréger, raccourcir;Akkusativ;;;;Präsens;Wir kürzen die Sitzung ab.;Nous écourtons la séance.;We are cutting the meeting short.
C1;abkürzen;abréger, raccourcir;Akkusativ;;;;Perfekt;Der Weg wurde über die Wiese abgekürzt.;Le chemin a été raccourci en coupant par le pré.;The way was shortened across the meadow.
C1;abkürzen;abréger, raccourcir;Akkusativ;;;;Präteritum;Sie kürzte den Vortrag um zehn Minuten ab.;Elle raccourcit l'exposé de dix minutes.;She cut the talk short by ten minutes.
C1;abkürzen;abréger, raccourcir;Akkusativ;;;;Konjunktiv II;Ich würde das abkürzen.;J'abrégerais cela.;I would cut that short.
C1;befinden;juger, estimer (qch);Akkusativ;;;;Präsens;Der Ausschuss befindet den Plan für gut.;La commission juge le plan bon.;The committee deems the plan good.
C1;befinden;juger, estimer (qch);Akkusativ;;;;Perfekt;Das Gericht hat ihn für schuldig befunden.;Le tribunal l'a jugé coupable.;The court found him guilty.
C1;befinden;juger, estimer (qch);Akkusativ;;;;Präteritum;Die Jury befand das Werk für preiswürdig.;Le jury a jugé l'œuvre digne du prix.;The jury deemed the work worthy of the prize.
C1;befinden;juger, estimer (qch);Akkusativ;;;;Konjunktiv II;Ein Fachmann würde das anders befinden.;Un spécialiste en jugerait autrement.;An expert would judge that differently.
C1;einigen;unifier, réunir (qn, qch);Akkusativ;;;;Präsens;Ein gemeinsames Ziel einigt die Gruppe.;Un but commun unit le groupe.;A shared goal unites the group.
C1;einigen;unifier, réunir (qn, qch);Akkusativ;;;;Perfekt;Der Vertrag hat die beiden Lager geeinigt.;Le traité a réuni les deux camps.;The treaty united the two camps.
C1;einigen;unifier, réunir (qn, qch);Akkusativ;;;;Präteritum;Bismarck einigte das Deutsche Reich.;Bismarck a unifié l'Empire allemand.;Bismarck unified the German Empire.
C1;einigen;unifier, réunir (qn, qch);Akkusativ;;;;Konjunktiv II;Ein klarer Plan würde das Team einigen.;Un plan clair unirait l'équipe.;A clear plan would unite the team.
